task=TaskV2-BHL-CubeToShelfStand3-Blind-v0 run=quatfix-smoke-stand3-blind-s100-j21463685 seed=100 envs=1024 iters=20
entrypoint=/nfs/hpc/share/sanchej7/Humanoid_Lite/bhl-robustness-ladder/scripts/train.py
The '--headless' CLI argument is deprecated. Omit '--viz' for default headless. If config visualizers are enabled and you want to force headless, use '--viz none'.
WARNING: All log messages before absl::InitializeLog() is called are written to STDERR
E0000 00:00:1790663963.322798  377641 descriptor_database.cc:633] File already exists in database: grpc/health/v1/health.proto
W0000 00:00:1790663963.322852  377641 message.cc:301] Protobuf GeneratedMessageFactory: File is already registered: grpc/health/v1/health.proto
Loading user config located at: '/nfs/hpc/share/sanchej7/Humanoid_Lite/venv-isaac60/lib/python3.12/site-packages/isaacsim/kit/data/Kit/IsaacLab/3.0/user.config.json'
2026-09-29T06:39:22Z [Info] [carb] Logging to file: /nfs/hpc/share/sanchej7/Humanoid_Lite/venv-isaac60/lib/python3.12/site-packages/isaacsim/kit/logs/Kit/IsaacLab/3.0/kit_20260928_233922.log
2026-09-29T06:39:22Z [15ms] [Warning] [omni.ext.plugin] [ext: isaaclab_visualizers] Extensions config 'extension.toml' doesn't exist '/nfs/hpc/share/sanchej7/Humanoid_Lite/venv-isaac60/lib/python3.12/site-packages/isaaclab/source/isaaclab_visualizers' or '/nfs/hpc/share/sanchej7/Humanoid_Lite/venv-isaac60/lib/python3.12/site-packages/isaaclab/source/isaaclab_visualizers/config'
2026-09-29T06:39:23Z [1,173ms] [Warning] [omni.perfmonitor.plugin]  PerfMonitorManager::onStart - error calling pthread_setaffinity_np
2026-09-29T06:39:23Z [1,240ms] [Warning] [omni.platforminfo.plugin] failed to open the default display.  Can't verify X Server version.
2026-09-29T06:39:23Z [1,244ms] [Warning] [omni.rtx] CUDA_VISIBLE_DEVICES environment variable is set.
2026-09-29T06:39:23Z [1,244ms] [Warning] [omni.rtx] Note CUDA device enumeration and Omniverse device enumeration are different.
2026-09-29T06:39:23Z [1,244ms] [Warning] [omni.rtx] Setting CUDA_VISIBLE_DEVICES can lead to undesired behavior or crashes.

|---------------------------------------------------------------------------------------------|
| Driver Version: 610.43.02     | Graphics API: Vulkan
|=============================================================================================|
| GPU | Name                             | Active | LDA | GPU Memory | Vendor-ID | LUID       |
|     |                                  |        |     |            | Device-ID | UUID       |
|     |                                  |        |     |            | Bus-ID    |            |
|---------------------------------------------------------------------------------------------|
| 0   | NVIDIA H100 80GB HBM3            | Yes: 0 |     | 81559   MB | 10de      | 0          |
|     |                                  |        |     |            | 2330      | 97f037fc.. |
|     |                                  |        |     |            | 9d        |            |
|=============================================================================================|
| OS: 22.04.5 LTS (Jammy Jellyfish) ubuntu, Version: 22.04.5, Kernel: 5.14.0-611.55.1.el9_7.x86_64
| Processor: Intel(R) Xeon(R) Platinum 8480CL
| Cores: 112 | Logical Cores: 224
|---------------------------------------------------------------------------------------------|
| Total Memory (MB): 1998908 | Free Memory: 1875228
| Total Page/Swap (MB): 0 | Free Page/Swap: 0
|---------------------------------------------------------------------------------------------|
2026-09-29T06:39:25Z [2,634ms] [Warning] [omni.rtx] ECC is enabled on physical device 0
2026-09-29T06:39:26Z [4,025ms] [Warning] [carb.windowing-glfw.plugin] GLFW initialization failed.
2026-09-29T06:39:26Z [4,025ms] [Warning] [carb] Failed to startup plugin carb.windowing-glfw.plugin (interfaces: [carb::windowing::IGLContext v1.0],[carb::windowing::IWindowing v1.5]) (impl: carb.windowing-glfw.plugin)
2026-09-29T06:39:26Z [4,121ms] [Warning] [carb.windowing-glfw.plugin] GLFW initialization failed.
2026-09-29T06:39:26Z [4,121ms] [Warning] [carb] Failed to startup plugin carb.windowing-glfw.plugin (interfaces: [carb::windowing::IGLContext v1.0],[carb::windowing::IWindowing v1.5]) (impl: carb.windowing-glfw.plugin)
2026-09-29T06:39:26Z [4,123ms] [Warning] [carb.windowing-glfw.plugin] GLFW initialization failed.
2026-09-29T06:39:26Z [4,123ms] [Warning] [carb] Failed to startup plugin carb.windowing-glfw.plugin (interfaces: [carb::windowing::IGLContext v1.0],[carb::windowing::IWindowing v1.5]) (impl: carb.windowing-glfw.plugin)
2026-09-29T06:39:27Z [4,668ms] [Warning] [isaacsim.core.simulation_manager.plugin] USD stage is not available; stage-opened subscription is deferred
2026-09-29T06:39:27Z [4,668ms] [Warning] [isaacsim.core.simulation_manager.plugin] USD stage is not available; stage-opened subscription is deferred
2026-09-29T06:39:27Z [4,718ms] [Warning] [omni.log] Source: omni.hydra was already registered.
2026-09-29T06:39:29Z [7,250ms] [Warning] [pxr.Semantics] pxr.Semantics is deprecated - please use Semantics instead
2026-09-29T06:39:29Z [7,386ms] [Warning] [omni.replicator.core.scripts.extension] No material configuration file, adding configuration to material settings directly.
2026-09-29T06:39:30Z [8,428ms] [Warning] [omni.rtx] Trying to initialize NGX without vkGetInstanceProcAddr and vkGetDeviceProcAddr pointer-to-functions.
2026-09-29T06:39:30Z [8,429ms] [Error] [omni.rtx] Could not get NGX parameters block because NGX isn't enabled.
2026-09-29T06:39:30Z [8,429ms] [Error] [omni.rtx] Failed to create NGX context.
[ISAACLAB] AppLauncher initialization complete
[INFO]: Parsing configuration from: <class 'bhl_robust.tasks.task_v2_env_cfg.CubeToShelfStand3BlindCfg'>
[INFO]: Parsing configuration from: <class 'bhl_robust.tasks.task_v2_env_cfg.TaskV2Stand3PPORunnerCfg'>
[INFO] Logging experiment in directory: /nfs/hpc/share/sanchej7/Humanoid_Lite/bhl-robustness-ladder/external/Berkeley-Humanoid-Lite/logs/rsl_rl/task_v2
[INFO]: Base environment:
	Environment device    : cuda:0
	Environment seed      : 100
	Physics step-size     : 0.005
	Rendering step-size   : 0.04
	Environment step-size : 0.04
[INFO]: Registered backend 'physx' for factory Articulation.
[INFO]: Registered backend 'physx' for factory RigidObject.
[INFO]: Registered backend 'physx' for factory FrameView.
[INFO]: Registered backend 'physx' for factory ContactSensor.
[INFO]: Physics scene prim path: /physicsScene
[INFO]: Time taken for scene creation Last: 6.768499 s, Mean: 6.768499 s, Std: 0.000000 s, N: 1
[INFO]: Scene manager:  <class InteractiveScene>
	Number of environments: 1024
	Environment spacing   : 4.0
	Source prim name      : /World/envs/env_0
	Global prim paths     : ['/World/ground']
	Replicate physics     : True
[INFO]: Simulation parameters for joints in /World/envs/env_.*/robot_a:
+--------------------------------------------------------------------------------------------------------------------------------------------------------------------------------------+
|                                                         Simulation Joint Information (Prim path: /World/envs/env_.*/robot_a)                                                         |
+-------+--------------------------------+-----------+---------+----------+-----------------+------------------+------------------+------------------+-----------------+---------------+
| Index | Name                           | Stiffness | Damping | Armature | Static Friction | Dynamic Friction | Viscous Friction | Position Limits  | Velocity Limits | Effort Limits |
+-------+--------------------------------+-----------+---------+----------+-----------------+------------------+------------------+------------------+-----------------+---------------+
|   0   | arm_left_shoulder_pitch_joint  |   10.000  |  2.000  |  0.002   |      0.000      |      0.000       |      0.000       | [-1.571, 0.785]  |      15.000     |     4.000     |
|   1   | arm_right_shoulder_pitch_joint |   10.000  |  2.000  |  0.002   |      0.000      |      0.000       |      0.000       | [-0.785, 1.571]  |      15.000     |     4.000     |
|   2   | leg_left_hip_roll_joint        |   20.000  |  2.000  |  0.007   |      0.000      |      0.000       |      0.000       | [-0.175, 1.571]  |      15.000     |     6.000     |
|   3   | leg_right_hip_roll_joint       |   20.000  |  2.000  |  0.007   |      0.000      |      0.000       |      0.000       | [-1.571, 0.175]  |      15.000     |     6.000     |
|   4   | arm_left_shoulder_roll_joint   |   10.000  |  2.000  |  0.002   |      0.000      |      0.000       |      0.000       | [-0.262, 1.309]  |      15.000     |     4.000     |
|   5   | arm_right_shoulder_roll_joint  |   10.000  |  2.000  |  0.002   |      0.000      |      0.000       |      0.000       | [-1.309, 0.262]  |      15.000     |     4.000     |
|   6   | leg_left_hip_yaw_joint         |   20.000  |  2.000  |  0.007   |      0.000      |      0.000       |      0.000       | [-0.982, 0.589]  |      15.000     |     6.000     |
|   7   | leg_right_hip_yaw_joint        |   20.000  |  2.000  |  0.007   |      0.000      |      0.000       |      0.000       | [-0.589, 0.982]  |      15.000     |     6.000     |
|   8   | arm_left_shoulder_yaw_joint    |   10.000  |  2.000  |  0.002   |      0.000      |      0.000       |      0.000       | [-0.785, 0.785]  |      15.000     |     4.000     |
|   9   | arm_right_shoulder_yaw_joint   |   10.000  |  2.000  |  0.002   |      0.000      |      0.000       |      0.000       | [-0.785, 0.785]  |      15.000     |     4.000     |
|   10  | leg_left_hip_pitch_joint       |   20.000  |  2.000  |  0.007   |      0.000      |      0.000       |      0.000       | [-1.898, 0.982]  |      15.000     |     6.000     |
|   11  | leg_right_hip_pitch_joint      |   20.000  |  2.000  |  0.007   |      0.000      |      0.000       |      0.000       | [-1.898, 0.982]  |      15.000     |     6.000     |
|   12  | arm_left_elbow_pitch_joint     |   10.000  |  2.000  |  0.002   |      0.000      |      0.000       |      0.000       | [-0.000, 1.571]  |      15.000     |     4.000     |
|   13  | arm_right_elbow_pitch_joint    |   10.000  |  2.000  |  0.002   |      0.000      |      0.000       |      0.000       | [-1.571, -0.000] |      15.000     |     4.000     |
|   14  | leg_left_knee_pitch_joint      |   20.000  |  2.000  |  0.007   |      0.000      |      0.000       |      0.000       | [-0.000, 2.443]  |      15.000     |     6.000     |
|   15  | leg_right_knee_pitch_joint     |   20.000  |  2.000  |  0.007   |      0.000      |      0.000       |      0.000       | [-0.000, 2.443]  |      15.000     |     6.000     |
|   16  | arm_left_elbow_roll_joint      |   10.000  |  2.000  |  0.002   |      0.000      |      0.000       |      0.000       | [-0.785, 0.785]  |      15.000     |     4.000     |
|   17  | arm_right_elbow_roll_joint     |   10.000  |  2.000  |  0.002   |      0.000      |      0.000       |      0.000       | [-0.785, 0.785]  |      15.000     |     4.000     |
|   18  | leg_left_ankle_pitch_joint     |   20.000  |  2.000  |  0.002   |      0.000      |      0.000       |      0.000       | [-0.785, 0.785]  |      15.000     |     6.000     |
|   19  | leg_right_ankle_pitch_joint    |   20.000  |  2.000  |  0.002   |      0.000      |      0.000       |      0.000       | [-0.785, 0.785]  |      15.000     |     6.000     |
|   20  | leg_left_ankle_roll_joint      |   20.000  |  2.000  |  0.002   |      0.000      |      0.000       |      0.000       | [-0.262, 0.262]  |      15.000     |     6.000     |
|   21  | leg_right_ankle_roll_joint     |   20.000  |  2.000  |  0.002   |      0.000      |      0.000       |      0.000       | [-0.262, 0.262]  |      15.000     |     6.000     |
+-------+--------------------------------+-----------+---------+----------+-----------------+------------------+------------------+------------------+-----------------+---------------+
2026-09-29T06:39:30Z [8,429ms] [Warning] [carb.scenerenderer-rtx.plugin] Failed to create NGX context.
2026-09-29T06:39:31Z [9,331ms] [Warning] [rtx.hydra] RenderDelegate : Warning /rtx/hydra/readTransformsFromFabricInRenderDelegate and geometry streaming are enabled together but this can cause issues with dynamic objects not streaming correctly due to problems in the transform update.
2026-09-29T06:39:39Z [17,235ms] [Warning] [isaaclab_physx.physics.physx_manager] TGS solver with enable_external_forces_every_iteration=False may cause noisy velocities.
2026-09-29T06:39:59Z [37,452ms] [Warning] [omni.usd] Encountered USD Warnings but USD Diagnostics are currently muted. To view USD Warnings, please set the '/persistent/app/usd/muteUsdDiagnostics' setting to false in Preferences page.
2026-09-29T06:40:08Z [45,750ms] [Warning] [isaaclab.actuators.actuator_pd] The <ImplicitActuatorCfg> object has a value for 'effort_limit'. This parameter will be removed in the future. To set the effort limit, please use 'effort_limit_sim' instead.
2026-09-29T06:40:08Z [45,751ms] [Warning] [isaaclab.actuators.actuator_pd] The <ImplicitActuatorCfg> object has a value for 'velocity_limit'. Previously, although this value was specified, it was not getting used by implicit actuators. Since this parameter affects the simulation behavior, we continue to not use it. This parameter will be removed in the future. To set the velocity limit, please use 'velocity_limit_sim' instead.
2026-09-29T06:40:08Z [45,807ms] [Warning] [isaaclab.actuators.actuator_pd] The <ImplicitActuatorCfg> object has a value for 'effort_limit'. This parameter will be removed in the future. To set the effort limit, please use 'effort_limit_sim' instead.
2026-09-29T06:40:08Z [45,807ms] [Warning] [isaaclab.actuators.actuator_pd] The <ImplicitActuatorCfg> object has a value for 'velocity_limit'. Previously, although this value was specified, it was not getting used by implicit actuators. Since this parameter affects the simulation behavior, we continue to not use it. This parameter will be removed in the future. To set the velocity limit, please use 'velocity_limit_sim' instead.
2026-09-29T06:40:08Z [45,830ms] [Warning] [isaaclab.actuators.actuator_pd] The <ImplicitActuatorCfg> object has a value for 'effort_limit'. This parameter will be removed in the future. To set the effort limit, please use 'effort_limit_sim' instead.
2026-09-29T06:40:08Z [45,830ms] [Warning] [isaaclab.actuators.actuator_pd] The <ImplicitActuatorCfg> object has a value for 'velocity_limit'. Previously, although this value was specified, it was not getting used by implicit actuators. Since this parameter affects the simulation behavior, we continue to not use it. This parameter will be removed in the future. To set the velocity limit, please use 'velocity_limit_sim' instead.
2026-09-29T06:40:08Z [46,127ms] [Warning] [isaaclab.actuators.actuator_pd] The <ImplicitActuatorCfg> object has a value for 'effort_limit'. This parameter will be removed in the future. To set the effort limit, please use 'effort_limit_sim' instead.
2026-09-29T06:40:08Z [46,128ms] [Warning] [isaaclab.actuators.actuator_pd] The <ImplicitActuatorCfg> object has a value for 'velocity_limit'. Previously, although this value was specified, it was not getting used by implicit actuators. Since this parameter affects the simulation behavior, we continue to not use it. This parameter will be removed in the future. To set the velocity limit, please use 'velocity_limit_sim' instead.
2026-09-29T06:40:08Z [46,153ms] [Warning] [isaaclab.actuators.actuator_pd] The <ImplicitActuatorCfg> object has a value for 'effort_limit'. This parameter will be removed in the future. To set the effort limit, please use 'effort_limit_sim' instead.
2026-09-29T06:40:08Z [46,153ms] [Warning] [isaaclab.actuators.actuator_pd] The <ImplicitActuatorCfg> object has a value for 'velocity_limit'. Previously, although this value was specified, it was not getting used by implicit actuators. Since this parameter affects the simulation behavior, we continue to not use it. This parameter will be removed in the future. To set the velocity limit, please use 'velocity_limit_sim' instead.
[INFO]: Simulation parameters for joints in /World/envs/env_.*/robot_b:
+--------------------------------------------------------------------------------------------------------------------------------------------------------------------------------------+
|                                                         Simulation Joint Information (Prim path: /World/envs/env_.*/robot_b)                                                         |
+-------+--------------------------------+-----------+---------+----------+-----------------+------------------+------------------+------------------+-----------------+---------------+
| Index | Name                           | Stiffness | Damping | Armature | Static Friction | Dynamic Friction | Viscous Friction | Position Limits  | Velocity Limits | Effort Limits |
+-------+--------------------------------+-----------+---------+----------+-----------------+------------------+------------------+------------------+-----------------+---------------+
|   0   | arm_left_shoulder_pitch_joint  |   10.000  |  2.000  |  0.002   |      0.000      |      0.000       |      0.000       | [-1.571, 0.785]  |      15.000     |     4.000     |
|   1   | arm_right_shoulder_pitch_joint |   10.000  |  2.000  |  0.002   |      0.000      |      0.000       |      0.000       | [-0.785, 1.571]  |      15.000     |     4.000     |
|   2   | leg_left_hip_roll_joint        |   20.000  |  2.000  |  0.007   |      0.000      |      0.000       |      0.000       | [-0.175, 1.571]  |      15.000     |     6.000     |
|   3   | leg_right_hip_roll_joint       |   20.000  |  2.000  |  0.007   |      0.000      |      0.000       |      0.000       | [-1.571, 0.175]  |      15.000     |     6.000     |
|   4   | arm_left_shoulder_roll_joint   |   10.000  |  2.000  |  0.002   |      0.000      |      0.000       |      0.000       | [-0.262, 1.309]  |      15.000     |     4.000     |
|   5   | arm_right_shoulder_roll_joint  |   10.000  |  2.000  |  0.002   |      0.000      |      0.000       |      0.000       | [-1.309, 0.262]  |      15.000     |     4.000     |
|   6   | leg_left_hip_yaw_joint         |   20.000  |  2.000  |  0.007   |      0.000      |      0.000       |      0.000       | [-0.982, 0.589]  |      15.000     |     6.000     |
|   7   | leg_right_hip_yaw_joint        |   20.000  |  2.000  |  0.007   |      0.000      |      0.000       |      0.000       | [-0.589, 0.982]  |      15.000     |     6.000     |
|   8   | arm_left_shoulder_yaw_joint    |   10.000  |  2.000  |  0.002   |      0.000      |      0.000       |      0.000       | [-0.785, 0.785]  |      15.000     |     4.000     |
|   9   | arm_right_shoulder_yaw_joint   |   10.000  |  2.000  |  0.002   |      0.000      |      0.000       |      0.000       | [-0.785, 0.785]  |      15.000     |     4.000     |
|   10  | leg_left_hip_pitch_joint       |   20.000  |  2.000  |  0.007   |      0.000      |      0.000       |      0.000       | [-1.898, 0.982]  |      15.000     |     6.000     |
|   11  | leg_right_hip_pitch_joint      |   20.000  |  2.000  |  0.007   |      0.000      |      0.000       |      0.000       | [-1.898, 0.982]  |      15.000     |     6.000     |
|   12  | arm_left_elbow_pitch_joint     |   10.000  |  2.000  |  0.002   |      0.000      |      0.000       |      0.000       | [-0.000, 1.571]  |      15.000     |     4.000     |
|   13  | arm_right_elbow_pitch_joint    |   10.000  |  2.000  |  0.002   |      0.000      |      0.000       |      0.000       | [-1.571, -0.000] |      15.000     |     4.000     |
|   14  | leg_left_knee_pitch_joint      |   20.000  |  2.000  |  0.007   |      0.000      |      0.000       |      0.000       | [-0.000, 2.443]  |      15.000     |     6.000     |
|   15  | leg_right_knee_pitch_joint     |   20.000  |  2.000  |  0.007   |      0.000      |      0.000       |      0.000       | [-0.000, 2.443]  |      15.000     |     6.000     |
|   16  | arm_left_elbow_roll_joint      |   10.000  |  2.000  |  0.002   |      0.000      |      0.000       |      0.000       | [-0.785, 0.785]  |      15.000     |     4.000     |
|   17  | arm_right_elbow_roll_joint     |   10.000  |  2.000  |  0.002   |      0.000      |      0.000       |      0.000       | [-0.785, 0.785]  |      15.000     |     4.000     |
|   18  | leg_left_ankle_pitch_joint     |   20.000  |  2.000  |  0.002   |      0.000      |      0.000       |      0.000       | [-0.785, 0.785]  |      15.000     |     6.000     |
|   19  | leg_right_ankle_pitch_joint    |   20.000  |  2.000  |  0.002   |      0.000      |      0.000       |      0.000       | [-0.785, 0.785]  |      15.000     |     6.000     |
|   20  | leg_left_ankle_roll_joint      |   20.000  |  2.000  |  0.002   |      0.000      |      0.000       |      0.000       | [-0.262, 0.262]  |      15.000     |     6.000     |
|   21  | leg_right_ankle_roll_joint     |   20.000  |  2.000  |  0.002   |      0.000      |      0.000       |      0.000       | [-0.262, 0.262]  |      15.000     |     6.000     |
+-------+--------------------------------+-----------+---------+----------+-----------------+------------------+------------------+------------------+-----------------+---------------+
2026-09-29T06:40:08Z [46,176ms] [Warning] [isaaclab.actuators.actuator_pd] The <ImplicitActuatorCfg> object has a value for 'effort_limit'. This parameter will be removed in the future. To set the effort limit, please use 'effort_limit_sim' instead.
2026-09-29T06:40:08Z [46,176ms] [Warning] [isaaclab.actuators.actuator_pd] The <ImplicitActuatorCfg> object has a value for 'velocity_limit'. Previously, although this value was specified, it was not getting used by implicit actuators. Since this parameter affects the simulation behavior, we continue to not use it. This parameter will be removed in the future. To set the velocity limit, please use 'velocity_limit_sim' instead.
2026-09-29T06:40:08Z [46,417ms] [Warning] [omni.physx.tensors.plugin] Failed to find rigid body at '/World/envs/env_0/robot_a/joints/imu'
2026-09-29T06:40:08Z [46,417ms] [Warning] [omni.physx.tensors.plugin] Failed to find rigid body at '/World/envs/env_1/robot_a/joints/imu'
2026-09-29T06:40:08Z [46,417ms] [Warning] [omni.physx.tensors.plugin] Failed to find rigid body at '/World/envs/env_2/robot_a/joints/imu'
2026-09-29T06:40:08Z [46,417ms] [Warning] [omni.physx.tensors.plugin] Failed to find rigid body at '/World/envs/env_3/robot_a/joints/imu'
2026-09-29T06:40:08Z [46,417ms] [Warning] [omni.physx.tensors.plugin] Failed to find rigid body at '/World/envs/env_4/robot_a/joints/imu'
2026-09-29T06:40:08Z [46,418ms] [Warning] [omni.physx.tensors.plugin] Failed to find rigid body at '/World/envs/env_5/robot_a/joints/imu'
2026-09-29T06:40:08Z [46,418ms] [Warning] [omni.physx.tensors.plugin] Failed to find rigid body at '/World/envs/env_6/robot_a/joints/imu'
2026-09-29T06:40:08Z [46,418ms] [Warning] [omni.physx.tensors.plugin] Failed to find rigid body at '/World/envs/env_7/robot_a/joints/imu'
2026-09-29T06:40:08Z [46,418ms] [Warning] [omni.physx.tensors.plugin] Failed to find rigid body at '/World/envs/env_8/robot_a/joints/imu'
2026-09-29T06:40:08Z [46,418ms] [Warning] [omni.physx.tensors.plugin] Failed to find rigid body at '/World/envs/env_9/robot_a/joints/imu'
2026-09-29T06:40:08Z [46,418ms] [Warning] [omni.physx.tensors.plugin] Failed to find rigid body at '/World/envs/env_10/robot_a/joints/imu'
2026-09-29T06:40:08Z [46,418ms] [Warning] [omni.physx.tensors.plugin] Failed to find rigid body at '/World/envs/env_11/robot_a/joints/imu'
2026-09-29T06:40:08Z [46,418ms] [Warning] [omni.physx.tensors.plugin] Failed to find rigid body at '/World/envs/env_12/robot_a/joints/imu'
2026-09-29T06:40:08Z [46,418ms] [Warning] [omni.physx.tensors.plugin] Failed to find rigid body at '/World/envs/env_13/robot_a/joints/imu'
2026-09-29T06:40:08Z [46,418ms] [Warning] [omni.physx.tensors.plugin] Failed to find rigid body at '/World/envs/env_14/robot_a/joints/imu'
2026-09-29T06:40:08Z [46,418ms] [Warning] [omni.physx.tensors.plugin] Failed to find rigid body at '/World/envs/env_15/robot_a/joints/imu'
2026-09-29T06:40:08Z [46,418ms] [Warning] [omni.physx.tensors.plugin] Failed to find rigid body at '/World/envs/env_16/robot_a/joints/imu'
2026-09-29T06:40:08Z [46,418ms] [Warning] [omni.physx.tensors.plugin] Failed to find rigid body at '/World/envs/env_17/robot_a/joints/imu'
2026-09-29T06:40:08Z [46,418ms] [Warning] [omni.physx.tensors.plugin] Failed to find rigid body at '/World/envs/env_18/robot_a/joints/imu'
2026-09-29T06:40:08Z [46,418ms] [Warning] [omni.physx.tensors.plugin] Failed to find rigid body at '/World/envs/env_19/robot_a/joints/imu'
2026-09-29T06:40:08Z [46,418ms] [Warning] [omni.physx.tensors.plugin] Failed to find rigid body at '/World/envs/env_20/robot_a/joints/imu'
2026-09-29T06:40:08Z [46,418ms] [Warning] [omni.physx.tensors.plugin] Failed to find rigid body at '/World/envs/env_21/robot_a/joints/imu'
2026-09-29T06:40:08Z [46,418ms] [Warning] [omni.physx.tensors.plugin] Failed to find rigid body at '/World/envs/env_22/robot_a/joints/imu'
2026-09-29T06:40:08Z [46,418ms] [Warning] [omni.physx.tensors.plugin] Failed to find rigid body at '/World/envs/env_23/robot_a/joints/imu'
2026-09-29T06:40:08Z [46,418ms] [Warning] [omni.physx.tensors.plugin] Failed to find rigid body at '/World/envs/env_24/robot_a/joints/imu'
2026-09-29T06:40:08Z [46,418ms] [Warning] [omni.physx.tensors.plugin] Failed to find rigid body at '/World/envs/env_25/robot_a/joints/imu'
2026-09-29T06:40:08Z [46,418ms] [Warning] [omni.physx.tensors.plugin] Failed to find rigid body at '/World/envs/env_26/robot_a/joints/imu'
2026-09-29T06:40:08Z [46,418ms] [Warning] [omni.physx.tensors.plugin] Failed to find rigid body at '/World/envs/env_27/robot_a/joints/imu'
2026-09-29T06:40:08Z [46,418ms] [Warning] [omni.physx.tensors.plugin] Failed to find rigid body at '/World/envs/env_28/robot_a/joints/imu'
2026-09-29T06:40:08Z [46,418ms] [Warning] [omni.physx.tensors.plugin] Failed to find rigid body at '/World/envs/env_29/robot_a/joints/imu'
2026-09-29T06:40:08Z [46,418ms] [Warning] [omni.physx.tensors.plugin] Failed to find rigid body at '/World/envs/env_30/robot_a/joints/imu'
2026-09-29T06:40:08Z [46,418ms] [Warning] [omni.physx.tensors.plugin] Failed to find rigid body at '/World/envs/env_31/robot_a/joints/imu'
2026-09-29T06:40:08Z [46,418ms] [Warning] [omni.physx.tensors.plugin] Failed to find rigid body at '/World/envs/env_32/robot_a/joints/imu'
2026-09-29T06:40:08Z [46,419ms] [Warning] [omni.physx.tensors.plugin] Failed to find rigid body at '/World/envs/env_33/robot_a/joints/imu'
2026-09-29T06:40:08Z [46,419ms] [Warning] [omni.physx.tensors.plugin] Failed to find rigid body at '/World/envs/env_34/robot_a/joints/imu'
2026-09-29T06:40:08Z [46,419ms] [Warning] [omni.physx.tensors.plugin] Failed to find rigid body at '/World/envs/env_35/robot_a/joints/imu'
2026-09-29T06:40:08Z [46,419ms] [Warning] [omni.physx.tensors.plugin] Failed to find rigid body at '/World/envs/env_36/robot_a/joints/imu'
2026-09-29T06:40:08Z [46,419ms] [Warning] [omni.physx.tensors.plugin] Failed to find rigid body at '/World/envs/env_37/robot_a/joints/imu'
2026-09-29T06:40:08Z [46,419ms] [Warning] [omni.physx.tensors.plugin] Failed to find rigid body at '/World/envs/env_38/robot_a/joints/imu'
2026-09-29T06:40:08Z [46,419ms] [Warning] [omni.physx.tensors.plugin] Failed to find rigid body at '/World/envs/env_39/robot_a/joints/imu'
2026-09-29T06:40:08Z [46,419ms] [Warning] [omni.physx.tensors.plugin] Failed to find rigid body at '/World/envs/env_40/robot_a/joints/imu'
2026-09-29T06:40:08Z [46,419ms] [Warning] [omni.physx.tensors.plugin] Failed to find rigid body at '/World/envs/env_41/robot_a/joints/imu'
2026-09-29T06:40:08Z [46,419ms] [Warning] [omni.physx.tensors.plugin] Failed to find rigid body at '/World/envs/env_42/robot_a/joints/imu'
2026-09-29T06:40:08Z [46,419ms] [Warning] [omni.physx.tensors.plugin] Failed to find rigid body at '/World/envs/env_43/robot_a/joints/imu'
2026-09-29T06:40:08Z [46,419ms] [Warning] [omni.physx.tensors.plugin] Failed to find rigid body at '/World/envs/env_44/robot_a/joints/imu'
2026-09-29T06:40:08Z [46,419ms] [Warning] [omni.physx.tensors.plugin] Failed to find rigid body at '/World/envs/env_45/robot_a/joints/imu'
2026-09-29T06:40:08Z [46,419ms] [Warning] [omni.physx.tensors.plugin] Failed to find rigid body at '/World/envs/env_46/robot_a/joints/imu'
2026-09-29T06:40:08Z [46,419ms] [Warning] [omni.physx.tensors.plugin] Failed to find rigid body at '/World/envs/env_47/robot_a/joints/imu'
2026-09-29T06:40:08Z [46,419ms] [Warning] [omni.physx.tensors.plugin] Failed to find rigid body at '/World/envs/env_48/robot_a/joints/imu'
2026-09-29T06:40:08Z [46,419ms] [Warning] [omni.physx.tensors.plugin] Failed to find rigid body at '/World/envs/env_49/robot_a/joints/imu'
2026-09-29T06:40:08Z [46,419ms] [Warning] [omni.physx.tensors.plugin] Failed to find rigid body at '/World/envs/env_50/robot_a/joints/imu'
2026-09-29T06:40:08Z [46,419ms] [Warning] [omni.physx.tensors.plugin] Failed to find rigid body at '/World/envs/env_51/robot_a/joints/imu'
2026-09-29T06:40:08Z [46,419ms] [Warning] [omni.physx.tensors.plugin] Failed to find rigid body at '/World/envs/env_52/robot_a/joints/imu'
2026-09-29T06:40:08Z [46,419ms] [Warning] [omni.physx.tensors.plugin] Failed to find rigid body at '/World/envs/env_53/robot_a/joints/imu'
2026-09-29T06:40:08Z [46,419ms] [Warning] [omni.physx.tensors.plugin] Failed to find rigid body at '/World/envs/env_54/robot_a/joints/imu'
2026-09-29T06:40:08Z [46,419ms] [Warning] [omni.physx.tensors.plugin] Failed to find rigid body at '/World/envs/env_55/robot_a/joints/imu'
2026-09-29T06:40:08Z [46,419ms] [Warning] [omni.physx.tensors.plugin] Failed to find rigid body at '/World/envs/env_56/robot_a/joints/imu'
2026-09-29T06:40:08Z [46,419ms] [Warning] [omni.physx.tensors.plugin] Failed to find rigid body at '/World/envs/env_57/robot_a/joints/imu'
2026-09-29T06:40:08Z [46,419ms] [Warning] [omni.physx.tensors.plugin] Failed to find rigid body at '/World/envs/env_58/robot_a/joints/imu'
2026-09-29T06:40:08Z [46,419ms] [Warning] [omni.physx.tensors.plugin] Failed to find rigid body at '/World/envs/env_59/robot_a/joints/imu'
2026-09-29T06:40:08Z [46,419ms] [Warning] [omni.physx.tensors.plugin] Failed to find rigid body at '/World/envs/env_60/robot_a/joints/imu'
2026-09-29T06:40:08Z [46,419ms] [Warning] [omni.physx.tensors.plugin] Failed to find rigid body at '/World/envs/env_61/robot_a/joints/imu'
2026-09-29T06:40:08Z [46,419ms] [Warning] [omni.physx.tensors.plugin] Failed to find rigid body at '/World/envs/env_62/robot_a/joints/imu'
2026-09-29T06:40:08Z [46,419ms] [Warning] [omni.physx.tensors.plugin] Failed to find rigid body at '/World/envs/env_63/robot_a/joints/imu'
2026-09-29T06:40:08Z [46,420ms] [Warning] [omni.physx.tensors.plugin] Failed to find rigid body at '/World/envs/env_64/robot_a/joints/imu'
2026-09-29T06:40:08Z [46,420ms] [Warning] [omni.physx.tensors.plugin] Failed to find rigid body at '/World/envs/env_65/robot_a/joints/imu'
2026-09-29T06:40:08Z [46,420ms] [Warning] [omni.physx.tensors.plugin] Failed to find rigid body at '/World/envs/env_66/robot_a/joints/imu'
2026-09-29T06:40:08Z [46,420ms] [Warning] [omni.physx.tensors.plugin] Failed to find rigid body at '/World/envs/env_67/robot_a/joints/imu'
2026-09-29T06:40:08Z [46,420ms] [Warning] [omni.physx.tensors.plugin] Failed to find rigid body at '/World/envs/env_68/robot_a/joints/imu'
2026-09-29T06:40:08Z [46,420ms] [Warning] [omni.physx.tensors.plugin] Failed to find rigid body at '/World/envs/env_69/robot_a/joints/imu'
2026-09-29T06:40:08Z [46,420ms] [Warning] [omni.physx.tensors.plugin] Failed to find rigid body at '/World/envs/env_70/robot_a/joints/imu'
2026-09-29T06:40:08Z [46,420ms] [Warning] [omni.physx.tensors.plugin] Failed to find rigid body at '/World/envs/env_71/robot_a/joints/imu'
2026-09-29T06:40:08Z [46,420ms] [Warning] [omni.physx.tensors.plugin] Failed to find rigid body at '/World/envs/env_72/robot_a/joints/imu'
2026-09-29T06:40:08Z [46,420ms] [Warning] [omni.physx.tensors.plugin] Failed to find rigid body at '/World/envs/env_73/robot_a/joints/imu'
2026-09-29T06:40:08Z [46,420ms] [Warning] [omni.physx.tensors.plugin] Failed to find rigid body at '/World/envs/env_74/robot_a/joints/imu'
2026-09-29T06:40:08Z [46,420ms] [Warning] [omni.physx.tensors.plugin] Failed to find rigid body at '/World/envs/env_75/robot_a/joints/imu'
2026-09-29T06:40:08Z [46,420ms] [Warning] [omni.physx.tensors.plugin] Failed to find rigid body at '/World/envs/env_76/robot_a/joints/imu'
2026-09-29T06:40:08Z [46,420ms] [Warning] [omni.physx.tensors.plugin] Failed to find rigid body at '/World/envs/env_77/robot_a/joints/imu'
2026-09-29T06:40:08Z [46,420ms] [Warning] [omni.physx.tensors.plugin] Failed to find rigid body at '/World/envs/env_78/robot_a/joints/imu'
2026-09-29T06:40:08Z [46,420ms] [Warning] [omni.physx.tensors.plugin] Failed to find rigid body at '/World/envs/env_79/robot_a/joints/imu'
2026-09-29T06:40:08Z [46,420ms] [Warning] [omni.physx.tensors.plugin] Failed to find rigid body at '/World/envs/env_80/robot_a/joints/imu'
2026-09-29T06:40:08Z [46,420ms] [Warning] [omni.physx.tensors.plugin] Failed to find rigid body at '/World/envs/env_81/robot_a/joints/imu'
2026-09-29T06:40:08Z [46,420ms] [Warning] [omni.physx.tensors.plugin] Failed to find rigid body at '/World/envs/env_82/robot_a/joints/imu'
2026-09-29T06:40:08Z [46,420ms] [Warning] [omni.physx.tensors.plugin] Failed to find rigid body at '/World/envs/env_83/robot_a/joints/imu'
2026-09-29T06:40:08Z [46,420ms] [Warning] [omni.physx.tensors.plugin] Failed to find rigid body at '/World/envs/env_84/robot_a/joints/imu'
2026-09-29T06:40:08Z [46,420ms] [Warning] [omni.physx.tensors.plugin] Failed to find rigid body at '/World/envs/env_85/robot_a/joints/imu'
2026-09-29T06:40:08Z [46,420ms] [Warning] [omni.physx.tensors.plugin] Failed to find rigid body at '/World/envs/env_86/robot_a/joints/imu'
2026-09-29T06:40:08Z [46,420ms] [Warning] [omni.physx.tensors.plugin] Failed to find rigid body at '/World/envs/env_87/robot_a/joints/imu'
2026-09-29T06:40:08Z [46,420ms] [Warning] [omni.physx.tensors.plugin] Failed to find rigid body at '/World/envs/env_88/robot_a/joints/imu'
2026-09-29T06:40:08Z [46,420ms] [Warning] [omni.physx.tensors.plugin] Failed to find rigid body at '/World/envs/env_89/robot_a/joints/imu'
2026-09-29T06:40:08Z [46,420ms] [Warning] [omni.physx.tensors.plugin] Failed to find rigid body at '/World/envs/env_90/robot_a/joints/imu'
2026-09-29T06:40:08Z [46,420ms] [Warning] [omni.physx.tensors.plugin] Failed to find rigid body at '/World/envs/env_91/robot_a/joints/imu'
2026-09-29T06:40:08Z [46,420ms] [Warning] [omni.physx.tensors.plugin] Failed to find rigid body at '/World/envs/env_92/robot_a/joints/imu'
2026-09-29T06:40:08Z [46,420ms] [Warning] [omni.physx.tensors.plugin] Failed to find rigid body at '/World/envs/env_93/robot_a/joints/imu'
2026-09-29T06:40:08Z [46,420ms] [Warning] [omni.physx.tensors.plugin] Failed to find rigid body at '/World/envs/env_94/robot_a/joints/imu'
2026-09-29T06:40:08Z [46,420ms] [Warning] [omni.physx.tensors.plugin] Failed to find rigid body at '/World/envs/env_95/robot_a/joints/imu'
2026-09-29T06:40:08Z [46,420ms] [Warning] [omni.physx.tensors.plugin] Failed to find rigid body at '/World/envs/env_96/robot_a/joints/imu'
2026-09-29T06:40:08Z [46,421ms] [Warning] [omni.physx.tensors.plugin] Failed to find rigid body at '/World/envs/env_97/robot_a/joints/imu'
2026-09-29T06:40:08Z [46,421ms] [Warning] [omni.physx.tensors.plugin] Failed to find rigid body at '/World/envs/env_98/robot_a/joints/imu'
2026-09-29T06:40:08Z [46,421ms] [Warning] [omni.physx.tensors.plugin] Failed to find rigid body at '/World/envs/env_99/robot_a/joints/imu'
2026-09-29T06:40:08Z [46,421ms] [Warning] [omni.physx.tensors.plugin] Failed to find rigid body at '/World/envs/env_100/robot_a/joints/imu'
2026-09-29T06:40:08Z [46,421ms] [Warning] [omni.physx.tensors.plugin] Failed to find rigid body at '/World/envs/env_101/robot_a/joints/imu'
2026-09-29T06:40:08Z [46,421ms] [Warning] [omni.physx.tensors.plugin] Failed to find rigid body at '/World/envs/env_102/robot_a/joints/imu'
2026-09-29T06:40:08Z [46,421ms] [Warning] [omni.physx.tensors.plugin] Failed to find rigid body at '/World/envs/env_103/robot_a/joints/imu'
2026-09-29T06:40:08Z [46,421ms] [Warning] [omni.physx.tensors.plugin] Failed to find rigid body at '/World/envs/env_104/robot_a/joints/imu'
2026-09-29T06:40:08Z [46,421ms] [Warning] [omni.physx.tensors.plugin] Failed to find rigid body at '/World/envs/env_105/robot_a/joints/imu'
2026-09-29T06:40:08Z [46,421ms] [Warning] [omni.physx.tensors.plugin] Failed to find rigid body at '/World/envs/env_106/robot_a/joints/imu'
2026-09-29T06:40:08Z [46,421ms] [Warning] [omni.physx.tensors.plugin] Failed to find rigid body at '/World/envs/env_107/robot_a/joints/imu'
2026-09-29T06:40:08Z [46,421ms] [Warning] [omni.physx.tensors.plugin] Failed to find rigid body at '/World/envs/env_108/robot_a/joints/imu'
2026-09-29T06:40:08Z [46,421ms] [Warning] [omni.physx.tensors.plugin] Failed to find rigid body at '/World/envs/env_109/robot_a/joints/imu'
2026-09-29T06:40:08Z [46,421ms] [Warning] [omni.physx.tensors.plugin] Failed to find rigid body at '/World/envs/env_110/robot_a/joints/imu'
2026-09-29T06:40:08Z [46,421ms] [Warning] [omni.physx.tensors.plugin] Failed to find rigid body at '/World/envs/env_111/robot_a/joints/imu'
2026-09-29T06:40:08Z [46,421ms] [Warning] [omni.physx.tensors.plugin] Failed to find rigid body at '/World/envs/env_112/robot_a/joints/imu'
2026-09-29T06:40:08Z [46,421ms] [Warning] [omni.physx.tensors.plugin] Failed to find rigid body at '/World/envs/env_113/robot_a/joints/imu'
2026-09-29T06:40:08Z [46,421ms] [Warning] [omni.physx.tensors.plugin] Failed to find rigid body at '/World/envs/env_114/robot_a/joints/imu'
2026-09-29T06:40:08Z [46,421ms] [Warning] [omni.physx.tensors.plugin] Failed to find rigid body at '/World/envs/env_115/robot_a/joints/imu'
2026-09-29T06:40:08Z [46,421ms] [Warning] [omni.physx.tensors.plugin] Failed to find rigid body at '/World/envs/env_116/robot_a/joints/imu'
2026-09-29T06:40:08Z [46,421ms] [Warning] [omni.physx.tensors.plugin] Failed to find rigid body at '/World/envs/env_117/robot_a/joints/imu'
2026-09-29T06:40:08Z [46,421ms] [Warning] [omni.physx.tensors.plugin] Failed to find rigid body at '/World/envs/env_118/robot_a/joints/imu'
2026-09-29T06:40:08Z [46,421ms] [Warning] [omni.physx.tensors.plugin] Failed to find rigid body at '/World/envs/env_119/robot_a/joints/imu'
2026-09-29T06:40:08Z [46,421ms] [Warning] [omni.physx.tensors.plugin] Failed to find rigid body at '/World/envs/env_120/robot_a/joints/imu'
2026-09-29T06:40:08Z [46,421ms] [Warning] [omni.physx.tensors.plugin] Failed to find rigid body at '/World/envs/env_121/robot_a/joints/imu'
2026-09-29T06:40:08Z [46,421ms] [Warning] [omni.physx.tensors.plugin] Failed to find rigid body at '/World/envs/env_122/robot_a/joints/imu'
2026-09-29T06:40:08Z [46,421ms] [Warning] [omni.physx.tensors.plugin] Failed to find rigid body at '/World/envs/env_123/robot_a/joints/imu'
2026-09-29T06:40:08Z [46,421ms] [Warning] [omni.physx.tensors.plugin] Failed to find rigid body at '/World/envs/env_124/robot_a/joints/imu'
2026-09-29T06:40:08Z [46,421ms] [Warning] [omni.physx.tensors.plugin] Failed to find rigid body at '/World/envs/env_125/robot_a/joints/imu'
2026-09-29T06:40:08Z [46,421ms] [Warning] [omni.physx.tensors.plugin] Failed to find rigid body at '/World/envs/env_126/robot_a/joints/imu'
2026-09-29T06:40:08Z [46,421ms] [Warning] [omni.physx.tensors.plugin] Failed to find rigid body at '/World/envs/env_127/robot_a/joints/imu'
2026-09-29T06:40:08Z [46,422ms] [Warning] [omni.physx.tensors.plugin] Failed to find rigid body at '/World/envs/env_128/robot_a/joints/imu'
2026-09-29T06:40:08Z [46,422ms] [Warning] [omni.physx.tensors.plugin] Failed to find rigid body at '/World/envs/env_129/robot_a/joints/imu'
2026-09-29T06:40:08Z [46,422ms] [Warning] [omni.physx.tensors.plugin] Failed to find rigid body at '/World/envs/env_130/robot_a/joints/imu'
2026-09-29T06:40:08Z [46,422ms] [Warning] [omni.physx.tensors.plugin] Failed to find rigid body at '/World/envs/env_131/robot_a/joints/imu'
2026-09-29T06:40:08Z [46,422ms] [Warning] [omni.physx.tensors.plugin] Failed to find rigid body at '/World/envs/env_132/robot_a/joints/imu'
2026-09-29T06:40:08Z [46,422ms] [Warning] [omni.physx.tensors.plugin] Failed to find rigid body at '/World/envs/env_133/robot_a/joints/imu'
2026-09-29T06:40:08Z [46,422ms] [Warning] [omni.physx.tensors.plugin] Failed to find rigid body at '/World/envs/env_134/robot_a/joints/imu'
2026-09-29T06:40:08Z [46,422ms] [Warning] [omni.physx.tensors.plugin] Failed to find rigid body at '/World/envs/env_135/robot_a/joints/imu'
2026-09-29T06:40:08Z [46,422ms] [Warning] [omni.physx.tensors.plugin] Failed to find rigid body at '/World/envs/env_136/robot_a/joints/imu'
2026-09-29T06:40:08Z [46,422ms] [Warning] [omni.physx.tensors.plugin] Failed to find rigid body at '/World/envs/env_137/robot_a/joints/imu'
2026-09-29T06:40:08Z [46,422ms] [Warning] [omni.physx.tensors.plugin] Failed to find rigid body at '/World/envs/env_138/robot_a/joints/imu'
2026-09-29T06:40:08Z [46,422ms] [Warning] [omni.physx.tensors.plugin] Failed to find rigid body at '/World/envs/env_139/robot_a/joints/imu'
2026-09-29T06:40:08Z [46,422ms] [Warning] [omni.physx.tensors.plugin] Failed to find rigid body at '/World/envs/env_140/robot_a/joints/imu'
2026-09-29T06:40:08Z [46,422ms] [Warning] [omni.physx.tensors.plugin] Failed to find rigid body at '/World/envs/env_141/robot_a/joints/imu'
2026-09-29T06:40:08Z [46,422ms] [Warning] [omni.physx.tensors.plugin] Failed to find rigid body at '/World/envs/env_142/robot_a/joints/imu'
2026-09-29T06:40:08Z [46,422ms] [Warning] [omni.physx.tensors.plugin] Failed to find rigid body at '/World/envs/env_143/robot_a/joints/imu'
2026-09-29T06:40:08Z [46,422ms] [Warning] [omni.physx.tensors.plugin] Failed to find rigid body at '/World/envs/env_144/robot_a/joints/imu'
2026-09-29T06:40:08Z [46,422ms] [Warning] [omni.physx.tensors.plugin] Failed to find rigid body at '/World/envs/env_145/robot_a/joints/imu'
2026-09-29T06:40:08Z [46,422ms] [Warning] [omni.physx.tensors.plugin] Failed to find rigid body at '/World/envs/env_146/robot_a/joints/imu'
2026-09-29T06:40:08Z [46,422ms] [Warning] [omni.physx.tensors.plugin] Failed to find rigid body at '/World/envs/env_147/robot_a/joints/imu'
2026-09-29T06:40:08Z [46,422ms] [Warning] [omni.physx.tensors.plugin] Failed to find rigid body at '/World/envs/env_148/robot_a/joints/imu'
2026-09-29T06:40:08Z [46,422ms] [Warning] [omni.physx.tensors.plugin] Failed to find rigid body at '/World/envs/env_149/robot_a/joints/imu'
2026-09-29T06:40:08Z [46,422ms] [Warning] [omni.physx.tensors.plugin] Failed to find rigid body at '/World/envs/env_150/robot_a/joints/imu'
2026-09-29T06:40:08Z [46,422ms] [Warning] [omni.physx.tensors.plugin] Failed to find rigid body at '/World/envs/env_151/robot_a/joints/imu'
2026-09-29T06:40:08Z [46,422ms] [Warning] [omni.physx.tensors.plugin] Failed to find rigid body at '/World/envs/env_152/robot_a/joints/imu'
2026-09-29T06:40:08Z [46,422ms] [Warning] [omni.physx.tensors.plugin] Failed to find rigid body at '/World/envs/env_153/robot_a/joints/imu'
2026-09-29T06:40:08Z [46,422ms] [Warning] [omni.physx.tensors.plugin] Failed to find rigid body at '/World/envs/env_154/robot_a/joints/imu'
2026-09-29T06:40:08Z [46,422ms] [Warning] [omni.physx.tensors.plugin] Failed to find rigid body at '/World/envs/env_155/robot_a/joints/imu'
2026-09-29T06:40:08Z [46,422ms] [Warning] [omni.physx.tensors.plugin] Failed to find rigid body at '/World/envs/env_156/robot_a/joints/imu'
2026-09-29T06:40:08Z [46,423ms] [Warning] [omni.physx.tensors.plugin] Failed to find rigid body at '/World/envs/env_157/robot_a/joints/imu'
2026-09-29T06:40:08Z [46,423ms] [Warning] [omni.physx.tensors.plugin] Failed to find rigid body at '/World/envs/env_158/robot_a/joints/imu'
2026-09-29T06:40:08Z [46,423ms] [Warning] [omni.physx.tensors.plugin] Failed to find rigid body at '/World/envs/env_159/robot_a/joints/imu'
2026-09-29T06:40:08Z [46,423ms] [Warning] [omni.physx.tensors.plugin] Failed to find rigid body at '/World/envs/env_160/robot_a/joints/imu'
2026-09-29T06:40:08Z [46,423ms] [Warning] [omni.physx.tensors.plugin] Failed to find rigid body at '/World/envs/env_161/robot_a/joints/imu'
2026-09-29T06:40:08Z [46,423ms] [Warning] [omni.physx.tensors.plugin] Failed to find rigid body at '/World/envs/env_162/robot_a/joints/imu'
2026-09-29T06:40:08Z [46,423ms] [Warning] [omni.physx.tensors.plugin] Failed to find rigid body at '/World/envs/env_163/robot_a/joints/imu'
2026-09-29T06:40:08Z [46,423ms] [Warning] [omni.physx.tensors.plugin] Failed to find rigid body at '/World/envs/env_164/robot_a/joints/imu'
2026-09-29T06:40:08Z [46,423ms] [Warning] [omni.physx.tensors.plugin] Failed to find rigid body at '/World/envs/env_165/robot_a/joints/imu'
2026-09-29T06:40:08Z [46,423ms] [Warning] [omni.physx.tensors.plugin] Failed to find rigid body at '/World/envs/env_166/robot_a/joints/imu'
2026-09-29T06:40:08Z [46,423ms] [Warning] [omni.physx.tensors.plugin] Failed to find rigid body at '/World/envs/env_167/robot_a/joints/imu'
2026-09-29T06:40:08Z [46,423ms] [Warning] [omni.physx.tensors.plugin] Failed to find rigid body at '/World/envs/env_168/robot_a/joints/imu'
2026-09-29T06:40:08Z [46,423ms] [Warning] [omni.physx.tensors.plugin] Failed to find rigid body at '/World/envs/env_169/robot_a/joints/imu'
2026-09-29T06:40:08Z [46,423ms] [Warning] [omni.physx.tensors.plugin] Failed to find rigid body at '/World/envs/env_170/robot_a/joints/imu'
2026-09-29T06:40:08Z [46,423ms] [Warning] [omni.physx.tensors.plugin] Failed to find rigid body at '/World/envs/env_171/robot_a/joints/imu'
2026-09-29T06:40:08Z [46,423ms] [Warning] [omni.physx.tensors.plugin] Failed to find rigid body at '/World/envs/env_172/robot_a/joints/imu'
2026-09-29T06:40:08Z [46,423ms] [Warning] [omni.physx.tensors.plugin] Failed to find rigid body at '/World/envs/env_173/robot_a/joints/imu'
2026-09-29T06:40:08Z [46,423ms] [Warning] [omni.physx.tensors.plugin] Failed to find rigid body at '/World/envs/env_174/robot_a/joints/imu'
2026-09-29T06:40:08Z [46,423ms] [Warning] [omni.physx.tensors.plugin] Failed to find rigid body at '/World/envs/env_175/robot_a/joints/imu'
2026-09-29T06:40:08Z [46,423ms] [Warning] [omni.physx.tensors.plugin] Failed to find rigid body at '/World/envs/env_176/robot_a/joints/imu'
2026-09-29T06:40:08Z [46,423ms] [Warning] [omni.physx.tensors.plugin] Failed to find rigid body at '/World/envs/env_177/robot_a/joints/imu'
2026-09-29T06:40:08Z [46,423ms] [Warning] [omni.physx.tensors.plugin] Failed to find rigid body at '/World/envs/env_178/robot_a/joints/imu'
2026-09-29T06:40:08Z [46,423ms] [Warning] [omni.physx.tensors.plugin] Failed to find rigid body at '/World/envs/env_179/robot_a/joints/imu'
2026-09-29T06:40:08Z [46,423ms] [Warning] [omni.physx.tensors.plugin] Failed to find rigid body at '/World/envs/env_180/robot_a/joints/imu'
2026-09-29T06:40:08Z [46,423ms] [Warning] [omni.physx.tensors.plugin] Failed to find rigid body at '/World/envs/env_181/robot_a/joints/imu'
2026-09-29T06:40:08Z [46,423ms] [Warning] [omni.physx.tensors.plugin] Failed to find rigid body at '/World/envs/env_182/robot_a/joints/imu'
2026-09-29T06:40:08Z [46,423ms] [Warning] [omni.physx.tensors.plugin] Failed to find rigid body at '/World/envs/env_183/robot_a/joints/imu'
2026-09-29T06:40:08Z [46,423ms] [Warning] [omni.physx.tensors.plugin] Failed to find rigid body at '/World/envs/env_184/robot_a/joints/imu'
2026-09-29T06:40:08Z [46,423ms] [Warning] [omni.physx.tensors.plugin] Failed to find rigid body at '/World/envs/env_185/robot_a/joints/imu'
2026-09-29T06:40:08Z [46,423ms] [Warning] [omni.physx.tensors.plugin] Failed to find rigid body at '/World/envs/env_186/robot_a/joints/imu'
2026-09-29T06:40:08Z [46,423ms] [Warning] [omni.physx.tensors.plugin] Failed to find rigid body at '/World/envs/env_187/robot_a/joints/imu'
2026-09-29T06:40:08Z [46,423ms] [Warning] [omni.physx.tensors.plugin] Failed to find rigid body at '/World/envs/env_188/robot_a/joints/imu'
2026-09-29T06:40:08Z [46,424ms] [Warning] [omni.physx.tensors.plugin] Failed to find rigid body at '/World/envs/env_189/robot_a/joints/imu'
2026-09-29T06:40:08Z [46,424ms] [Warning] [omni.physx.tensors.plugin] Failed to find rigid body at '/World/envs/env_190/robot_a/joints/imu'
2026-09-29T06:40:08Z [46,424ms] [Warning] [omni.physx.tensors.plugin] Failed to find rigid body at '/World/envs/env_191/robot_a/joints/imu'
2026-09-29T06:40:08Z [46,424ms] [Warning] [omni.physx.tensors.plugin] Failed to find rigid body at '/World/envs/env_192/robot_a/joints/imu'
2026-09-29T06:40:08Z [46,424ms] [Warning] [omni.physx.tensors.plugin] Failed to find rigid body at '/World/envs/env_193/robot_a/joints/imu'
2026-09-29T06:40:08Z [46,424ms] [Warning] [omni.physx.tensors.plugin] Failed to find rigid body at '/World/envs/env_194/robot_a/joints/imu'
2026-09-29T06:40:08Z [46,424ms] [Warning] [omni.physx.tensors.plugin] Failed to find rigid body at '/World/envs/env_195/robot_a/joints/imu'
2026-09-29T06:40:08Z [46,424ms] [Warning] [omni.physx.tensors.plugin] Failed to find rigid body at '/World/envs/env_196/robot_a/joints/imu'
2026-09-29T06:40:08Z [46,424ms] [Warning] [omni.physx.tensors.plugin] Failed to find rigid body at '/World/envs/env_197/robot_a/joints/imu'
2026-09-29T06:40:08Z [46,424ms] [Warning] [omni.physx.tensors.plugin] Failed to find rigid body at '/World/envs/env_198/robot_a/joints/imu'
2026-09-29T06:40:08Z [46,424ms] [Warning] [omni.physx.tensors.plugin] Failed to find rigid body at '/World/envs/env_199/robot_a/joints/imu'
2026-09-29T06:40:08Z [46,424ms] [Warning] [omni.physx.tensors.plugin] Failed to find rigid body at '/World/envs/env_200/robot_a/joints/imu'
2026-09-29T06:40:08Z [46,424ms] [Warning] [omni.physx.tensors.plugin] Failed to find rigid body at '/World/envs/env_201/robot_a/joints/imu'
2026-09-29T06:40:08Z [46,424ms] [Warning] [omni.physx.tensors.plugin] Failed to find rigid body at '/World/envs/env_202/robot_a/joints/imu'
2026-09-29T06:40:08Z [46,424ms] [Warning] [omni.physx.tensors.plugin] Failed to find rigid body at '/World/envs/env_203/robot_a/joints/imu'
2026-09-29T06:40:08Z [46,424ms] [Warning] [omni.physx.tensors.plugin] Failed to find rigid body at '/World/envs/env_204/robot_a/joints/imu'
2026-09-29T06:40:08Z [46,424ms] [Warning] [omni.physx.tensors.plugin] Failed to find rigid body at '/World/envs/env_205/robot_a/joints/imu'
2026-09-29T06:40:08Z [46,424ms] [Warning] [omni.physx.tensors.plugin] Failed to find rigid body at '/World/envs/env_206/robot_a/joints/imu'
2026-09-29T06:40:08Z [46,424ms] [Warning] [omni.physx.tensors.plugin] Failed to find rigid body at '/World/envs/env_207/robot_a/joints/imu'
2026-09-29T06:40:08Z [46,424ms] [Warning] [omni.physx.tensors.plugin] Failed to find rigid body at '/World/envs/env_208/robot_a/joints/imu'
2026-09-29T06:40:08Z [46,424ms] [Warning] [omni.physx.tensors.plugin] Failed to find rigid body at '/World/envs/env_209/robot_a/joints/imu'
2026-09-29T06:40:08Z [46,424ms] [Warning] [omni.physx.tensors.plugin] Failed to find rigid body at '/World/envs/env_210/robot_a/joints/imu'
2026-09-29T06:40:08Z [46,424ms] [Warning] [omni.physx.tensors.plugin] Failed to find rigid body at '/World/envs/env_211/robot_a/joints/imu'
2026-09-29T06:40:08Z [46,424ms] [Warning] [omni.physx.tensors.plugin] Failed to find rigid body at '/World/envs/env_212/robot_a/joints/imu'
2026-09-29T06:40:08Z [46,424ms] [Warning] [omni.physx.tensors.plugin] Failed to find rigid body at '/World/envs/env_213/robot_a/joints/imu'
2026-09-29T06:40:08Z [46,424ms] [Warning] [omni.physx.tensors.plugin] Failed to find rigid body at '/World/envs/env_214/robot_a/joints/imu'
2026-09-29T06:40:08Z [46,424ms] [Warning] [omni.physx.tensors.plugin] Failed to find rigid body at '/World/envs/env_215/robot_a/joints/imu'
2026-09-29T06:40:08Z [46,425ms] [Warning] [omni.physx.tensors.plugin] Failed to find rigid body at '/World/envs/env_216/robot_a/joints/imu'
2026-09-29T06:40:08Z [46,425ms] [Warning] [omni.physx.tensors.plugin] Failed to find rigid body at '/World/envs/env_217/robot_a/joints/imu'
2026-09-29T06:40:08Z [46,425ms] [Warning] [omni.physx.tensors.plugin] Failed to find rigid body at '/World/envs/env_218/robot_a/joints/imu'
2026-09-29T06:40:08Z [46,425ms] [Warning] [omni.physx.tensors.plugin] Failed to find rigid body at '/World/envs/env_219/robot_a/joints/imu'
2026-09-29T06:40:08Z [46,425ms] [Warning] [omni.physx.tensors.plugin] Failed to find rigid body at '/World/envs/env_220/robot_a/joints/imu'
2026-09-29T06:40:08Z [46,425ms] [Warning] [omni.physx.tensors.plugin] Failed to find rigid body at '/World/envs/env_221/robot_a/joints/imu'
2026-09-29T06:40:08Z [46,425ms] [Warning] [omni.physx.tensors.plugin] Failed to find rigid body at '/World/envs/env_222/robot_a/joints/imu'
2026-09-29T06:40:08Z [46,425ms] [Warning] [omni.physx.tensors.plugin] Failed to find rigid body at '/World/envs/env_223/robot_a/joints/imu'
2026-09-29T06:40:08Z [46,425ms] [Warning] [omni.physx.tensors.plugin] Failed to find rigid body at '/World/envs/env_224/robot_a/joints/imu'
2026-09-29T06:40:08Z [46,425ms] [Warning] [omni.physx.tensors.plugin] Failed to find rigid body at '/World/envs/env_225/robot_a/joints/imu'
2026-09-29T06:40:08Z [46,425ms] [Warning] [omni.physx.tensors.plugin] Failed to find rigid body at '/World/envs/env_226/robot_a/joints/imu'
2026-09-29T06:40:08Z [46,425ms] [Warning] [omni.physx.tensors.plugin] Failed to find rigid body at '/World/envs/env_227/robot_a/joints/imu'
2026-09-29T06:40:08Z [46,425ms] [Warning] [omni.physx.tensors.plugin] Failed to find rigid body at '/World/envs/env_228/robot_a/joints/imu'
2026-09-29T06:40:08Z [46,425ms] [Warning] [omni.physx.tensors.plugin] Failed to find rigid body at '/World/envs/env_229/robot_a/joints/imu'
2026-09-29T06:40:08Z [46,425ms] [Warning] [omni.physx.tensors.plugin] Failed to find rigid body at '/World/envs/env_230/robot_a/joints/imu'
2026-09-29T06:40:08Z [46,425ms] [Warning] [omni.physx.tensors.plugin] Failed to find rigid body at '/World/envs/env_231/robot_a/joints/imu'
2026-09-29T06:40:08Z [46,425ms] [Warning] [omni.physx.tensors.plugin] Failed to find rigid body at '/World/envs/env_232/robot_a/joints/imu'
2026-09-29T06:40:08Z [46,425ms] [Warning] [omni.physx.tensors.plugin] Failed to find rigid body at '/World/envs/env_233/robot_a/joints/imu'
2026-09-29T06:40:08Z [46,425ms] [Warning] [omni.physx.tensors.plugin] Failed to find rigid body at '/World/envs/env_234/robot_a/joints/imu'
2026-09-29T06:40:08Z [46,425ms] [Warning] [omni.physx.tensors.plugin] Failed to find rigid body at '/World/envs/env_235/robot_a/joints/imu'
2026-09-29T06:40:08Z [46,425ms] [Warning] [omni.physx.tensors.plugin] Failed to find rigid body at '/World/envs/env_236/robot_a/joints/imu'
2026-09-29T06:40:08Z [46,425ms] [Warning] [omni.physx.tensors.plugin] Failed to find rigid body at '/World/envs/env_237/robot_a/joints/imu'
2026-09-29T06:40:08Z [46,425ms] [Warning] [omni.physx.tensors.plugin] Failed to find rigid body at '/World/envs/env_238/robot_a/joints/imu'
2026-09-29T06:40:08Z [46,425ms] [Warning] [omni.physx.tensors.plugin] Failed to find rigid body at '/World/envs/env_239/robot_a/joints/imu'
2026-09-29T06:40:08Z [46,425ms] [Warning] [omni.physx.tensors.plugin] Failed to find rigid body at '/World/envs/env_240/robot_a/joints/imu'
2026-09-29T06:40:08Z [46,425ms] [Warning] [omni.physx.tensors.plugin] Failed to find rigid body at '/World/envs/env_241/robot_a/joints/imu'
2026-09-29T06:40:08Z [46,425ms] [Warning] [omni.physx.tensors.plugin] Failed to find rigid body at '/World/envs/env_242/robot_a/joints/imu'
2026-09-29T06:40:08Z [46,425ms] [Warning] [omni.physx.tensors.plugin] Failed to find rigid body at '/World/envs/env_243/robot_a/joints/imu'
2026-09-29T06:40:08Z [46,425ms] [Warning] [omni.physx.tensors.plugin] Failed to find rigid body at '/World/envs/env_244/robot_a/joints/imu'
2026-09-29T06:40:08Z [46,425ms] [Warning] [omni.physx.tensors.plugin] Failed to find rigid body at '/World/envs/env_245/robot_a/joints/imu'
2026-09-29T06:40:08Z [46,425ms] [Warning] [omni.physx.tensors.plugin] Failed to find rigid body at '/World/envs/env_246/robot_a/joints/imu'
2026-09-29T06:40:08Z [46,425ms] [Warning] [omni.physx.tensors.plugin] Failed to find rigid body at '/World/envs/env_247/robot_a/joints/imu'
2026-09-29T06:40:08Z [46,425ms] [Warning] [omni.physx.tensors.plugin] Failed to find rigid body at '/World/envs/env_248/robot_a/joints/imu'
2026-09-29T06:40:08Z [46,425ms] [Warning] [omni.physx.tensors.plugin] Failed to find rigid body at '/World/envs/env_249/robot_a/joints/imu'
2026-09-29T06:40:08Z [46,426ms] [Warning] [omni.physx.tensors.plugin] Failed to find rigid body at '/World/envs/env_250/robot_a/joints/imu'
2026-09-29T06:40:08Z [46,426ms] [Warning] [omni.physx.tensors.plugin] Failed to find rigid body at '/World/envs/env_251/robot_a/joints/imu'
2026-09-29T06:40:08Z [46,426ms] [Warning] [omni.physx.tensors.plugin] Failed to find rigid body at '/World/envs/env_252/robot_a/joints/imu'
2026-09-29T06:40:08Z [46,426ms] [Warning] [omni.physx.tensors.plugin] Failed to find rigid body at '/World/envs/env_253/robot_a/joints/imu'
2026-09-29T06:40:08Z [46,426ms] [Warning] [omni.physx.tensors.plugin] Failed to find rigid body at '/World/envs/env_254/robot_a/joints/imu'
2026-09-29T06:40:08Z [46,426ms] [Warning] [omni.physx.tensors.plugin] Failed to find rigid body at '/World/envs/env_255/robot_a/joints/imu'
2026-09-29T06:40:08Z [46,426ms] [Warning] [omni.physx.tensors.plugin] Failed to find rigid body at '/World/envs/env_256/robot_a/joints/imu'
2026-09-29T06:40:08Z [46,426ms] [Warning] [omni.physx.tensors.plugin] Failed to find rigid body at '/World/envs/env_257/robot_a/joints/imu'
2026-09-29T06:40:08Z [46,426ms] [Warning] [omni.physx.tensors.plugin] Failed to find rigid body at '/World/envs/env_258/robot_a/joints/imu'
2026-09-29T06:40:08Z [46,426ms] [Warning] [omni.physx.tensors.plugin] Failed to find rigid body at '/World/envs/env_259/robot_a/joints/imu'
2026-09-29T06:40:08Z [46,426ms] [Warning] [omni.physx.tensors.plugin] Failed to find rigid body at '/World/envs/env_260/robot_a/joints/imu'
2026-09-29T06:40:08Z [46,426ms] [Warning] [omni.physx.tensors.plugin] Failed to find rigid body at '/World/envs/env_261/robot_a/joints/imu'
2026-09-29T06:40:08Z [46,426ms] [Warning] [omni.physx.tensors.plugin] Failed to find rigid body at '/World/envs/env_262/robot_a/joints/imu'
2026-09-29T06:40:08Z [46,426ms] [Warning] [omni.physx.tensors.plugin] Failed to find rigid body at '/World/envs/env_263/robot_a/joints/imu'
2026-09-29T06:40:08Z [46,426ms] [Warning] [omni.physx.tensors.plugin] Failed to find rigid body at '/World/envs/env_264/robot_a/joints/imu'
2026-09-29T06:40:08Z [46,426ms] [Warning] [omni.physx.tensors.plugin] Failed to find rigid body at '/World/envs/env_265/robot_a/joints/imu'
2026-09-29T06:40:08Z [46,426ms] [Warning] [omni.physx.tensors.plugin] Failed to find rigid body at '/World/envs/env_266/robot_a/joints/imu'
2026-09-29T06:40:08Z [46,426ms] [Warning] [omni.physx.tensors.plugin] Failed to find rigid body at '/World/envs/env_267/robot_a/joints/imu'
2026-09-29T06:40:08Z [46,426ms] [Warning] [omni.physx.tensors.plugin] Failed to find rigid body at '/World/envs/env_268/robot_a/joints/imu'
2026-09-29T06:40:08Z [46,426ms] [Warning] [omni.physx.tensors.plugin] Failed to find rigid body at '/World/envs/env_269/robot_a/joints/imu'
2026-09-29T06:40:08Z [46,426ms] [Warning] [omni.physx.tensors.plugin] Failed to find rigid body at '/World/envs/env_270/robot_a/joints/imu'
2026-09-29T06:40:08Z [46,426ms] [Warning] [omni.physx.tensors.plugin] Failed to find rigid body at '/World/envs/env_271/robot_a/joints/imu'
2026-09-29T06:40:08Z [46,426ms] [Warning] [omni.physx.tensors.plugin] Failed to find rigid body at '/World/envs/env_272/robot_a/joints/imu'
2026-09-29T06:40:08Z [46,426ms] [Warning] [omni.physx.tensors.plugin] Failed to find rigid body at '/World/envs/env_273/robot_a/joints/imu'
2026-09-29T06:40:08Z [46,426ms] [Warning] [omni.physx.tensors.plugin] Failed to find rigid body at '/World/envs/env_274/robot_a/joints/imu'
2026-09-29T06:40:08Z [46,426ms] [Warning] [omni.physx.tensors.plugin] Failed to find rigid body at '/World/envs/env_275/robot_a/joints/imu'
2026-09-29T06:40:08Z [46,426ms] [Warning] [omni.physx.tensors.plugin] Failed to find rigid body at '/World/envs/env_276/robot_a/joints/imu'
2026-09-29T06:40:08Z [46,426ms] [Warning] [omni.physx.tensors.plugin] Failed to find rigid body at '/World/envs/env_277/robot_a/joints/imu'
2026-09-29T06:40:08Z [46,426ms] [Warning] [omni.physx.tensors.plugin] Failed to find rigid body at '/World/envs/env_278/robot_a/joints/imu'
2026-09-29T06:40:08Z [46,426ms] [Warning] [omni.physx.tensors.plugin] Failed to find rigid body at '/World/envs/env_279/robot_a/joints/imu'
2026-09-29T06:40:08Z [46,426ms] [Warning] [omni.physx.tensors.plugin] Failed to find rigid body at '/World/envs/env_280/robot_a/joints/imu'
2026-09-29T06:40:08Z [46,426ms] [Warning] [omni.physx.tensors.plugin] Failed to find rigid body at '/World/envs/env_281/robot_a/joints/imu'
2026-09-29T06:40:08Z [46,426ms] [Warning] [omni.physx.tensors.plugin] Failed to find rigid body at '/World/envs/env_282/robot_a/joints/imu'
2026-09-29T06:40:08Z [46,426ms] [Warning] [omni.physx.tensors.plugin] Failed to find rigid body at '/World/envs/env_283/robot_a/joints/imu'
2026-09-29T06:40:08Z [46,427ms] [Warning] [omni.physx.tensors.plugin] Failed to find rigid body at '/World/envs/env_284/robot_a/joints/imu'
2026-09-29T06:40:08Z [46,427ms] [Warning] [omni.physx.tensors.plugin] Failed to find rigid body at '/World/envs/env_285/robot_a/joints/imu'
2026-09-29T06:40:08Z [46,427ms] [Warning] [omni.physx.tensors.plugin] Failed to find rigid body at '/World/envs/env_286/robot_a/joints/imu'
2026-09-29T06:40:08Z [46,427ms] [Warning] [omni.physx.tensors.plugin] Failed to find rigid body at '/World/envs/env_287/robot_a/joints/imu'
2026-09-29T06:40:08Z [46,427ms] [Warning] [omni.physx.tensors.plugin] Failed to find rigid body at '/World/envs/env_288/robot_a/joints/imu'
2026-09-29T06:40:08Z [46,427ms] [Warning] [omni.physx.tensors.plugin] Failed to find rigid body at '/World/envs/env_289/robot_a/joints/imu'
2026-09-29T06:40:08Z [46,427ms] [Warning] [omni.physx.tensors.plugin] Failed to find rigid body at '/World/envs/env_290/robot_a/joints/imu'
2026-09-29T06:40:08Z [46,427ms] [Warning] [omni.physx.tensors.plugin] Failed to find rigid body at '/World/envs/env_291/robot_a/joints/imu'
2026-09-29T06:40:08Z [46,427ms] [Warning] [omni.physx.tensors.plugin] Failed to find rigid body at '/World/envs/env_292/robot_a/joints/imu'
2026-09-29T06:40:08Z [46,427ms] [Warning] [omni.physx.tensors.plugin] Failed to find rigid body at '/World/envs/env_293/robot_a/joints/imu'
2026-09-29T06:40:08Z [46,427ms] [Warning] [omni.physx.tensors.plugin] Failed to find rigid body at '/World/envs/env_294/robot_a/joints/imu'
2026-09-29T06:40:08Z [46,427ms] [Warning] [omni.physx.tensors.plugin] Failed to find rigid body at '/World/envs/env_295/robot_a/joints/imu'
2026-09-29T06:40:08Z [46,427ms] [Warning] [omni.physx.tensors.plugin] Failed to find rigid body at '/World/envs/env_296/robot_a/joints/imu'
2026-09-29T06:40:08Z [46,427ms] [Warning] [omni.physx.tensors.plugin] Failed to find rigid body at '/World/envs/env_297/robot_a/joints/imu'
2026-09-29T06:40:08Z [46,427ms] [Warning] [omni.physx.tensors.plugin] Failed to find rigid body at '/World/envs/env_298/robot_a/joints/imu'
2026-09-29T06:40:08Z [46,427ms] [Warning] [omni.physx.tensors.plugin] Failed to find rigid body at '/World/envs/env_299/robot_a/joints/imu'
2026-09-29T06:40:08Z [46,427ms] [Warning] [omni.physx.tensors.plugin] Failed to find rigid body at '/World/envs/env_300/robot_a/joints/imu'
2026-09-29T06:40:08Z [46,427ms] [Warning] [omni.physx.tensors.plugin] Failed to find rigid body at '/World/envs/env_301/robot_a/joints/imu'
2026-09-29T06:40:08Z [46,427ms] [Warning] [omni.physx.tensors.plugin] Failed to find rigid body at '/World/envs/env_302/robot_a/joints/imu'
2026-09-29T06:40:08Z [46,427ms] [Warning] [omni.physx.tensors.plugin] Failed to find rigid body at '/World/envs/env_303/robot_a/joints/imu'
2026-09-29T06:40:08Z [46,427ms] [Warning] [omni.physx.tensors.plugin] Failed to find rigid body at '/World/envs/env_304/robot_a/joints/imu'
2026-09-29T06:40:08Z [46,427ms] [Warning] [omni.physx.tensors.plugin] Failed to find rigid body at '/World/envs/env_305/robot_a/joints/imu'
2026-09-29T06:40:08Z [46,427ms] [Warning] [omni.physx.tensors.plugin] Failed to find rigid body at '/World/envs/env_306/robot_a/joints/imu'
2026-09-29T06:40:08Z [46,427ms] [Warning] [omni.physx.tensors.plugin] Failed to find rigid body at '/World/envs/env_307/robot_a/joints/imu'
2026-09-29T06:40:08Z [46,427ms] [Warning] [omni.physx.tensors.plugin] Failed to find rigid body at '/World/envs/env_308/robot_a/joints/imu'
2026-09-29T06:40:08Z [46,427ms] [Warning] [omni.physx.tensors.plugin] Failed to find rigid body at '/World/envs/env_309/robot_a/joints/imu'
2026-09-29T06:40:08Z [46,427ms] [Warning] [omni.physx.tensors.plugin] Failed to find rigid body at '/World/envs/env_310/robot_a/joints/imu'
2026-09-29T06:40:08Z [46,427ms] [Warning] [omni.physx.tensors.plugin] Failed to find rigid body at '/World/envs/env_311/robot_a/joints/imu'
2026-09-29T06:40:08Z [46,427ms] [Warning] [omni.physx.tensors.plugin] Failed to find rigid body at '/World/envs/env_312/robot_a/joints/imu'
2026-09-29T06:40:08Z [46,427ms] [Warning] [omni.physx.tensors.plugin] Failed to find rigid body at '/World/envs/env_313/robot_a/joints/imu'
2026-09-29T06:40:08Z [46,427ms] [Warning] [omni.physx.tensors.plugin] Failed to find rigid body at '/World/envs/env_314/robot_a/joints/imu'
2026-09-29T06:40:08Z [46,427ms] [Warning] [omni.physx.tensors.plugin] Failed to find rigid body at '/World/envs/env_315/robot_a/joints/imu'
2026-09-29T06:40:08Z [46,428ms] [Warning] [omni.physx.tensors.plugin] Failed to find rigid body at '/World/envs/env_316/robot_a/joints/imu'
2026-09-29T06:40:08Z [46,428ms] [Warning] [omni.physx.tensors.plugin] Failed to find rigid body at '/World/envs/env_317/robot_a/joints/imu'
2026-09-29T06:40:08Z [46,428ms] [Warning] [omni.physx.tensors.plugin] Failed to find rigid body at '/World/envs/env_318/robot_a/joints/imu'
2026-09-29T06:40:08Z [46,428ms] [Warning] [omni.physx.tensors.plugin] Failed to find rigid body at '/World/envs/env_319/robot_a/joints/imu'
2026-09-29T06:40:08Z [46,428ms] [Warning] [omni.physx.tensors.plugin] Failed to find rigid body at '/World/envs/env_320/robot_a/joints/imu'
2026-09-29T06:40:08Z [46,428ms] [Warning] [omni.physx.tensors.plugin] Failed to find rigid body at '/World/envs/env_321/robot_a/joints/imu'
2026-09-29T06:40:08Z [46,428ms] [Warning] [omni.physx.tensors.plugin] Failed to find rigid body at '/World/envs/env_322/robot_a/joints/imu'
2026-09-29T06:40:08Z [46,428ms] [Warning] [omni.physx.tensors.plugin] Failed to find rigid body at '/World/envs/env_323/robot_a/joints/imu'
2026-09-29T06:40:08Z [46,428ms] [Warning] [omni.physx.tensors.plugin] Failed to find rigid body at '/World/envs/env_324/robot_a/joints/imu'
2026-09-29T06:40:08Z [46,428ms] [Warning] [omni.physx.tensors.plugin] Failed to find rigid body at '/World/envs/env_325/robot_a/joints/imu'
2026-09-29T06:40:08Z [46,428ms] [Warning] [omni.physx.tensors.plugin] Failed to find rigid body at '/World/envs/env_326/robot_a/joints/imu'
2026-09-29T06:40:08Z [46,428ms] [Warning] [omni.physx.tensors.plugin] Failed to find rigid body at '/World/envs/env_327/robot_a/joints/imu'
2026-09-29T06:40:08Z [46,428ms] [Warning] [omni.physx.tensors.plugin] Failed to find rigid body at '/World/envs/env_328/robot_a/joints/imu'
2026-09-29T06:40:08Z [46,428ms] [Warning] [omni.physx.tensors.plugin] Failed to find rigid body at '/World/envs/env_329/robot_a/joints/imu'
2026-09-29T06:40:08Z [46,428ms] [Warning] [omni.physx.tensors.plugin] Failed to find rigid body at '/World/envs/env_330/robot_a/joints/imu'
2026-09-29T06:40:08Z [46,428ms] [Warning] [omni.physx.tensors.plugin] Failed to find rigid body at '/World/envs/env_331/robot_a/joints/imu'
2026-09-29T06:40:08Z [46,428ms] [Warning] [omni.physx.tensors.plugin] Failed to find rigid body at '/World/envs/env_332/robot_a/joints/imu'
2026-09-29T06:40:08Z [46,428ms] [Warning] [omni.physx.tensors.plugin] Failed to find rigid body at '/World/envs/env_333/robot_a/joints/imu'
2026-09-29T06:40:08Z [46,428ms] [Warning] [omni.physx.tensors.plugin] Failed to find rigid body at '/World/envs/env_334/robot_a/joints/imu'
2026-09-29T06:40:08Z [46,428ms] [Warning] [omni.physx.tensors.plugin] Failed to find rigid body at '/World/envs/env_335/robot_a/joints/imu'
2026-09-29T06:40:08Z [46,428ms] [Warning] [omni.physx.tensors.plugin] Failed to find rigid body at '/World/envs/env_336/robot_a/joints/imu'
2026-09-29T06:40:08Z [46,428ms] [Warning] [omni.physx.tensors.plugin] Failed to find rigid body at '/World/envs/env_337/robot_a/joints/imu'
2026-09-29T06:40:08Z [46,428ms] [Warning] [omni.physx.tensors.plugin] Failed to find rigid body at '/World/envs/env_338/robot_a/joints/imu'
2026-09-29T06:40:08Z [46,428ms] [Warning] [omni.physx.tensors.plugin] Failed to find rigid body at '/World/envs/env_339/robot_a/joints/imu'
2026-09-29T06:40:08Z [46,428ms] [Warning] [omni.physx.tensors.plugin] Failed to find rigid body at '/World/envs/env_340/robot_a/joints/imu'
2026-09-29T06:40:08Z [46,428ms] [Warning] [omni.physx.tensors.plugin] Failed to find rigid body at '/World/envs/env_341/robot_a/joints/imu'
2026-09-29T06:40:08Z [46,428ms] [Warning] [omni.physx.tensors.plugin] Failed to find rigid body at '/World/envs/env_342/robot_a/joints/imu'
2026-09-29T06:40:08Z [46,428ms] [Warning] [omni.physx.tensors.plugin] Failed to find rigid body at '/World/envs/env_343/robot_a/joints/imu'
2026-09-29T06:40:08Z [46,429ms] [Warning] [omni.physx.tensors.plugin] Failed to find rigid body at '/World/envs/env_344/robot_a/joints/imu'
2026-09-29T06:40:08Z [46,429ms] [Warning] [omni.physx.tensors.plugin] Failed to find rigid body at '/World/envs/env_345/robot_a/joints/imu'
2026-09-29T06:40:08Z [46,429ms] [Warning] [omni.physx.tensors.plugin] Failed to find rigid body at '/World/envs/env_346/robot_a/joints/imu'
2026-09-29T06:40:08Z [46,429ms] [Warning] [omni.physx.tensors.plugin] Failed to find rigid body at '/World/envs/env_347/robot_a/joints/imu'
2026-09-29T06:40:08Z [46,429ms] [Warning] [omni.physx.tensors.plugin] Failed to find rigid body at '/World/envs/env_348/robot_a/joints/imu'
2026-09-29T06:40:08Z [46,429ms] [Warning] [omni.physx.tensors.plugin] Failed to find rigid body at '/World/envs/env_349/robot_a/joints/imu'
2026-09-29T06:40:08Z [46,429ms] [Warning] [omni.physx.tensors.plugin] Failed to find rigid body at '/World/envs/env_350/robot_a/joints/imu'
2026-09-29T06:40:08Z [46,429ms] [Warning] [omni.physx.tensors.plugin] Failed to find rigid body at '/World/envs/env_351/robot_a/joints/imu'
2026-09-29T06:40:08Z [46,429ms] [Warning] [omni.physx.tensors.plugin] Failed to find rigid body at '/World/envs/env_352/robot_a/joints/imu'
2026-09-29T06:40:08Z [46,429ms] [Warning] [omni.physx.tensors.plugin] Failed to find rigid body at '/World/envs/env_353/robot_a/joints/imu'
2026-09-29T06:40:08Z [46,429ms] [Warning] [omni.physx.tensors.plugin] Failed to find rigid body at '/World/envs/env_354/robot_a/joints/imu'
2026-09-29T06:40:08Z [46,429ms] [Warning] [omni.physx.tensors.plugin] Failed to find rigid body at '/World/envs/env_355/robot_a/joints/imu'
2026-09-29T06:40:08Z [46,429ms] [Warning] [omni.physx.tensors.plugin] Failed to find rigid body at '/World/envs/env_356/robot_a/joints/imu'
2026-09-29T06:40:08Z [46,429ms] [Warning] [omni.physx.tensors.plugin] Failed to find rigid body at '/World/envs/env_357/robot_a/joints/imu'
2026-09-29T06:40:08Z [46,429ms] [Warning] [omni.physx.tensors.plugin] Failed to find rigid body at '/World/envs/env_358/robot_a/joints/imu'
2026-09-29T06:40:08Z [46,429ms] [Warning] [omni.physx.tensors.plugin] Failed to find rigid body at '/World/envs/env_359/robot_a/joints/imu'
2026-09-29T06:40:08Z [46,429ms] [Warning] [omni.physx.tensors.plugin] Failed to find rigid body at '/World/envs/env_360/robot_a/joints/imu'
2026-09-29T06:40:08Z [46,429ms] [Warning] [omni.physx.tensors.plugin] Failed to find rigid body at '/World/envs/env_361/robot_a/joints/imu'
2026-09-29T06:40:08Z [46,429ms] [Warning] [omni.physx.tensors.plugin] Failed to find rigid body at '/World/envs/env_362/robot_a/joints/imu'
2026-09-29T06:40:08Z [46,429ms] [Warning] [omni.physx.tensors.plugin] Failed to find rigid body at '/World/envs/env_363/robot_a/joints/imu'
2026-09-29T06:40:08Z [46,429ms] [Warning] [omni.physx.tensors.plugin] Failed to find rigid body at '/World/envs/env_364/robot_a/joints/imu'
2026-09-29T06:40:08Z [46,429ms] [Warning] [omni.physx.tensors.plugin] Failed to find rigid body at '/World/envs/env_365/robot_a/joints/imu'
2026-09-29T06:40:08Z [46,429ms] [Warning] [omni.physx.tensors.plugin] Failed to find rigid body at '/World/envs/env_366/robot_a/joints/imu'
2026-09-29T06:40:08Z [46,429ms] [Warning] [omni.physx.tensors.plugin] Failed to find rigid body at '/World/envs/env_367/robot_a/joints/imu'
2026-09-29T06:40:08Z [46,429ms] [Warning] [omni.physx.tensors.plugin] Failed to find rigid body at '/World/envs/env_368/robot_a/joints/imu'
2026-09-29T06:40:08Z [46,429ms] [Warning] [omni.physx.tensors.plugin] Failed to find rigid body at '/World/envs/env_369/robot_a/joints/imu'
2026-09-29T06:40:08Z [46,429ms] [Warning] [omni.physx.tensors.plugin] Failed to find rigid body at '/World/envs/env_370/robot_a/joints/imu'
2026-09-29T06:40:08Z [46,429ms] [Warning] [omni.physx.tensors.plugin] Failed to find rigid body at '/World/envs/env_371/robot_a/joints/imu'
2026-09-29T06:40:08Z [46,429ms] [Warning] [omni.physx.tensors.plugin] Failed to find rigid body at '/World/envs/env_372/robot_a/joints/imu'
2026-09-29T06:40:08Z [46,429ms] [Warning] [omni.physx.tensors.plugin] Failed to find rigid body at '/World/envs/env_373/robot_a/joints/imu'
2026-09-29T06:40:08Z [46,429ms] [Warning] [omni.physx.tensors.plugin] Failed to find rigid body at '/World/envs/env_374/robot_a/joints/imu'
2026-09-29T06:40:08Z [46,429ms] [Warning] [omni.physx.tensors.plugin] Failed to find rigid body at '/World/envs/env_375/robot_a/joints/imu'
2026-09-29T06:40:08Z [46,429ms] [Warning] [omni.physx.tensors.plugin] Failed to find rigid body at '/World/envs/env_376/robot_a/joints/imu'
2026-09-29T06:40:08Z [46,430ms] [Warning] [omni.physx.tensors.plugin] Failed to find rigid body at '/World/envs/env_377/robot_a/joints/imu'
2026-09-29T06:40:08Z [46,430ms] [Warning] [omni.physx.tensors.plugin] Failed to find rigid body at '/World/envs/env_378/robot_a/joints/imu'
2026-09-29T06:40:08Z [46,430ms] [Warning] [omni.physx.tensors.plugin] Failed to find rigid body at '/World/envs/env_379/robot_a/joints/imu'
2026-09-29T06:40:08Z [46,430ms] [Warning] [omni.physx.tensors.plugin] Failed to find rigid body at '/World/envs/env_380/robot_a/joints/imu'
2026-09-29T06:40:08Z [46,430ms] [Warning] [omni.physx.tensors.plugin] Failed to find rigid body at '/World/envs/env_381/robot_a/joints/imu'
2026-09-29T06:40:08Z [46,430ms] [Warning] [omni.physx.tensors.plugin] Failed to find rigid body at '/World/envs/env_382/robot_a/joints/imu'
2026-09-29T06:40:08Z [46,430ms] [Warning] [omni.physx.tensors.plugin] Failed to find rigid body at '/World/envs/env_383/robot_a/joints/imu'
2026-09-29T06:40:08Z [46,430ms] [Warning] [omni.physx.tensors.plugin] Failed to find rigid body at '/World/envs/env_384/robot_a/joints/imu'
2026-09-29T06:40:08Z [46,430ms] [Warning] [omni.physx.tensors.plugin] Failed to find rigid body at '/World/envs/env_385/robot_a/joints/imu'
2026-09-29T06:40:08Z [46,430ms] [Warning] [omni.physx.tensors.plugin] Failed to find rigid body at '/World/envs/env_386/robot_a/joints/imu'
2026-09-29T06:40:08Z [46,430ms] [Warning] [omni.physx.tensors.plugin] Failed to find rigid body at '/World/envs/env_387/robot_a/joints/imu'
2026-09-29T06:40:08Z [46,430ms] [Warning] [omni.physx.tensors.plugin] Failed to find rigid body at '/World/envs/env_388/robot_a/joints/imu'
2026-09-29T06:40:08Z [46,430ms] [Warning] [omni.physx.tensors.plugin] Failed to find rigid body at '/World/envs/env_389/robot_a/joints/imu'
2026-09-29T06:40:08Z [46,430ms] [Warning] [omni.physx.tensors.plugin] Failed to find rigid body at '/World/envs/env_390/robot_a/joints/imu'
2026-09-29T06:40:08Z [46,430ms] [Warning] [omni.physx.tensors.plugin] Failed to find rigid body at '/World/envs/env_391/robot_a/joints/imu'
2026-09-29T06:40:08Z [46,430ms] [Warning] [omni.physx.tensors.plugin] Failed to find rigid body at '/World/envs/env_392/robot_a/joints/imu'
2026-09-29T06:40:08Z [46,430ms] [Warning] [omni.physx.tensors.plugin] Failed to find rigid body at '/World/envs/env_393/robot_a/joints/imu'
2026-09-29T06:40:08Z [46,430ms] [Warning] [omni.physx.tensors.plugin] Failed to find rigid body at '/World/envs/env_394/robot_a/joints/imu'
2026-09-29T06:40:08Z [46,431ms] [Warning] [omni.physx.tensors.plugin] Failed to find rigid body at '/World/envs/env_395/robot_a/joints/imu'
2026-09-29T06:40:08Z [46,431ms] [Warning] [omni.physx.tensors.plugin] Failed to find rigid body at '/World/envs/env_396/robot_a/joints/imu'
2026-09-29T06:40:08Z [46,431ms] [Warning] [omni.physx.tensors.plugin] Failed to find rigid body at '/World/envs/env_397/robot_a/joints/imu'
2026-09-29T06:40:08Z [46,431ms] [Warning] [omni.physx.tensors.plugin] Failed to find rigid body at '/World/envs/env_398/robot_a/joints/imu'
2026-09-29T06:40:08Z [46,431ms] [Warning] [omni.physx.tensors.plugin] Failed to find rigid body at '/World/envs/env_399/robot_a/joints/imu'
2026-09-29T06:40:08Z [46,431ms] [Warning] [omni.physx.tensors.plugin] Failed to find rigid body at '/World/envs/env_400/robot_a/joints/imu'
2026-09-29T06:40:08Z [46,431ms] [Warning] [omni.physx.tensors.plugin] Failed to find rigid body at '/World/envs/env_401/robot_a/joints/imu'
2026-09-29T06:40:08Z [46,431ms] [Warning] [omni.physx.tensors.plugin] Failed to find rigid body at '/World/envs/env_402/robot_a/joints/imu'
2026-09-29T06:40:08Z [46,431ms] [Warning] [omni.physx.tensors.plugin] Failed to find rigid body at '/World/envs/env_403/robot_a/joints/imu'
2026-09-29T06:40:08Z [46,431ms] [Warning] [omni.physx.tensors.plugin] Failed to find rigid body at '/World/envs/env_404/robot_a/joints/imu'
2026-09-29T06:40:08Z [46,431ms] [Warning] [omni.physx.tensors.plugin] Failed to find rigid body at '/World/envs/env_405/robot_a/joints/imu'
2026-09-29T06:40:08Z [46,431ms] [Warning] [omni.physx.tensors.plugin] Failed to find rigid body at '/World/envs/env_406/robot_a/joints/imu'
2026-09-29T06:40:08Z [46,431ms] [Warning] [omni.physx.tensors.plugin] Failed to find rigid body at '/World/envs/env_407/robot_a/joints/imu'
2026-09-29T06:40:08Z [46,431ms] [Warning] [omni.physx.tensors.plugin] Failed to find rigid body at '/World/envs/env_408/robot_a/joints/imu'
2026-09-29T06:40:08Z [46,431ms] [Warning] [omni.physx.tensors.plugin] Failed to find rigid body at '/World/envs/env_409/robot_a/joints/imu'
2026-09-29T06:40:08Z [46,431ms] [Warning] [omni.physx.tensors.plugin] Failed to find rigid body at '/World/envs/env_410/robot_a/joints/imu'
2026-09-29T06:40:08Z [46,431ms] [Warning] [omni.physx.tensors.plugin] Failed to find rigid body at '/World/envs/env_411/robot_a/joints/imu'
2026-09-29T06:40:08Z [46,431ms] [Warning] [omni.physx.tensors.plugin] Failed to find rigid body at '/World/envs/env_412/robot_a/joints/imu'
2026-09-29T06:40:08Z [46,431ms] [Warning] [omni.physx.tensors.plugin] Failed to find rigid body at '/World/envs/env_413/robot_a/joints/imu'
2026-09-29T06:40:08Z [46,431ms] [Warning] [omni.physx.tensors.plugin] Failed to find rigid body at '/World/envs/env_414/robot_a/joints/imu'
2026-09-29T06:40:08Z [46,431ms] [Warning] [omni.physx.tensors.plugin] Failed to find rigid body at '/World/envs/env_415/robot_a/joints/imu'
2026-09-29T06:40:08Z [46,431ms] [Warning] [omni.physx.tensors.plugin] Failed to find rigid body at '/World/envs/env_416/robot_a/joints/imu'
2026-09-29T06:40:08Z [46,431ms] [Warning] [omni.physx.tensors.plugin] Failed to find rigid body at '/World/envs/env_417/robot_a/joints/imu'
2026-09-29T06:40:08Z [46,431ms] [Warning] [omni.physx.tensors.plugin] Failed to find rigid body at '/World/envs/env_418/robot_a/joints/imu'
2026-09-29T06:40:08Z [46,431ms] [Warning] [omni.physx.tensors.plugin] Failed to find rigid body at '/World/envs/env_419/robot_a/joints/imu'
2026-09-29T06:40:08Z [46,431ms] [Warning] [omni.physx.tensors.plugin] Failed to find rigid body at '/World/envs/env_420/robot_a/joints/imu'
2026-09-29T06:40:08Z [46,431ms] [Warning] [omni.physx.tensors.plugin] Failed to find rigid body at '/World/envs/env_421/robot_a/joints/imu'
2026-09-29T06:40:08Z [46,431ms] [Warning] [omni.physx.tensors.plugin] Failed to find rigid body at '/World/envs/env_422/robot_a/joints/imu'
2026-09-29T06:40:08Z [46,431ms] [Warning] [omni.physx.tensors.plugin] Failed to find rigid body at '/World/envs/env_423/robot_a/joints/imu'
2026-09-29T06:40:08Z [46,431ms] [Warning] [omni.physx.tensors.plugin] Failed to find rigid body at '/World/envs/env_424/robot_a/joints/imu'
2026-09-29T06:40:08Z [46,431ms] [Warning] [omni.physx.tensors.plugin] Failed to find rigid body at '/World/envs/env_425/robot_a/joints/imu'
2026-09-29T06:40:08Z [46,431ms] [Warning] [omni.physx.tensors.plugin] Failed to find rigid body at '/World/envs/env_426/robot_a/joints/imu'
2026-09-29T06:40:08Z [46,432ms] [Warning] [omni.physx.tensors.plugin] Failed to find rigid body at '/World/envs/env_427/robot_a/joints/imu'
2026-09-29T06:40:08Z [46,432ms] [Warning] [omni.physx.tensors.plugin] Failed to find rigid body at '/World/envs/env_428/robot_a/joints/imu'
2026-09-29T06:40:08Z [46,432ms] [Warning] [omni.physx.tensors.plugin] Failed to find rigid body at '/World/envs/env_429/robot_a/joints/imu'
2026-09-29T06:40:08Z [46,432ms] [Warning] [omni.physx.tensors.plugin] Failed to find rigid body at '/World/envs/env_430/robot_a/joints/imu'
2026-09-29T06:40:08Z [46,432ms] [Warning] [omni.physx.tensors.plugin] Failed to find rigid body at '/World/envs/env_431/robot_a/joints/imu'
2026-09-29T06:40:08Z [46,432ms] [Warning] [omni.physx.tensors.plugin] Failed to find rigid body at '/World/envs/env_432/robot_a/joints/imu'
2026-09-29T06:40:08Z [46,432ms] [Warning] [omni.physx.tensors.plugin] Failed to find rigid body at '/World/envs/env_433/robot_a/joints/imu'
2026-09-29T06:40:08Z [46,432ms] [Warning] [omni.physx.tensors.plugin] Failed to find rigid body at '/World/envs/env_434/robot_a/joints/imu'
2026-09-29T06:40:08Z [46,432ms] [Warning] [omni.physx.tensors.plugin] Failed to find rigid body at '/World/envs/env_435/robot_a/joints/imu'
2026-09-29T06:40:08Z [46,432ms] [Warning] [omni.physx.tensors.plugin] Failed to find rigid body at '/World/envs/env_436/robot_a/joints/imu'
2026-09-29T06:40:08Z [46,432ms] [Warning] [omni.physx.tensors.plugin] Failed to find rigid body at '/World/envs/env_437/robot_a/joints/imu'
2026-09-29T06:40:08Z [46,432ms] [Warning] [omni.physx.tensors.plugin] Failed to find rigid body at '/World/envs/env_438/robot_a/joints/imu'
2026-09-29T06:40:08Z [46,432ms] [Warning] [omni.physx.tensors.plugin] Failed to find rigid body at '/World/envs/env_439/robot_a/joints/imu'
2026-09-29T06:40:08Z [46,432ms] [Warning] [omni.physx.tensors.plugin] Failed to find rigid body at '/World/envs/env_440/robot_a/joints/imu'
2026-09-29T06:40:08Z [46,432ms] [Warning] [omni.physx.tensors.plugin] Failed to find rigid body at '/World/envs/env_441/robot_a/joints/imu'
2026-09-29T06:40:08Z [46,432ms] [Warning] [omni.physx.tensors.plugin] Failed to find rigid body at '/World/envs/env_442/robot_a/joints/imu'
2026-09-29T06:40:08Z [46,432ms] [Warning] [omni.physx.tensors.plugin] Failed to find rigid body at '/World/envs/env_443/robot_a/joints/imu'
2026-09-29T06:40:08Z [46,432ms] [Warning] [omni.physx.tensors.plugin] Failed to find rigid body at '/World/envs/env_444/robot_a/joints/imu'
2026-09-29T06:40:08Z [46,432ms] [Warning] [omni.physx.tensors.plugin] Failed to find rigid body at '/World/envs/env_445/robot_a/joints/imu'
2026-09-29T06:40:08Z [46,432ms] [Warning] [omni.physx.tensors.plugin] Failed to find rigid body at '/World/envs/env_446/robot_a/joints/imu'
2026-09-29T06:40:08Z [46,432ms] [Warning] [omni.physx.tensors.plugin] Failed to find rigid body at '/World/envs/env_447/robot_a/joints/imu'
2026-09-29T06:40:08Z [46,432ms] [Warning] [omni.physx.tensors.plugin] Failed to find rigid body at '/World/envs/env_448/robot_a/joints/imu'
2026-09-29T06:40:08Z [46,432ms] [Warning] [omni.physx.tensors.plugin] Failed to find rigid body at '/World/envs/env_449/robot_a/joints/imu'
2026-09-29T06:40:08Z [46,432ms] [Warning] [omni.physx.tensors.plugin] Failed to find rigid body at '/World/envs/env_450/robot_a/joints/imu'
2026-09-29T06:40:08Z [46,432ms] [Warning] [omni.physx.tensors.plugin] Failed to find rigid body at '/World/envs/env_451/robot_a/joints/imu'
2026-09-29T06:40:08Z [46,432ms] [Warning] [omni.physx.tensors.plugin] Failed to find rigid body at '/World/envs/env_452/robot_a/joints/imu'
2026-09-29T06:40:08Z [46,432ms] [Warning] [omni.physx.tensors.plugin] Failed to find rigid body at '/World/envs/env_453/robot_a/joints/imu'
2026-09-29T06:40:08Z [46,432ms] [Warning] [omni.physx.tensors.plugin] Failed to find rigid body at '/World/envs/env_454/robot_a/joints/imu'
2026-09-29T06:40:08Z [46,432ms] [Warning] [omni.physx.tensors.plugin] Failed to find rigid body at '/World/envs/env_455/robot_a/joints/imu'
2026-09-29T06:40:08Z [46,432ms] [Warning] [omni.physx.tensors.plugin] Failed to find rigid body at '/World/envs/env_456/robot_a/joints/imu'
2026-09-29T06:40:08Z [46,432ms] [Warning] [omni.physx.tensors.plugin] Failed to find rigid body at '/World/envs/env_457/robot_a/joints/imu'
2026-09-29T06:40:08Z [46,432ms] [Warning] [omni.physx.tensors.plugin] Failed to find rigid body at '/World/envs/env_458/robot_a/joints/imu'
2026-09-29T06:40:08Z [46,432ms] [Warning] [omni.physx.tensors.plugin] Failed to find rigid body at '/World/envs/env_459/robot_a/joints/imu'
2026-09-29T06:40:08Z [46,432ms] [Warning] [omni.physx.tensors.plugin] Failed to find rigid body at '/World/envs/env_460/robot_a/joints/imu'
2026-09-29T06:40:08Z [46,433ms] [Warning] [omni.physx.tensors.plugin] Failed to find rigid body at '/World/envs/env_461/robot_a/joints/imu'
2026-09-29T06:40:08Z [46,433ms] [Warning] [omni.physx.tensors.plugin] Failed to find rigid body at '/World/envs/env_462/robot_a/joints/imu'
2026-09-29T06:40:08Z [46,433ms] [Warning] [omni.physx.tensors.plugin] Failed to find rigid body at '/World/envs/env_463/robot_a/joints/imu'
2026-09-29T06:40:08Z [46,433ms] [Warning] [omni.physx.tensors.plugin] Failed to find rigid body at '/World/envs/env_464/robot_a/joints/imu'
2026-09-29T06:40:08Z [46,433ms] [Warning] [omni.physx.tensors.plugin] Failed to find rigid body at '/World/envs/env_465/robot_a/joints/imu'
2026-09-29T06:40:08Z [46,433ms] [Warning] [omni.physx.tensors.plugin] Failed to find rigid body at '/World/envs/env_466/robot_a/joints/imu'
2026-09-29T06:40:08Z [46,433ms] [Warning] [omni.physx.tensors.plugin] Failed to find rigid body at '/World/envs/env_467/robot_a/joints/imu'
2026-09-29T06:40:08Z [46,433ms] [Warning] [omni.physx.tensors.plugin] Failed to find rigid body at '/World/envs/env_468/robot_a/joints/imu'
2026-09-29T06:40:08Z [46,433ms] [Warning] [omni.physx.tensors.plugin] Failed to find rigid body at '/World/envs/env_469/robot_a/joints/imu'
2026-09-29T06:40:08Z [46,433ms] [Warning] [omni.physx.tensors.plugin] Failed to find rigid body at '/World/envs/env_470/robot_a/joints/imu'
2026-09-29T06:40:08Z [46,433ms] [Warning] [omni.physx.tensors.plugin] Failed to find rigid body at '/World/envs/env_471/robot_a/joints/imu'
2026-09-29T06:40:08Z [46,433ms] [Warning] [omni.physx.tensors.plugin] Failed to find rigid body at '/World/envs/env_472/robot_a/joints/imu'
2026-09-29T06:40:08Z [46,433ms] [Warning] [omni.physx.tensors.plugin] Failed to find rigid body at '/World/envs/env_473/robot_a/joints/imu'
2026-09-29T06:40:08Z [46,433ms] [Warning] [omni.physx.tensors.plugin] Failed to find rigid body at '/World/envs/env_474/robot_a/joints/imu'
2026-09-29T06:40:08Z [46,433ms] [Warning] [omni.physx.tensors.plugin] Failed to find rigid body at '/World/envs/env_475/robot_a/joints/imu'
2026-09-29T06:40:08Z [46,433ms] [Warning] [omni.physx.tensors.plugin] Failed to find rigid body at '/World/envs/env_476/robot_a/joints/imu'
2026-09-29T06:40:08Z [46,433ms] [Warning] [omni.physx.tensors.plugin] Failed to find rigid body at '/World/envs/env_477/robot_a/joints/imu'
2026-09-29T06:40:08Z [46,433ms] [Warning] [omni.physx.tensors.plugin] Failed to find rigid body at '/World/envs/env_478/robot_a/joints/imu'
2026-09-29T06:40:08Z [46,433ms] [Warning] [omni.physx.tensors.plugin] Failed to find rigid body at '/World/envs/env_479/robot_a/joints/imu'
2026-09-29T06:40:08Z [46,433ms] [Warning] [omni.physx.tensors.plugin] Failed to find rigid body at '/World/envs/env_480/robot_a/joints/imu'
2026-09-29T06:40:08Z [46,433ms] [Warning] [omni.physx.tensors.plugin] Failed to find rigid body at '/World/envs/env_481/robot_a/joints/imu'
2026-09-29T06:40:08Z [46,433ms] [Warning] [omni.physx.tensors.plugin] Failed to find rigid body at '/World/envs/env_482/robot_a/joints/imu'
2026-09-29T06:40:08Z [46,433ms] [Warning] [omni.physx.tensors.plugin] Failed to find rigid body at '/World/envs/env_483/robot_a/joints/imu'
2026-09-29T06:40:08Z [46,433ms] [Warning] [omni.physx.tensors.plugin] Failed to find rigid body at '/World/envs/env_484/robot_a/joints/imu'
2026-09-29T06:40:08Z [46,433ms] [Warning] [omni.physx.tensors.plugin] Failed to find rigid body at '/World/envs/env_485/robot_a/joints/imu'
2026-09-29T06:40:08Z [46,433ms] [Warning] [omni.physx.tensors.plugin] Failed to find rigid body at '/World/envs/env_486/robot_a/joints/imu'
2026-09-29T06:40:08Z [46,433ms] [Warning] [omni.physx.tensors.plugin] Failed to find rigid body at '/World/envs/env_487/robot_a/joints/imu'
2026-09-29T06:40:08Z [46,433ms] [Warning] [omni.physx.tensors.plugin] Failed to find rigid body at '/World/envs/env_488/robot_a/joints/imu'
2026-09-29T06:40:08Z [46,433ms] [Warning] [omni.physx.tensors.plugin] Failed to find rigid body at '/World/envs/env_489/robot_a/joints/imu'
2026-09-29T06:40:08Z [46,433ms] [Warning] [omni.physx.tensors.plugin] Failed to find rigid body at '/World/envs/env_490/robot_a/joints/imu'
2026-09-29T06:40:08Z [46,433ms] [Warning] [omni.physx.tensors.plugin] Failed to find rigid body at '/World/envs/env_491/robot_a/joints/imu'
2026-09-29T06:40:08Z [46,433ms] [Warning] [omni.physx.tensors.plugin] Failed to find rigid body at '/World/envs/env_492/robot_a/joints/imu'
2026-09-29T06:40:08Z [46,433ms] [Warning] [omni.physx.tensors.plugin] Failed to find rigid body at '/World/envs/env_493/robot_a/joints/imu'
2026-09-29T06:40:08Z [46,433ms] [Warning] [omni.physx.tensors.plugin] Failed to find rigid body at '/World/envs/env_494/robot_a/joints/imu'
2026-09-29T06:40:08Z [46,433ms] [Warning] [omni.physx.tensors.plugin] Failed to find rigid body at '/World/envs/env_495/robot_a/joints/imu'
2026-09-29T06:40:08Z [46,434ms] [Warning] [omni.physx.tensors.plugin] Failed to find rigid body at '/World/envs/env_496/robot_a/joints/imu'
2026-09-29T06:40:08Z [46,434ms] [Warning] [omni.physx.tensors.plugin] Failed to find rigid body at '/World/envs/env_497/robot_a/joints/imu'
2026-09-29T06:40:08Z [46,434ms] [Warning] [omni.physx.tensors.plugin] Failed to find rigid body at '/World/envs/env_498/robot_a/joints/imu'
2026-09-29T06:40:08Z [46,434ms] [Warning] [omni.physx.tensors.plugin] Failed to find rigid body at '/World/envs/env_499/robot_a/joints/imu'
2026-09-29T06:40:08Z [46,434ms] [Warning] [omni.physx.tensors.plugin] Failed to find rigid body at '/World/envs/env_500/robot_a/joints/imu'
2026-09-29T06:40:08Z [46,434ms] [Warning] [omni.physx.tensors.plugin] Failed to find rigid body at '/World/envs/env_501/robot_a/joints/imu'
2026-09-29T06:40:08Z [46,434ms] [Warning] [omni.physx.tensors.plugin] Failed to find rigid body at '/World/envs/env_502/robot_a/joints/imu'
2026-09-29T06:40:08Z [46,434ms] [Warning] [omni.physx.tensors.plugin] Failed to find rigid body at '/World/envs/env_503/robot_a/joints/imu'
2026-09-29T06:40:08Z [46,434ms] [Warning] [omni.physx.tensors.plugin] Failed to find rigid body at '/World/envs/env_504/robot_a/joints/imu'
2026-09-29T06:40:08Z [46,434ms] [Warning] [omni.physx.tensors.plugin] Failed to find rigid body at '/World/envs/env_505/robot_a/joints/imu'
2026-09-29T06:40:08Z [46,434ms] [Warning] [omni.physx.tensors.plugin] Failed to find rigid body at '/World/envs/env_506/robot_a/joints/imu'
2026-09-29T06:40:08Z [46,434ms] [Warning] [omni.physx.tensors.plugin] Failed to find rigid body at '/World/envs/env_507/robot_a/joints/imu'
2026-09-29T06:40:08Z [46,434ms] [Warning] [omni.physx.tensors.plugin] Failed to find rigid body at '/World/envs/env_508/robot_a/joints/imu'
2026-09-29T06:40:08Z [46,434ms] [Warning] [omni.physx.tensors.plugin] Failed to find rigid body at '/World/envs/env_509/robot_a/joints/imu'
2026-09-29T06:40:08Z [46,434ms] [Warning] [omni.physx.tensors.plugin] Failed to find rigid body at '/World/envs/env_510/robot_a/joints/imu'
2026-09-29T06:40:08Z [46,434ms] [Warning] [omni.physx.tensors.plugin] Failed to find rigid body at '/World/envs/env_511/robot_a/joints/imu'
2026-09-29T06:40:08Z [46,434ms] [Warning] [omni.physx.tensors.plugin] Failed to find rigid body at '/World/envs/env_512/robot_a/joints/imu'
2026-09-29T06:40:08Z [46,434ms] [Warning] [omni.physx.tensors.plugin] Failed to find rigid body at '/World/envs/env_513/robot_a/joints/imu'
2026-09-29T06:40:08Z [46,434ms] [Warning] [omni.physx.tensors.plugin] Failed to find rigid body at '/World/envs/env_514/robot_a/joints/imu'
2026-09-29T06:40:08Z [46,434ms] [Warning] [omni.physx.tensors.plugin] Failed to find rigid body at '/World/envs/env_515/robot_a/joints/imu'
2026-09-29T06:40:08Z [46,434ms] [Warning] [omni.physx.tensors.plugin] Failed to find rigid body at '/World/envs/env_516/robot_a/joints/imu'
2026-09-29T06:40:08Z [46,434ms] [Warning] [omni.physx.tensors.plugin] Failed to find rigid body at '/World/envs/env_517/robot_a/joints/imu'
2026-09-29T06:40:08Z [46,434ms] [Warning] [omni.physx.tensors.plugin] Failed to find rigid body at '/World/envs/env_518/robot_a/joints/imu'
2026-09-29T06:40:08Z [46,434ms] [Warning] [omni.physx.tensors.plugin] Failed to find rigid body at '/World/envs/env_519/robot_a/joints/imu'
2026-09-29T06:40:08Z [46,434ms] [Warning] [omni.physx.tensors.plugin] Failed to find rigid body at '/World/envs/env_520/robot_a/joints/imu'
2026-09-29T06:40:08Z [46,434ms] [Warning] [omni.physx.tensors.plugin] Failed to find rigid body at '/World/envs/env_521/robot_a/joints/imu'
2026-09-29T06:40:08Z [46,434ms] [Warning] [omni.physx.tensors.plugin] Failed to find rigid body at '/World/envs/env_522/robot_a/joints/imu'
2026-09-29T06:40:08Z [46,434ms] [Warning] [omni.physx.tensors.plugin] Failed to find rigid body at '/World/envs/env_523/robot_a/joints/imu'
2026-09-29T06:40:08Z [46,434ms] [Warning] [omni.physx.tensors.plugin] Failed to find rigid body at '/World/envs/env_524/robot_a/joints/imu'
2026-09-29T06:40:08Z [46,434ms] [Warning] [omni.physx.tensors.plugin] Failed to find rigid body at '/World/envs/env_525/robot_a/joints/imu'
2026-09-29T06:40:08Z [46,434ms] [Warning] [omni.physx.tensors.plugin] Failed to find rigid body at '/World/envs/env_526/robot_a/joints/imu'
2026-09-29T06:40:08Z [46,434ms] [Warning] [omni.physx.tensors.plugin] Failed to find rigid body at '/World/envs/env_527/robot_a/joints/imu'
2026-09-29T06:40:08Z [46,434ms] [Warning] [omni.physx.tensors.plugin] Failed to find rigid body at '/World/envs/env_528/robot_a/joints/imu'
2026-09-29T06:40:08Z [46,434ms] [Warning] [omni.physx.tensors.plugin] Failed to find rigid body at '/World/envs/env_529/robot_a/joints/imu'
2026-09-29T06:40:08Z [46,435ms] [Warning] [omni.physx.tensors.plugin] Failed to find rigid body at '/World/envs/env_530/robot_a/joints/imu'
2026-09-29T06:40:08Z [46,435ms] [Warning] [omni.physx.tensors.plugin] Failed to find rigid body at '/World/envs/env_531/robot_a/joints/imu'
2026-09-29T06:40:08Z [46,435ms] [Warning] [omni.physx.tensors.plugin] Failed to find rigid body at '/World/envs/env_532/robot_a/joints/imu'
2026-09-29T06:40:08Z [46,435ms] [Warning] [omni.physx.tensors.plugin] Failed to find rigid body at '/World/envs/env_533/robot_a/joints/imu'
2026-09-29T06:40:08Z [46,435ms] [Warning] [omni.physx.tensors.plugin] Failed to find rigid body at '/World/envs/env_534/robot_a/joints/imu'
2026-09-29T06:40:08Z [46,435ms] [Warning] [omni.physx.tensors.plugin] Failed to find rigid body at '/World/envs/env_535/robot_a/joints/imu'
2026-09-29T06:40:08Z [46,435ms] [Warning] [omni.physx.tensors.plugin] Failed to find rigid body at '/World/envs/env_536/robot_a/joints/imu'
2026-09-29T06:40:08Z [46,435ms] [Warning] [omni.physx.tensors.plugin] Failed to find rigid body at '/World/envs/env_537/robot_a/joints/imu'
2026-09-29T06:40:08Z [46,435ms] [Warning] [omni.physx.tensors.plugin] Failed to find rigid body at '/World/envs/env_538/robot_a/joints/imu'
2026-09-29T06:40:08Z [46,435ms] [Warning] [omni.physx.tensors.plugin] Failed to find rigid body at '/World/envs/env_539/robot_a/joints/imu'
2026-09-29T06:40:08Z [46,435ms] [Warning] [omni.physx.tensors.plugin] Failed to find rigid body at '/World/envs/env_540/robot_a/joints/imu'
2026-09-29T06:40:08Z [46,435ms] [Warning] [omni.physx.tensors.plugin] Failed to find rigid body at '/World/envs/env_541/robot_a/joints/imu'
2026-09-29T06:40:08Z [46,435ms] [Warning] [omni.physx.tensors.plugin] Failed to find rigid body at '/World/envs/env_542/robot_a/joints/imu'
2026-09-29T06:40:08Z [46,435ms] [Warning] [omni.physx.tensors.plugin] Failed to find rigid body at '/World/envs/env_543/robot_a/joints/imu'
2026-09-29T06:40:08Z [46,435ms] [Warning] [omni.physx.tensors.plugin] Failed to find rigid body at '/World/envs/env_544/robot_a/joints/imu'
2026-09-29T06:40:08Z [46,435ms] [Warning] [omni.physx.tensors.plugin] Failed to find rigid body at '/World/envs/env_545/robot_a/joints/imu'
2026-09-29T06:40:08Z [46,435ms] [Warning] [omni.physx.tensors.plugin] Failed to find rigid body at '/World/envs/env_546/robot_a/joints/imu'
2026-09-29T06:40:08Z [46,435ms] [Warning] [omni.physx.tensors.plugin] Failed to find rigid body at '/World/envs/env_547/robot_a/joints/imu'
2026-09-29T06:40:08Z [46,435ms] [Warning] [omni.physx.tensors.plugin] Failed to find rigid body at '/World/envs/env_548/robot_a/joints/imu'
2026-09-29T06:40:08Z [46,435ms] [Warning] [omni.physx.tensors.plugin] Failed to find rigid body at '/World/envs/env_549/robot_a/joints/imu'
2026-09-29T06:40:08Z [46,435ms] [Warning] [omni.physx.tensors.plugin] Failed to find rigid body at '/World/envs/env_550/robot_a/joints/imu'
2026-09-29T06:40:08Z [46,435ms] [Warning] [omni.physx.tensors.plugin] Failed to find rigid body at '/World/envs/env_551/robot_a/joints/imu'
2026-09-29T06:40:08Z [46,435ms] [Warning] [omni.physx.tensors.plugin] Failed to find rigid body at '/World/envs/env_552/robot_a/joints/imu'
2026-09-29T06:40:08Z [46,435ms] [Warning] [omni.physx.tensors.plugin] Failed to find rigid body at '/World/envs/env_553/robot_a/joints/imu'
2026-09-29T06:40:08Z [46,435ms] [Warning] [omni.physx.tensors.plugin] Failed to find rigid body at '/World/envs/env_554/robot_a/joints/imu'
2026-09-29T06:40:08Z [46,435ms] [Warning] [omni.physx.tensors.plugin] Failed to find rigid body at '/World/envs/env_555/robot_a/joints/imu'
2026-09-29T06:40:08Z [46,435ms] [Warning] [omni.physx.tensors.plugin] Failed to find rigid body at '/World/envs/env_556/robot_a/joints/imu'
2026-09-29T06:40:08Z [46,435ms] [Warning] [omni.physx.tensors.plugin] Failed to find rigid body at '/World/envs/env_557/robot_a/joints/imu'
2026-09-29T06:40:08Z [46,435ms] [Warning] [omni.physx.tensors.plugin] Failed to find rigid body at '/World/envs/env_558/robot_a/joints/imu'
2026-09-29T06:40:08Z [46,435ms] [Warning] [omni.physx.tensors.plugin] Failed to find rigid body at '/World/envs/env_559/robot_a/joints/imu'
2026-09-29T06:40:08Z [46,435ms] [Warning] [omni.physx.tensors.plugin] Failed to find rigid body at '/World/envs/env_560/robot_a/joints/imu'
2026-09-29T06:40:08Z [46,435ms] [Warning] [omni.physx.tensors.plugin] Failed to find rigid body at '/World/envs/env_561/robot_a/joints/imu'
2026-09-29T06:40:08Z [46,435ms] [Warning] [omni.physx.tensors.plugin] Failed to find rigid body at '/World/envs/env_562/robot_a/joints/imu'
2026-09-29T06:40:08Z [46,435ms] [Warning] [omni.physx.tensors.plugin] Failed to find rigid body at '/World/envs/env_563/robot_a/joints/imu'
2026-09-29T06:40:08Z [46,435ms] [Warning] [omni.physx.tensors.plugin] Failed to find rigid body at '/World/envs/env_564/robot_a/joints/imu'
2026-09-29T06:40:08Z [46,435ms] [Warning] [omni.physx.tensors.plugin] Failed to find rigid body at '/World/envs/env_565/robot_a/joints/imu'
2026-09-29T06:40:08Z [46,436ms] [Warning] [omni.physx.tensors.plugin] Failed to find rigid body at '/World/envs/env_566/robot_a/joints/imu'
2026-09-29T06:40:08Z [46,436ms] [Warning] [omni.physx.tensors.plugin] Failed to find rigid body at '/World/envs/env_567/robot_a/joints/imu'
2026-09-29T06:40:08Z [46,436ms] [Warning] [omni.physx.tensors.plugin] Failed to find rigid body at '/World/envs/env_568/robot_a/joints/imu'
2026-09-29T06:40:08Z [46,436ms] [Warning] [omni.physx.tensors.plugin] Failed to find rigid body at '/World/envs/env_569/robot_a/joints/imu'
2026-09-29T06:40:08Z [46,436ms] [Warning] [omni.physx.tensors.plugin] Failed to find rigid body at '/World/envs/env_570/robot_a/joints/imu'
2026-09-29T06:40:08Z [46,436ms] [Warning] [omni.physx.tensors.plugin] Failed to find rigid body at '/World/envs/env_571/robot_a/joints/imu'
2026-09-29T06:40:08Z [46,436ms] [Warning] [omni.physx.tensors.plugin] Failed to find rigid body at '/World/envs/env_572/robot_a/joints/imu'
2026-09-29T06:40:08Z [46,436ms] [Warning] [omni.physx.tensors.plugin] Failed to find rigid body at '/World/envs/env_573/robot_a/joints/imu'
2026-09-29T06:40:08Z [46,436ms] [Warning] [omni.physx.tensors.plugin] Failed to find rigid body at '/World/envs/env_574/robot_a/joints/imu'
2026-09-29T06:40:08Z [46,436ms] [Warning] [omni.physx.tensors.plugin] Failed to find rigid body at '/World/envs/env_575/robot_a/joints/imu'
2026-09-29T06:40:08Z [46,436ms] [Warning] [omni.physx.tensors.plugin] Failed to find rigid body at '/World/envs/env_576/robot_a/joints/imu'
2026-09-29T06:40:08Z [46,436ms] [Warning] [omni.physx.tensors.plugin] Failed to find rigid body at '/World/envs/env_577/robot_a/joints/imu'
2026-09-29T06:40:08Z [46,436ms] [Warning] [omni.physx.tensors.plugin] Failed to find rigid body at '/World/envs/env_578/robot_a/joints/imu'
2026-09-29T06:40:08Z [46,436ms] [Warning] [omni.physx.tensors.plugin] Failed to find rigid body at '/World/envs/env_579/robot_a/joints/imu'
2026-09-29T06:40:08Z [46,436ms] [Warning] [omni.physx.tensors.plugin] Failed to find rigid body at '/World/envs/env_580/robot_a/joints/imu'
2026-09-29T06:40:08Z [46,436ms] [Warning] [omni.physx.tensors.plugin] Failed to find rigid body at '/World/envs/env_581/robot_a/joints/imu'
2026-09-29T06:40:08Z [46,436ms] [Warning] [omni.physx.tensors.plugin] Failed to find rigid body at '/World/envs/env_582/robot_a/joints/imu'
2026-09-29T06:40:08Z [46,436ms] [Warning] [omni.physx.tensors.plugin] Failed to find rigid body at '/World/envs/env_583/robot_a/joints/imu'
2026-09-29T06:40:08Z [46,436ms] [Warning] [omni.physx.tensors.plugin] Failed to find rigid body at '/World/envs/env_584/robot_a/joints/imu'
2026-09-29T06:40:08Z [46,436ms] [Warning] [omni.physx.tensors.plugin] Failed to find rigid body at '/World/envs/env_585/robot_a/joints/imu'
2026-09-29T06:40:08Z [46,436ms] [Warning] [omni.physx.tensors.plugin] Failed to find rigid body at '/World/envs/env_586/robot_a/joints/imu'
2026-09-29T06:40:08Z [46,436ms] [Warning] [omni.physx.tensors.plugin] Failed to find rigid body at '/World/envs/env_587/robot_a/joints/imu'
2026-09-29T06:40:08Z [46,436ms] [Warning] [omni.physx.tensors.plugin] Failed to find rigid body at '/World/envs/env_588/robot_a/joints/imu'
2026-09-29T06:40:08Z [46,436ms] [Warning] [omni.physx.tensors.plugin] Failed to find rigid body at '/World/envs/env_589/robot_a/joints/imu'
2026-09-29T06:40:08Z [46,436ms] [Warning] [omni.physx.tensors.plugin] Failed to find rigid body at '/World/envs/env_590/robot_a/joints/imu'
2026-09-29T06:40:08Z [46,436ms] [Warning] [omni.physx.tensors.plugin] Failed to find rigid body at '/World/envs/env_591/robot_a/joints/imu'
2026-09-29T06:40:08Z [46,436ms] [Warning] [omni.physx.tensors.plugin] Failed to find rigid body at '/World/envs/env_592/robot_a/joints/imu'
2026-09-29T06:40:08Z [46,436ms] [Warning] [omni.physx.tensors.plugin] Failed to find rigid body at '/World/envs/env_593/robot_a/joints/imu'
2026-09-29T06:40:08Z [46,436ms] [Warning] [omni.physx.tensors.plugin] Failed to find rigid body at '/World/envs/env_594/robot_a/joints/imu'
2026-09-29T06:40:08Z [46,436ms] [Warning] [omni.physx.tensors.plugin] Failed to find rigid body at '/World/envs/env_595/robot_a/joints/imu'
2026-09-29T06:40:08Z [46,436ms] [Warning] [omni.physx.tensors.plugin] Failed to find rigid body at '/World/envs/env_596/robot_a/joints/imu'
2026-09-29T06:40:08Z [46,436ms] [Warning] [omni.physx.tensors.plugin] Failed to find rigid body at '/World/envs/env_597/robot_a/joints/imu'
2026-09-29T06:40:08Z [46,436ms] [Warning] [omni.physx.tensors.plugin] Failed to find rigid body at '/World/envs/env_598/robot_a/joints/imu'
2026-09-29T06:40:08Z [46,436ms] [Warning] [omni.physx.tensors.plugin] Failed to find rigid body at '/World/envs/env_599/robot_a/joints/imu'
2026-09-29T06:40:08Z [46,436ms] [Warning] [omni.physx.tensors.plugin] Failed to find rigid body at '/World/envs/env_600/robot_a/joints/imu'
2026-09-29T06:40:08Z [46,437ms] [Warning] [omni.physx.tensors.plugin] Failed to find rigid body at '/World/envs/env_601/robot_a/joints/imu'
2026-09-29T06:40:08Z [46,437ms] [Warning] [omni.physx.tensors.plugin] Failed to find rigid body at '/World/envs/env_602/robot_a/joints/imu'
2026-09-29T06:40:08Z [46,437ms] [Warning] [omni.physx.tensors.plugin] Failed to find rigid body at '/World/envs/env_603/robot_a/joints/imu'
2026-09-29T06:40:08Z [46,437ms] [Warning] [omni.physx.tensors.plugin] Failed to find rigid body at '/World/envs/env_604/robot_a/joints/imu'
2026-09-29T06:40:08Z [46,437ms] [Warning] [omni.physx.tensors.plugin] Failed to find rigid body at '/World/envs/env_605/robot_a/joints/imu'
2026-09-29T06:40:08Z [46,437ms] [Warning] [omni.physx.tensors.plugin] Failed to find rigid body at '/World/envs/env_606/robot_a/joints/imu'
2026-09-29T06:40:08Z [46,437ms] [Warning] [omni.physx.tensors.plugin] Failed to find rigid body at '/World/envs/env_607/robot_a/joints/imu'
2026-09-29T06:40:08Z [46,437ms] [Warning] [omni.physx.tensors.plugin] Failed to find rigid body at '/World/envs/env_608/robot_a/joints/imu'
2026-09-29T06:40:08Z [46,437ms] [Warning] [omni.physx.tensors.plugin] Failed to find rigid body at '/World/envs/env_609/robot_a/joints/imu'
2026-09-29T06:40:08Z [46,437ms] [Warning] [omni.physx.tensors.plugin] Failed to find rigid body at '/World/envs/env_610/robot_a/joints/imu'
2026-09-29T06:40:08Z [46,437ms] [Warning] [omni.physx.tensors.plugin] Failed to find rigid body at '/World/envs/env_611/robot_a/joints/imu'
2026-09-29T06:40:08Z [46,437ms] [Warning] [omni.physx.tensors.plugin] Failed to find rigid body at '/World/envs/env_612/robot_a/joints/imu'
2026-09-29T06:40:08Z [46,437ms] [Warning] [omni.physx.tensors.plugin] Failed to find rigid body at '/World/envs/env_613/robot_a/joints/imu'
2026-09-29T06:40:08Z [46,437ms] [Warning] [omni.physx.tensors.plugin] Failed to find rigid body at '/World/envs/env_614/robot_a/joints/imu'
2026-09-29T06:40:08Z [46,437ms] [Warning] [omni.physx.tensors.plugin] Failed to find rigid body at '/World/envs/env_615/robot_a/joints/imu'
2026-09-29T06:40:08Z [46,437ms] [Warning] [omni.physx.tensors.plugin] Failed to find rigid body at '/World/envs/env_616/robot_a/joints/imu'
2026-09-29T06:40:08Z [46,438ms] [Warning] [omni.physx.tensors.plugin] Failed to find rigid body at '/World/envs/env_617/robot_a/joints/imu'
2026-09-29T06:40:08Z [46,438ms] [Warning] [omni.physx.tensors.plugin] Failed to find rigid body at '/World/envs/env_618/robot_a/joints/imu'
2026-09-29T06:40:08Z [46,438ms] [Warning] [omni.physx.tensors.plugin] Failed to find rigid body at '/World/envs/env_619/robot_a/joints/imu'
2026-09-29T06:40:08Z [46,438ms] [Warning] [omni.physx.tensors.plugin] Failed to find rigid body at '/World/envs/env_620/robot_a/joints/imu'
2026-09-29T06:40:08Z [46,438ms] [Warning] [omni.physx.tensors.plugin] Failed to find rigid body at '/World/envs/env_621/robot_a/joints/imu'
2026-09-29T06:40:08Z [46,438ms] [Warning] [omni.physx.tensors.plugin] Failed to find rigid body at '/World/envs/env_622/robot_a/joints/imu'
2026-09-29T06:40:08Z [46,438ms] [Warning] [omni.physx.tensors.plugin] Failed to find rigid body at '/World/envs/env_623/robot_a/joints/imu'
2026-09-29T06:40:08Z [46,438ms] [Warning] [omni.physx.tensors.plugin] Failed to find rigid body at '/World/envs/env_624/robot_a/joints/imu'
2026-09-29T06:40:08Z [46,438ms] [Warning] [omni.physx.tensors.plugin] Failed to find rigid body at '/World/envs/env_625/robot_a/joints/imu'
2026-09-29T06:40:08Z [46,438ms] [Warning] [omni.physx.tensors.plugin] Failed to find rigid body at '/World/envs/env_626/robot_a/joints/imu'
2026-09-29T06:40:08Z [46,438ms] [Warning] [omni.physx.tensors.plugin] Failed to find rigid body at '/World/envs/env_627/robot_a/joints/imu'
2026-09-29T06:40:08Z [46,438ms] [Warning] [omni.physx.tensors.plugin] Failed to find rigid body at '/World/envs/env_628/robot_a/joints/imu'
2026-09-29T06:40:08Z [46,438ms] [Warning] [omni.physx.tensors.plugin] Failed to find rigid body at '/World/envs/env_629/robot_a/joints/imu'
2026-09-29T06:40:08Z [46,438ms] [Warning] [omni.physx.tensors.plugin] Failed to find rigid body at '/World/envs/env_630/robot_a/joints/imu'
2026-09-29T06:40:08Z [46,438ms] [Warning] [omni.physx.tensors.plugin] Failed to find rigid body at '/World/envs/env_631/robot_a/joints/imu'
2026-09-29T06:40:08Z [46,438ms] [Warning] [omni.physx.tensors.plugin] Failed to find rigid body at '/World/envs/env_632/robot_a/joints/imu'
2026-09-29T06:40:08Z [46,438ms] [Warning] [omni.physx.tensors.plugin] Failed to find rigid body at '/World/envs/env_633/robot_a/joints/imu'
2026-09-29T06:40:08Z [46,438ms] [Warning] [omni.physx.tensors.plugin] Failed to find rigid body at '/World/envs/env_634/robot_a/joints/imu'
2026-09-29T06:40:08Z [46,438ms] [Warning] [omni.physx.tensors.plugin] Failed to find rigid body at '/World/envs/env_635/robot_a/joints/imu'
2026-09-29T06:40:08Z [46,438ms] [Warning] [omni.physx.tensors.plugin] Failed to find rigid body at '/World/envs/env_636/robot_a/joints/imu'
2026-09-29T06:40:08Z [46,438ms] [Warning] [omni.physx.tensors.plugin] Failed to find rigid body at '/World/envs/env_637/robot_a/joints/imu'
2026-09-29T06:40:08Z [46,438ms] [Warning] [omni.physx.tensors.plugin] Failed to find rigid body at '/World/envs/env_638/robot_a/joints/imu'
2026-09-29T06:40:08Z [46,438ms] [Warning] [omni.physx.tensors.plugin] Failed to find rigid body at '/World/envs/env_639/robot_a/joints/imu'
2026-09-29T06:40:08Z [46,438ms] [Warning] [omni.physx.tensors.plugin] Failed to find rigid body at '/World/envs/env_640/robot_a/joints/imu'
2026-09-29T06:40:08Z [46,438ms] [Warning] [omni.physx.tensors.plugin] Failed to find rigid body at '/World/envs/env_641/robot_a/joints/imu'
2026-09-29T06:40:08Z [46,438ms] [Warning] [omni.physx.tensors.plugin] Failed to find rigid body at '/World/envs/env_642/robot_a/joints/imu'
2026-09-29T06:40:08Z [46,438ms] [Warning] [omni.physx.tensors.plugin] Failed to find rigid body at '/World/envs/env_643/robot_a/joints/imu'
2026-09-29T06:40:08Z [46,438ms] [Warning] [omni.physx.tensors.plugin] Failed to find rigid body at '/World/envs/env_644/robot_a/joints/imu'
2026-09-29T06:40:08Z [46,438ms] [Warning] [omni.physx.tensors.plugin] Failed to find rigid body at '/World/envs/env_645/robot_a/joints/imu'
2026-09-29T06:40:08Z [46,438ms] [Warning] [omni.physx.tensors.plugin] Failed to find rigid body at '/World/envs/env_646/robot_a/joints/imu'
2026-09-29T06:40:08Z [46,438ms] [Warning] [omni.physx.tensors.plugin] Failed to find rigid body at '/World/envs/env_647/robot_a/joints/imu'
2026-09-29T06:40:08Z [46,438ms] [Warning] [omni.physx.tensors.plugin] Failed to find rigid body at '/World/envs/env_648/robot_a/joints/imu'
2026-09-29T06:40:08Z [46,438ms] [Warning] [omni.physx.tensors.plugin] Failed to find rigid body at '/World/envs/env_649/robot_a/joints/imu'
2026-09-29T06:40:08Z [46,438ms] [Warning] [omni.physx.tensors.plugin] Failed to find rigid body at '/World/envs/env_650/robot_a/joints/imu'
2026-09-29T06:40:08Z [46,439ms] [Warning] [omni.physx.tensors.plugin] Failed to find rigid body at '/World/envs/env_651/robot_a/joints/imu'
2026-09-29T06:40:08Z [46,439ms] [Warning] [omni.physx.tensors.plugin] Failed to find rigid body at '/World/envs/env_652/robot_a/joints/imu'
2026-09-29T06:40:08Z [46,439ms] [Warning] [omni.physx.tensors.plugin] Failed to find rigid body at '/World/envs/env_653/robot_a/joints/imu'
2026-09-29T06:40:08Z [46,439ms] [Warning] [omni.physx.tensors.plugin] Failed to find rigid body at '/World/envs/env_654/robot_a/joints/imu'
2026-09-29T06:40:08Z [46,439ms] [Warning] [omni.physx.tensors.plugin] Failed to find rigid body at '/World/envs/env_655/robot_a/joints/imu'
2026-09-29T06:40:08Z [46,439ms] [Warning] [omni.physx.tensors.plugin] Failed to find rigid body at '/World/envs/env_656/robot_a/joints/imu'
2026-09-29T06:40:08Z [46,439ms] [Warning] [omni.physx.tensors.plugin] Failed to find rigid body at '/World/envs/env_657/robot_a/joints/imu'
2026-09-29T06:40:08Z [46,439ms] [Warning] [omni.physx.tensors.plugin] Failed to find rigid body at '/World/envs/env_658/robot_a/joints/imu'
2026-09-29T06:40:08Z [46,439ms] [Warning] [omni.physx.tensors.plugin] Failed to find rigid body at '/World/envs/env_659/robot_a/joints/imu'
2026-09-29T06:40:08Z [46,439ms] [Warning] [omni.physx.tensors.plugin] Failed to find rigid body at '/World/envs/env_660/robot_a/joints/imu'
2026-09-29T06:40:08Z [46,439ms] [Warning] [omni.physx.tensors.plugin] Failed to find rigid body at '/World/envs/env_661/robot_a/joints/imu'
2026-09-29T06:40:08Z [46,439ms] [Warning] [omni.physx.tensors.plugin] Failed to find rigid body at '/World/envs/env_662/robot_a/joints/imu'
2026-09-29T06:40:08Z [46,439ms] [Warning] [omni.physx.tensors.plugin] Failed to find rigid body at '/World/envs/env_663/robot_a/joints/imu'
2026-09-29T06:40:08Z [46,439ms] [Warning] [omni.physx.tensors.plugin] Failed to find rigid body at '/World/envs/env_664/robot_a/joints/imu'
2026-09-29T06:40:08Z [46,439ms] [Warning] [omni.physx.tensors.plugin] Failed to find rigid body at '/World/envs/env_665/robot_a/joints/imu'
2026-09-29T06:40:08Z [46,439ms] [Warning] [omni.physx.tensors.plugin] Failed to find rigid body at '/World/envs/env_666/robot_a/joints/imu'
2026-09-29T06:40:08Z [46,439ms] [Warning] [omni.physx.tensors.plugin] Failed to find rigid body at '/World/envs/env_667/robot_a/joints/imu'
2026-09-29T06:40:08Z [46,439ms] [Warning] [omni.physx.tensors.plugin] Failed to find rigid body at '/World/envs/env_668/robot_a/joints/imu'
2026-09-29T06:40:08Z [46,439ms] [Warning] [omni.physx.tensors.plugin] Failed to find rigid body at '/World/envs/env_669/robot_a/joints/imu'
2026-09-29T06:40:08Z [46,439ms] [Warning] [omni.physx.tensors.plugin] Failed to find rigid body at '/World/envs/env_670/robot_a/joints/imu'
2026-09-29T06:40:08Z [46,439ms] [Warning] [omni.physx.tensors.plugin] Failed to find rigid body at '/World/envs/env_671/robot_a/joints/imu'
2026-09-29T06:40:08Z [46,439ms] [Warning] [omni.physx.tensors.plugin] Failed to find rigid body at '/World/envs/env_672/robot_a/joints/imu'
2026-09-29T06:40:08Z [46,439ms] [Warning] [omni.physx.tensors.plugin] Failed to find rigid body at '/World/envs/env_673/robot_a/joints/imu'
2026-09-29T06:40:08Z [46,439ms] [Warning] [omni.physx.tensors.plugin] Failed to find rigid body at '/World/envs/env_674/robot_a/joints/imu'
2026-09-29T06:40:08Z [46,439ms] [Warning] [omni.physx.tensors.plugin] Failed to find rigid body at '/World/envs/env_675/robot_a/joints/imu'
2026-09-29T06:40:08Z [46,439ms] [Warning] [omni.physx.tensors.plugin] Failed to find rigid body at '/World/envs/env_676/robot_a/joints/imu'
2026-09-29T06:40:08Z [46,439ms] [Warning] [omni.physx.tensors.plugin] Failed to find rigid body at '/World/envs/env_677/robot_a/joints/imu'
2026-09-29T06:40:08Z [46,439ms] [Warning] [omni.physx.tensors.plugin] Failed to find rigid body at '/World/envs/env_678/robot_a/joints/imu'
2026-09-29T06:40:08Z [46,439ms] [Warning] [omni.physx.tensors.plugin] Failed to find rigid body at '/World/envs/env_679/robot_a/joints/imu'
2026-09-29T06:40:08Z [46,439ms] [Warning] [omni.physx.tensors.plugin] Failed to find rigid body at '/World/envs/env_680/robot_a/joints/imu'
2026-09-29T06:40:08Z [46,439ms] [Warning] [omni.physx.tensors.plugin] Failed to find rigid body at '/World/envs/env_681/robot_a/joints/imu'
2026-09-29T06:40:08Z [46,439ms] [Warning] [omni.physx.tensors.plugin] Failed to find rigid body at '/World/envs/env_682/robot_a/joints/imu'
2026-09-29T06:40:08Z [46,439ms] [Warning] [omni.physx.tensors.plugin] Failed to find rigid body at '/World/envs/env_683/robot_a/joints/imu'
2026-09-29T06:40:08Z [46,439ms] [Warning] [omni.physx.tensors.plugin] Failed to find rigid body at '/World/envs/env_684/robot_a/joints/imu'
2026-09-29T06:40:08Z [46,439ms] [Warning] [omni.physx.tensors.plugin] Failed to find rigid body at '/World/envs/env_685/robot_a/joints/imu'
2026-09-29T06:40:08Z [46,440ms] [Warning] [omni.physx.tensors.plugin] Failed to find rigid body at '/World/envs/env_686/robot_a/joints/imu'
2026-09-29T06:40:08Z [46,440ms] [Warning] [omni.physx.tensors.plugin] Failed to find rigid body at '/World/envs/env_687/robot_a/joints/imu'
2026-09-29T06:40:08Z [46,440ms] [Warning] [omni.physx.tensors.plugin] Failed to find rigid body at '/World/envs/env_688/robot_a/joints/imu'
2026-09-29T06:40:08Z [46,440ms] [Warning] [omni.physx.tensors.plugin] Failed to find rigid body at '/World/envs/env_689/robot_a/joints/imu'
2026-09-29T06:40:08Z [46,440ms] [Warning] [omni.physx.tensors.plugin] Failed to find rigid body at '/World/envs/env_690/robot_a/joints/imu'
2026-09-29T06:40:08Z [46,440ms] [Warning] [omni.physx.tensors.plugin] Failed to find rigid body at '/World/envs/env_691/robot_a/joints/imu'
2026-09-29T06:40:08Z [46,440ms] [Warning] [omni.physx.tensors.plugin] Failed to find rigid body at '/World/envs/env_692/robot_a/joints/imu'
2026-09-29T06:40:08Z [46,440ms] [Warning] [omni.physx.tensors.plugin] Failed to find rigid body at '/World/envs/env_693/robot_a/joints/imu'
2026-09-29T06:40:08Z [46,440ms] [Warning] [omni.physx.tensors.plugin] Failed to find rigid body at '/World/envs/env_694/robot_a/joints/imu'
2026-09-29T06:40:08Z [46,440ms] [Warning] [omni.physx.tensors.plugin] Failed to find rigid body at '/World/envs/env_695/robot_a/joints/imu'
2026-09-29T06:40:08Z [46,440ms] [Warning] [omni.physx.tensors.plugin] Failed to find rigid body at '/World/envs/env_696/robot_a/joints/imu'
2026-09-29T06:40:08Z [46,440ms] [Warning] [omni.physx.tensors.plugin] Failed to find rigid body at '/World/envs/env_697/robot_a/joints/imu'
2026-09-29T06:40:08Z [46,440ms] [Warning] [omni.physx.tensors.plugin] Failed to find rigid body at '/World/envs/env_698/robot_a/joints/imu'
2026-09-29T06:40:08Z [46,440ms] [Warning] [omni.physx.tensors.plugin] Failed to find rigid body at '/World/envs/env_699/robot_a/joints/imu'
2026-09-29T06:40:08Z [46,440ms] [Warning] [omni.physx.tensors.plugin] Failed to find rigid body at '/World/envs/env_700/robot_a/joints/imu'
2026-09-29T06:40:08Z [46,440ms] [Warning] [omni.physx.tensors.plugin] Failed to find rigid body at '/World/envs/env_701/robot_a/joints/imu'
2026-09-29T06:40:08Z [46,440ms] [Warning] [omni.physx.tensors.plugin] Failed to find rigid body at '/World/envs/env_702/robot_a/joints/imu'
2026-09-29T06:40:08Z [46,440ms] [Warning] [omni.physx.tensors.plugin] Failed to find rigid body at '/World/envs/env_703/robot_a/joints/imu'
2026-09-29T06:40:08Z [46,440ms] [Warning] [omni.physx.tensors.plugin] Failed to find rigid body at '/World/envs/env_704/robot_a/joints/imu'
2026-09-29T06:40:08Z [46,440ms] [Warning] [omni.physx.tensors.plugin] Failed to find rigid body at '/World/envs/env_705/robot_a/joints/imu'
2026-09-29T06:40:08Z [46,440ms] [Warning] [omni.physx.tensors.plugin] Failed to find rigid body at '/World/envs/env_706/robot_a/joints/imu'
2026-09-29T06:40:08Z [46,440ms] [Warning] [omni.physx.tensors.plugin] Failed to find rigid body at '/World/envs/env_707/robot_a/joints/imu'
2026-09-29T06:40:08Z [46,440ms] [Warning] [omni.physx.tensors.plugin] Failed to find rigid body at '/World/envs/env_708/robot_a/joints/imu'
2026-09-29T06:40:08Z [46,440ms] [Warning] [omni.physx.tensors.plugin] Failed to find rigid body at '/World/envs/env_709/robot_a/joints/imu'
2026-09-29T06:40:08Z [46,440ms] [Warning] [omni.physx.tensors.plugin] Failed to find rigid body at '/World/envs/env_710/robot_a/joints/imu'
2026-09-29T06:40:08Z [46,440ms] [Warning] [omni.physx.tensors.plugin] Failed to find rigid body at '/World/envs/env_711/robot_a/joints/imu'
2026-09-29T06:40:08Z [46,440ms] [Warning] [omni.physx.tensors.plugin] Failed to find rigid body at '/World/envs/env_712/robot_a/joints/imu'
2026-09-29T06:40:08Z [46,440ms] [Warning] [omni.physx.tensors.plugin] Failed to find rigid body at '/World/envs/env_713/robot_a/joints/imu'
2026-09-29T06:40:08Z [46,440ms] [Warning] [omni.physx.tensors.plugin] Failed to find rigid body at '/World/envs/env_714/robot_a/joints/imu'
2026-09-29T06:40:08Z [46,440ms] [Warning] [omni.physx.tensors.plugin] Failed to find rigid body at '/World/envs/env_715/robot_a/joints/imu'
2026-09-29T06:40:08Z [46,440ms] [Warning] [omni.physx.tensors.plugin] Failed to find rigid body at '/World/envs/env_716/robot_a/joints/imu'
2026-09-29T06:40:08Z [46,440ms] [Warning] [omni.physx.tensors.plugin] Failed to find rigid body at '/World/envs/env_717/robot_a/joints/imu'
2026-09-29T06:40:08Z [46,440ms] [Warning] [omni.physx.tensors.plugin] Failed to find rigid body at '/World/envs/env_718/robot_a/joints/imu'
2026-09-29T06:40:08Z [46,440ms] [Warning] [omni.physx.tensors.plugin] Failed to find rigid body at '/World/envs/env_719/robot_a/joints/imu'
2026-09-29T06:40:08Z [46,440ms] [Warning] [omni.physx.tensors.plugin] Failed to find rigid body at '/World/envs/env_720/robot_a/joints/imu'
2026-09-29T06:40:08Z [46,441ms] [Warning] [omni.physx.tensors.plugin] Failed to find rigid body at '/World/envs/env_721/robot_a/joints/imu'
2026-09-29T06:40:08Z [46,441ms] [Warning] [omni.physx.tensors.plugin] Failed to find rigid body at '/World/envs/env_722/robot_a/joints/imu'
2026-09-29T06:40:08Z [46,441ms] [Warning] [omni.physx.tensors.plugin] Failed to find rigid body at '/World/envs/env_723/robot_a/joints/imu'
2026-09-29T06:40:08Z [46,441ms] [Warning] [omni.physx.tensors.plugin] Failed to find rigid body at '/World/envs/env_724/robot_a/joints/imu'
2026-09-29T06:40:08Z [46,441ms] [Warning] [omni.physx.tensors.plugin] Failed to find rigid body at '/World/envs/env_725/robot_a/joints/imu'
2026-09-29T06:40:08Z [46,441ms] [Warning] [omni.physx.tensors.plugin] Failed to find rigid body at '/World/envs/env_726/robot_a/joints/imu'
2026-09-29T06:40:08Z [46,441ms] [Warning] [omni.physx.tensors.plugin] Failed to find rigid body at '/World/envs/env_727/robot_a/joints/imu'
2026-09-29T06:40:08Z [46,441ms] [Warning] [omni.physx.tensors.plugin] Failed to find rigid body at '/World/envs/env_728/robot_a/joints/imu'
2026-09-29T06:40:08Z [46,441ms] [Warning] [omni.physx.tensors.plugin] Failed to find rigid body at '/World/envs/env_729/robot_a/joints/imu'
2026-09-29T06:40:08Z [46,441ms] [Warning] [omni.physx.tensors.plugin] Failed to find rigid body at '/World/envs/env_730/robot_a/joints/imu'
2026-09-29T06:40:08Z [46,441ms] [Warning] [omni.physx.tensors.plugin] Failed to find rigid body at '/World/envs/env_731/robot_a/joints/imu'
2026-09-29T06:40:08Z [46,441ms] [Warning] [omni.physx.tensors.plugin] Failed to find rigid body at '/World/envs/env_732/robot_a/joints/imu'
2026-09-29T06:40:08Z [46,441ms] [Warning] [omni.physx.tensors.plugin] Failed to find rigid body at '/World/envs/env_733/robot_a/joints/imu'
2026-09-29T06:40:08Z [46,441ms] [Warning] [omni.physx.tensors.plugin] Failed to find rigid body at '/World/envs/env_734/robot_a/joints/imu'
2026-09-29T06:40:08Z [46,441ms] [Warning] [omni.physx.tensors.plugin] Failed to find rigid body at '/World/envs/env_735/robot_a/joints/imu'
2026-09-29T06:40:08Z [46,441ms] [Warning] [omni.physx.tensors.plugin] Failed to find rigid body at '/World/envs/env_736/robot_a/joints/imu'
2026-09-29T06:40:08Z [46,441ms] [Warning] [omni.physx.tensors.plugin] Failed to find rigid body at '/World/envs/env_737/robot_a/joints/imu'
2026-09-29T06:40:08Z [46,441ms] [Warning] [omni.physx.tensors.plugin] Failed to find rigid body at '/World/envs/env_738/robot_a/joints/imu'
2026-09-29T06:40:08Z [46,441ms] [Warning] [omni.physx.tensors.plugin] Failed to find rigid body at '/World/envs/env_739/robot_a/joints/imu'
2026-09-29T06:40:08Z [46,441ms] [Warning] [omni.physx.tensors.plugin] Failed to find rigid body at '/World/envs/env_740/robot_a/joints/imu'
2026-09-29T06:40:08Z [46,441ms] [Warning] [omni.physx.tensors.plugin] Failed to find rigid body at '/World/envs/env_741/robot_a/joints/imu'
2026-09-29T06:40:08Z [46,441ms] [Warning] [omni.physx.tensors.plugin] Failed to find rigid body at '/World/envs/env_742/robot_a/joints/imu'
2026-09-29T06:40:08Z [46,441ms] [Warning] [omni.physx.tensors.plugin] Failed to find rigid body at '/World/envs/env_743/robot_a/joints/imu'
2026-09-29T06:40:08Z [46,441ms] [Warning] [omni.physx.tensors.plugin] Failed to find rigid body at '/World/envs/env_744/robot_a/joints/imu'
2026-09-29T06:40:08Z [46,441ms] [Warning] [omni.physx.tensors.plugin] Failed to find rigid body at '/World/envs/env_745/robot_a/joints/imu'
2026-09-29T06:40:08Z [46,441ms] [Warning] [omni.physx.tensors.plugin] Failed to find rigid body at '/World/envs/env_746/robot_a/joints/imu'
2026-09-29T06:40:08Z [46,441ms] [Warning] [omni.physx.tensors.plugin] Failed to find rigid body at '/World/envs/env_747/robot_a/joints/imu'
2026-09-29T06:40:08Z [46,441ms] [Warning] [omni.physx.tensors.plugin] Failed to find rigid body at '/World/envs/env_748/robot_a/joints/imu'
2026-09-29T06:40:08Z [46,441ms] [Warning] [omni.physx.tensors.plugin] Failed to find rigid body at '/World/envs/env_749/robot_a/joints/imu'
2026-09-29T06:40:08Z [46,441ms] [Warning] [omni.physx.tensors.plugin] Failed to find rigid body at '/World/envs/env_750/robot_a/joints/imu'
2026-09-29T06:40:08Z [46,441ms] [Warning] [omni.physx.tensors.plugin] Failed to find rigid body at '/World/envs/env_751/robot_a/joints/imu'
2026-09-29T06:40:08Z [46,441ms] [Warning] [omni.physx.tensors.plugin] Failed to find rigid body at '/World/envs/env_752/robot_a/joints/imu'
2026-09-29T06:40:08Z [46,441ms] [Warning] [omni.physx.tensors.plugin] Failed to find rigid body at '/World/envs/env_753/robot_a/joints/imu'
2026-09-29T06:40:08Z [46,441ms] [Warning] [omni.physx.tensors.plugin] Failed to find rigid body at '/World/envs/env_754/robot_a/joints/imu'
2026-09-29T06:40:08Z [46,441ms] [Warning] [omni.physx.tensors.plugin] Failed to find rigid body at '/World/envs/env_755/robot_a/joints/imu'
2026-09-29T06:40:08Z [46,441ms] [Warning] [omni.physx.tensors.plugin] Failed to find rigid body at '/World/envs/env_756/robot_a/joints/imu'
2026-09-29T06:40:08Z [46,441ms] [Warning] [omni.physx.tensors.plugin] Failed to find rigid body at '/World/envs/env_757/robot_a/joints/imu'
2026-09-29T06:40:08Z [46,442ms] [Warning] [omni.physx.tensors.plugin] Failed to find rigid body at '/World/envs/env_758/robot_a/joints/imu'
2026-09-29T06:40:08Z [46,442ms] [Warning] [omni.physx.tensors.plugin] Failed to find rigid body at '/World/envs/env_759/robot_a/joints/imu'
2026-09-29T06:40:08Z [46,442ms] [Warning] [omni.physx.tensors.plugin] Failed to find rigid body at '/World/envs/env_760/robot_a/joints/imu'
2026-09-29T06:40:08Z [46,442ms] [Warning] [omni.physx.tensors.plugin] Failed to find rigid body at '/World/envs/env_761/robot_a/joints/imu'
2026-09-29T06:40:08Z [46,442ms] [Warning] [omni.physx.tensors.plugin] Failed to find rigid body at '/World/envs/env_762/robot_a/joints/imu'
2026-09-29T06:40:08Z [46,442ms] [Warning] [omni.physx.tensors.plugin] Failed to find rigid body at '/World/envs/env_763/robot_a/joints/imu'
2026-09-29T06:40:08Z [46,442ms] [Warning] [omni.physx.tensors.plugin] Failed to find rigid body at '/World/envs/env_764/robot_a/joints/imu'
2026-09-29T06:40:08Z [46,442ms] [Warning] [omni.physx.tensors.plugin] Failed to find rigid body at '/World/envs/env_765/robot_a/joints/imu'
2026-09-29T06:40:08Z [46,442ms] [Warning] [omni.physx.tensors.plugin] Failed to find rigid body at '/World/envs/env_766/robot_a/joints/imu'
2026-09-29T06:40:08Z [46,442ms] [Warning] [omni.physx.tensors.plugin] Failed to find rigid body at '/World/envs/env_767/robot_a/joints/imu'
2026-09-29T06:40:08Z [46,442ms] [Warning] [omni.physx.tensors.plugin] Failed to find rigid body at '/World/envs/env_768/robot_a/joints/imu'
2026-09-29T06:40:08Z [46,443ms] [Warning] [omni.physx.tensors.plugin] Failed to find rigid body at '/World/envs/env_769/robot_a/joints/imu'
2026-09-29T06:40:08Z [46,443ms] [Warning] [omni.physx.tensors.plugin] Failed to find rigid body at '/World/envs/env_770/robot_a/joints/imu'
2026-09-29T06:40:08Z [46,443ms] [Warning] [omni.physx.tensors.plugin] Failed to find rigid body at '/World/envs/env_771/robot_a/joints/imu'
2026-09-29T06:40:08Z [46,443ms] [Warning] [omni.physx.tensors.plugin] Failed to find rigid body at '/World/envs/env_772/robot_a/joints/imu'
2026-09-29T06:40:08Z [46,443ms] [Warning] [omni.physx.tensors.plugin] Failed to find rigid body at '/World/envs/env_773/robot_a/joints/imu'
2026-09-29T06:40:08Z [46,443ms] [Warning] [omni.physx.tensors.plugin] Failed to find rigid body at '/World/envs/env_774/robot_a/joints/imu'
2026-09-29T06:40:08Z [46,443ms] [Warning] [omni.physx.tensors.plugin] Failed to find rigid body at '/World/envs/env_775/robot_a/joints/imu'
2026-09-29T06:40:08Z [46,443ms] [Warning] [omni.physx.tensors.plugin] Failed to find rigid body at '/World/envs/env_776/robot_a/joints/imu'
2026-09-29T06:40:08Z [46,443ms] [Warning] [omni.physx.tensors.plugin] Failed to find rigid body at '/World/envs/env_777/robot_a/joints/imu'
2026-09-29T06:40:08Z [46,443ms] [Warning] [omni.physx.tensors.plugin] Failed to find rigid body at '/World/envs/env_778/robot_a/joints/imu'
2026-09-29T06:40:08Z [46,443ms] [Warning] [omni.physx.tensors.plugin] Failed to find rigid body at '/World/envs/env_779/robot_a/joints/imu'
2026-09-29T06:40:08Z [46,443ms] [Warning] [omni.physx.tensors.plugin] Failed to find rigid body at '/World/envs/env_780/robot_a/joints/imu'
2026-09-29T06:40:08Z [46,443ms] [Warning] [omni.physx.tensors.plugin] Failed to find rigid body at '/World/envs/env_781/robot_a/joints/imu'
2026-09-29T06:40:08Z [46,443ms] [Warning] [omni.physx.tensors.plugin] Failed to find rigid body at '/World/envs/env_782/robot_a/joints/imu'
2026-09-29T06:40:08Z [46,443ms] [Warning] [omni.physx.tensors.plugin] Failed to find rigid body at '/World/envs/env_783/robot_a/joints/imu'
2026-09-29T06:40:08Z [46,443ms] [Warning] [omni.physx.tensors.plugin] Failed to find rigid body at '/World/envs/env_784/robot_a/joints/imu'
2026-09-29T06:40:08Z [46,443ms] [Warning] [omni.physx.tensors.plugin] Failed to find rigid body at '/World/envs/env_785/robot_a/joints/imu'
2026-09-29T06:40:08Z [46,444ms] [Warning] [omni.physx.tensors.plugin] Failed to find rigid body at '/World/envs/env_786/robot_a/joints/imu'
2026-09-29T06:40:08Z [46,444ms] [Warning] [omni.physx.tensors.plugin] Failed to find rigid body at '/World/envs/env_787/robot_a/joints/imu'
2026-09-29T06:40:08Z [46,444ms] [Warning] [omni.physx.tensors.plugin] Failed to find rigid body at '/World/envs/env_788/robot_a/joints/imu'
2026-09-29T06:40:08Z [46,444ms] [Warning] [omni.physx.tensors.plugin] Failed to find rigid body at '/World/envs/env_789/robot_a/joints/imu'
2026-09-29T06:40:08Z [46,444ms] [Warning] [omni.physx.tensors.plugin] Failed to find rigid body at '/World/envs/env_790/robot_a/joints/imu'
2026-09-29T06:40:08Z [46,444ms] [Warning] [omni.physx.tensors.plugin] Failed to find rigid body at '/World/envs/env_791/robot_a/joints/imu'
2026-09-29T06:40:08Z [46,444ms] [Warning] [omni.physx.tensors.plugin] Failed to find rigid body at '/World/envs/env_792/robot_a/joints/imu'
2026-09-29T06:40:08Z [46,444ms] [Warning] [omni.physx.tensors.plugin] Failed to find rigid body at '/World/envs/env_793/robot_a/joints/imu'
2026-09-29T06:40:08Z [46,444ms] [Warning] [omni.physx.tensors.plugin] Failed to find rigid body at '/World/envs/env_794/robot_a/joints/imu'
2026-09-29T06:40:08Z [46,444ms] [Warning] [omni.physx.tensors.plugin] Failed to find rigid body at '/World/envs/env_795/robot_a/joints/imu'
2026-09-29T06:40:08Z [46,444ms] [Warning] [omni.physx.tensors.plugin] Failed to find rigid body at '/World/envs/env_796/robot_a/joints/imu'
2026-09-29T06:40:08Z [46,444ms] [Warning] [omni.physx.tensors.plugin] Failed to find rigid body at '/World/envs/env_797/robot_a/joints/imu'
2026-09-29T06:40:08Z [46,444ms] [Warning] [omni.physx.tensors.plugin] Failed to find rigid body at '/World/envs/env_798/robot_a/joints/imu'
2026-09-29T06:40:08Z [46,444ms] [Warning] [omni.physx.tensors.plugin] Failed to find rigid body at '/World/envs/env_799/robot_a/joints/imu'
2026-09-29T06:40:08Z [46,444ms] [Warning] [omni.physx.tensors.plugin] Failed to find rigid body at '/World/envs/env_800/robot_a/joints/imu'
2026-09-29T06:40:08Z [46,444ms] [Warning] [omni.physx.tensors.plugin] Failed to find rigid body at '/World/envs/env_801/robot_a/joints/imu'
2026-09-29T06:40:08Z [46,444ms] [Warning] [omni.physx.tensors.plugin] Failed to find rigid body at '/World/envs/env_802/robot_a/joints/imu'
2026-09-29T06:40:08Z [46,444ms] [Warning] [omni.physx.tensors.plugin] Failed to find rigid body at '/World/envs/env_803/robot_a/joints/imu'
2026-09-29T06:40:08Z [46,444ms] [Warning] [omni.physx.tensors.plugin] Failed to find rigid body at '/World/envs/env_804/robot_a/joints/imu'
2026-09-29T06:40:08Z [46,444ms] [Warning] [omni.physx.tensors.plugin] Failed to find rigid body at '/World/envs/env_805/robot_a/joints/imu'
2026-09-29T06:40:08Z [46,444ms] [Warning] [omni.physx.tensors.plugin] Failed to find rigid body at '/World/envs/env_806/robot_a/joints/imu'
2026-09-29T06:40:08Z [46,444ms] [Warning] [omni.physx.tensors.plugin] Failed to find rigid body at '/World/envs/env_807/robot_a/joints/imu'
2026-09-29T06:40:08Z [46,444ms] [Warning] [omni.physx.tensors.plugin] Failed to find rigid body at '/World/envs/env_808/robot_a/joints/imu'
2026-09-29T06:40:08Z [46,444ms] [Warning] [omni.physx.tensors.plugin] Failed to find rigid body at '/World/envs/env_809/robot_a/joints/imu'
2026-09-29T06:40:08Z [46,444ms] [Warning] [omni.physx.tensors.plugin] Failed to find rigid body at '/World/envs/env_810/robot_a/joints/imu'
2026-09-29T06:40:08Z [46,444ms] [Warning] [omni.physx.tensors.plugin] Failed to find rigid body at '/World/envs/env_811/robot_a/joints/imu'
2026-09-29T06:40:08Z [46,444ms] [Warning] [omni.physx.tensors.plugin] Failed to find rigid body at '/World/envs/env_812/robot_a/joints/imu'
2026-09-29T06:40:08Z [46,444ms] [Warning] [omni.physx.tensors.plugin] Failed to find rigid body at '/World/envs/env_813/robot_a/joints/imu'
2026-09-29T06:40:08Z [46,444ms] [Warning] [omni.physx.tensors.plugin] Failed to find rigid body at '/World/envs/env_814/robot_a/joints/imu'
2026-09-29T06:40:08Z [46,444ms] [Warning] [omni.physx.tensors.plugin] Failed to find rigid body at '/World/envs/env_815/robot_a/joints/imu'
2026-09-29T06:40:08Z [46,444ms] [Warning] [omni.physx.tensors.plugin] Failed to find rigid body at '/World/envs/env_816/robot_a/joints/imu'
2026-09-29T06:40:08Z [46,444ms] [Warning] [omni.physx.tensors.plugin] Failed to find rigid body at '/World/envs/env_817/robot_a/joints/imu'
2026-09-29T06:40:08Z [46,444ms] [Warning] [omni.physx.tensors.plugin] Failed to find rigid body at '/World/envs/env_818/robot_a/joints/imu'
2026-09-29T06:40:08Z [46,444ms] [Warning] [omni.physx.tensors.plugin] Failed to find rigid body at '/World/envs/env_819/robot_a/joints/imu'
2026-09-29T06:40:08Z [46,444ms] [Warning] [omni.physx.tensors.plugin] Failed to find rigid body at '/World/envs/env_820/robot_a/joints/imu'
2026-09-29T06:40:08Z [46,444ms] [Warning] [omni.physx.tensors.plugin] Failed to find rigid body at '/World/envs/env_821/robot_a/joints/imu'
2026-09-29T06:40:08Z [46,444ms] [Warning] [omni.physx.tensors.plugin] Failed to find rigid body at '/World/envs/env_822/robot_a/joints/imu'
2026-09-29T06:40:08Z [46,444ms] [Warning] [omni.physx.tensors.plugin] Failed to find rigid body at '/World/envs/env_823/robot_a/joints/imu'
2026-09-29T06:40:08Z [46,445ms] [Warning] [omni.physx.tensors.plugin] Failed to find rigid body at '/World/envs/env_824/robot_a/joints/imu'
2026-09-29T06:40:08Z [46,445ms] [Warning] [omni.physx.tensors.plugin] Failed to find rigid body at '/World/envs/env_825/robot_a/joints/imu'
2026-09-29T06:40:08Z [46,445ms] [Warning] [omni.physx.tensors.plugin] Failed to find rigid body at '/World/envs/env_826/robot_a/joints/imu'
2026-09-29T06:40:08Z [46,445ms] [Warning] [omni.physx.tensors.plugin] Failed to find rigid body at '/World/envs/env_827/robot_a/joints/imu'
2026-09-29T06:40:08Z [46,445ms] [Warning] [omni.physx.tensors.plugin] Failed to find rigid body at '/World/envs/env_828/robot_a/joints/imu'
2026-09-29T06:40:08Z [46,445ms] [Warning] [omni.physx.tensors.plugin] Failed to find rigid body at '/World/envs/env_829/robot_a/joints/imu'
2026-09-29T06:40:08Z [46,445ms] [Warning] [omni.physx.tensors.plugin] Failed to find rigid body at '/World/envs/env_830/robot_a/joints/imu'
2026-09-29T06:40:08Z [46,445ms] [Warning] [omni.physx.tensors.plugin] Failed to find rigid body at '/World/envs/env_831/robot_a/joints/imu'
2026-09-29T06:40:08Z [46,445ms] [Warning] [omni.physx.tensors.plugin] Failed to find rigid body at '/World/envs/env_832/robot_a/joints/imu'
2026-09-29T06:40:08Z [46,445ms] [Warning] [omni.physx.tensors.plugin] Failed to find rigid body at '/World/envs/env_833/robot_a/joints/imu'
2026-09-29T06:40:08Z [46,445ms] [Warning] [omni.physx.tensors.plugin] Failed to find rigid body at '/World/envs/env_834/robot_a/joints/imu'
2026-09-29T06:40:08Z [46,445ms] [Warning] [omni.physx.tensors.plugin] Failed to find rigid body at '/World/envs/env_835/robot_a/joints/imu'
2026-09-29T06:40:08Z [46,445ms] [Warning] [omni.physx.tensors.plugin] Failed to find rigid body at '/World/envs/env_836/robot_a/joints/imu'
2026-09-29T06:40:08Z [46,445ms] [Warning] [omni.physx.tensors.plugin] Failed to find rigid body at '/World/envs/env_837/robot_a/joints/imu'
2026-09-29T06:40:08Z [46,445ms] [Warning] [omni.physx.tensors.plugin] Failed to find rigid body at '/World/envs/env_838/robot_a/joints/imu'
2026-09-29T06:40:08Z [46,445ms] [Warning] [omni.physx.tensors.plugin] Failed to find rigid body at '/World/envs/env_839/robot_a/joints/imu'
2026-09-29T06:40:08Z [46,445ms] [Warning] [omni.physx.tensors.plugin] Failed to find rigid body at '/World/envs/env_840/robot_a/joints/imu'
2026-09-29T06:40:08Z [46,445ms] [Warning] [omni.physx.tensors.plugin] Failed to find rigid body at '/World/envs/env_841/robot_a/joints/imu'
2026-09-29T06:40:08Z [46,445ms] [Warning] [omni.physx.tensors.plugin] Failed to find rigid body at '/World/envs/env_842/robot_a/joints/imu'
2026-09-29T06:40:08Z [46,445ms] [Warning] [omni.physx.tensors.plugin] Failed to find rigid body at '/World/envs/env_843/robot_a/joints/imu'
2026-09-29T06:40:08Z [46,445ms] [Warning] [omni.physx.tensors.plugin] Failed to find rigid body at '/World/envs/env_844/robot_a/joints/imu'
2026-09-29T06:40:08Z [46,445ms] [Warning] [omni.physx.tensors.plugin] Failed to find rigid body at '/World/envs/env_845/robot_a/joints/imu'
2026-09-29T06:40:08Z [46,445ms] [Warning] [omni.physx.tensors.plugin] Failed to find rigid body at '/World/envs/env_846/robot_a/joints/imu'
2026-09-29T06:40:08Z [46,445ms] [Warning] [omni.physx.tensors.plugin] Failed to find rigid body at '/World/envs/env_847/robot_a/joints/imu'
2026-09-29T06:40:08Z [46,445ms] [Warning] [omni.physx.tensors.plugin] Failed to find rigid body at '/World/envs/env_848/robot_a/joints/imu'
2026-09-29T06:40:08Z [46,445ms] [Warning] [omni.physx.tensors.plugin] Failed to find rigid body at '/World/envs/env_849/robot_a/joints/imu'
2026-09-29T06:40:08Z [46,445ms] [Warning] [omni.physx.tensors.plugin] Failed to find rigid body at '/World/envs/env_850/robot_a/joints/imu'
2026-09-29T06:40:08Z [46,445ms] [Warning] [omni.physx.tensors.plugin] Failed to find rigid body at '/World/envs/env_851/robot_a/joints/imu'
2026-09-29T06:40:08Z [46,445ms] [Warning] [omni.physx.tensors.plugin] Failed to find rigid body at '/World/envs/env_852/robot_a/joints/imu'
2026-09-29T06:40:08Z [46,445ms] [Warning] [omni.physx.tensors.plugin] Failed to find rigid body at '/World/envs/env_853/robot_a/joints/imu'
2026-09-29T06:40:08Z [46,445ms] [Warning] [omni.physx.tensors.plugin] Failed to find rigid body at '/World/envs/env_854/robot_a/joints/imu'
2026-09-29T06:40:08Z [46,445ms] [Warning] [omni.physx.tensors.plugin] Failed to find rigid body at '/World/envs/env_855/robot_a/joints/imu'
2026-09-29T06:40:08Z [46,445ms] [Warning] [omni.physx.tensors.plugin] Failed to find rigid body at '/World/envs/env_856/robot_a/joints/imu'
2026-09-29T06:40:08Z [46,445ms] [Warning] [omni.physx.tensors.plugin] Failed to find rigid body at '/World/envs/env_857/robot_a/joints/imu'
2026-09-29T06:40:08Z [46,445ms] [Warning] [omni.physx.tensors.plugin] Failed to find rigid body at '/World/envs/env_858/robot_a/joints/imu'
2026-09-29T06:40:08Z [46,446ms] [Warning] [omni.physx.tensors.plugin] Failed to find rigid body at '/World/envs/env_859/robot_a/joints/imu'
2026-09-29T06:40:08Z [46,446ms] [Warning] [omni.physx.tensors.plugin] Failed to find rigid body at '/World/envs/env_860/robot_a/joints/imu'
2026-09-29T06:40:08Z [46,446ms] [Warning] [omni.physx.tensors.plugin] Failed to find rigid body at '/World/envs/env_861/robot_a/joints/imu'
2026-09-29T06:40:08Z [46,446ms] [Warning] [omni.physx.tensors.plugin] Failed to find rigid body at '/World/envs/env_862/robot_a/joints/imu'
2026-09-29T06:40:08Z [46,446ms] [Warning] [omni.physx.tensors.plugin] Failed to find rigid body at '/World/envs/env_863/robot_a/joints/imu'
2026-09-29T06:40:08Z [46,446ms] [Warning] [omni.physx.tensors.plugin] Failed to find rigid body at '/World/envs/env_864/robot_a/joints/imu'
2026-09-29T06:40:08Z [46,446ms] [Warning] [omni.physx.tensors.plugin] Failed to find rigid body at '/World/envs/env_865/robot_a/joints/imu'
2026-09-29T06:40:08Z [46,446ms] [Warning] [omni.physx.tensors.plugin] Failed to find rigid body at '/World/envs/env_866/robot_a/joints/imu'
2026-09-29T06:40:08Z [46,446ms] [Warning] [omni.physx.tensors.plugin] Failed to find rigid body at '/World/envs/env_867/robot_a/joints/imu'
2026-09-29T06:40:08Z [46,446ms] [Warning] [omni.physx.tensors.plugin] Failed to find rigid body at '/World/envs/env_868/robot_a/joints/imu'
2026-09-29T06:40:08Z [46,446ms] [Warning] [omni.physx.tensors.plugin] Failed to find rigid body at '/World/envs/env_869/robot_a/joints/imu'
2026-09-29T06:40:08Z [46,446ms] [Warning] [omni.physx.tensors.plugin] Failed to find rigid body at '/World/envs/env_870/robot_a/joints/imu'
2026-09-29T06:40:08Z [46,446ms] [Warning] [omni.physx.tensors.plugin] Failed to find rigid body at '/World/envs/env_871/robot_a/joints/imu'
2026-09-29T06:40:08Z [46,446ms] [Warning] [omni.physx.tensors.plugin] Failed to find rigid body at '/World/envs/env_872/robot_a/joints/imu'
2026-09-29T06:40:08Z [46,446ms] [Warning] [omni.physx.tensors.plugin] Failed to find rigid body at '/World/envs/env_873/robot_a/joints/imu'
2026-09-29T06:40:08Z [46,446ms] [Warning] [omni.physx.tensors.plugin] Failed to find rigid body at '/World/envs/env_874/robot_a/joints/imu'
2026-09-29T06:40:08Z [46,446ms] [Warning] [omni.physx.tensors.plugin] Failed to find rigid body at '/World/envs/env_875/robot_a/joints/imu'
2026-09-29T06:40:08Z [46,446ms] [Warning] [omni.physx.tensors.plugin] Failed to find rigid body at '/World/envs/env_876/robot_a/joints/imu'
2026-09-29T06:40:08Z [46,446ms] [Warning] [omni.physx.tensors.plugin] Failed to find rigid body at '/World/envs/env_877/robot_a/joints/imu'
2026-09-29T06:40:08Z [46,446ms] [Warning] [omni.physx.tensors.plugin] Failed to find rigid body at '/World/envs/env_878/robot_a/joints/imu'
2026-09-29T06:40:08Z [46,446ms] [Warning] [omni.physx.tensors.plugin] Failed to find rigid body at '/World/envs/env_879/robot_a/joints/imu'
2026-09-29T06:40:08Z [46,446ms] [Warning] [omni.physx.tensors.plugin] Failed to find rigid body at '/World/envs/env_880/robot_a/joints/imu'
2026-09-29T06:40:08Z [46,446ms] [Warning] [omni.physx.tensors.plugin] Failed to find rigid body at '/World/envs/env_881/robot_a/joints/imu'
2026-09-29T06:40:08Z [46,446ms] [Warning] [omni.physx.tensors.plugin] Failed to find rigid body at '/World/envs/env_882/robot_a/joints/imu'
2026-09-29T06:40:08Z [46,446ms] [Warning] [omni.physx.tensors.plugin] Failed to find rigid body at '/World/envs/env_883/robot_a/joints/imu'
2026-09-29T06:40:08Z [46,446ms] [Warning] [omni.physx.tensors.plugin] Failed to find rigid body at '/World/envs/env_884/robot_a/joints/imu'
2026-09-29T06:40:08Z [46,446ms] [Warning] [omni.physx.tensors.plugin] Failed to find rigid body at '/World/envs/env_885/robot_a/joints/imu'
2026-09-29T06:40:08Z [46,446ms] [Warning] [omni.physx.tensors.plugin] Failed to find rigid body at '/World/envs/env_886/robot_a/joints/imu'
2026-09-29T06:40:08Z [46,446ms] [Warning] [omni.physx.tensors.plugin] Failed to find rigid body at '/World/envs/env_887/robot_a/joints/imu'
2026-09-29T06:40:08Z [46,446ms] [Warning] [omni.physx.tensors.plugin] Failed to find rigid body at '/World/envs/env_888/robot_a/joints/imu'
2026-09-29T06:40:08Z [46,446ms] [Warning] [omni.physx.tensors.plugin] Failed to find rigid body at '/World/envs/env_889/robot_a/joints/imu'
2026-09-29T06:40:08Z [46,446ms] [Warning] [omni.physx.tensors.plugin] Failed to find rigid body at '/World/envs/env_890/robot_a/joints/imu'
2026-09-29T06:40:08Z [46,446ms] [Warning] [omni.physx.tensors.plugin] Failed to find rigid body at '/World/envs/env_891/robot_a/joints/imu'
2026-09-29T06:40:08Z [46,446ms] [Warning] [omni.physx.tensors.plugin] Failed to find rigid body at '/World/envs/env_892/robot_a/joints/imu'
2026-09-29T06:40:08Z [46,446ms] [Warning] [omni.physx.tensors.plugin] Failed to find rigid body at '/World/envs/env_893/robot_a/joints/imu'
2026-09-29T06:40:08Z [46,446ms] [Warning] [omni.physx.tensors.plugin] Failed to find rigid body at '/World/envs/env_894/robot_a/joints/imu'
2026-09-29T06:40:08Z [46,446ms] [Warning] [omni.physx.tensors.plugin] Failed to find rigid body at '/World/envs/env_895/robot_a/joints/imu'
2026-09-29T06:40:08Z [46,446ms] [Warning] [omni.physx.tensors.plugin] Failed to find rigid body at '/World/envs/env_896/robot_a/joints/imu'
2026-09-29T06:40:08Z [46,447ms] [Warning] [omni.physx.tensors.plugin] Failed to find rigid body at '/World/envs/env_897/robot_a/joints/imu'
2026-09-29T06:40:08Z [46,447ms] [Warning] [omni.physx.tensors.plugin] Failed to find rigid body at '/World/envs/env_898/robot_a/joints/imu'
2026-09-29T06:40:08Z [46,447ms] [Warning] [omni.physx.tensors.plugin] Failed to find rigid body at '/World/envs/env_899/robot_a/joints/imu'
2026-09-29T06:40:08Z [46,447ms] [Warning] [omni.physx.tensors.plugin] Failed to find rigid body at '/World/envs/env_900/robot_a/joints/imu'
2026-09-29T06:40:08Z [46,447ms] [Warning] [omni.physx.tensors.plugin] Failed to find rigid body at '/World/envs/env_901/robot_a/joints/imu'
2026-09-29T06:40:08Z [46,447ms] [Warning] [omni.physx.tensors.plugin] Failed to find rigid body at '/World/envs/env_902/robot_a/joints/imu'
2026-09-29T06:40:08Z [46,447ms] [Warning] [omni.physx.tensors.plugin] Failed to find rigid body at '/World/envs/env_903/robot_a/joints/imu'
2026-09-29T06:40:08Z [46,447ms] [Warning] [omni.physx.tensors.plugin] Failed to find rigid body at '/World/envs/env_904/robot_a/joints/imu'
2026-09-29T06:40:08Z [46,447ms] [Warning] [omni.physx.tensors.plugin] Failed to find rigid body at '/World/envs/env_905/robot_a/joints/imu'
2026-09-29T06:40:08Z [46,447ms] [Warning] [omni.physx.tensors.plugin] Failed to find rigid body at '/World/envs/env_906/robot_a/joints/imu'
2026-09-29T06:40:08Z [46,447ms] [Warning] [omni.physx.tensors.plugin] Failed to find rigid body at '/World/envs/env_907/robot_a/joints/imu'
2026-09-29T06:40:08Z [46,447ms] [Warning] [omni.physx.tensors.plugin] Failed to find rigid body at '/World/envs/env_908/robot_a/joints/imu'
2026-09-29T06:40:08Z [46,447ms] [Warning] [omni.physx.tensors.plugin] Failed to find rigid body at '/World/envs/env_909/robot_a/joints/imu'
2026-09-29T06:40:08Z [46,447ms] [Warning] [omni.physx.tensors.plugin] Failed to find rigid body at '/World/envs/env_910/robot_a/joints/imu'
2026-09-29T06:40:08Z [46,447ms] [Warning] [omni.physx.tensors.plugin] Failed to find rigid body at '/World/envs/env_911/robot_a/joints/imu'
2026-09-29T06:40:08Z [46,447ms] [Warning] [omni.physx.tensors.plugin] Failed to find rigid body at '/World/envs/env_912/robot_a/joints/imu'
2026-09-29T06:40:08Z [46,447ms] [Warning] [omni.physx.tensors.plugin] Failed to find rigid body at '/World/envs/env_913/robot_a/joints/imu'
2026-09-29T06:40:08Z [46,447ms] [Warning] [omni.physx.tensors.plugin] Failed to find rigid body at '/World/envs/env_914/robot_a/joints/imu'
2026-09-29T06:40:08Z [46,447ms] [Warning] [omni.physx.tensors.plugin] Failed to find rigid body at '/World/envs/env_915/robot_a/joints/imu'
2026-09-29T06:40:08Z [46,447ms] [Warning] [omni.physx.tensors.plugin] Failed to find rigid body at '/World/envs/env_916/robot_a/joints/imu'
2026-09-29T06:40:08Z [46,447ms] [Warning] [omni.physx.tensors.plugin] Failed to find rigid body at '/World/envs/env_917/robot_a/joints/imu'
2026-09-29T06:40:08Z [46,447ms] [Warning] [omni.physx.tensors.plugin] Failed to find rigid body at '/World/envs/env_918/robot_a/joints/imu'
2026-09-29T06:40:08Z [46,447ms] [Warning] [omni.physx.tensors.plugin] Failed to find rigid body at '/World/envs/env_919/robot_a/joints/imu'
2026-09-29T06:40:08Z [46,447ms] [Warning] [omni.physx.tensors.plugin] Failed to find rigid body at '/World/envs/env_920/robot_a/joints/imu'
2026-09-29T06:40:08Z [46,447ms] [Warning] [omni.physx.tensors.plugin] Failed to find rigid body at '/World/envs/env_921/robot_a/joints/imu'
2026-09-29T06:40:08Z [46,447ms] [Warning] [omni.physx.tensors.plugin] Failed to find rigid body at '/World/envs/env_922/robot_a/joints/imu'
2026-09-29T06:40:08Z [46,447ms] [Warning] [omni.physx.tensors.plugin] Failed to find rigid body at '/World/envs/env_923/robot_a/joints/imu'
2026-09-29T06:40:08Z [46,447ms] [Warning] [omni.physx.tensors.plugin] Failed to find rigid body at '/World/envs/env_924/robot_a/joints/imu'
2026-09-29T06:40:08Z [46,447ms] [Warning] [omni.physx.tensors.plugin] Failed to find rigid body at '/World/envs/env_925/robot_a/joints/imu'
2026-09-29T06:40:08Z [46,447ms] [Warning] [omni.physx.tensors.plugin] Failed to find rigid body at '/World/envs/env_926/robot_a/joints/imu'
2026-09-29T06:40:08Z [46,447ms] [Warning] [omni.physx.tensors.plugin] Failed to find rigid body at '/World/envs/env_927/robot_a/joints/imu'
2026-09-29T06:40:08Z [46,447ms] [Warning] [omni.physx.tensors.plugin] Failed to find rigid body at '/World/envs/env_928/robot_a/joints/imu'
2026-09-29T06:40:08Z [46,447ms] [Warning] [omni.physx.tensors.plugin] Failed to find rigid body at '/World/envs/env_929/robot_a/joints/imu'
2026-09-29T06:40:08Z [46,447ms] [Warning] [omni.physx.tensors.plugin] Failed to find rigid body at '/World/envs/env_930/robot_a/joints/imu'
2026-09-29T06:40:08Z [46,447ms] [Warning] [omni.physx.tensors.plugin] Failed to find rigid body at '/World/envs/env_931/robot_a/joints/imu'
2026-09-29T06:40:08Z [46,447ms] [Warning] [omni.physx.tensors.plugin] Failed to find rigid body at '/World/envs/env_932/robot_a/joints/imu'
2026-09-29T06:40:08Z [46,447ms] [Warning] [omni.physx.tensors.plugin] Failed to find rigid body at '/World/envs/env_933/robot_a/joints/imu'
2026-09-29T06:40:08Z [46,447ms] [Warning] [omni.physx.tensors.plugin] Failed to find rigid body at '/World/envs/env_934/robot_a/joints/imu'
2026-09-29T06:40:08Z [46,447ms] [Warning] [omni.physx.tensors.plugin] Failed to find rigid body at '/World/envs/env_935/robot_a/joints/imu'
2026-09-29T06:40:08Z [46,447ms] [Warning] [omni.physx.tensors.plugin] Failed to find rigid body at '/World/envs/env_936/robot_a/joints/imu'
2026-09-29T06:40:08Z [46,448ms] [Warning] [omni.physx.tensors.plugin] Failed to find rigid body at '/World/envs/env_937/robot_a/joints/imu'
2026-09-29T06:40:08Z [46,448ms] [Warning] [omni.physx.tensors.plugin] Failed to find rigid body at '/World/envs/env_938/robot_a/joints/imu'
2026-09-29T06:40:08Z [46,448ms] [Warning] [omni.physx.tensors.plugin] Failed to find rigid body at '/World/envs/env_939/robot_a/joints/imu'
2026-09-29T06:40:08Z [46,448ms] [Warning] [omni.physx.tensors.plugin] Failed to find rigid body at '/World/envs/env_940/robot_a/joints/imu'
2026-09-29T06:40:08Z [46,448ms] [Warning] [omni.physx.tensors.plugin] Failed to find rigid body at '/World/envs/env_941/robot_a/joints/imu'
2026-09-29T06:40:08Z [46,448ms] [Warning] [omni.physx.tensors.plugin] Failed to find rigid body at '/World/envs/env_942/robot_a/joints/imu'
2026-09-29T06:40:08Z [46,448ms] [Warning] [omni.physx.tensors.plugin] Failed to find rigid body at '/World/envs/env_943/robot_a/joints/imu'
2026-09-29T06:40:08Z [46,448ms] [Warning] [omni.physx.tensors.plugin] Failed to find rigid body at '/World/envs/env_944/robot_a/joints/imu'
2026-09-29T06:40:08Z [46,448ms] [Warning] [omni.physx.tensors.plugin] Failed to find rigid body at '/World/envs/env_945/robot_a/joints/imu'
2026-09-29T06:40:08Z [46,448ms] [Warning] [omni.physx.tensors.plugin] Failed to find rigid body at '/World/envs/env_946/robot_a/joints/imu'
2026-09-29T06:40:08Z [46,448ms] [Warning] [omni.physx.tensors.plugin] Failed to find rigid body at '/World/envs/env_947/robot_a/joints/imu'
2026-09-29T06:40:08Z [46,448ms] [Warning] [omni.physx.tensors.plugin] Failed to find rigid body at '/World/envs/env_948/robot_a/joints/imu'
2026-09-29T06:40:08Z [46,448ms] [Warning] [omni.physx.tensors.plugin] Failed to find rigid body at '/World/envs/env_949/robot_a/joints/imu'
2026-09-29T06:40:08Z [46,448ms] [Warning] [omni.physx.tensors.plugin] Failed to find rigid body at '/World/envs/env_950/robot_a/joints/imu'
2026-09-29T06:40:08Z [46,448ms] [Warning] [omni.physx.tensors.plugin] Failed to find rigid body at '/World/envs/env_951/robot_a/joints/imu'
2026-09-29T06:40:08Z [46,448ms] [Warning] [omni.physx.tensors.plugin] Failed to find rigid body at '/World/envs/env_952/robot_a/joints/imu'
2026-09-29T06:40:08Z [46,448ms] [Warning] [omni.physx.tensors.plugin] Failed to find rigid body at '/World/envs/env_953/robot_a/joints/imu'
2026-09-29T06:40:08Z [46,448ms] [Warning] [omni.physx.tensors.plugin] Failed to find rigid body at '/World/envs/env_954/robot_a/joints/imu'
2026-09-29T06:40:08Z [46,448ms] [Warning] [omni.physx.tensors.plugin] Failed to find rigid body at '/World/envs/env_955/robot_a/joints/imu'
2026-09-29T06:40:08Z [46,448ms] [Warning] [omni.physx.tensors.plugin] Failed to find rigid body at '/World/envs/env_956/robot_a/joints/imu'
2026-09-29T06:40:08Z [46,448ms] [Warning] [omni.physx.tensors.plugin] Failed to find rigid body at '/World/envs/env_957/robot_a/joints/imu'
2026-09-29T06:40:08Z [46,448ms] [Warning] [omni.physx.tensors.plugin] Failed to find rigid body at '/World/envs/env_958/robot_a/joints/imu'
2026-09-29T06:40:08Z [46,448ms] [Warning] [omni.physx.tensors.plugin] Failed to find rigid body at '/World/envs/env_959/robot_a/joints/imu'
2026-09-29T06:40:08Z [46,448ms] [Warning] [omni.physx.tensors.plugin] Failed to find rigid body at '/World/envs/env_960/robot_a/joints/imu'
2026-09-29T06:40:08Z [46,448ms] [Warning] [omni.physx.tensors.plugin] Failed to find rigid body at '/World/envs/env_961/robot_a/joints/imu'
2026-09-29T06:40:08Z [46,448ms] [Warning] [omni.physx.tensors.plugin] Failed to find rigid body at '/World/envs/env_962/robot_a/joints/imu'
2026-09-29T06:40:08Z [46,448ms] [Warning] [omni.physx.tensors.plugin] Failed to find rigid body at '/World/envs/env_963/robot_a/joints/imu'
2026-09-29T06:40:08Z [46,448ms] [Warning] [omni.physx.tensors.plugin] Failed to find rigid body at '/World/envs/env_964/robot_a/joints/imu'
2026-09-29T06:40:08Z [46,448ms] [Warning] [omni.physx.tensors.plugin] Failed to find rigid body at '/World/envs/env_965/robot_a/joints/imu'
2026-09-29T06:40:08Z [46,448ms] [Warning] [omni.physx.tensors.plugin] Failed to find rigid body at '/World/envs/env_966/robot_a/joints/imu'
2026-09-29T06:40:08Z [46,448ms] [Warning] [omni.physx.tensors.plugin] Failed to find rigid body at '/World/envs/env_967/robot_a/joints/imu'
2026-09-29T06:40:08Z [46,448ms] [Warning] [omni.physx.tensors.plugin] Failed to find rigid body at '/World/envs/env_968/robot_a/joints/imu'
2026-09-29T06:40:08Z [46,448ms] [Warning] [omni.physx.tensors.plugin] Failed to find rigid body at '/World/envs/env_969/robot_a/joints/imu'
2026-09-29T06:40:08Z [46,448ms] [Warning] [omni.physx.tensors.plugin] Failed to find rigid body at '/World/envs/env_970/robot_a/joints/imu'
2026-09-29T06:40:08Z [46,448ms] [Warning] [omni.physx.tensors.plugin] Failed to find rigid body at '/World/envs/env_971/robot_a/joints/imu'
2026-09-29T06:40:08Z [46,448ms] [Warning] [omni.physx.tensors.plugin] Failed to find rigid body at '/World/envs/env_972/robot_a/joints/imu'
2026-09-29T06:40:08Z [46,448ms] [Warning] [omni.physx.tensors.plugin] Failed to find rigid body at '/World/envs/env_973/robot_a/joints/imu'
2026-09-29T06:40:08Z [46,448ms] [Warning] [omni.physx.tensors.plugin] Failed to find rigid body at '/World/envs/env_974/robot_a/joints/imu'
2026-09-29T06:40:08Z [46,448ms] [Warning] [omni.physx.tensors.plugin] Failed to find rigid body at '/World/envs/env_975/robot_a/joints/imu'
2026-09-29T06:40:08Z [46,448ms] [Warning] [omni.physx.tensors.plugin] Failed to find rigid body at '/World/envs/env_976/robot_a/joints/imu'
2026-09-29T06:40:08Z [46,449ms] [Warning] [omni.physx.tensors.plugin] Failed to find rigid body at '/World/envs/env_977/robot_a/joints/imu'
2026-09-29T06:40:08Z [46,449ms] [Warning] [omni.physx.tensors.plugin] Failed to find rigid body at '/World/envs/env_978/robot_a/joints/imu'
2026-09-29T06:40:08Z [46,449ms] [Warning] [omni.physx.tensors.plugin] Failed to find rigid body at '/World/envs/env_979/robot_a/joints/imu'
2026-09-29T06:40:08Z [46,449ms] [Warning] [omni.physx.tensors.plugin] Failed to find rigid body at '/World/envs/env_980/robot_a/joints/imu'
2026-09-29T06:40:08Z [46,449ms] [Warning] [omni.physx.tensors.plugin] Failed to find rigid body at '/World/envs/env_981/robot_a/joints/imu'
2026-09-29T06:40:08Z [46,449ms] [Warning] [omni.physx.tensors.plugin] Failed to find rigid body at '/World/envs/env_982/robot_a/joints/imu'
2026-09-29T06:40:08Z [46,449ms] [Warning] [omni.physx.tensors.plugin] Failed to find rigid body at '/World/envs/env_983/robot_a/joints/imu'
2026-09-29T06:40:08Z [46,449ms] [Warning] [omni.physx.tensors.plugin] Failed to find rigid body at '/World/envs/env_984/robot_a/joints/imu'
2026-09-29T06:40:08Z [46,449ms] [Warning] [omni.physx.tensors.plugin] Failed to find rigid body at '/World/envs/env_985/robot_a/joints/imu'
2026-09-29T06:40:08Z [46,449ms] [Warning] [omni.physx.tensors.plugin] Failed to find rigid body at '/World/envs/env_986/robot_a/joints/imu'
2026-09-29T06:40:08Z [46,449ms] [Warning] [omni.physx.tensors.plugin] Failed to find rigid body at '/World/envs/env_987/robot_a/joints/imu'
2026-09-29T06:40:08Z [46,449ms] [Warning] [omni.physx.tensors.plugin] Failed to find rigid body at '/World/envs/env_988/robot_a/joints/imu'
2026-09-29T06:40:08Z [46,449ms] [Warning] [omni.physx.tensors.plugin] Failed to find rigid body at '/World/envs/env_989/robot_a/joints/imu'
2026-09-29T06:40:08Z [46,449ms] [Warning] [omni.physx.tensors.plugin] Failed to find rigid body at '/World/envs/env_990/robot_a/joints/imu'
2026-09-29T06:40:08Z [46,449ms] [Warning] [omni.physx.tensors.plugin] Failed to find rigid body at '/World/envs/env_991/robot_a/joints/imu'
2026-09-29T06:40:08Z [46,449ms] [Warning] [omni.physx.tensors.plugin] Failed to find rigid body at '/World/envs/env_992/robot_a/joints/imu'
2026-09-29T06:40:08Z [46,449ms] [Warning] [omni.physx.tensors.plugin] Failed to find rigid body at '/World/envs/env_993/robot_a/joints/imu'
2026-09-29T06:40:08Z [46,449ms] [Warning] [omni.physx.tensors.plugin] Failed to find rigid body at '/World/envs/env_994/robot_a/joints/imu'
2026-09-29T06:40:08Z [46,449ms] [Warning] [omni.physx.tensors.plugin] Failed to find rigid body at '/World/envs/env_995/robot_a/joints/imu'
2026-09-29T06:40:08Z [46,449ms] [Warning] [omni.physx.tensors.plugin] Failed to find rigid body at '/World/envs/env_996/robot_a/joints/imu'
2026-09-29T06:40:08Z [46,449ms] [Warning] [omni.physx.tensors.plugin] Failed to find rigid body at '/World/envs/env_997/robot_a/joints/imu'
2026-09-29T06:40:08Z [46,449ms] [Warning] [omni.physx.tensors.plugin] Failed to find rigid body at '/World/envs/env_998/robot_a/joints/imu'
2026-09-29T06:40:08Z [46,449ms] [Warning] [omni.physx.tensors.plugin] Failed to find rigid body at '/World/envs/env_999/robot_a/joints/imu'
2026-09-29T06:40:08Z [46,449ms] [Warning] [omni.physx.tensors.plugin] Failed to find rigid body at '/World/envs/env_1000/robot_a/joints/imu'
2026-09-29T06:40:08Z [46,449ms] [Warning] [omni.physx.tensors.plugin] Failed to find rigid body at '/World/envs/env_1001/robot_a/joints/imu'
2026-09-29T06:40:08Z [46,449ms] [Warning] [omni.physx.tensors.plugin] Failed to find rigid body at '/World/envs/env_1002/robot_a/joints/imu'
2026-09-29T06:40:08Z [46,449ms] [Warning] [omni.physx.tensors.plugin] Failed to find rigid body at '/World/envs/env_1003/robot_a/joints/imu'
2026-09-29T06:40:08Z [46,449ms] [Warning] [omni.physx.tensors.plugin] Failed to find rigid body at '/World/envs/env_1004/robot_a/joints/imu'
2026-09-29T06:40:08Z [46,449ms] [Warning] [omni.physx.tensors.plugin] Failed to find rigid body at '/World/envs/env_1005/robot_a/joints/imu'
2026-09-29T06:40:08Z [46,449ms] [Warning] [omni.physx.tensors.plugin] Failed to find rigid body at '/World/envs/env_1006/robot_a/joints/imu'
2026-09-29T06:40:08Z [46,449ms] [Warning] [omni.physx.tensors.plugin] Failed to find rigid body at '/World/envs/env_1007/robot_a/joints/imu'
2026-09-29T06:40:08Z [46,449ms] [Warning] [omni.physx.tensors.plugin] Failed to find rigid body at '/World/envs/env_1008/robot_a/joints/imu'
2026-09-29T06:40:08Z [46,449ms] [Warning] [omni.physx.tensors.plugin] Failed to find rigid body at '/World/envs/env_1009/robot_a/joints/imu'
2026-09-29T06:40:08Z [46,449ms] [Warning] [omni.physx.tensors.plugin] Failed to find rigid body at '/World/envs/env_1010/robot_a/joints/imu'
2026-09-29T06:40:08Z [46,449ms] [Warning] [omni.physx.tensors.plugin] Failed to find rigid body at '/World/envs/env_1011/robot_a/joints/imu'
2026-09-29T06:40:08Z [46,449ms] [Warning] [omni.physx.tensors.plugin] Failed to find rigid body at '/World/envs/env_1012/robot_a/joints/imu'
2026-09-29T06:40:08Z [46,449ms] [Warning] [omni.physx.tensors.plugin] Failed to find rigid body at '/World/envs/env_1013/robot_a/joints/imu'
2026-09-29T06:40:08Z [46,449ms] [Warning] [omni.physx.tensors.plugin] Failed to find rigid body at '/World/envs/env_1014/robot_a/joints/imu'
2026-09-29T06:40:08Z [46,449ms] [Warning] [omni.physx.tensors.plugin] Failed to find rigid body at '/World/envs/env_1015/robot_a/joints/imu'
2026-09-29T06:40:08Z [46,450ms] [Warning] [omni.physx.tensors.plugin] Failed to find rigid body at '/World/envs/env_1016/robot_a/joints/imu'
2026-09-29T06:40:08Z [46,450ms] [Warning] [omni.physx.tensors.plugin] Failed to find rigid body at '/World/envs/env_1017/robot_a/joints/imu'
2026-09-29T06:40:08Z [46,450ms] [Warning] [omni.physx.tensors.plugin] Failed to find rigid body at '/World/envs/env_1018/robot_a/joints/imu'
2026-09-29T06:40:08Z [46,450ms] [Warning] [omni.physx.tensors.plugin] Failed to find rigid body at '/World/envs/env_1019/robot_a/joints/imu'
2026-09-29T06:40:08Z [46,450ms] [Warning] [omni.physx.tensors.plugin] Failed to find rigid body at '/World/envs/env_1020/robot_a/joints/imu'
2026-09-29T06:40:08Z [46,450ms] [Warning] [omni.physx.tensors.plugin] Failed to find rigid body at '/World/envs/env_1021/robot_a/joints/imu'
2026-09-29T06:40:08Z [46,450ms] [Warning] [omni.physx.tensors.plugin] Failed to find rigid body at '/World/envs/env_1022/robot_a/joints/imu'
2026-09-29T06:40:08Z [46,450ms] [Warning] [omni.physx.tensors.plugin] Failed to find rigid body at '/World/envs/env_1023/robot_a/joints/imu'
2026-09-29T06:40:08Z [46,555ms] [Warning] [omni.physx.tensors.plugin] Failed to find contact report API at '/World/envs/env_0/robot_a/joints/imu'
2026-09-29T06:40:08Z [46,555ms] [Warning] [omni.physx.tensors.plugin] Failed to find contact report API at '/World/envs/env_1/robot_a/joints/imu'
2026-09-29T06:40:08Z [46,555ms] [Warning] [omni.physx.tensors.plugin] Failed to find contact report API at '/World/envs/env_2/robot_a/joints/imu'
2026-09-29T06:40:08Z [46,555ms] [Warning] [omni.physx.tensors.plugin] Failed to find contact report API at '/World/envs/env_3/robot_a/joints/imu'
2026-09-29T06:40:08Z [46,555ms] [Warning] [omni.physx.tensors.plugin] Failed to find contact report API at '/World/envs/env_4/robot_a/joints/imu'
2026-09-29T06:40:08Z [46,555ms] [Warning] [omni.physx.tensors.plugin] Failed to find contact report API at '/World/envs/env_5/robot_a/joints/imu'
2026-09-29T06:40:08Z [46,555ms] [Warning] [omni.physx.tensors.plugin] Failed to find contact report API at '/World/envs/env_6/robot_a/joints/imu'
2026-09-29T06:40:08Z [46,555ms] [Warning] [omni.physx.tensors.plugin] Failed to find contact report API at '/World/envs/env_7/robot_a/joints/imu'
2026-09-29T06:40:08Z [46,555ms] [Warning] [omni.physx.tensors.plugin] Failed to find contact report API at '/World/envs/env_8/robot_a/joints/imu'
2026-09-29T06:40:08Z [46,556ms] [Warning] [omni.physx.tensors.plugin] Failed to find contact report API at '/World/envs/env_9/robot_a/joints/imu'
2026-09-29T06:40:08Z [46,556ms] [Warning] [omni.physx.tensors.plugin] Failed to find contact report API at '/World/envs/env_10/robot_a/joints/imu'
2026-09-29T06:40:08Z [46,556ms] [Warning] [omni.physx.tensors.plugin] Failed to find contact report API at '/World/envs/env_11/robot_a/joints/imu'
2026-09-29T06:40:08Z [46,556ms] [Warning] [omni.physx.tensors.plugin] Failed to find contact report API at '/World/envs/env_12/robot_a/joints/imu'
2026-09-29T06:40:08Z [46,556ms] [Warning] [omni.physx.tensors.plugin] Failed to find contact report API at '/World/envs/env_13/robot_a/joints/imu'
2026-09-29T06:40:08Z [46,556ms] [Warning] [omni.physx.tensors.plugin] Failed to find contact report API at '/World/envs/env_14/robot_a/joints/imu'
2026-09-29T06:40:08Z [46,556ms] [Warning] [omni.physx.tensors.plugin] Failed to find contact report API at '/World/envs/env_15/robot_a/joints/imu'
2026-09-29T06:40:08Z [46,556ms] [Warning] [omni.physx.tensors.plugin] Failed to find contact report API at '/World/envs/env_16/robot_a/joints/imu'
2026-09-29T06:40:08Z [46,556ms] [Warning] [omni.physx.tensors.plugin] Failed to find contact report API at '/World/envs/env_17/robot_a/joints/imu'
2026-09-29T06:40:08Z [46,556ms] [Warning] [omni.physx.tensors.plugin] Failed to find contact report API at '/World/envs/env_18/robot_a/joints/imu'
2026-09-29T06:40:08Z [46,556ms] [Warning] [omni.physx.tensors.plugin] Failed to find contact report API at '/World/envs/env_19/robot_a/joints/imu'
2026-09-29T06:40:08Z [46,556ms] [Warning] [omni.physx.tensors.plugin] Failed to find contact report API at '/World/envs/env_20/robot_a/joints/imu'
2026-09-29T06:40:08Z [46,556ms] [Warning] [omni.physx.tensors.plugin] Failed to find contact report API at '/World/envs/env_21/robot_a/joints/imu'
2026-09-29T06:40:08Z [46,556ms] [Warning] [omni.physx.tensors.plugin] Failed to find contact report API at '/World/envs/env_22/robot_a/joints/imu'
2026-09-29T06:40:08Z [46,556ms] [Warning] [omni.physx.tensors.plugin] Failed to find contact report API at '/World/envs/env_23/robot_a/joints/imu'
2026-09-29T06:40:08Z [46,556ms] [Warning] [omni.physx.tensors.plugin] Failed to find contact report API at '/World/envs/env_24/robot_a/joints/imu'
2026-09-29T06:40:08Z [46,556ms] [Warning] [omni.physx.tensors.plugin] Failed to find contact report API at '/World/envs/env_25/robot_a/joints/imu'
2026-09-29T06:40:08Z [46,556ms] [Warning] [omni.physx.tensors.plugin] Failed to find contact report API at '/World/envs/env_26/robot_a/joints/imu'
2026-09-29T06:40:08Z [46,556ms] [Warning] [omni.physx.tensors.plugin] Failed to find contact report API at '/World/envs/env_27/robot_a/joints/imu'
2026-09-29T06:40:08Z [46,556ms] [Warning] [omni.physx.tensors.plugin] Failed to find contact report API at '/World/envs/env_28/robot_a/joints/imu'
2026-09-29T06:40:08Z [46,556ms] [Warning] [omni.physx.tensors.plugin] Failed to find contact report API at '/World/envs/env_29/robot_a/joints/imu'
2026-09-29T06:40:08Z [46,556ms] [Warning] [omni.physx.tensors.plugin] Failed to find contact report API at '/World/envs/env_30/robot_a/joints/imu'
2026-09-29T06:40:08Z [46,556ms] [Warning] [omni.physx.tensors.plugin] Failed to find contact report API at '/World/envs/env_31/robot_a/joints/imu'
2026-09-29T06:40:08Z [46,557ms] [Warning] [omni.physx.tensors.plugin] Failed to find contact report API at '/World/envs/env_32/robot_a/joints/imu'
2026-09-29T06:40:08Z [46,557ms] [Warning] [omni.physx.tensors.plugin] Failed to find contact report API at '/World/envs/env_33/robot_a/joints/imu'
2026-09-29T06:40:08Z [46,557ms] [Warning] [omni.physx.tensors.plugin] Failed to find contact report API at '/World/envs/env_34/robot_a/joints/imu'
2026-09-29T06:40:08Z [46,557ms] [Warning] [omni.physx.tensors.plugin] Failed to find contact report API at '/World/envs/env_35/robot_a/joints/imu'
2026-09-29T06:40:08Z [46,557ms] [Warning] [omni.physx.tensors.plugin] Failed to find contact report API at '/World/envs/env_36/robot_a/joints/imu'
2026-09-29T06:40:08Z [46,557ms] [Warning] [omni.physx.tensors.plugin] Failed to find contact report API at '/World/envs/env_37/robot_a/joints/imu'
2026-09-29T06:40:08Z [46,557ms] [Warning] [omni.physx.tensors.plugin] Failed to find contact report API at '/World/envs/env_38/robot_a/joints/imu'
2026-09-29T06:40:08Z [46,557ms] [Warning] [omni.physx.tensors.plugin] Failed to find contact report API at '/World/envs/env_39/robot_a/joints/imu'
2026-09-29T06:40:08Z [46,557ms] [Warning] [omni.physx.tensors.plugin] Failed to find contact report API at '/World/envs/env_40/robot_a/joints/imu'
2026-09-29T06:40:08Z [46,557ms] [Warning] [omni.physx.tensors.plugin] Failed to find contact report API at '/World/envs/env_41/robot_a/joints/imu'
2026-09-29T06:40:08Z [46,557ms] [Warning] [omni.physx.tensors.plugin] Failed to find contact report API at '/World/envs/env_42/robot_a/joints/imu'
2026-09-29T06:40:08Z [46,557ms] [Warning] [omni.physx.tensors.plugin] Failed to find contact report API at '/World/envs/env_43/robot_a/joints/imu'
2026-09-29T06:40:08Z [46,557ms] [Warning] [omni.physx.tensors.plugin] Failed to find contact report API at '/World/envs/env_44/robot_a/joints/imu'
2026-09-29T06:40:08Z [46,557ms] [Warning] [omni.physx.tensors.plugin] Failed to find contact report API at '/World/envs/env_45/robot_a/joints/imu'
2026-09-29T06:40:08Z [46,557ms] [Warning] [omni.physx.tensors.plugin] Failed to find contact report API at '/World/envs/env_46/robot_a/joints/imu'
2026-09-29T06:40:08Z [46,557ms] [Warning] [omni.physx.tensors.plugin] Failed to find contact report API at '/World/envs/env_47/robot_a/joints/imu'
2026-09-29T06:40:08Z [46,557ms] [Warning] [omni.physx.tensors.plugin] Failed to find contact report API at '/World/envs/env_48/robot_a/joints/imu'
2026-09-29T06:40:08Z [46,557ms] [Warning] [omni.physx.tensors.plugin] Failed to find contact report API at '/World/envs/env_49/robot_a/joints/imu'
2026-09-29T06:40:08Z [46,557ms] [Warning] [omni.physx.tensors.plugin] Failed to find contact report API at '/World/envs/env_50/robot_a/joints/imu'
2026-09-29T06:40:08Z [46,557ms] [Warning] [omni.physx.tensors.plugin] Failed to find contact report API at '/World/envs/env_51/robot_a/joints/imu'
2026-09-29T06:40:08Z [46,557ms] [Warning] [omni.physx.tensors.plugin] Failed to find contact report API at '/World/envs/env_52/robot_a/joints/imu'
2026-09-29T06:40:08Z [46,557ms] [Warning] [omni.physx.tensors.plugin] Failed to find contact report API at '/World/envs/env_53/robot_a/joints/imu'
2026-09-29T06:40:08Z [46,557ms] [Warning] [omni.physx.tensors.plugin] Failed to find contact report API at '/World/envs/env_54/robot_a/joints/imu'
2026-09-29T06:40:08Z [46,557ms] [Warning] [omni.physx.tensors.plugin] Failed to find contact report API at '/World/envs/env_55/robot_a/joints/imu'
2026-09-29T06:40:08Z [46,557ms] [Warning] [omni.physx.tensors.plugin] Failed to find contact report API at '/World/envs/env_56/robot_a/joints/imu'
2026-09-29T06:40:08Z [46,557ms] [Warning] [omni.physx.tensors.plugin] Failed to find contact report API at '/World/envs/env_57/robot_a/joints/imu'
2026-09-29T06:40:08Z [46,557ms] [Warning] [omni.physx.tensors.plugin] Failed to find contact report API at '/World/envs/env_58/robot_a/joints/imu'
2026-09-29T06:40:08Z [46,558ms] [Warning] [omni.physx.tensors.plugin] Failed to find contact report API at '/World/envs/env_59/robot_a/joints/imu'
2026-09-29T06:40:08Z [46,558ms] [Warning] [omni.physx.tensors.plugin] Failed to find contact report API at '/World/envs/env_60/robot_a/joints/imu'
2026-09-29T06:40:08Z [46,558ms] [Warning] [omni.physx.tensors.plugin] Failed to find contact report API at '/World/envs/env_61/robot_a/joints/imu'
2026-09-29T06:40:08Z [46,558ms] [Warning] [omni.physx.tensors.plugin] Failed to find contact report API at '/World/envs/env_62/robot_a/joints/imu'
2026-09-29T06:40:08Z [46,558ms] [Warning] [omni.physx.tensors.plugin] Failed to find contact report API at '/World/envs/env_63/robot_a/joints/imu'
2026-09-29T06:40:08Z [46,558ms] [Warning] [omni.physx.tensors.plugin] Failed to find contact report API at '/World/envs/env_64/robot_a/joints/imu'
2026-09-29T06:40:08Z [46,558ms] [Warning] [omni.physx.tensors.plugin] Failed to find contact report API at '/World/envs/env_65/robot_a/joints/imu'
2026-09-29T06:40:08Z [46,558ms] [Warning] [omni.physx.tensors.plugin] Failed to find contact report API at '/World/envs/env_66/robot_a/joints/imu'
2026-09-29T06:40:08Z [46,558ms] [Warning] [omni.physx.tensors.plugin] Failed to find contact report API at '/World/envs/env_67/robot_a/joints/imu'
2026-09-29T06:40:08Z [46,558ms] [Warning] [omni.physx.tensors.plugin] Failed to find contact report API at '/World/envs/env_68/robot_a/joints/imu'
2026-09-29T06:40:08Z [46,558ms] [Warning] [omni.physx.tensors.plugin] Failed to find contact report API at '/World/envs/env_69/robot_a/joints/imu'
2026-09-29T06:40:08Z [46,558ms] [Warning] [omni.physx.tensors.plugin] Failed to find contact report API at '/World/envs/env_70/robot_a/joints/imu'
2026-09-29T06:40:08Z [46,558ms] [Warning] [omni.physx.tensors.plugin] Failed to find contact report API at '/World/envs/env_71/robot_a/joints/imu'
2026-09-29T06:40:08Z [46,558ms] [Warning] [omni.physx.tensors.plugin] Failed to find contact report API at '/World/envs/env_72/robot_a/joints/imu'
2026-09-29T06:40:08Z [46,558ms] [Warning] [omni.physx.tensors.plugin] Failed to find contact report API at '/World/envs/env_73/robot_a/joints/imu'
2026-09-29T06:40:08Z [46,558ms] [Warning] [omni.physx.tensors.plugin] Failed to find contact report API at '/World/envs/env_74/robot_a/joints/imu'
2026-09-29T06:40:08Z [46,558ms] [Warning] [omni.physx.tensors.plugin] Failed to find contact report API at '/World/envs/env_75/robot_a/joints/imu'
2026-09-29T06:40:08Z [46,558ms] [Warning] [omni.physx.tensors.plugin] Failed to find contact report API at '/World/envs/env_76/robot_a/joints/imu'
2026-09-29T06:40:08Z [46,558ms] [Warning] [omni.physx.tensors.plugin] Failed to find contact report API at '/World/envs/env_77/robot_a/joints/imu'
2026-09-29T06:40:08Z [46,558ms] [Warning] [omni.physx.tensors.plugin] Failed to find contact report API at '/World/envs/env_78/robot_a/joints/imu'
2026-09-29T06:40:08Z [46,558ms] [Warning] [omni.physx.tensors.plugin] Failed to find contact report API at '/World/envs/env_79/robot_a/joints/imu'
2026-09-29T06:40:08Z [46,558ms] [Warning] [omni.physx.tensors.plugin] Failed to find contact report API at '/World/envs/env_80/robot_a/joints/imu'
2026-09-29T06:40:08Z [46,558ms] [Warning] [omni.physx.tensors.plugin] Failed to find contact report API at '/World/envs/env_81/robot_a/joints/imu'
2026-09-29T06:40:08Z [46,558ms] [Warning] [omni.physx.tensors.plugin] Failed to find contact report API at '/World/envs/env_82/robot_a/joints/imu'
2026-09-29T06:40:08Z [46,558ms] [Warning] [omni.physx.tensors.plugin] Failed to find contact report API at '/World/envs/env_83/robot_a/joints/imu'
2026-09-29T06:40:08Z [46,558ms] [Warning] [omni.physx.tensors.plugin] Failed to find contact report API at '/World/envs/env_84/robot_a/joints/imu'
2026-09-29T06:40:08Z [46,558ms] [Warning] [omni.physx.tensors.plugin] Failed to find contact report API at '/World/envs/env_85/robot_a/joints/imu'
2026-09-29T06:40:08Z [46,558ms] [Warning] [omni.physx.tensors.plugin] Failed to find contact report API at '/World/envs/env_86/robot_a/joints/imu'
2026-09-29T06:40:08Z [46,558ms] [Warning] [omni.physx.tensors.plugin] Failed to find contact report API at '/World/envs/env_87/robot_a/joints/imu'
2026-09-29T06:40:08Z [46,559ms] [Warning] [omni.physx.tensors.plugin] Failed to find contact report API at '/World/envs/env_88/robot_a/joints/imu'
2026-09-29T06:40:08Z [46,559ms] [Warning] [omni.physx.tensors.plugin] Failed to find contact report API at '/World/envs/env_89/robot_a/joints/imu'
2026-09-29T06:40:08Z [46,559ms] [Warning] [omni.physx.tensors.plugin] Failed to find contact report API at '/World/envs/env_90/robot_a/joints/imu'
2026-09-29T06:40:08Z [46,559ms] [Warning] [omni.physx.tensors.plugin] Failed to find contact report API at '/World/envs/env_91/robot_a/joints/imu'
2026-09-29T06:40:08Z [46,559ms] [Warning] [omni.physx.tensors.plugin] Failed to find contact report API at '/World/envs/env_92/robot_a/joints/imu'
2026-09-29T06:40:08Z [46,559ms] [Warning] [omni.physx.tensors.plugin] Failed to find contact report API at '/World/envs/env_93/robot_a/joints/imu'
2026-09-29T06:40:08Z [46,559ms] [Warning] [omni.physx.tensors.plugin] Failed to find contact report API at '/World/envs/env_94/robot_a/joints/imu'
2026-09-29T06:40:08Z [46,559ms] [Warning] [omni.physx.tensors.plugin] Failed to find contact report API at '/World/envs/env_95/robot_a/joints/imu'
2026-09-29T06:40:08Z [46,559ms] [Warning] [omni.physx.tensors.plugin] Failed to find contact report API at '/World/envs/env_96/robot_a/joints/imu'
2026-09-29T06:40:08Z [46,559ms] [Warning] [omni.physx.tensors.plugin] Failed to find contact report API at '/World/envs/env_97/robot_a/joints/imu'
2026-09-29T06:40:08Z [46,559ms] [Warning] [omni.physx.tensors.plugin] Failed to find contact report API at '/World/envs/env_98/robot_a/joints/imu'
2026-09-29T06:40:08Z [46,559ms] [Warning] [omni.physx.tensors.plugin] Failed to find contact report API at '/World/envs/env_99/robot_a/joints/imu'
2026-09-29T06:40:08Z [46,559ms] [Warning] [omni.physx.tensors.plugin] Failed to find contact report API at '/World/envs/env_100/robot_a/joints/imu'
2026-09-29T06:40:08Z [46,559ms] [Warning] [omni.physx.tensors.plugin] Failed to find contact report API at '/World/envs/env_101/robot_a/joints/imu'
2026-09-29T06:40:08Z [46,559ms] [Warning] [omni.physx.tensors.plugin] Failed to find contact report API at '/World/envs/env_102/robot_a/joints/imu'
2026-09-29T06:40:08Z [46,559ms] [Warning] [omni.physx.tensors.plugin] Failed to find contact report API at '/World/envs/env_103/robot_a/joints/imu'
2026-09-29T06:40:08Z [46,559ms] [Warning] [omni.physx.tensors.plugin] Failed to find contact report API at '/World/envs/env_104/robot_a/joints/imu'
2026-09-29T06:40:08Z [46,559ms] [Warning] [omni.physx.tensors.plugin] Failed to find contact report API at '/World/envs/env_105/robot_a/joints/imu'
2026-09-29T06:40:08Z [46,559ms] [Warning] [omni.physx.tensors.plugin] Failed to find contact report API at '/World/envs/env_106/robot_a/joints/imu'
2026-09-29T06:40:08Z [46,559ms] [Warning] [omni.physx.tensors.plugin] Failed to find contact report API at '/World/envs/env_107/robot_a/joints/imu'
2026-09-29T06:40:08Z [46,559ms] [Warning] [omni.physx.tensors.plugin] Failed to find contact report API at '/World/envs/env_108/robot_a/joints/imu'
2026-09-29T06:40:08Z [46,559ms] [Warning] [omni.physx.tensors.plugin] Failed to find contact report API at '/World/envs/env_109/robot_a/joints/imu'
2026-09-29T06:40:08Z [46,559ms] [Warning] [omni.physx.tensors.plugin] Failed to find contact report API at '/World/envs/env_110/robot_a/joints/imu'
2026-09-29T06:40:08Z [46,559ms] [Warning] [omni.physx.tensors.plugin] Failed to find contact report API at '/World/envs/env_111/robot_a/joints/imu'
2026-09-29T06:40:08Z [46,559ms] [Warning] [omni.physx.tensors.plugin] Failed to find contact report API at '/World/envs/env_112/robot_a/joints/imu'
2026-09-29T06:40:08Z [46,559ms] [Warning] [omni.physx.tensors.plugin] Failed to find contact report API at '/World/envs/env_113/robot_a/joints/imu'
2026-09-29T06:40:08Z [46,559ms] [Warning] [omni.physx.tensors.plugin] Failed to find contact report API at '/World/envs/env_114/robot_a/joints/imu'
2026-09-29T06:40:08Z [46,560ms] [Warning] [omni.physx.tensors.plugin] Failed to find contact report API at '/World/envs/env_115/robot_a/joints/imu'
2026-09-29T06:40:08Z [46,560ms] [Warning] [omni.physx.tensors.plugin] Failed to find contact report API at '/World/envs/env_116/robot_a/joints/imu'
2026-09-29T06:40:08Z [46,560ms] [Warning] [omni.physx.tensors.plugin] Failed to find contact report API at '/World/envs/env_117/robot_a/joints/imu'
2026-09-29T06:40:08Z [46,560ms] [Warning] [omni.physx.tensors.plugin] Failed to find contact report API at '/World/envs/env_118/robot_a/joints/imu'
2026-09-29T06:40:08Z [46,560ms] [Warning] [omni.physx.tensors.plugin] Failed to find contact report API at '/World/envs/env_119/robot_a/joints/imu'
2026-09-29T06:40:08Z [46,560ms] [Warning] [omni.physx.tensors.plugin] Failed to find contact report API at '/World/envs/env_120/robot_a/joints/imu'
2026-09-29T06:40:08Z [46,560ms] [Warning] [omni.physx.tensors.plugin] Failed to find contact report API at '/World/envs/env_121/robot_a/joints/imu'
2026-09-29T06:40:08Z [46,560ms] [Warning] [omni.physx.tensors.plugin] Failed to find contact report API at '/World/envs/env_122/robot_a/joints/imu'
2026-09-29T06:40:08Z [46,560ms] [Warning] [omni.physx.tensors.plugin] Failed to find contact report API at '/World/envs/env_123/robot_a/joints/imu'
2026-09-29T06:40:08Z [46,560ms] [Warning] [omni.physx.tensors.plugin] Failed to find contact report API at '/World/envs/env_124/robot_a/joints/imu'
2026-09-29T06:40:08Z [46,560ms] [Warning] [omni.physx.tensors.plugin] Failed to find contact report API at '/World/envs/env_125/robot_a/joints/imu'
2026-09-29T06:40:08Z [46,560ms] [Warning] [omni.physx.tensors.plugin] Failed to find contact report API at '/World/envs/env_126/robot_a/joints/imu'
2026-09-29T06:40:08Z [46,560ms] [Warning] [omni.physx.tensors.plugin] Failed to find contact report API at '/World/envs/env_127/robot_a/joints/imu'
2026-09-29T06:40:08Z [46,560ms] [Warning] [omni.physx.tensors.plugin] Failed to find contact report API at '/World/envs/env_128/robot_a/joints/imu'
2026-09-29T06:40:08Z [46,560ms] [Warning] [omni.physx.tensors.plugin] Failed to find contact report API at '/World/envs/env_129/robot_a/joints/imu'
2026-09-29T06:40:08Z [46,560ms] [Warning] [omni.physx.tensors.plugin] Failed to find contact report API at '/World/envs/env_130/robot_a/joints/imu'
2026-09-29T06:40:08Z [46,560ms] [Warning] [omni.physx.tensors.plugin] Failed to find contact report API at '/World/envs/env_131/robot_a/joints/imu'
2026-09-29T06:40:08Z [46,560ms] [Warning] [omni.physx.tensors.plugin] Failed to find contact report API at '/World/envs/env_132/robot_a/joints/imu'
2026-09-29T06:40:08Z [46,560ms] [Warning] [omni.physx.tensors.plugin] Failed to find contact report API at '/World/envs/env_133/robot_a/joints/imu'
2026-09-29T06:40:08Z [46,560ms] [Warning] [omni.physx.tensors.plugin] Failed to find contact report API at '/World/envs/env_134/robot_a/joints/imu'
2026-09-29T06:40:08Z [46,560ms] [Warning] [omni.physx.tensors.plugin] Failed to find contact report API at '/World/envs/env_135/robot_a/joints/imu'
2026-09-29T06:40:08Z [46,560ms] [Warning] [omni.physx.tensors.plugin] Failed to find contact report API at '/World/envs/env_136/robot_a/joints/imu'
2026-09-29T06:40:08Z [46,560ms] [Warning] [omni.physx.tensors.plugin] Failed to find contact report API at '/World/envs/env_137/robot_a/joints/imu'
2026-09-29T06:40:08Z [46,560ms] [Warning] [omni.physx.tensors.plugin] Failed to find contact report API at '/World/envs/env_138/robot_a/joints/imu'
2026-09-29T06:40:08Z [46,560ms] [Warning] [omni.physx.tensors.plugin] Failed to find contact report API at '/World/envs/env_139/robot_a/joints/imu'
2026-09-29T06:40:08Z [46,561ms] [Warning] [omni.physx.tensors.plugin] Failed to find contact report API at '/World/envs/env_140/robot_a/joints/imu'
2026-09-29T06:40:08Z [46,561ms] [Warning] [omni.physx.tensors.plugin] Failed to find contact report API at '/World/envs/env_141/robot_a/joints/imu'
2026-09-29T06:40:08Z [46,561ms] [Warning] [omni.physx.tensors.plugin] Failed to find contact report API at '/World/envs/env_142/robot_a/joints/imu'
2026-09-29T06:40:08Z [46,561ms] [Warning] [omni.physx.tensors.plugin] Failed to find contact report API at '/World/envs/env_143/robot_a/joints/imu'
2026-09-29T06:40:08Z [46,561ms] [Warning] [omni.physx.tensors.plugin] Failed to find contact report API at '/World/envs/env_144/robot_a/joints/imu'
2026-09-29T06:40:08Z [46,561ms] [Warning] [omni.physx.tensors.plugin] Failed to find contact report API at '/World/envs/env_145/robot_a/joints/imu'
2026-09-29T06:40:08Z [46,561ms] [Warning] [omni.physx.tensors.plugin] Failed to find contact report API at '/World/envs/env_146/robot_a/joints/imu'
2026-09-29T06:40:08Z [46,561ms] [Warning] [omni.physx.tensors.plugin] Failed to find contact report API at '/World/envs/env_147/robot_a/joints/imu'
2026-09-29T06:40:08Z [46,561ms] [Warning] [omni.physx.tensors.plugin] Failed to find contact report API at '/World/envs/env_148/robot_a/joints/imu'
2026-09-29T06:40:08Z [46,561ms] [Warning] [omni.physx.tensors.plugin] Failed to find contact report API at '/World/envs/env_149/robot_a/joints/imu'
2026-09-29T06:40:08Z [46,561ms] [Warning] [omni.physx.tensors.plugin] Failed to find contact report API at '/World/envs/env_150/robot_a/joints/imu'
2026-09-29T06:40:08Z [46,561ms] [Warning] [omni.physx.tensors.plugin] Failed to find contact report API at '/World/envs/env_151/robot_a/joints/imu'
2026-09-29T06:40:08Z [46,561ms] [Warning] [omni.physx.tensors.plugin] Failed to find contact report API at '/World/envs/env_152/robot_a/joints/imu'
2026-09-29T06:40:08Z [46,561ms] [Warning] [omni.physx.tensors.plugin] Failed to find contact report API at '/World/envs/env_153/robot_a/joints/imu'
2026-09-29T06:40:08Z [46,561ms] [Warning] [omni.physx.tensors.plugin] Failed to find contact report API at '/World/envs/env_154/robot_a/joints/imu'
2026-09-29T06:40:08Z [46,561ms] [Warning] [omni.physx.tensors.plugin] Failed to find contact report API at '/World/envs/env_155/robot_a/joints/imu'
2026-09-29T06:40:08Z [46,561ms] [Warning] [omni.physx.tensors.plugin] Failed to find contact report API at '/World/envs/env_156/robot_a/joints/imu'
2026-09-29T06:40:08Z [46,561ms] [Warning] [omni.physx.tensors.plugin] Failed to find contact report API at '/World/envs/env_157/robot_a/joints/imu'
2026-09-29T06:40:08Z [46,561ms] [Warning] [omni.physx.tensors.plugin] Failed to find contact report API at '/World/envs/env_158/robot_a/joints/imu'
2026-09-29T06:40:08Z [46,561ms] [Warning] [omni.physx.tensors.plugin] Failed to find contact report API at '/World/envs/env_159/robot_a/joints/imu'
2026-09-29T06:40:08Z [46,561ms] [Warning] [omni.physx.tensors.plugin] Failed to find contact report API at '/World/envs/env_160/robot_a/joints/imu'
2026-09-29T06:40:08Z [46,561ms] [Warning] [omni.physx.tensors.plugin] Failed to find contact report API at '/World/envs/env_161/robot_a/joints/imu'
2026-09-29T06:40:08Z [46,561ms] [Warning] [omni.physx.tensors.plugin] Failed to find contact report API at '/World/envs/env_162/robot_a/joints/imu'
2026-09-29T06:40:08Z [46,562ms] [Warning] [omni.physx.tensors.plugin] Failed to find contact report API at '/World/envs/env_163/robot_a/joints/imu'
2026-09-29T06:40:08Z [46,562ms] [Warning] [omni.physx.tensors.plugin] Failed to find contact report API at '/World/envs/env_164/robot_a/joints/imu'
2026-09-29T06:40:08Z [46,562ms] [Warning] [omni.physx.tensors.plugin] Failed to find contact report API at '/World/envs/env_165/robot_a/joints/imu'
2026-09-29T06:40:08Z [46,562ms] [Warning] [omni.physx.tensors.plugin] Failed to find contact report API at '/World/envs/env_166/robot_a/joints/imu'
2026-09-29T06:40:08Z [46,562ms] [Warning] [omni.physx.tensors.plugin] Failed to find contact report API at '/World/envs/env_167/robot_a/joints/imu'
2026-09-29T06:40:08Z [46,562ms] [Warning] [omni.physx.tensors.plugin] Failed to find contact report API at '/World/envs/env_168/robot_a/joints/imu'
2026-09-29T06:40:08Z [46,562ms] [Warning] [omni.physx.tensors.plugin] Failed to find contact report API at '/World/envs/env_169/robot_a/joints/imu'
2026-09-29T06:40:08Z [46,562ms] [Warning] [omni.physx.tensors.plugin] Failed to find contact report API at '/World/envs/env_170/robot_a/joints/imu'
2026-09-29T06:40:08Z [46,562ms] [Warning] [omni.physx.tensors.plugin] Failed to find contact report API at '/World/envs/env_171/robot_a/joints/imu'
2026-09-29T06:40:08Z [46,562ms] [Warning] [omni.physx.tensors.plugin] Failed to find contact report API at '/World/envs/env_172/robot_a/joints/imu'
2026-09-29T06:40:08Z [46,562ms] [Warning] [omni.physx.tensors.plugin] Failed to find contact report API at '/World/envs/env_173/robot_a/joints/imu'
2026-09-29T06:40:08Z [46,562ms] [Warning] [omni.physx.tensors.plugin] Failed to find contact report API at '/World/envs/env_174/robot_a/joints/imu'
2026-09-29T06:40:08Z [46,562ms] [Warning] [omni.physx.tensors.plugin] Failed to find contact report API at '/World/envs/env_175/robot_a/joints/imu'
2026-09-29T06:40:08Z [46,562ms] [Warning] [omni.physx.tensors.plugin] Failed to find contact report API at '/World/envs/env_176/robot_a/joints/imu'
2026-09-29T06:40:08Z [46,562ms] [Warning] [omni.physx.tensors.plugin] Failed to find contact report API at '/World/envs/env_177/robot_a/joints/imu'
2026-09-29T06:40:08Z [46,562ms] [Warning] [omni.physx.tensors.plugin] Failed to find contact report API at '/World/envs/env_178/robot_a/joints/imu'
2026-09-29T06:40:08Z [46,562ms] [Warning] [omni.physx.tensors.plugin] Failed to find contact report API at '/World/envs/env_179/robot_a/joints/imu'
2026-09-29T06:40:08Z [46,562ms] [Warning] [omni.physx.tensors.plugin] Failed to find contact report API at '/World/envs/env_180/robot_a/joints/imu'
2026-09-29T06:40:08Z [46,562ms] [Warning] [omni.physx.tensors.plugin] Failed to find contact report API at '/World/envs/env_181/robot_a/joints/imu'
2026-09-29T06:40:08Z [46,562ms] [Warning] [omni.physx.tensors.plugin] Failed to find contact report API at '/World/envs/env_182/robot_a/joints/imu'
2026-09-29T06:40:08Z [46,562ms] [Warning] [omni.physx.tensors.plugin] Failed to find contact report API at '/World/envs/env_183/robot_a/joints/imu'
2026-09-29T06:40:08Z [46,562ms] [Warning] [omni.physx.tensors.plugin] Failed to find contact report API at '/World/envs/env_184/robot_a/joints/imu'
2026-09-29T06:40:08Z [46,562ms] [Warning] [omni.physx.tensors.plugin] Failed to find contact report API at '/World/envs/env_185/robot_a/joints/imu'
2026-09-29T06:40:08Z [46,562ms] [Warning] [omni.physx.tensors.plugin] Failed to find contact report API at '/World/envs/env_186/robot_a/joints/imu'
2026-09-29T06:40:08Z [46,562ms] [Warning] [omni.physx.tensors.plugin] Failed to find contact report API at '/World/envs/env_187/robot_a/joints/imu'
2026-09-29T06:40:08Z [46,562ms] [Warning] [omni.physx.tensors.plugin] Failed to find contact report API at '/World/envs/env_188/robot_a/joints/imu'
2026-09-29T06:40:08Z [46,563ms] [Warning] [omni.physx.tensors.plugin] Failed to find contact report API at '/World/envs/env_189/robot_a/joints/imu'
2026-09-29T06:40:08Z [46,563ms] [Warning] [omni.physx.tensors.plugin] Failed to find contact report API at '/World/envs/env_190/robot_a/joints/imu'
2026-09-29T06:40:08Z [46,563ms] [Warning] [omni.physx.tensors.plugin] Failed to find contact report API at '/World/envs/env_191/robot_a/joints/imu'
2026-09-29T06:40:08Z [46,563ms] [Warning] [omni.physx.tensors.plugin] Failed to find contact report API at '/World/envs/env_192/robot_a/joints/imu'
2026-09-29T06:40:08Z [46,563ms] [Warning] [omni.physx.tensors.plugin] Failed to find contact report API at '/World/envs/env_193/robot_a/joints/imu'
2026-09-29T06:40:08Z [46,563ms] [Warning] [omni.physx.tensors.plugin] Failed to find contact report API at '/World/envs/env_194/robot_a/joints/imu'
2026-09-29T06:40:08Z [46,563ms] [Warning] [omni.physx.tensors.plugin] Failed to find contact report API at '/World/envs/env_195/robot_a/joints/imu'
2026-09-29T06:40:08Z [46,563ms] [Warning] [omni.physx.tensors.plugin] Failed to find contact report API at '/World/envs/env_196/robot_a/joints/imu'
2026-09-29T06:40:08Z [46,563ms] [Warning] [omni.physx.tensors.plugin] Failed to find contact report API at '/World/envs/env_197/robot_a/joints/imu'
2026-09-29T06:40:08Z [46,563ms] [Warning] [omni.physx.tensors.plugin] Failed to find contact report API at '/World/envs/env_198/robot_a/joints/imu'
2026-09-29T06:40:08Z [46,563ms] [Warning] [omni.physx.tensors.plugin] Failed to find contact report API at '/World/envs/env_199/robot_a/joints/imu'
2026-09-29T06:40:08Z [46,563ms] [Warning] [omni.physx.tensors.plugin] Failed to find contact report API at '/World/envs/env_200/robot_a/joints/imu'
2026-09-29T06:40:08Z [46,563ms] [Warning] [omni.physx.tensors.plugin] Failed to find contact report API at '/World/envs/env_201/robot_a/joints/imu'
2026-09-29T06:40:08Z [46,563ms] [Warning] [omni.physx.tensors.plugin] Failed to find contact report API at '/World/envs/env_202/robot_a/joints/imu'
2026-09-29T06:40:08Z [46,563ms] [Warning] [omni.physx.tensors.plugin] Failed to find contact report API at '/World/envs/env_203/robot_a/joints/imu'
2026-09-29T06:40:08Z [46,563ms] [Warning] [omni.physx.tensors.plugin] Failed to find contact report API at '/World/envs/env_204/robot_a/joints/imu'
2026-09-29T06:40:08Z [46,563ms] [Warning] [omni.physx.tensors.plugin] Failed to find contact report API at '/World/envs/env_205/robot_a/joints/imu'
2026-09-29T06:40:08Z [46,563ms] [Warning] [omni.physx.tensors.plugin] Failed to find contact report API at '/World/envs/env_206/robot_a/joints/imu'
2026-09-29T06:40:08Z [46,563ms] [Warning] [omni.physx.tensors.plugin] Failed to find contact report API at '/World/envs/env_207/robot_a/joints/imu'
2026-09-29T06:40:08Z [46,563ms] [Warning] [omni.physx.tensors.plugin] Failed to find contact report API at '/World/envs/env_208/robot_a/joints/imu'
2026-09-29T06:40:08Z [46,563ms] [Warning] [omni.physx.tensors.plugin] Failed to find contact report API at '/World/envs/env_209/robot_a/joints/imu'
2026-09-29T06:40:08Z [46,563ms] [Warning] [omni.physx.tensors.plugin] Failed to find contact report API at '/World/envs/env_210/robot_a/joints/imu'
2026-09-29T06:40:08Z [46,563ms] [Warning] [omni.physx.tensors.plugin] Failed to find contact report API at '/World/envs/env_211/robot_a/joints/imu'
2026-09-29T06:40:08Z [46,563ms] [Warning] [omni.physx.tensors.plugin] Failed to find contact report API at '/World/envs/env_212/robot_a/joints/imu'
2026-09-29T06:40:08Z [46,563ms] [Warning] [omni.physx.tensors.plugin] Failed to find contact report API at '/World/envs/env_213/robot_a/joints/imu'
2026-09-29T06:40:08Z [46,563ms] [Warning] [omni.physx.tensors.plugin] Failed to find contact report API at '/World/envs/env_214/robot_a/joints/imu'
2026-09-29T06:40:08Z [46,563ms] [Warning] [omni.physx.tensors.plugin] Failed to find contact report API at '/World/envs/env_215/robot_a/joints/imu'
2026-09-29T06:40:08Z [46,564ms] [Warning] [omni.physx.tensors.plugin] Failed to find contact report API at '/World/envs/env_216/robot_a/joints/imu'
2026-09-29T06:40:08Z [46,564ms] [Warning] [omni.physx.tensors.plugin] Failed to find contact report API at '/World/envs/env_217/robot_a/joints/imu'
2026-09-29T06:40:08Z [46,564ms] [Warning] [omni.physx.tensors.plugin] Failed to find contact report API at '/World/envs/env_218/robot_a/joints/imu'
2026-09-29T06:40:08Z [46,564ms] [Warning] [omni.physx.tensors.plugin] Failed to find contact report API at '/World/envs/env_219/robot_a/joints/imu'
2026-09-29T06:40:08Z [46,564ms] [Warning] [omni.physx.tensors.plugin] Failed to find contact report API at '/World/envs/env_220/robot_a/joints/imu'
2026-09-29T06:40:08Z [46,564ms] [Warning] [omni.physx.tensors.plugin] Failed to find contact report API at '/World/envs/env_221/robot_a/joints/imu'
2026-09-29T06:40:08Z [46,564ms] [Warning] [omni.physx.tensors.plugin] Failed to find contact report API at '/World/envs/env_222/robot_a/joints/imu'
2026-09-29T06:40:08Z [46,564ms] [Warning] [omni.physx.tensors.plugin] Failed to find contact report API at '/World/envs/env_223/robot_a/joints/imu'
2026-09-29T06:40:08Z [46,564ms] [Warning] [omni.physx.tensors.plugin] Failed to find contact report API at '/World/envs/env_224/robot_a/joints/imu'
2026-09-29T06:40:08Z [46,564ms] [Warning] [omni.physx.tensors.plugin] Failed to find contact report API at '/World/envs/env_225/robot_a/joints/imu'
2026-09-29T06:40:08Z [46,564ms] [Warning] [omni.physx.tensors.plugin] Failed to find contact report API at '/World/envs/env_226/robot_a/joints/imu'
2026-09-29T06:40:08Z [46,564ms] [Warning] [omni.physx.tensors.plugin] Failed to find contact report API at '/World/envs/env_227/robot_a/joints/imu'
2026-09-29T06:40:08Z [46,564ms] [Warning] [omni.physx.tensors.plugin] Failed to find contact report API at '/World/envs/env_228/robot_a/joints/imu'
2026-09-29T06:40:08Z [46,564ms] [Warning] [omni.physx.tensors.plugin] Failed to find contact report API at '/World/envs/env_229/robot_a/joints/imu'
2026-09-29T06:40:08Z [46,564ms] [Warning] [omni.physx.tensors.plugin] Failed to find contact report API at '/World/envs/env_230/robot_a/joints/imu'
2026-09-29T06:40:08Z [46,564ms] [Warning] [omni.physx.tensors.plugin] Failed to find contact report API at '/World/envs/env_231/robot_a/joints/imu'
2026-09-29T06:40:08Z [46,564ms] [Warning] [omni.physx.tensors.plugin] Failed to find contact report API at '/World/envs/env_232/robot_a/joints/imu'
2026-09-29T06:40:08Z [46,564ms] [Warning] [omni.physx.tensors.plugin] Failed to find contact report API at '/World/envs/env_233/robot_a/joints/imu'
2026-09-29T06:40:08Z [46,564ms] [Warning] [omni.physx.tensors.plugin] Failed to find contact report API at '/World/envs/env_234/robot_a/joints/imu'
2026-09-29T06:40:08Z [46,564ms] [Warning] [omni.physx.tensors.plugin] Failed to find contact report API at '/World/envs/env_235/robot_a/joints/imu'
2026-09-29T06:40:08Z [46,564ms] [Warning] [omni.physx.tensors.plugin] Failed to find contact report API at '/World/envs/env_236/robot_a/joints/imu'
2026-09-29T06:40:08Z [46,564ms] [Warning] [omni.physx.tensors.plugin] Failed to find contact report API at '/World/envs/env_237/robot_a/joints/imu'
2026-09-29T06:40:08Z [46,564ms] [Warning] [omni.physx.tensors.plugin] Failed to find contact report API at '/World/envs/env_238/robot_a/joints/imu'
2026-09-29T06:40:08Z [46,564ms] [Warning] [omni.physx.tensors.plugin] Failed to find contact report API at '/World/envs/env_239/robot_a/joints/imu'
2026-09-29T06:40:08Z [46,564ms] [Warning] [omni.physx.tensors.plugin] Failed to find contact report API at '/World/envs/env_240/robot_a/joints/imu'
2026-09-29T06:40:08Z [46,564ms] [Warning] [omni.physx.tensors.plugin] Failed to find contact report API at '/World/envs/env_241/robot_a/joints/imu'
2026-09-29T06:40:08Z [46,565ms] [Warning] [omni.physx.tensors.plugin] Failed to find contact report API at '/World/envs/env_242/robot_a/joints/imu'
2026-09-29T06:40:08Z [46,565ms] [Warning] [omni.physx.tensors.plugin] Failed to find contact report API at '/World/envs/env_243/robot_a/joints/imu'
2026-09-29T06:40:08Z [46,565ms] [Warning] [omni.physx.tensors.plugin] Failed to find contact report API at '/World/envs/env_244/robot_a/joints/imu'
2026-09-29T06:40:08Z [46,565ms] [Warning] [omni.physx.tensors.plugin] Failed to find contact report API at '/World/envs/env_245/robot_a/joints/imu'
2026-09-29T06:40:08Z [46,565ms] [Warning] [omni.physx.tensors.plugin] Failed to find contact report API at '/World/envs/env_246/robot_a/joints/imu'
2026-09-29T06:40:08Z [46,565ms] [Warning] [omni.physx.tensors.plugin] Failed to find contact report API at '/World/envs/env_247/robot_a/joints/imu'
2026-09-29T06:40:08Z [46,565ms] [Warning] [omni.physx.tensors.plugin] Failed to find contact report API at '/World/envs/env_248/robot_a/joints/imu'
2026-09-29T06:40:08Z [46,565ms] [Warning] [omni.physx.tensors.plugin] Failed to find contact report API at '/World/envs/env_249/robot_a/joints/imu'
2026-09-29T06:40:08Z [46,565ms] [Warning] [omni.physx.tensors.plugin] Failed to find contact report API at '/World/envs/env_250/robot_a/joints/imu'
2026-09-29T06:40:08Z [46,565ms] [Warning] [omni.physx.tensors.plugin] Failed to find contact report API at '/World/envs/env_251/robot_a/joints/imu'
2026-09-29T06:40:08Z [46,565ms] [Warning] [omni.physx.tensors.plugin] Failed to find contact report API at '/World/envs/env_252/robot_a/joints/imu'
2026-09-29T06:40:08Z [46,565ms] [Warning] [omni.physx.tensors.plugin] Failed to find contact report API at '/World/envs/env_253/robot_a/joints/imu'
2026-09-29T06:40:08Z [46,565ms] [Warning] [omni.physx.tensors.plugin] Failed to find contact report API at '/World/envs/env_254/robot_a/joints/imu'
2026-09-29T06:40:08Z [46,565ms] [Warning] [omni.physx.tensors.plugin] Failed to find contact report API at '/World/envs/env_255/robot_a/joints/imu'
2026-09-29T06:40:08Z [46,565ms] [Warning] [omni.physx.tensors.plugin] Failed to find contact report API at '/World/envs/env_256/robot_a/joints/imu'
2026-09-29T06:40:08Z [46,565ms] [Warning] [omni.physx.tensors.plugin] Failed to find contact report API at '/World/envs/env_257/robot_a/joints/imu'
2026-09-29T06:40:08Z [46,565ms] [Warning] [omni.physx.tensors.plugin] Failed to find contact report API at '/World/envs/env_258/robot_a/joints/imu'
2026-09-29T06:40:08Z [46,565ms] [Warning] [omni.physx.tensors.plugin] Failed to find contact report API at '/World/envs/env_259/robot_a/joints/imu'
2026-09-29T06:40:08Z [46,565ms] [Warning] [omni.physx.tensors.plugin] Failed to find contact report API at '/World/envs/env_260/robot_a/joints/imu'
2026-09-29T06:40:08Z [46,565ms] [Warning] [omni.physx.tensors.plugin] Failed to find contact report API at '/World/envs/env_261/robot_a/joints/imu'
2026-09-29T06:40:08Z [46,565ms] [Warning] [omni.physx.tensors.plugin] Failed to find contact report API at '/World/envs/env_262/robot_a/joints/imu'
2026-09-29T06:40:08Z [46,565ms] [Warning] [omni.physx.tensors.plugin] Failed to find contact report API at '/World/envs/env_263/robot_a/joints/imu'
2026-09-29T06:40:08Z [46,565ms] [Warning] [omni.physx.tensors.plugin] Failed to find contact report API at '/World/envs/env_264/robot_a/joints/imu'
2026-09-29T06:40:08Z [46,565ms] [Warning] [omni.physx.tensors.plugin] Failed to find contact report API at '/World/envs/env_265/robot_a/joints/imu'
2026-09-29T06:40:08Z [46,565ms] [Warning] [omni.physx.tensors.plugin] Failed to find contact report API at '/World/envs/env_266/robot_a/joints/imu'
2026-09-29T06:40:08Z [46,565ms] [Warning] [omni.physx.tensors.plugin] Failed to find contact report API at '/World/envs/env_267/robot_a/joints/imu'
2026-09-29T06:40:08Z [46,565ms] [Warning] [omni.physx.tensors.plugin] Failed to find contact report API at '/World/envs/env_268/robot_a/joints/imu'
2026-09-29T06:40:08Z [46,566ms] [Warning] [omni.physx.tensors.plugin] Failed to find contact report API at '/World/envs/env_269/robot_a/joints/imu'
2026-09-29T06:40:08Z [46,566ms] [Warning] [omni.physx.tensors.plugin] Failed to find contact report API at '/World/envs/env_270/robot_a/joints/imu'
2026-09-29T06:40:08Z [46,566ms] [Warning] [omni.physx.tensors.plugin] Failed to find contact report API at '/World/envs/env_271/robot_a/joints/imu'
2026-09-29T06:40:08Z [46,566ms] [Warning] [omni.physx.tensors.plugin] Failed to find contact report API at '/World/envs/env_272/robot_a/joints/imu'
2026-09-29T06:40:08Z [46,566ms] [Warning] [omni.physx.tensors.plugin] Failed to find contact report API at '/World/envs/env_273/robot_a/joints/imu'
2026-09-29T06:40:08Z [46,566ms] [Warning] [omni.physx.tensors.plugin] Failed to find contact report API at '/World/envs/env_274/robot_a/joints/imu'
2026-09-29T06:40:08Z [46,566ms] [Warning] [omni.physx.tensors.plugin] Failed to find contact report API at '/World/envs/env_275/robot_a/joints/imu'
2026-09-29T06:40:08Z [46,566ms] [Warning] [omni.physx.tensors.plugin] Failed to find contact report API at '/World/envs/env_276/robot_a/joints/imu'
2026-09-29T06:40:08Z [46,566ms] [Warning] [omni.physx.tensors.plugin] Failed to find contact report API at '/World/envs/env_277/robot_a/joints/imu'
2026-09-29T06:40:08Z [46,566ms] [Warning] [omni.physx.tensors.plugin] Failed to find contact report API at '/World/envs/env_278/robot_a/joints/imu'
2026-09-29T06:40:08Z [46,566ms] [Warning] [omni.physx.tensors.plugin] Failed to find contact report API at '/World/envs/env_279/robot_a/joints/imu'
2026-09-29T06:40:08Z [46,566ms] [Warning] [omni.physx.tensors.plugin] Failed to find contact report API at '/World/envs/env_280/robot_a/joints/imu'
2026-09-29T06:40:08Z [46,566ms] [Warning] [omni.physx.tensors.plugin] Failed to find contact report API at '/World/envs/env_281/robot_a/joints/imu'
2026-09-29T06:40:08Z [46,566ms] [Warning] [omni.physx.tensors.plugin] Failed to find contact report API at '/World/envs/env_282/robot_a/joints/imu'
2026-09-29T06:40:08Z [46,566ms] [Warning] [omni.physx.tensors.plugin] Failed to find contact report API at '/World/envs/env_283/robot_a/joints/imu'
2026-09-29T06:40:08Z [46,566ms] [Warning] [omni.physx.tensors.plugin] Failed to find contact report API at '/World/envs/env_284/robot_a/joints/imu'
2026-09-29T06:40:08Z [46,566ms] [Warning] [omni.physx.tensors.plugin] Failed to find contact report API at '/World/envs/env_285/robot_a/joints/imu'
2026-09-29T06:40:08Z [46,566ms] [Warning] [omni.physx.tensors.plugin] Failed to find contact report API at '/World/envs/env_286/robot_a/joints/imu'
2026-09-29T06:40:08Z [46,566ms] [Warning] [omni.physx.tensors.plugin] Failed to find contact report API at '/World/envs/env_287/robot_a/joints/imu'
2026-09-29T06:40:08Z [46,566ms] [Warning] [omni.physx.tensors.plugin] Failed to find contact report API at '/World/envs/env_288/robot_a/joints/imu'
2026-09-29T06:40:08Z [46,566ms] [Warning] [omni.physx.tensors.plugin] Failed to find contact report API at '/World/envs/env_289/robot_a/joints/imu'
2026-09-29T06:40:08Z [46,566ms] [Warning] [omni.physx.tensors.plugin] Failed to find contact report API at '/World/envs/env_290/robot_a/joints/imu'
2026-09-29T06:40:08Z [46,566ms] [Warning] [omni.physx.tensors.plugin] Failed to find contact report API at '/World/envs/env_291/robot_a/joints/imu'
2026-09-29T06:40:08Z [46,566ms] [Warning] [omni.physx.tensors.plugin] Failed to find contact report API at '/World/envs/env_292/robot_a/joints/imu'
2026-09-29T06:40:08Z [46,566ms] [Warning] [omni.physx.tensors.plugin] Failed to find contact report API at '/World/envs/env_293/robot_a/joints/imu'
2026-09-29T06:40:08Z [46,566ms] [Warning] [omni.physx.tensors.plugin] Failed to find contact report API at '/World/envs/env_294/robot_a/joints/imu'
2026-09-29T06:40:08Z [46,566ms] [Warning] [omni.physx.tensors.plugin] Failed to find contact report API at '/World/envs/env_295/robot_a/joints/imu'
2026-09-29T06:40:08Z [46,566ms] [Warning] [omni.physx.tensors.plugin] Failed to find contact report API at '/World/envs/env_296/robot_a/joints/imu'
2026-09-29T06:40:08Z [46,567ms] [Warning] [omni.physx.tensors.plugin] Failed to find contact report API at '/World/envs/env_297/robot_a/joints/imu'
2026-09-29T06:40:08Z [46,567ms] [Warning] [omni.physx.tensors.plugin] Failed to find contact report API at '/World/envs/env_298/robot_a/joints/imu'
2026-09-29T06:40:08Z [46,567ms] [Warning] [omni.physx.tensors.plugin] Failed to find contact report API at '/World/envs/env_299/robot_a/joints/imu'
2026-09-29T06:40:08Z [46,567ms] [Warning] [omni.physx.tensors.plugin] Failed to find contact report API at '/World/envs/env_300/robot_a/joints/imu'
2026-09-29T06:40:08Z [46,567ms] [Warning] [omni.physx.tensors.plugin] Failed to find contact report API at '/World/envs/env_301/robot_a/joints/imu'
2026-09-29T06:40:08Z [46,567ms] [Warning] [omni.physx.tensors.plugin] Failed to find contact report API at '/World/envs/env_302/robot_a/joints/imu'
2026-09-29T06:40:08Z [46,567ms] [Warning] [omni.physx.tensors.plugin] Failed to find contact report API at '/World/envs/env_303/robot_a/joints/imu'
2026-09-29T06:40:08Z [46,567ms] [Warning] [omni.physx.tensors.plugin] Failed to find contact report API at '/World/envs/env_304/robot_a/joints/imu'
2026-09-29T06:40:08Z [46,567ms] [Warning] [omni.physx.tensors.plugin] Failed to find contact report API at '/World/envs/env_305/robot_a/joints/imu'
2026-09-29T06:40:08Z [46,567ms] [Warning] [omni.physx.tensors.plugin] Failed to find contact report API at '/World/envs/env_306/robot_a/joints/imu'
2026-09-29T06:40:08Z [46,567ms] [Warning] [omni.physx.tensors.plugin] Failed to find contact report API at '/World/envs/env_307/robot_a/joints/imu'
2026-09-29T06:40:08Z [46,567ms] [Warning] [omni.physx.tensors.plugin] Failed to find contact report API at '/World/envs/env_308/robot_a/joints/imu'
2026-09-29T06:40:08Z [46,567ms] [Warning] [omni.physx.tensors.plugin] Failed to find contact report API at '/World/envs/env_309/robot_a/joints/imu'
2026-09-29T06:40:08Z [46,568ms] [Warning] [omni.physx.tensors.plugin] Failed to find contact report API at '/World/envs/env_310/robot_a/joints/imu'
2026-09-29T06:40:08Z [46,568ms] [Warning] [omni.physx.tensors.plugin] Failed to find contact report API at '/World/envs/env_311/robot_a/joints/imu'
2026-09-29T06:40:08Z [46,568ms] [Warning] [omni.physx.tensors.plugin] Failed to find contact report API at '/World/envs/env_312/robot_a/joints/imu'
2026-09-29T06:40:08Z [46,568ms] [Warning] [omni.physx.tensors.plugin] Failed to find contact report API at '/World/envs/env_313/robot_a/joints/imu'
2026-09-29T06:40:08Z [46,568ms] [Warning] [omni.physx.tensors.plugin] Failed to find contact report API at '/World/envs/env_314/robot_a/joints/imu'
2026-09-29T06:40:08Z [46,568ms] [Warning] [omni.physx.tensors.plugin] Failed to find contact report API at '/World/envs/env_315/robot_a/joints/imu'
2026-09-29T06:40:08Z [46,568ms] [Warning] [omni.physx.tensors.plugin] Failed to find contact report API at '/World/envs/env_316/robot_a/joints/imu'
2026-09-29T06:40:08Z [46,568ms] [Warning] [omni.physx.tensors.plugin] Failed to find contact report API at '/World/envs/env_317/robot_a/joints/imu'
2026-09-29T06:40:08Z [46,568ms] [Warning] [omni.physx.tensors.plugin] Failed to find contact report API at '/World/envs/env_318/robot_a/joints/imu'
2026-09-29T06:40:08Z [46,568ms] [Warning] [omni.physx.tensors.plugin] Failed to find contact report API at '/World/envs/env_319/robot_a/joints/imu'
2026-09-29T06:40:08Z [46,568ms] [Warning] [omni.physx.tensors.plugin] Failed to find contact report API at '/World/envs/env_320/robot_a/joints/imu'
2026-09-29T06:40:08Z [46,568ms] [Warning] [omni.physx.tensors.plugin] Failed to find contact report API at '/World/envs/env_321/robot_a/joints/imu'
2026-09-29T06:40:08Z [46,568ms] [Warning] [omni.physx.tensors.plugin] Failed to find contact report API at '/World/envs/env_322/robot_a/joints/imu'
2026-09-29T06:40:08Z [46,568ms] [Warning] [omni.physx.tensors.plugin] Failed to find contact report API at '/World/envs/env_323/robot_a/joints/imu'
2026-09-29T06:40:08Z [46,568ms] [Warning] [omni.physx.tensors.plugin] Failed to find contact report API at '/World/envs/env_324/robot_a/joints/imu'
2026-09-29T06:40:08Z [46,568ms] [Warning] [omni.physx.tensors.plugin] Failed to find contact report API at '/World/envs/env_325/robot_a/joints/imu'
2026-09-29T06:40:08Z [46,568ms] [Warning] [omni.physx.tensors.plugin] Failed to find contact report API at '/World/envs/env_326/robot_a/joints/imu'
2026-09-29T06:40:08Z [46,568ms] [Warning] [omni.physx.tensors.plugin] Failed to find contact report API at '/World/envs/env_327/robot_a/joints/imu'
2026-09-29T06:40:08Z [46,568ms] [Warning] [omni.physx.tensors.plugin] Failed to find contact report API at '/World/envs/env_328/robot_a/joints/imu'
2026-09-29T06:40:08Z [46,568ms] [Warning] [omni.physx.tensors.plugin] Failed to find contact report API at '/World/envs/env_329/robot_a/joints/imu'
2026-09-29T06:40:08Z [46,568ms] [Warning] [omni.physx.tensors.plugin] Failed to find contact report API at '/World/envs/env_330/robot_a/joints/imu'
2026-09-29T06:40:08Z [46,568ms] [Warning] [omni.physx.tensors.plugin] Failed to find contact report API at '/World/envs/env_331/robot_a/joints/imu'
2026-09-29T06:40:08Z [46,568ms] [Warning] [omni.physx.tensors.plugin] Failed to find contact report API at '/World/envs/env_332/robot_a/joints/imu'
2026-09-29T06:40:08Z [46,568ms] [Warning] [omni.physx.tensors.plugin] Failed to find contact report API at '/World/envs/env_333/robot_a/joints/imu'
2026-09-29T06:40:08Z [46,568ms] [Warning] [omni.physx.tensors.plugin] Failed to find contact report API at '/World/envs/env_334/robot_a/joints/imu'
2026-09-29T06:40:08Z [46,569ms] [Warning] [omni.physx.tensors.plugin] Failed to find contact report API at '/World/envs/env_335/robot_a/joints/imu'
2026-09-29T06:40:08Z [46,569ms] [Warning] [omni.physx.tensors.plugin] Failed to find contact report API at '/World/envs/env_336/robot_a/joints/imu'
2026-09-29T06:40:08Z [46,569ms] [Warning] [omni.physx.tensors.plugin] Failed to find contact report API at '/World/envs/env_337/robot_a/joints/imu'
2026-09-29T06:40:08Z [46,569ms] [Warning] [omni.physx.tensors.plugin] Failed to find contact report API at '/World/envs/env_338/robot_a/joints/imu'
2026-09-29T06:40:08Z [46,569ms] [Warning] [omni.physx.tensors.plugin] Failed to find contact report API at '/World/envs/env_339/robot_a/joints/imu'
2026-09-29T06:40:08Z [46,569ms] [Warning] [omni.physx.tensors.plugin] Failed to find contact report API at '/World/envs/env_340/robot_a/joints/imu'
2026-09-29T06:40:08Z [46,569ms] [Warning] [omni.physx.tensors.plugin] Failed to find contact report API at '/World/envs/env_341/robot_a/joints/imu'
2026-09-29T06:40:08Z [46,569ms] [Warning] [omni.physx.tensors.plugin] Failed to find contact report API at '/World/envs/env_342/robot_a/joints/imu'
2026-09-29T06:40:08Z [46,569ms] [Warning] [omni.physx.tensors.plugin] Failed to find contact report API at '/World/envs/env_343/robot_a/joints/imu'
2026-09-29T06:40:08Z [46,569ms] [Warning] [omni.physx.tensors.plugin] Failed to find contact report API at '/World/envs/env_344/robot_a/joints/imu'
2026-09-29T06:40:08Z [46,569ms] [Warning] [omni.physx.tensors.plugin] Failed to find contact report API at '/World/envs/env_345/robot_a/joints/imu'
2026-09-29T06:40:08Z [46,569ms] [Warning] [omni.physx.tensors.plugin] Failed to find contact report API at '/World/envs/env_346/robot_a/joints/imu'
2026-09-29T06:40:08Z [46,569ms] [Warning] [omni.physx.tensors.plugin] Failed to find contact report API at '/World/envs/env_347/robot_a/joints/imu'
2026-09-29T06:40:08Z [46,569ms] [Warning] [omni.physx.tensors.plugin] Failed to find contact report API at '/World/envs/env_348/robot_a/joints/imu'
2026-09-29T06:40:08Z [46,569ms] [Warning] [omni.physx.tensors.plugin] Failed to find contact report API at '/World/envs/env_349/robot_a/joints/imu'
2026-09-29T06:40:08Z [46,569ms] [Warning] [omni.physx.tensors.plugin] Failed to find contact report API at '/World/envs/env_350/robot_a/joints/imu'
2026-09-29T06:40:08Z [46,569ms] [Warning] [omni.physx.tensors.plugin] Failed to find contact report API at '/World/envs/env_351/robot_a/joints/imu'
2026-09-29T06:40:08Z [46,569ms] [Warning] [omni.physx.tensors.plugin] Failed to find contact report API at '/World/envs/env_352/robot_a/joints/imu'
2026-09-29T06:40:08Z [46,569ms] [Warning] [omni.physx.tensors.plugin] Failed to find contact report API at '/World/envs/env_353/robot_a/joints/imu'
2026-09-29T06:40:08Z [46,569ms] [Warning] [omni.physx.tensors.plugin] Failed to find contact report API at '/World/envs/env_354/robot_a/joints/imu'
2026-09-29T06:40:08Z [46,569ms] [Warning] [omni.physx.tensors.plugin] Failed to find contact report API at '/World/envs/env_355/robot_a/joints/imu'
2026-09-29T06:40:08Z [46,569ms] [Warning] [omni.physx.tensors.plugin] Failed to find contact report API at '/World/envs/env_356/robot_a/joints/imu'
2026-09-29T06:40:08Z [46,569ms] [Warning] [omni.physx.tensors.plugin] Failed to find contact report API at '/World/envs/env_357/robot_a/joints/imu'
2026-09-29T06:40:08Z [46,569ms] [Warning] [omni.physx.tensors.plugin] Failed to find contact report API at '/World/envs/env_358/robot_a/joints/imu'
2026-09-29T06:40:08Z [46,569ms] [Warning] [omni.physx.tensors.plugin] Failed to find contact report API at '/World/envs/env_359/robot_a/joints/imu'
2026-09-29T06:40:08Z [46,569ms] [Warning] [omni.physx.tensors.plugin] Failed to find contact report API at '/World/envs/env_360/robot_a/joints/imu'
2026-09-29T06:40:08Z [46,570ms] [Warning] [omni.physx.tensors.plugin] Failed to find contact report API at '/World/envs/env_361/robot_a/joints/imu'
2026-09-29T06:40:08Z [46,570ms] [Warning] [omni.physx.tensors.plugin] Failed to find contact report API at '/World/envs/env_362/robot_a/joints/imu'
2026-09-29T06:40:08Z [46,570ms] [Warning] [omni.physx.tensors.plugin] Failed to find contact report API at '/World/envs/env_363/robot_a/joints/imu'
2026-09-29T06:40:08Z [46,570ms] [Warning] [omni.physx.tensors.plugin] Failed to find contact report API at '/World/envs/env_364/robot_a/joints/imu'
2026-09-29T06:40:08Z [46,570ms] [Warning] [omni.physx.tensors.plugin] Failed to find contact report API at '/World/envs/env_365/robot_a/joints/imu'
2026-09-29T06:40:08Z [46,570ms] [Warning] [omni.physx.tensors.plugin] Failed to find contact report API at '/World/envs/env_366/robot_a/joints/imu'
2026-09-29T06:40:08Z [46,570ms] [Warning] [omni.physx.tensors.plugin] Failed to find contact report API at '/World/envs/env_367/robot_a/joints/imu'
2026-09-29T06:40:08Z [46,570ms] [Warning] [omni.physx.tensors.plugin] Failed to find contact report API at '/World/envs/env_368/robot_a/joints/imu'
2026-09-29T06:40:08Z [46,570ms] [Warning] [omni.physx.tensors.plugin] Failed to find contact report API at '/World/envs/env_369/robot_a/joints/imu'
2026-09-29T06:40:08Z [46,570ms] [Warning] [omni.physx.tensors.plugin] Failed to find contact report API at '/World/envs/env_370/robot_a/joints/imu'
2026-09-29T06:40:08Z [46,570ms] [Warning] [omni.physx.tensors.plugin] Failed to find contact report API at '/World/envs/env_371/robot_a/joints/imu'
2026-09-29T06:40:08Z [46,570ms] [Warning] [omni.physx.tensors.plugin] Failed to find contact report API at '/World/envs/env_372/robot_a/joints/imu'
2026-09-29T06:40:08Z [46,570ms] [Warning] [omni.physx.tensors.plugin] Failed to find contact report API at '/World/envs/env_373/robot_a/joints/imu'
2026-09-29T06:40:08Z [46,570ms] [Warning] [omni.physx.tensors.plugin] Failed to find contact report API at '/World/envs/env_374/robot_a/joints/imu'
2026-09-29T06:40:08Z [46,570ms] [Warning] [omni.physx.tensors.plugin] Failed to find contact report API at '/World/envs/env_375/robot_a/joints/imu'
2026-09-29T06:40:08Z [46,570ms] [Warning] [omni.physx.tensors.plugin] Failed to find contact report API at '/World/envs/env_376/robot_a/joints/imu'
2026-09-29T06:40:08Z [46,570ms] [Warning] [omni.physx.tensors.plugin] Failed to find contact report API at '/World/envs/env_377/robot_a/joints/imu'
2026-09-29T06:40:08Z [46,570ms] [Warning] [omni.physx.tensors.plugin] Failed to find contact report API at '/World/envs/env_378/robot_a/joints/imu'
2026-09-29T06:40:08Z [46,570ms] [Warning] [omni.physx.tensors.plugin] Failed to find contact report API at '/World/envs/env_379/robot_a/joints/imu'
2026-09-29T06:40:08Z [46,570ms] [Warning] [omni.physx.tensors.plugin] Failed to find contact report API at '/World/envs/env_380/robot_a/joints/imu'
2026-09-29T06:40:08Z [46,570ms] [Warning] [omni.physx.tensors.plugin] Failed to find contact report API at '/World/envs/env_381/robot_a/joints/imu'
2026-09-29T06:40:08Z [46,570ms] [Warning] [omni.physx.tensors.plugin] Failed to find contact report API at '/World/envs/env_382/robot_a/joints/imu'
2026-09-29T06:40:08Z [46,570ms] [Warning] [omni.physx.tensors.plugin] Failed to find contact report API at '/World/envs/env_383/robot_a/joints/imu'
2026-09-29T06:40:08Z [46,570ms] [Warning] [omni.physx.tensors.plugin] Failed to find contact report API at '/World/envs/env_384/robot_a/joints/imu'
2026-09-29T06:40:08Z [46,570ms] [Warning] [omni.physx.tensors.plugin] Failed to find contact report API at '/World/envs/env_385/robot_a/joints/imu'
2026-09-29T06:40:08Z [46,570ms] [Warning] [omni.physx.tensors.plugin] Failed to find contact report API at '/World/envs/env_386/robot_a/joints/imu'
2026-09-29T06:40:08Z [46,571ms] [Warning] [omni.physx.tensors.plugin] Failed to find contact report API at '/World/envs/env_387/robot_a/joints/imu'
2026-09-29T06:40:08Z [46,571ms] [Warning] [omni.physx.tensors.plugin] Failed to find contact report API at '/World/envs/env_388/robot_a/joints/imu'
2026-09-29T06:40:08Z [46,571ms] [Warning] [omni.physx.tensors.plugin] Failed to find contact report API at '/World/envs/env_389/robot_a/joints/imu'
2026-09-29T06:40:08Z [46,571ms] [Warning] [omni.physx.tensors.plugin] Failed to find contact report API at '/World/envs/env_390/robot_a/joints/imu'
2026-09-29T06:40:08Z [46,571ms] [Warning] [omni.physx.tensors.plugin] Failed to find contact report API at '/World/envs/env_391/robot_a/joints/imu'
2026-09-29T06:40:08Z [46,571ms] [Warning] [omni.physx.tensors.plugin] Failed to find contact report API at '/World/envs/env_392/robot_a/joints/imu'
2026-09-29T06:40:08Z [46,571ms] [Warning] [omni.physx.tensors.plugin] Failed to find contact report API at '/World/envs/env_393/robot_a/joints/imu'
2026-09-29T06:40:08Z [46,571ms] [Warning] [omni.physx.tensors.plugin] Failed to find contact report API at '/World/envs/env_394/robot_a/joints/imu'
2026-09-29T06:40:08Z [46,571ms] [Warning] [omni.physx.tensors.plugin] Failed to find contact report API at '/World/envs/env_395/robot_a/joints/imu'
2026-09-29T06:40:08Z [46,571ms] [Warning] [omni.physx.tensors.plugin] Failed to find contact report API at '/World/envs/env_396/robot_a/joints/imu'
2026-09-29T06:40:08Z [46,571ms] [Warning] [omni.physx.tensors.plugin] Failed to find contact report API at '/World/envs/env_397/robot_a/joints/imu'
2026-09-29T06:40:08Z [46,571ms] [Warning] [omni.physx.tensors.plugin] Failed to find contact report API at '/World/envs/env_398/robot_a/joints/imu'
2026-09-29T06:40:08Z [46,571ms] [Warning] [omni.physx.tensors.plugin] Failed to find contact report API at '/World/envs/env_399/robot_a/joints/imu'
2026-09-29T06:40:08Z [46,571ms] [Warning] [omni.physx.tensors.plugin] Failed to find contact report API at '/World/envs/env_400/robot_a/joints/imu'
2026-09-29T06:40:08Z [46,571ms] [Warning] [omni.physx.tensors.plugin] Failed to find contact report API at '/World/envs/env_401/robot_a/joints/imu'
2026-09-29T06:40:08Z [46,571ms] [Warning] [omni.physx.tensors.plugin] Failed to find contact report API at '/World/envs/env_402/robot_a/joints/imu'
2026-09-29T06:40:08Z [46,571ms] [Warning] [omni.physx.tensors.plugin] Failed to find contact report API at '/World/envs/env_403/robot_a/joints/imu'
2026-09-29T06:40:08Z [46,571ms] [Warning] [omni.physx.tensors.plugin] Failed to find contact report API at '/World/envs/env_404/robot_a/joints/imu'
2026-09-29T06:40:08Z [46,571ms] [Warning] [omni.physx.tensors.plugin] Failed to find contact report API at '/World/envs/env_405/robot_a/joints/imu'
2026-09-29T06:40:08Z [46,571ms] [Warning] [omni.physx.tensors.plugin] Failed to find contact report API at '/World/envs/env_406/robot_a/joints/imu'
2026-09-29T06:40:08Z [46,571ms] [Warning] [omni.physx.tensors.plugin] Failed to find contact report API at '/World/envs/env_407/robot_a/joints/imu'
2026-09-29T06:40:08Z [46,571ms] [Warning] [omni.physx.tensors.plugin] Failed to find contact report API at '/World/envs/env_408/robot_a/joints/imu'
2026-09-29T06:40:08Z [46,571ms] [Warning] [omni.physx.tensors.plugin] Failed to find contact report API at '/World/envs/env_409/robot_a/joints/imu'
2026-09-29T06:40:08Z [46,571ms] [Warning] [omni.physx.tensors.plugin] Failed to find contact report API at '/World/envs/env_410/robot_a/joints/imu'
2026-09-29T06:40:08Z [46,571ms] [Warning] [omni.physx.tensors.plugin] Failed to find contact report API at '/World/envs/env_411/robot_a/joints/imu'
2026-09-29T06:40:08Z [46,571ms] [Warning] [omni.physx.tensors.plugin] Failed to find contact report API at '/World/envs/env_412/robot_a/joints/imu'
2026-09-29T06:40:08Z [46,571ms] [Warning] [omni.physx.tensors.plugin] Failed to find contact report API at '/World/envs/env_413/robot_a/joints/imu'
2026-09-29T06:40:08Z [46,572ms] [Warning] [omni.physx.tensors.plugin] Failed to find contact report API at '/World/envs/env_414/robot_a/joints/imu'
2026-09-29T06:40:08Z [46,572ms] [Warning] [omni.physx.tensors.plugin] Failed to find contact report API at '/World/envs/env_415/robot_a/joints/imu'
2026-09-29T06:40:08Z [46,572ms] [Warning] [omni.physx.tensors.plugin] Failed to find contact report API at '/World/envs/env_416/robot_a/joints/imu'
2026-09-29T06:40:08Z [46,572ms] [Warning] [omni.physx.tensors.plugin] Failed to find contact report API at '/World/envs/env_417/robot_a/joints/imu'
2026-09-29T06:40:08Z [46,572ms] [Warning] [omni.physx.tensors.plugin] Failed to find contact report API at '/World/envs/env_418/robot_a/joints/imu'
2026-09-29T06:40:08Z [46,572ms] [Warning] [omni.physx.tensors.plugin] Failed to find contact report API at '/World/envs/env_419/robot_a/joints/imu'
2026-09-29T06:40:08Z [46,572ms] [Warning] [omni.physx.tensors.plugin] Failed to find contact report API at '/World/envs/env_420/robot_a/joints/imu'
2026-09-29T06:40:08Z [46,572ms] [Warning] [omni.physx.tensors.plugin] Failed to find contact report API at '/World/envs/env_421/robot_a/joints/imu'
2026-09-29T06:40:08Z [46,572ms] [Warning] [omni.physx.tensors.plugin] Failed to find contact report API at '/World/envs/env_422/robot_a/joints/imu'
2026-09-29T06:40:08Z [46,572ms] [Warning] [omni.physx.tensors.plugin] Failed to find contact report API at '/World/envs/env_423/robot_a/joints/imu'
2026-09-29T06:40:08Z [46,572ms] [Warning] [omni.physx.tensors.plugin] Failed to find contact report API at '/World/envs/env_424/robot_a/joints/imu'
2026-09-29T06:40:08Z [46,572ms] [Warning] [omni.physx.tensors.plugin] Failed to find contact report API at '/World/envs/env_425/robot_a/joints/imu'
2026-09-29T06:40:08Z [46,572ms] [Warning] [omni.physx.tensors.plugin] Failed to find contact report API at '/World/envs/env_426/robot_a/joints/imu'
2026-09-29T06:40:08Z [46,572ms] [Warning] [omni.physx.tensors.plugin] Failed to find contact report API at '/World/envs/env_427/robot_a/joints/imu'
2026-09-29T06:40:08Z [46,572ms] [Warning] [omni.physx.tensors.plugin] Failed to find contact report API at '/World/envs/env_428/robot_a/joints/imu'
2026-09-29T06:40:08Z [46,572ms] [Warning] [omni.physx.tensors.plugin] Failed to find contact report API at '/World/envs/env_429/robot_a/joints/imu'
2026-09-29T06:40:08Z [46,572ms] [Warning] [omni.physx.tensors.plugin] Failed to find contact report API at '/World/envs/env_430/robot_a/joints/imu'
2026-09-29T06:40:08Z [46,572ms] [Warning] [omni.physx.tensors.plugin] Failed to find contact report API at '/World/envs/env_431/robot_a/joints/imu'
2026-09-29T06:40:08Z [46,572ms] [Warning] [omni.physx.tensors.plugin] Failed to find contact report API at '/World/envs/env_432/robot_a/joints/imu'
2026-09-29T06:40:08Z [46,572ms] [Warning] [omni.physx.tensors.plugin] Failed to find contact report API at '/World/envs/env_433/robot_a/joints/imu'
2026-09-29T06:40:08Z [46,572ms] [Warning] [omni.physx.tensors.plugin] Failed to find contact report API at '/World/envs/env_434/robot_a/joints/imu'
2026-09-29T06:40:08Z [46,572ms] [Warning] [omni.physx.tensors.plugin] Failed to find contact report API at '/World/envs/env_435/robot_a/joints/imu'
2026-09-29T06:40:08Z [46,572ms] [Warning] [omni.physx.tensors.plugin] Failed to find contact report API at '/World/envs/env_436/robot_a/joints/imu'
2026-09-29T06:40:08Z [46,572ms] [Warning] [omni.physx.tensors.plugin] Failed to find contact report API at '/World/envs/env_437/robot_a/joints/imu'
2026-09-29T06:40:08Z [46,572ms] [Warning] [omni.physx.tensors.plugin] Failed to find contact report API at '/World/envs/env_438/robot_a/joints/imu'
2026-09-29T06:40:08Z [46,572ms] [Warning] [omni.physx.tensors.plugin] Failed to find contact report API at '/World/envs/env_439/robot_a/joints/imu'
2026-09-29T06:40:08Z [46,573ms] [Warning] [omni.physx.tensors.plugin] Failed to find contact report API at '/World/envs/env_440/robot_a/joints/imu'
2026-09-29T06:40:08Z [46,573ms] [Warning] [omni.physx.tensors.plugin] Failed to find contact report API at '/World/envs/env_441/robot_a/joints/imu'
2026-09-29T06:40:08Z [46,573ms] [Warning] [omni.physx.tensors.plugin] Failed to find contact report API at '/World/envs/env_442/robot_a/joints/imu'
2026-09-29T06:40:08Z [46,573ms] [Warning] [omni.physx.tensors.plugin] Failed to find contact report API at '/World/envs/env_443/robot_a/joints/imu'
2026-09-29T06:40:08Z [46,573ms] [Warning] [omni.physx.tensors.plugin] Failed to find contact report API at '/World/envs/env_444/robot_a/joints/imu'
2026-09-29T06:40:08Z [46,573ms] [Warning] [omni.physx.tensors.plugin] Failed to find contact report API at '/World/envs/env_445/robot_a/joints/imu'
2026-09-29T06:40:08Z [46,573ms] [Warning] [omni.physx.tensors.plugin] Failed to find contact report API at '/World/envs/env_446/robot_a/joints/imu'
2026-09-29T06:40:08Z [46,573ms] [Warning] [omni.physx.tensors.plugin] Failed to find contact report API at '/World/envs/env_447/robot_a/joints/imu'
2026-09-29T06:40:08Z [46,573ms] [Warning] [omni.physx.tensors.plugin] Failed to find contact report API at '/World/envs/env_448/robot_a/joints/imu'
2026-09-29T06:40:08Z [46,573ms] [Warning] [omni.physx.tensors.plugin] Failed to find contact report API at '/World/envs/env_449/robot_a/joints/imu'
2026-09-29T06:40:08Z [46,573ms] [Warning] [omni.physx.tensors.plugin] Failed to find contact report API at '/World/envs/env_450/robot_a/joints/imu'
2026-09-29T06:40:08Z [46,573ms] [Warning] [omni.physx.tensors.plugin] Failed to find contact report API at '/World/envs/env_451/robot_a/joints/imu'
2026-09-29T06:40:08Z [46,573ms] [Warning] [omni.physx.tensors.plugin] Failed to find contact report API at '/World/envs/env_452/robot_a/joints/imu'
2026-09-29T06:40:08Z [46,573ms] [Warning] [omni.physx.tensors.plugin] Failed to find contact report API at '/World/envs/env_453/robot_a/joints/imu'
2026-09-29T06:40:08Z [46,573ms] [Warning] [omni.physx.tensors.plugin] Failed to find contact report API at '/World/envs/env_454/robot_a/joints/imu'
2026-09-29T06:40:08Z [46,573ms] [Warning] [omni.physx.tensors.plugin] Failed to find contact report API at '/World/envs/env_455/robot_a/joints/imu'
2026-09-29T06:40:08Z [46,573ms] [Warning] [omni.physx.tensors.plugin] Failed to find contact report API at '/World/envs/env_456/robot_a/joints/imu'
2026-09-29T06:40:08Z [46,573ms] [Warning] [omni.physx.tensors.plugin] Failed to find contact report API at '/World/envs/env_457/robot_a/joints/imu'
2026-09-29T06:40:08Z [46,573ms] [Warning] [omni.physx.tensors.plugin] Failed to find contact report API at '/World/envs/env_458/robot_a/joints/imu'
2026-09-29T06:40:08Z [46,573ms] [Warning] [omni.physx.tensors.plugin] Failed to find contact report API at '/World/envs/env_459/robot_a/joints/imu'
2026-09-29T06:40:08Z [46,573ms] [Warning] [omni.physx.tensors.plugin] Failed to find contact report API at '/World/envs/env_460/robot_a/joints/imu'
2026-09-29T06:40:08Z [46,573ms] [Warning] [omni.physx.tensors.plugin] Failed to find contact report API at '/World/envs/env_461/robot_a/joints/imu'
2026-09-29T06:40:08Z [46,573ms] [Warning] [omni.physx.tensors.plugin] Failed to find contact report API at '/World/envs/env_462/robot_a/joints/imu'
2026-09-29T06:40:08Z [46,573ms] [Warning] [omni.physx.tensors.plugin] Failed to find contact report API at '/World/envs/env_463/robot_a/joints/imu'
2026-09-29T06:40:08Z [46,573ms] [Warning] [omni.physx.tensors.plugin] Failed to find contact report API at '/World/envs/env_464/robot_a/joints/imu'
2026-09-29T06:40:08Z [46,573ms] [Warning] [omni.physx.tensors.plugin] Failed to find contact report API at '/World/envs/env_465/robot_a/joints/imu'
2026-09-29T06:40:08Z [46,573ms] [Warning] [omni.physx.tensors.plugin] Failed to find contact report API at '/World/envs/env_466/robot_a/joints/imu'
2026-09-29T06:40:08Z [46,574ms] [Warning] [omni.physx.tensors.plugin] Failed to find contact report API at '/World/envs/env_467/robot_a/joints/imu'
2026-09-29T06:40:08Z [46,574ms] [Warning] [omni.physx.tensors.plugin] Failed to find contact report API at '/World/envs/env_468/robot_a/joints/imu'
2026-09-29T06:40:08Z [46,574ms] [Warning] [omni.physx.tensors.plugin] Failed to find contact report API at '/World/envs/env_469/robot_a/joints/imu'
2026-09-29T06:40:08Z [46,574ms] [Warning] [omni.physx.tensors.plugin] Failed to find contact report API at '/World/envs/env_470/robot_a/joints/imu'
2026-09-29T06:40:08Z [46,574ms] [Warning] [omni.physx.tensors.plugin] Failed to find contact report API at '/World/envs/env_471/robot_a/joints/imu'
2026-09-29T06:40:08Z [46,574ms] [Warning] [omni.physx.tensors.plugin] Failed to find contact report API at '/World/envs/env_472/robot_a/joints/imu'
2026-09-29T06:40:08Z [46,574ms] [Warning] [omni.physx.tensors.plugin] Failed to find contact report API at '/World/envs/env_473/robot_a/joints/imu'
2026-09-29T06:40:08Z [46,574ms] [Warning] [omni.physx.tensors.plugin] Failed to find contact report API at '/World/envs/env_474/robot_a/joints/imu'
2026-09-29T06:40:08Z [46,574ms] [Warning] [omni.physx.tensors.plugin] Failed to find contact report API at '/World/envs/env_475/robot_a/joints/imu'
2026-09-29T06:40:08Z [46,574ms] [Warning] [omni.physx.tensors.plugin] Failed to find contact report API at '/World/envs/env_476/robot_a/joints/imu'
2026-09-29T06:40:08Z [46,574ms] [Warning] [omni.physx.tensors.plugin] Failed to find contact report API at '/World/envs/env_477/robot_a/joints/imu'
2026-09-29T06:40:08Z [46,574ms] [Warning] [omni.physx.tensors.plugin] Failed to find contact report API at '/World/envs/env_478/robot_a/joints/imu'
2026-09-29T06:40:08Z [46,574ms] [Warning] [omni.physx.tensors.plugin] Failed to find contact report API at '/World/envs/env_479/robot_a/joints/imu'
2026-09-29T06:40:08Z [46,574ms] [Warning] [omni.physx.tensors.plugin] Failed to find contact report API at '/World/envs/env_480/robot_a/joints/imu'
2026-09-29T06:40:08Z [46,574ms] [Warning] [omni.physx.tensors.plugin] Failed to find contact report API at '/World/envs/env_481/robot_a/joints/imu'
2026-09-29T06:40:08Z [46,574ms] [Warning] [omni.physx.tensors.plugin] Failed to find contact report API at '/World/envs/env_482/robot_a/joints/imu'
2026-09-29T06:40:08Z [46,574ms] [Warning] [omni.physx.tensors.plugin] Failed to find contact report API at '/World/envs/env_483/robot_a/joints/imu'
2026-09-29T06:40:08Z [46,574ms] [Warning] [omni.physx.tensors.plugin] Failed to find contact report API at '/World/envs/env_484/robot_a/joints/imu'
2026-09-29T06:40:08Z [46,574ms] [Warning] [omni.physx.tensors.plugin] Failed to find contact report API at '/World/envs/env_485/robot_a/joints/imu'
2026-09-29T06:40:08Z [46,574ms] [Warning] [omni.physx.tensors.plugin] Failed to find contact report API at '/World/envs/env_486/robot_a/joints/imu'
2026-09-29T06:40:08Z [46,574ms] [Warning] [omni.physx.tensors.plugin] Failed to find contact report API at '/World/envs/env_487/robot_a/joints/imu'
2026-09-29T06:40:08Z [46,574ms] [Warning] [omni.physx.tensors.plugin] Failed to find contact report API at '/World/envs/env_488/robot_a/joints/imu'
2026-09-29T06:40:08Z [46,574ms] [Warning] [omni.physx.tensors.plugin] Failed to find contact report API at '/World/envs/env_489/robot_a/joints/imu'
2026-09-29T06:40:08Z [46,574ms] [Warning] [omni.physx.tensors.plugin] Failed to find contact report API at '/World/envs/env_490/robot_a/joints/imu'
2026-09-29T06:40:08Z [46,574ms] [Warning] [omni.physx.tensors.plugin] Failed to find contact report API at '/World/envs/env_491/robot_a/joints/imu'
2026-09-29T06:40:08Z [46,574ms] [Warning] [omni.physx.tensors.plugin] Failed to find contact report API at '/World/envs/env_492/robot_a/joints/imu'
2026-09-29T06:40:08Z [46,574ms] [Warning] [omni.physx.tensors.plugin] Failed to find contact report API at '/World/envs/env_493/robot_a/joints/imu'
2026-09-29T06:40:08Z [46,574ms] [Warning] [omni.physx.tensors.plugin] Failed to find contact report API at '/World/envs/env_494/robot_a/joints/imu'
2026-09-29T06:40:08Z [46,575ms] [Warning] [omni.physx.tensors.plugin] Failed to find contact report API at '/World/envs/env_495/robot_a/joints/imu'
2026-09-29T06:40:08Z [46,575ms] [Warning] [omni.physx.tensors.plugin] Failed to find contact report API at '/World/envs/env_496/robot_a/joints/imu'
2026-09-29T06:40:08Z [46,575ms] [Warning] [omni.physx.tensors.plugin] Failed to find contact report API at '/World/envs/env_497/robot_a/joints/imu'
2026-09-29T06:40:08Z [46,575ms] [Warning] [omni.physx.tensors.plugin] Failed to find contact report API at '/World/envs/env_498/robot_a/joints/imu'
2026-09-29T06:40:08Z [46,575ms] [Warning] [omni.physx.tensors.plugin] Failed to find contact report API at '/World/envs/env_499/robot_a/joints/imu'
2026-09-29T06:40:08Z [46,575ms] [Warning] [omni.physx.tensors.plugin] Failed to find contact report API at '/World/envs/env_500/robot_a/joints/imu'
2026-09-29T06:40:08Z [46,575ms] [Warning] [omni.physx.tensors.plugin] Failed to find contact report API at '/World/envs/env_501/robot_a/joints/imu'
2026-09-29T06:40:08Z [46,575ms] [Warning] [omni.physx.tensors.plugin] Failed to find contact report API at '/World/envs/env_502/robot_a/joints/imu'
2026-09-29T06:40:08Z [46,575ms] [Warning] [omni.physx.tensors.plugin] Failed to find contact report API at '/World/envs/env_503/robot_a/joints/imu'
2026-09-29T06:40:08Z [46,575ms] [Warning] [omni.physx.tensors.plugin] Failed to find contact report API at '/World/envs/env_504/robot_a/joints/imu'
2026-09-29T06:40:08Z [46,575ms] [Warning] [omni.physx.tensors.plugin] Failed to find contact report API at '/World/envs/env_505/robot_a/joints/imu'
2026-09-29T06:40:08Z [46,575ms] [Warning] [omni.physx.tensors.plugin] Failed to find contact report API at '/World/envs/env_506/robot_a/joints/imu'
2026-09-29T06:40:08Z [46,575ms] [Warning] [omni.physx.tensors.plugin] Failed to find contact report API at '/World/envs/env_507/robot_a/joints/imu'
2026-09-29T06:40:08Z [46,575ms] [Warning] [omni.physx.tensors.plugin] Failed to find contact report API at '/World/envs/env_508/robot_a/joints/imu'
2026-09-29T06:40:08Z [46,575ms] [Warning] [omni.physx.tensors.plugin] Failed to find contact report API at '/World/envs/env_509/robot_a/joints/imu'
2026-09-29T06:40:08Z [46,575ms] [Warning] [omni.physx.tensors.plugin] Failed to find contact report API at '/World/envs/env_510/robot_a/joints/imu'
2026-09-29T06:40:08Z [46,575ms] [Warning] [omni.physx.tensors.plugin] Failed to find contact report API at '/World/envs/env_511/robot_a/joints/imu'
2026-09-29T06:40:08Z [46,575ms] [Warning] [omni.physx.tensors.plugin] Failed to find contact report API at '/World/envs/env_512/robot_a/joints/imu'
2026-09-29T06:40:08Z [46,575ms] [Warning] [omni.physx.tensors.plugin] Failed to find contact report API at '/World/envs/env_513/robot_a/joints/imu'
2026-09-29T06:40:08Z [46,575ms] [Warning] [omni.physx.tensors.plugin] Failed to find contact report API at '/World/envs/env_514/robot_a/joints/imu'
2026-09-29T06:40:08Z [46,575ms] [Warning] [omni.physx.tensors.plugin] Failed to find contact report API at '/World/envs/env_515/robot_a/joints/imu'
2026-09-29T06:40:08Z [46,575ms] [Warning] [omni.physx.tensors.plugin] Failed to find contact report API at '/World/envs/env_516/robot_a/joints/imu'
2026-09-29T06:40:08Z [46,575ms] [Warning] [omni.physx.tensors.plugin] Failed to find contact report API at '/World/envs/env_517/robot_a/joints/imu'
2026-09-29T06:40:08Z [46,575ms] [Warning] [omni.physx.tensors.plugin] Failed to find contact report API at '/World/envs/env_518/robot_a/joints/imu'
2026-09-29T06:40:08Z [46,575ms] [Warning] [omni.physx.tensors.plugin] Failed to find contact report API at '/World/envs/env_519/robot_a/joints/imu'
2026-09-29T06:40:08Z [46,575ms] [Warning] [omni.physx.tensors.plugin] Failed to find contact report API at '/World/envs/env_520/robot_a/joints/imu'
2026-09-29T06:40:08Z [46,575ms] [Warning] [omni.physx.tensors.plugin] Failed to find contact report API at '/World/envs/env_521/robot_a/joints/imu'
2026-09-29T06:40:08Z [46,576ms] [Warning] [omni.physx.tensors.plugin] Failed to find contact report API at '/World/envs/env_522/robot_a/joints/imu'
2026-09-29T06:40:08Z [46,576ms] [Warning] [omni.physx.tensors.plugin] Failed to find contact report API at '/World/envs/env_523/robot_a/joints/imu'
2026-09-29T06:40:08Z [46,576ms] [Warning] [omni.physx.tensors.plugin] Failed to find contact report API at '/World/envs/env_524/robot_a/joints/imu'
2026-09-29T06:40:08Z [46,576ms] [Warning] [omni.physx.tensors.plugin] Failed to find contact report API at '/World/envs/env_525/robot_a/joints/imu'
2026-09-29T06:40:08Z [46,576ms] [Warning] [omni.physx.tensors.plugin] Failed to find contact report API at '/World/envs/env_526/robot_a/joints/imu'
2026-09-29T06:40:08Z [46,576ms] [Warning] [omni.physx.tensors.plugin] Failed to find contact report API at '/World/envs/env_527/robot_a/joints/imu'
2026-09-29T06:40:08Z [46,576ms] [Warning] [omni.physx.tensors.plugin] Failed to find contact report API at '/World/envs/env_528/robot_a/joints/imu'
2026-09-29T06:40:08Z [46,576ms] [Warning] [omni.physx.tensors.plugin] Failed to find contact report API at '/World/envs/env_529/robot_a/joints/imu'
2026-09-29T06:40:08Z [46,576ms] [Warning] [omni.physx.tensors.plugin] Failed to find contact report API at '/World/envs/env_530/robot_a/joints/imu'
2026-09-29T06:40:08Z [46,576ms] [Warning] [omni.physx.tensors.plugin] Failed to find contact report API at '/World/envs/env_531/robot_a/joints/imu'
2026-09-29T06:40:08Z [46,576ms] [Warning] [omni.physx.tensors.plugin] Failed to find contact report API at '/World/envs/env_532/robot_a/joints/imu'
2026-09-29T06:40:08Z [46,576ms] [Warning] [omni.physx.tensors.plugin] Failed to find contact report API at '/World/envs/env_533/robot_a/joints/imu'
2026-09-29T06:40:08Z [46,576ms] [Warning] [omni.physx.tensors.plugin] Failed to find contact report API at '/World/envs/env_534/robot_a/joints/imu'
2026-09-29T06:40:08Z [46,576ms] [Warning] [omni.physx.tensors.plugin] Failed to find contact report API at '/World/envs/env_535/robot_a/joints/imu'
2026-09-29T06:40:08Z [46,576ms] [Warning] [omni.physx.tensors.plugin] Failed to find contact report API at '/World/envs/env_536/robot_a/joints/imu'
2026-09-29T06:40:08Z [46,576ms] [Warning] [omni.physx.tensors.plugin] Failed to find contact report API at '/World/envs/env_537/robot_a/joints/imu'
2026-09-29T06:40:08Z [46,576ms] [Warning] [omni.physx.tensors.plugin] Failed to find contact report API at '/World/envs/env_538/robot_a/joints/imu'
2026-09-29T06:40:08Z [46,576ms] [Warning] [omni.physx.tensors.plugin] Failed to find contact report API at '/World/envs/env_539/robot_a/joints/imu'
2026-09-29T06:40:08Z [46,576ms] [Warning] [omni.physx.tensors.plugin] Failed to find contact report API at '/World/envs/env_540/robot_a/joints/imu'
2026-09-29T06:40:08Z [46,576ms] [Warning] [omni.physx.tensors.plugin] Failed to find contact report API at '/World/envs/env_541/robot_a/joints/imu'
2026-09-29T06:40:08Z [46,576ms] [Warning] [omni.physx.tensors.plugin] Failed to find contact report API at '/World/envs/env_542/robot_a/joints/imu'
2026-09-29T06:40:08Z [46,576ms] [Warning] [omni.physx.tensors.plugin] Failed to find contact report API at '/World/envs/env_543/robot_a/joints/imu'
2026-09-29T06:40:08Z [46,576ms] [Warning] [omni.physx.tensors.plugin] Failed to find contact report API at '/World/envs/env_544/robot_a/joints/imu'
2026-09-29T06:40:08Z [46,576ms] [Warning] [omni.physx.tensors.plugin] Failed to find contact report API at '/World/envs/env_545/robot_a/joints/imu'
2026-09-29T06:40:08Z [46,576ms] [Warning] [omni.physx.tensors.plugin] Failed to find contact report API at '/World/envs/env_546/robot_a/joints/imu'
2026-09-29T06:40:08Z [46,576ms] [Warning] [omni.physx.tensors.plugin] Failed to find contact report API at '/World/envs/env_547/robot_a/joints/imu'
2026-09-29T06:40:08Z [46,576ms] [Warning] [omni.physx.tensors.plugin] Failed to find contact report API at '/World/envs/env_548/robot_a/joints/imu'
2026-09-29T06:40:08Z [46,576ms] [Warning] [omni.physx.tensors.plugin] Failed to find contact report API at '/World/envs/env_549/robot_a/joints/imu'
2026-09-29T06:40:08Z [46,576ms] [Warning] [omni.physx.tensors.plugin] Failed to find contact report API at '/World/envs/env_550/robot_a/joints/imu'
2026-09-29T06:40:08Z [46,577ms] [Warning] [omni.physx.tensors.plugin] Failed to find contact report API at '/World/envs/env_551/robot_a/joints/imu'
2026-09-29T06:40:08Z [46,577ms] [Warning] [omni.physx.tensors.plugin] Failed to find contact report API at '/World/envs/env_552/robot_a/joints/imu'
2026-09-29T06:40:08Z [46,577ms] [Warning] [omni.physx.tensors.plugin] Failed to find contact report API at '/World/envs/env_553/robot_a/joints/imu'
2026-09-29T06:40:08Z [46,577ms] [Warning] [omni.physx.tensors.plugin] Failed to find contact report API at '/World/envs/env_554/robot_a/joints/imu'
2026-09-29T06:40:08Z [46,577ms] [Warning] [omni.physx.tensors.plugin] Failed to find contact report API at '/World/envs/env_555/robot_a/joints/imu'
2026-09-29T06:40:08Z [46,577ms] [Warning] [omni.physx.tensors.plugin] Failed to find contact report API at '/World/envs/env_556/robot_a/joints/imu'
2026-09-29T06:40:08Z [46,577ms] [Warning] [omni.physx.tensors.plugin] Failed to find contact report API at '/World/envs/env_557/robot_a/joints/imu'
2026-09-29T06:40:08Z [46,577ms] [Warning] [omni.physx.tensors.plugin] Failed to find contact report API at '/World/envs/env_558/robot_a/joints/imu'
2026-09-29T06:40:08Z [46,577ms] [Warning] [omni.physx.tensors.plugin] Failed to find contact report API at '/World/envs/env_559/robot_a/joints/imu'
2026-09-29T06:40:08Z [46,577ms] [Warning] [omni.physx.tensors.plugin] Failed to find contact report API at '/World/envs/env_560/robot_a/joints/imu'
2026-09-29T06:40:08Z [46,577ms] [Warning] [omni.physx.tensors.plugin] Failed to find contact report API at '/World/envs/env_561/robot_a/joints/imu'
2026-09-29T06:40:08Z [46,577ms] [Warning] [omni.physx.tensors.plugin] Failed to find contact report API at '/World/envs/env_562/robot_a/joints/imu'
2026-09-29T06:40:08Z [46,577ms] [Warning] [omni.physx.tensors.plugin] Failed to find contact report API at '/World/envs/env_563/robot_a/joints/imu'
2026-09-29T06:40:08Z [46,577ms] [Warning] [omni.physx.tensors.plugin] Failed to find contact report API at '/World/envs/env_564/robot_a/joints/imu'
2026-09-29T06:40:08Z [46,577ms] [Warning] [omni.physx.tensors.plugin] Failed to find contact report API at '/World/envs/env_565/robot_a/joints/imu'
2026-09-29T06:40:08Z [46,577ms] [Warning] [omni.physx.tensors.plugin] Failed to find contact report API at '/World/envs/env_566/robot_a/joints/imu'
2026-09-29T06:40:08Z [46,577ms] [Warning] [omni.physx.tensors.plugin] Failed to find contact report API at '/World/envs/env_567/robot_a/joints/imu'
2026-09-29T06:40:08Z [46,577ms] [Warning] [omni.physx.tensors.plugin] Failed to find contact report API at '/World/envs/env_568/robot_a/joints/imu'
2026-09-29T06:40:08Z [46,577ms] [Warning] [omni.physx.tensors.plugin] Failed to find contact report API at '/World/envs/env_569/robot_a/joints/imu'
2026-09-29T06:40:08Z [46,577ms] [Warning] [omni.physx.tensors.plugin] Failed to find contact report API at '/World/envs/env_570/robot_a/joints/imu'
2026-09-29T06:40:08Z [46,577ms] [Warning] [omni.physx.tensors.plugin] Failed to find contact report API at '/World/envs/env_571/robot_a/joints/imu'
2026-09-29T06:40:08Z [46,577ms] [Warning] [omni.physx.tensors.plugin] Failed to find contact report API at '/World/envs/env_572/robot_a/joints/imu'
2026-09-29T06:40:08Z [46,577ms] [Warning] [omni.physx.tensors.plugin] Failed to find contact report API at '/World/envs/env_573/robot_a/joints/imu'
2026-09-29T06:40:08Z [46,577ms] [Warning] [omni.physx.tensors.plugin] Failed to find contact report API at '/World/envs/env_574/robot_a/joints/imu'
2026-09-29T06:40:08Z [46,577ms] [Warning] [omni.physx.tensors.plugin] Failed to find contact report API at '/World/envs/env_575/robot_a/joints/imu'
2026-09-29T06:40:08Z [46,577ms] [Warning] [omni.physx.tensors.plugin] Failed to find contact report API at '/World/envs/env_576/robot_a/joints/imu'
2026-09-29T06:40:08Z [46,577ms] [Warning] [omni.physx.tensors.plugin] Failed to find contact report API at '/World/envs/env_577/robot_a/joints/imu'
2026-09-29T06:40:08Z [46,577ms] [Warning] [omni.physx.tensors.plugin] Failed to find contact report API at '/World/envs/env_578/robot_a/joints/imu'
2026-09-29T06:40:08Z [46,577ms] [Warning] [omni.physx.tensors.plugin] Failed to find contact report API at '/World/envs/env_579/robot_a/joints/imu'
2026-09-29T06:40:08Z [46,578ms] [Warning] [omni.physx.tensors.plugin] Failed to find contact report API at '/World/envs/env_580/robot_a/joints/imu'
2026-09-29T06:40:08Z [46,578ms] [Warning] [omni.physx.tensors.plugin] Failed to find contact report API at '/World/envs/env_581/robot_a/joints/imu'
2026-09-29T06:40:08Z [46,578ms] [Warning] [omni.physx.tensors.plugin] Failed to find contact report API at '/World/envs/env_582/robot_a/joints/imu'
2026-09-29T06:40:08Z [46,578ms] [Warning] [omni.physx.tensors.plugin] Failed to find contact report API at '/World/envs/env_583/robot_a/joints/imu'
2026-09-29T06:40:08Z [46,578ms] [Warning] [omni.physx.tensors.plugin] Failed to find contact report API at '/World/envs/env_584/robot_a/joints/imu'
2026-09-29T06:40:08Z [46,578ms] [Warning] [omni.physx.tensors.plugin] Failed to find contact report API at '/World/envs/env_585/robot_a/joints/imu'
2026-09-29T06:40:08Z [46,578ms] [Warning] [omni.physx.tensors.plugin] Failed to find contact report API at '/World/envs/env_586/robot_a/joints/imu'
2026-09-29T06:40:08Z [46,578ms] [Warning] [omni.physx.tensors.plugin] Failed to find contact report API at '/World/envs/env_587/robot_a/joints/imu'
2026-09-29T06:40:08Z [46,578ms] [Warning] [omni.physx.tensors.plugin] Failed to find contact report API at '/World/envs/env_588/robot_a/joints/imu'
2026-09-29T06:40:08Z [46,578ms] [Warning] [omni.physx.tensors.plugin] Failed to find contact report API at '/World/envs/env_589/robot_a/joints/imu'
2026-09-29T06:40:08Z [46,578ms] [Warning] [omni.physx.tensors.plugin] Failed to find contact report API at '/World/envs/env_590/robot_a/joints/imu'
2026-09-29T06:40:08Z [46,578ms] [Warning] [omni.physx.tensors.plugin] Failed to find contact report API at '/World/envs/env_591/robot_a/joints/imu'
2026-09-29T06:40:08Z [46,578ms] [Warning] [omni.physx.tensors.plugin] Failed to find contact report API at '/World/envs/env_592/robot_a/joints/imu'
2026-09-29T06:40:08Z [46,578ms] [Warning] [omni.physx.tensors.plugin] Failed to find contact report API at '/World/envs/env_593/robot_a/joints/imu'
2026-09-29T06:40:08Z [46,578ms] [Warning] [omni.physx.tensors.plugin] Failed to find contact report API at '/World/envs/env_594/robot_a/joints/imu'
2026-09-29T06:40:08Z [46,578ms] [Warning] [omni.physx.tensors.plugin] Failed to find contact report API at '/World/envs/env_595/robot_a/joints/imu'
2026-09-29T06:40:08Z [46,578ms] [Warning] [omni.physx.tensors.plugin] Failed to find contact report API at '/World/envs/env_596/robot_a/joints/imu'
2026-09-29T06:40:08Z [46,578ms] [Warning] [omni.physx.tensors.plugin] Failed to find contact report API at '/World/envs/env_597/robot_a/joints/imu'
2026-09-29T06:40:08Z [46,578ms] [Warning] [omni.physx.tensors.plugin] Failed to find contact report API at '/World/envs/env_598/robot_a/joints/imu'
2026-09-29T06:40:08Z [46,578ms] [Warning] [omni.physx.tensors.plugin] Failed to find contact report API at '/World/envs/env_599/robot_a/joints/imu'
2026-09-29T06:40:08Z [46,578ms] [Warning] [omni.physx.tensors.plugin] Failed to find contact report API at '/World/envs/env_600/robot_a/joints/imu'
2026-09-29T06:40:08Z [46,578ms] [Warning] [omni.physx.tensors.plugin] Failed to find contact report API at '/World/envs/env_601/robot_a/joints/imu'
2026-09-29T06:40:08Z [46,578ms] [Warning] [omni.physx.tensors.plugin] Failed to find contact report API at '/World/envs/env_602/robot_a/joints/imu'
2026-09-29T06:40:08Z [46,578ms] [Warning] [omni.physx.tensors.plugin] Failed to find contact report API at '/World/envs/env_603/robot_a/joints/imu'
2026-09-29T06:40:08Z [46,578ms] [Warning] [omni.physx.tensors.plugin] Failed to find contact report API at '/World/envs/env_604/robot_a/joints/imu'
2026-09-29T06:40:08Z [46,578ms] [Warning] [omni.physx.tensors.plugin] Failed to find contact report API at '/World/envs/env_605/robot_a/joints/imu'
2026-09-29T06:40:08Z [46,578ms] [Warning] [omni.physx.tensors.plugin] Failed to find contact report API at '/World/envs/env_606/robot_a/joints/imu'
2026-09-29T06:40:08Z [46,579ms] [Warning] [omni.physx.tensors.plugin] Failed to find contact report API at '/World/envs/env_607/robot_a/joints/imu'
2026-09-29T06:40:08Z [46,579ms] [Warning] [omni.physx.tensors.plugin] Failed to find contact report API at '/World/envs/env_608/robot_a/joints/imu'
2026-09-29T06:40:08Z [46,579ms] [Warning] [omni.physx.tensors.plugin] Failed to find contact report API at '/World/envs/env_609/robot_a/joints/imu'
2026-09-29T06:40:08Z [46,580ms] [Warning] [omni.physx.tensors.plugin] Failed to find contact report API at '/World/envs/env_610/robot_a/joints/imu'
2026-09-29T06:40:08Z [46,580ms] [Warning] [omni.physx.tensors.plugin] Failed to find contact report API at '/World/envs/env_611/robot_a/joints/imu'
2026-09-29T06:40:08Z [46,580ms] [Warning] [omni.physx.tensors.plugin] Failed to find contact report API at '/World/envs/env_612/robot_a/joints/imu'
2026-09-29T06:40:08Z [46,580ms] [Warning] [omni.physx.tensors.plugin] Failed to find contact report API at '/World/envs/env_613/robot_a/joints/imu'
2026-09-29T06:40:08Z [46,580ms] [Warning] [omni.physx.tensors.plugin] Failed to find contact report API at '/World/envs/env_614/robot_a/joints/imu'
2026-09-29T06:40:08Z [46,580ms] [Warning] [omni.physx.tensors.plugin] Failed to find contact report API at '/World/envs/env_615/robot_a/joints/imu'
2026-09-29T06:40:08Z [46,580ms] [Warning] [omni.physx.tensors.plugin] Failed to find contact report API at '/World/envs/env_616/robot_a/joints/imu'
2026-09-29T06:40:08Z [46,580ms] [Warning] [omni.physx.tensors.plugin] Failed to find contact report API at '/World/envs/env_617/robot_a/joints/imu'
2026-09-29T06:40:08Z [46,580ms] [Warning] [omni.physx.tensors.plugin] Failed to find contact report API at '/World/envs/env_618/robot_a/joints/imu'
2026-09-29T06:40:08Z [46,580ms] [Warning] [omni.physx.tensors.plugin] Failed to find contact report API at '/World/envs/env_619/robot_a/joints/imu'
2026-09-29T06:40:08Z [46,580ms] [Warning] [omni.physx.tensors.plugin] Failed to find contact report API at '/World/envs/env_620/robot_a/joints/imu'
2026-09-29T06:40:08Z [46,580ms] [Warning] [omni.physx.tensors.plugin] Failed to find contact report API at '/World/envs/env_621/robot_a/joints/imu'
2026-09-29T06:40:08Z [46,580ms] [Warning] [omni.physx.tensors.plugin] Failed to find contact report API at '/World/envs/env_622/robot_a/joints/imu'
2026-09-29T06:40:08Z [46,580ms] [Warning] [omni.physx.tensors.plugin] Failed to find contact report API at '/World/envs/env_623/robot_a/joints/imu'
2026-09-29T06:40:08Z [46,580ms] [Warning] [omni.physx.tensors.plugin] Failed to find contact report API at '/World/envs/env_624/robot_a/joints/imu'
2026-09-29T06:40:08Z [46,580ms] [Warning] [omni.physx.tensors.plugin] Failed to find contact report API at '/World/envs/env_625/robot_a/joints/imu'
2026-09-29T06:40:08Z [46,580ms] [Warning] [omni.physx.tensors.plugin] Failed to find contact report API at '/World/envs/env_626/robot_a/joints/imu'
2026-09-29T06:40:08Z [46,580ms] [Warning] [omni.physx.tensors.plugin] Failed to find contact report API at '/World/envs/env_627/robot_a/joints/imu'
2026-09-29T06:40:08Z [46,580ms] [Warning] [omni.physx.tensors.plugin] Failed to find contact report API at '/World/envs/env_628/robot_a/joints/imu'
2026-09-29T06:40:08Z [46,580ms] [Warning] [omni.physx.tensors.plugin] Failed to find contact report API at '/World/envs/env_629/robot_a/joints/imu'
2026-09-29T06:40:08Z [46,580ms] [Warning] [omni.physx.tensors.plugin] Failed to find contact report API at '/World/envs/env_630/robot_a/joints/imu'
2026-09-29T06:40:08Z [46,580ms] [Warning] [omni.physx.tensors.plugin] Failed to find contact report API at '/World/envs/env_631/robot_a/joints/imu'
2026-09-29T06:40:08Z [46,580ms] [Warning] [omni.physx.tensors.plugin] Failed to find contact report API at '/World/envs/env_632/robot_a/joints/imu'
2026-09-29T06:40:08Z [46,580ms] [Warning] [omni.physx.tensors.plugin] Failed to find contact report API at '/World/envs/env_633/robot_a/joints/imu'
2026-09-29T06:40:08Z [46,580ms] [Warning] [omni.physx.tensors.plugin] Failed to find contact report API at '/World/envs/env_634/robot_a/joints/imu'
2026-09-29T06:40:08Z [46,580ms] [Warning] [omni.physx.tensors.plugin] Failed to find contact report API at '/World/envs/env_635/robot_a/joints/imu'
2026-09-29T06:40:08Z [46,580ms] [Warning] [omni.physx.tensors.plugin] Failed to find contact report API at '/World/envs/env_636/robot_a/joints/imu'
2026-09-29T06:40:08Z [46,580ms] [Warning] [omni.physx.tensors.plugin] Failed to find contact report API at '/World/envs/env_637/robot_a/joints/imu'
2026-09-29T06:40:08Z [46,580ms] [Warning] [omni.physx.tensors.plugin] Failed to find contact report API at '/World/envs/env_638/robot_a/joints/imu'
2026-09-29T06:40:08Z [46,580ms] [Warning] [omni.physx.tensors.plugin] Failed to find contact report API at '/World/envs/env_639/robot_a/joints/imu'
2026-09-29T06:40:08Z [46,581ms] [Warning] [omni.physx.tensors.plugin] Failed to find contact report API at '/World/envs/env_640/robot_a/joints/imu'
2026-09-29T06:40:08Z [46,581ms] [Warning] [omni.physx.tensors.plugin] Failed to find contact report API at '/World/envs/env_641/robot_a/joints/imu'
2026-09-29T06:40:08Z [46,581ms] [Warning] [omni.physx.tensors.plugin] Failed to find contact report API at '/World/envs/env_642/robot_a/joints/imu'
2026-09-29T06:40:08Z [46,581ms] [Warning] [omni.physx.tensors.plugin] Failed to find contact report API at '/World/envs/env_643/robot_a/joints/imu'
2026-09-29T06:40:08Z [46,581ms] [Warning] [omni.physx.tensors.plugin] Failed to find contact report API at '/World/envs/env_644/robot_a/joints/imu'
2026-09-29T06:40:08Z [46,581ms] [Warning] [omni.physx.tensors.plugin] Failed to find contact report API at '/World/envs/env_645/robot_a/joints/imu'
2026-09-29T06:40:08Z [46,581ms] [Warning] [omni.physx.tensors.plugin] Failed to find contact report API at '/World/envs/env_646/robot_a/joints/imu'
2026-09-29T06:40:08Z [46,581ms] [Warning] [omni.physx.tensors.plugin] Failed to find contact report API at '/World/envs/env_647/robot_a/joints/imu'
2026-09-29T06:40:08Z [46,581ms] [Warning] [omni.physx.tensors.plugin] Failed to find contact report API at '/World/envs/env_648/robot_a/joints/imu'
2026-09-29T06:40:08Z [46,581ms] [Warning] [omni.physx.tensors.plugin] Failed to find contact report API at '/World/envs/env_649/robot_a/joints/imu'
2026-09-29T06:40:08Z [46,581ms] [Warning] [omni.physx.tensors.plugin] Failed to find contact report API at '/World/envs/env_650/robot_a/joints/imu'
2026-09-29T06:40:08Z [46,581ms] [Warning] [omni.physx.tensors.plugin] Failed to find contact report API at '/World/envs/env_651/robot_a/joints/imu'
2026-09-29T06:40:08Z [46,581ms] [Warning] [omni.physx.tensors.plugin] Failed to find contact report API at '/World/envs/env_652/robot_a/joints/imu'
2026-09-29T06:40:08Z [46,581ms] [Warning] [omni.physx.tensors.plugin] Failed to find contact report API at '/World/envs/env_653/robot_a/joints/imu'
2026-09-29T06:40:08Z [46,581ms] [Warning] [omni.physx.tensors.plugin] Failed to find contact report API at '/World/envs/env_654/robot_a/joints/imu'
2026-09-29T06:40:08Z [46,581ms] [Warning] [omni.physx.tensors.plugin] Failed to find contact report API at '/World/envs/env_655/robot_a/joints/imu'
2026-09-29T06:40:08Z [46,581ms] [Warning] [omni.physx.tensors.plugin] Failed to find contact report API at '/World/envs/env_656/robot_a/joints/imu'
2026-09-29T06:40:08Z [46,581ms] [Warning] [omni.physx.tensors.plugin] Failed to find contact report API at '/World/envs/env_657/robot_a/joints/imu'
2026-09-29T06:40:08Z [46,581ms] [Warning] [omni.physx.tensors.plugin] Failed to find contact report API at '/World/envs/env_658/robot_a/joints/imu'
2026-09-29T06:40:08Z [46,581ms] [Warning] [omni.physx.tensors.plugin] Failed to find contact report API at '/World/envs/env_659/robot_a/joints/imu'
2026-09-29T06:40:08Z [46,581ms] [Warning] [omni.physx.tensors.plugin] Failed to find contact report API at '/World/envs/env_660/robot_a/joints/imu'
2026-09-29T06:40:08Z [46,581ms] [Warning] [omni.physx.tensors.plugin] Failed to find contact report API at '/World/envs/env_661/robot_a/joints/imu'
2026-09-29T06:40:08Z [46,581ms] [Warning] [omni.physx.tensors.plugin] Failed to find contact report API at '/World/envs/env_662/robot_a/joints/imu'
2026-09-29T06:40:08Z [46,581ms] [Warning] [omni.physx.tensors.plugin] Failed to find contact report API at '/World/envs/env_663/robot_a/joints/imu'
2026-09-29T06:40:08Z [46,581ms] [Warning] [omni.physx.tensors.plugin] Failed to find contact report API at '/World/envs/env_664/robot_a/joints/imu'
2026-09-29T06:40:08Z [46,581ms] [Warning] [omni.physx.tensors.plugin] Failed to find contact report API at '/World/envs/env_665/robot_a/joints/imu'
2026-09-29T06:40:08Z [46,581ms] [Warning] [omni.physx.tensors.plugin] Failed to find contact report API at '/World/envs/env_666/robot_a/joints/imu'
2026-09-29T06:40:08Z [46,581ms] [Warning] [omni.physx.tensors.plugin] Failed to find contact report API at '/World/envs/env_667/robot_a/joints/imu'
2026-09-29T06:40:08Z [46,581ms] [Warning] [omni.physx.tensors.plugin] Failed to find contact report API at '/World/envs/env_668/robot_a/joints/imu'
2026-09-29T06:40:08Z [46,581ms] [Warning] [omni.physx.tensors.plugin] Failed to find contact report API at '/World/envs/env_669/robot_a/joints/imu'
2026-09-29T06:40:08Z [46,581ms] [Warning] [omni.physx.tensors.plugin] Failed to find contact report API at '/World/envs/env_670/robot_a/joints/imu'
2026-09-29T06:40:08Z [46,582ms] [Warning] [omni.physx.tensors.plugin] Failed to find contact report API at '/World/envs/env_671/robot_a/joints/imu'
2026-09-29T06:40:08Z [46,582ms] [Warning] [omni.physx.tensors.plugin] Failed to find contact report API at '/World/envs/env_672/robot_a/joints/imu'
2026-09-29T06:40:08Z [46,582ms] [Warning] [omni.physx.tensors.plugin] Failed to find contact report API at '/World/envs/env_673/robot_a/joints/imu'
2026-09-29T06:40:08Z [46,582ms] [Warning] [omni.physx.tensors.plugin] Failed to find contact report API at '/World/envs/env_674/robot_a/joints/imu'
2026-09-29T06:40:08Z [46,582ms] [Warning] [omni.physx.tensors.plugin] Failed to find contact report API at '/World/envs/env_675/robot_a/joints/imu'
2026-09-29T06:40:08Z [46,582ms] [Warning] [omni.physx.tensors.plugin] Failed to find contact report API at '/World/envs/env_676/robot_a/joints/imu'
2026-09-29T06:40:08Z [46,582ms] [Warning] [omni.physx.tensors.plugin] Failed to find contact report API at '/World/envs/env_677/robot_a/joints/imu'
2026-09-29T06:40:08Z [46,582ms] [Warning] [omni.physx.tensors.plugin] Failed to find contact report API at '/World/envs/env_678/robot_a/joints/imu'
2026-09-29T06:40:08Z [46,582ms] [Warning] [omni.physx.tensors.plugin] Failed to find contact report API at '/World/envs/env_679/robot_a/joints/imu'
2026-09-29T06:40:08Z [46,582ms] [Warning] [omni.physx.tensors.plugin] Failed to find contact report API at '/World/envs/env_680/robot_a/joints/imu'
2026-09-29T06:40:08Z [46,582ms] [Warning] [omni.physx.tensors.plugin] Failed to find contact report API at '/World/envs/env_681/robot_a/joints/imu'
2026-09-29T06:40:08Z [46,582ms] [Warning] [omni.physx.tensors.plugin] Failed to find contact report API at '/World/envs/env_682/robot_a/joints/imu'
2026-09-29T06:40:08Z [46,582ms] [Warning] [omni.physx.tensors.plugin] Failed to find contact report API at '/World/envs/env_683/robot_a/joints/imu'
2026-09-29T06:40:08Z [46,582ms] [Warning] [omni.physx.tensors.plugin] Failed to find contact report API at '/World/envs/env_684/robot_a/joints/imu'
2026-09-29T06:40:08Z [46,582ms] [Warning] [omni.physx.tensors.plugin] Failed to find contact report API at '/World/envs/env_685/robot_a/joints/imu'
2026-09-29T06:40:08Z [46,582ms] [Warning] [omni.physx.tensors.plugin] Failed to find contact report API at '/World/envs/env_686/robot_a/joints/imu'
2026-09-29T06:40:08Z [46,582ms] [Warning] [omni.physx.tensors.plugin] Failed to find contact report API at '/World/envs/env_687/robot_a/joints/imu'
2026-09-29T06:40:08Z [46,582ms] [Warning] [omni.physx.tensors.plugin] Failed to find contact report API at '/World/envs/env_688/robot_a/joints/imu'
2026-09-29T06:40:08Z [46,582ms] [Warning] [omni.physx.tensors.plugin] Failed to find contact report API at '/World/envs/env_689/robot_a/joints/imu'
2026-09-29T06:40:08Z [46,582ms] [Warning] [omni.physx.tensors.plugin] Failed to find contact report API at '/World/envs/env_690/robot_a/joints/imu'
2026-09-29T06:40:08Z [46,582ms] [Warning] [omni.physx.tensors.plugin] Failed to find contact report API at '/World/envs/env_691/robot_a/joints/imu'
2026-09-29T06:40:08Z [46,582ms] [Warning] [omni.physx.tensors.plugin] Failed to find contact report API at '/World/envs/env_692/robot_a/joints/imu'
2026-09-29T06:40:08Z [46,582ms] [Warning] [omni.physx.tensors.plugin] Failed to find contact report API at '/World/envs/env_693/robot_a/joints/imu'
2026-09-29T06:40:08Z [46,582ms] [Warning] [omni.physx.tensors.plugin] Failed to find contact report API at '/World/envs/env_694/robot_a/joints/imu'
2026-09-29T06:40:08Z [46,582ms] [Warning] [omni.physx.tensors.plugin] Failed to find contact report API at '/World/envs/env_695/robot_a/joints/imu'
2026-09-29T06:40:08Z [46,582ms] [Warning] [omni.physx.tensors.plugin] Failed to find contact report API at '/World/envs/env_696/robot_a/joints/imu'
2026-09-29T06:40:08Z [46,582ms] [Warning] [omni.physx.tensors.plugin] Failed to find contact report API at '/World/envs/env_697/robot_a/joints/imu'
2026-09-29T06:40:08Z [46,582ms] [Warning] [omni.physx.tensors.plugin] Failed to find contact report API at '/World/envs/env_698/robot_a/joints/imu'
2026-09-29T06:40:08Z [46,582ms] [Warning] [omni.physx.tensors.plugin] Failed to find contact report API at '/World/envs/env_699/robot_a/joints/imu'
2026-09-29T06:40:08Z [46,582ms] [Warning] [omni.physx.tensors.plugin] Failed to find contact report API at '/World/envs/env_700/robot_a/joints/imu'
2026-09-29T06:40:08Z [46,582ms] [Warning] [omni.physx.tensors.plugin] Failed to find contact report API at '/World/envs/env_701/robot_a/joints/imu'
2026-09-29T06:40:08Z [46,582ms] [Warning] [omni.physx.tensors.plugin] Failed to find contact report API at '/World/envs/env_702/robot_a/joints/imu'
2026-09-29T06:40:08Z [46,583ms] [Warning] [omni.physx.tensors.plugin] Failed to find contact report API at '/World/envs/env_703/robot_a/joints/imu'
2026-09-29T06:40:08Z [46,583ms] [Warning] [omni.physx.tensors.plugin] Failed to find contact report API at '/World/envs/env_704/robot_a/joints/imu'
2026-09-29T06:40:08Z [46,583ms] [Warning] [omni.physx.tensors.plugin] Failed to find contact report API at '/World/envs/env_705/robot_a/joints/imu'
2026-09-29T06:40:08Z [46,583ms] [Warning] [omni.physx.tensors.plugin] Failed to find contact report API at '/World/envs/env_706/robot_a/joints/imu'
2026-09-29T06:40:08Z [46,583ms] [Warning] [omni.physx.tensors.plugin] Failed to find contact report API at '/World/envs/env_707/robot_a/joints/imu'
2026-09-29T06:40:08Z [46,583ms] [Warning] [omni.physx.tensors.plugin] Failed to find contact report API at '/World/envs/env_708/robot_a/joints/imu'
2026-09-29T06:40:08Z [46,583ms] [Warning] [omni.physx.tensors.plugin] Failed to find contact report API at '/World/envs/env_709/robot_a/joints/imu'
2026-09-29T06:40:08Z [46,583ms] [Warning] [omni.physx.tensors.plugin] Failed to find contact report API at '/World/envs/env_710/robot_a/joints/imu'
2026-09-29T06:40:08Z [46,583ms] [Warning] [omni.physx.tensors.plugin] Failed to find contact report API at '/World/envs/env_711/robot_a/joints/imu'
2026-09-29T06:40:08Z [46,583ms] [Warning] [omni.physx.tensors.plugin] Failed to find contact report API at '/World/envs/env_712/robot_a/joints/imu'
2026-09-29T06:40:08Z [46,583ms] [Warning] [omni.physx.tensors.plugin] Failed to find contact report API at '/World/envs/env_713/robot_a/joints/imu'
2026-09-29T06:40:08Z [46,583ms] [Warning] [omni.physx.tensors.plugin] Failed to find contact report API at '/World/envs/env_714/robot_a/joints/imu'
2026-09-29T06:40:08Z [46,583ms] [Warning] [omni.physx.tensors.plugin] Failed to find contact report API at '/World/envs/env_715/robot_a/joints/imu'
2026-09-29T06:40:08Z [46,583ms] [Warning] [omni.physx.tensors.plugin] Failed to find contact report API at '/World/envs/env_716/robot_a/joints/imu'
2026-09-29T06:40:08Z [46,583ms] [Warning] [omni.physx.tensors.plugin] Failed to find contact report API at '/World/envs/env_717/robot_a/joints/imu'
2026-09-29T06:40:08Z [46,583ms] [Warning] [omni.physx.tensors.plugin] Failed to find contact report API at '/World/envs/env_718/robot_a/joints/imu'
2026-09-29T06:40:08Z [46,583ms] [Warning] [omni.physx.tensors.plugin] Failed to find contact report API at '/World/envs/env_719/robot_a/joints/imu'
2026-09-29T06:40:08Z [46,583ms] [Warning] [omni.physx.tensors.plugin] Failed to find contact report API at '/World/envs/env_720/robot_a/joints/imu'
2026-09-29T06:40:08Z [46,583ms] [Warning] [omni.physx.tensors.plugin] Failed to find contact report API at '/World/envs/env_721/robot_a/joints/imu'
2026-09-29T06:40:08Z [46,583ms] [Warning] [omni.physx.tensors.plugin] Failed to find contact report API at '/World/envs/env_722/robot_a/joints/imu'
2026-09-29T06:40:08Z [46,583ms] [Warning] [omni.physx.tensors.plugin] Failed to find contact report API at '/World/envs/env_723/robot_a/joints/imu'
2026-09-29T06:40:08Z [46,583ms] [Warning] [omni.physx.tensors.plugin] Failed to find contact report API at '/World/envs/env_724/robot_a/joints/imu'
2026-09-29T06:40:08Z [46,583ms] [Warning] [omni.physx.tensors.plugin] Failed to find contact report API at '/World/envs/env_725/robot_a/joints/imu'
2026-09-29T06:40:08Z [46,583ms] [Warning] [omni.physx.tensors.plugin] Failed to find contact report API at '/World/envs/env_726/robot_a/joints/imu'
2026-09-29T06:40:08Z [46,583ms] [Warning] [omni.physx.tensors.plugin] Failed to find contact report API at '/World/envs/env_727/robot_a/joints/imu'
2026-09-29T06:40:08Z [46,583ms] [Warning] [omni.physx.tensors.plugin] Failed to find contact report API at '/World/envs/env_728/robot_a/joints/imu'
2026-09-29T06:40:08Z [46,583ms] [Warning] [omni.physx.tensors.plugin] Failed to find contact report API at '/World/envs/env_729/robot_a/joints/imu'
2026-09-29T06:40:08Z [46,583ms] [Warning] [omni.physx.tensors.plugin] Failed to find contact report API at '/World/envs/env_730/robot_a/joints/imu'
2026-09-29T06:40:08Z [46,583ms] [Warning] [omni.physx.tensors.plugin] Failed to find contact report API at '/World/envs/env_731/robot_a/joints/imu'
2026-09-29T06:40:08Z [46,583ms] [Warning] [omni.physx.tensors.plugin] Failed to find contact report API at '/World/envs/env_732/robot_a/joints/imu'
2026-09-29T06:40:08Z [46,583ms] [Warning] [omni.physx.tensors.plugin] Failed to find contact report API at '/World/envs/env_733/robot_a/joints/imu'
2026-09-29T06:40:08Z [46,583ms] [Warning] [omni.physx.tensors.plugin] Failed to find contact report API at '/World/envs/env_734/robot_a/joints/imu'
2026-09-29T06:40:08Z [46,584ms] [Warning] [omni.physx.tensors.plugin] Failed to find contact report API at '/World/envs/env_735/robot_a/joints/imu'
2026-09-29T06:40:08Z [46,584ms] [Warning] [omni.physx.tensors.plugin] Failed to find contact report API at '/World/envs/env_736/robot_a/joints/imu'
2026-09-29T06:40:08Z [46,584ms] [Warning] [omni.physx.tensors.plugin] Failed to find contact report API at '/World/envs/env_737/robot_a/joints/imu'
2026-09-29T06:40:08Z [46,584ms] [Warning] [omni.physx.tensors.plugin] Failed to find contact report API at '/World/envs/env_738/robot_a/joints/imu'
2026-09-29T06:40:08Z [46,584ms] [Warning] [omni.physx.tensors.plugin] Failed to find contact report API at '/World/envs/env_739/robot_a/joints/imu'
2026-09-29T06:40:08Z [46,584ms] [Warning] [omni.physx.tensors.plugin] Failed to find contact report API at '/World/envs/env_740/robot_a/joints/imu'
2026-09-29T06:40:08Z [46,584ms] [Warning] [omni.physx.tensors.plugin] Failed to find contact report API at '/World/envs/env_741/robot_a/joints/imu'
2026-09-29T06:40:08Z [46,584ms] [Warning] [omni.physx.tensors.plugin] Failed to find contact report API at '/World/envs/env_742/robot_a/joints/imu'
2026-09-29T06:40:08Z [46,584ms] [Warning] [omni.physx.tensors.plugin] Failed to find contact report API at '/World/envs/env_743/robot_a/joints/imu'
2026-09-29T06:40:08Z [46,584ms] [Warning] [omni.physx.tensors.plugin] Failed to find contact report API at '/World/envs/env_744/robot_a/joints/imu'
2026-09-29T06:40:08Z [46,584ms] [Warning] [omni.physx.tensors.plugin] Failed to find contact report API at '/World/envs/env_745/robot_a/joints/imu'
2026-09-29T06:40:08Z [46,584ms] [Warning] [omni.physx.tensors.plugin] Failed to find contact report API at '/World/envs/env_746/robot_a/joints/imu'
2026-09-29T06:40:08Z [46,584ms] [Warning] [omni.physx.tensors.plugin] Failed to find contact report API at '/World/envs/env_747/robot_a/joints/imu'
2026-09-29T06:40:08Z [46,584ms] [Warning] [omni.physx.tensors.plugin] Failed to find contact report API at '/World/envs/env_748/robot_a/joints/imu'
2026-09-29T06:40:08Z [46,584ms] [Warning] [omni.physx.tensors.plugin] Failed to find contact report API at '/World/envs/env_749/robot_a/joints/imu'
2026-09-29T06:40:08Z [46,584ms] [Warning] [omni.physx.tensors.plugin] Failed to find contact report API at '/World/envs/env_750/robot_a/joints/imu'
2026-09-29T06:40:08Z [46,584ms] [Warning] [omni.physx.tensors.plugin] Failed to find contact report API at '/World/envs/env_751/robot_a/joints/imu'
2026-09-29T06:40:08Z [46,584ms] [Warning] [omni.physx.tensors.plugin] Failed to find contact report API at '/World/envs/env_752/robot_a/joints/imu'
2026-09-29T06:40:08Z [46,584ms] [Warning] [omni.physx.tensors.plugin] Failed to find contact report API at '/World/envs/env_753/robot_a/joints/imu'
2026-09-29T06:40:08Z [46,584ms] [Warning] [omni.physx.tensors.plugin] Failed to find contact report API at '/World/envs/env_754/robot_a/joints/imu'
2026-09-29T06:40:08Z [46,584ms] [Warning] [omni.physx.tensors.plugin] Failed to find contact report API at '/World/envs/env_755/robot_a/joints/imu'
2026-09-29T06:40:08Z [46,584ms] [Warning] [omni.physx.tensors.plugin] Failed to find contact report API at '/World/envs/env_756/robot_a/joints/imu'
2026-09-29T06:40:08Z [46,584ms] [Warning] [omni.physx.tensors.plugin] Failed to find contact report API at '/World/envs/env_757/robot_a/joints/imu'
2026-09-29T06:40:08Z [46,584ms] [Warning] [omni.physx.tensors.plugin] Failed to find contact report API at '/World/envs/env_758/robot_a/joints/imu'
2026-09-29T06:40:08Z [46,584ms] [Warning] [omni.physx.tensors.plugin] Failed to find contact report API at '/World/envs/env_759/robot_a/joints/imu'
2026-09-29T06:40:08Z [46,584ms] [Warning] [omni.physx.tensors.plugin] Failed to find contact report API at '/World/envs/env_760/robot_a/joints/imu'
2026-09-29T06:40:08Z [46,584ms] [Warning] [omni.physx.tensors.plugin] Failed to find contact report API at '/World/envs/env_761/robot_a/joints/imu'
2026-09-29T06:40:08Z [46,584ms] [Warning] [omni.physx.tensors.plugin] Failed to find contact report API at '/World/envs/env_762/robot_a/joints/imu'
2026-09-29T06:40:08Z [46,584ms] [Warning] [omni.physx.tensors.plugin] Failed to find contact report API at '/World/envs/env_763/robot_a/joints/imu'
2026-09-29T06:40:08Z [46,584ms] [Warning] [omni.physx.tensors.plugin] Failed to find contact report API at '/World/envs/env_764/robot_a/joints/imu'
2026-09-29T06:40:08Z [46,584ms] [Warning] [omni.physx.tensors.plugin] Failed to find contact report API at '/World/envs/env_765/robot_a/joints/imu'
2026-09-29T06:40:08Z [46,584ms] [Warning] [omni.physx.tensors.plugin] Failed to find contact report API at '/World/envs/env_766/robot_a/joints/imu'
2026-09-29T06:40:08Z [46,585ms] [Warning] [omni.physx.tensors.plugin] Failed to find contact report API at '/World/envs/env_767/robot_a/joints/imu'
2026-09-29T06:40:08Z [46,585ms] [Warning] [omni.physx.tensors.plugin] Failed to find contact report API at '/World/envs/env_768/robot_a/joints/imu'
2026-09-29T06:40:08Z [46,585ms] [Warning] [omni.physx.tensors.plugin] Failed to find contact report API at '/World/envs/env_769/robot_a/joints/imu'
2026-09-29T06:40:08Z [46,585ms] [Warning] [omni.physx.tensors.plugin] Failed to find contact report API at '/World/envs/env_770/robot_a/joints/imu'
2026-09-29T06:40:08Z [46,585ms] [Warning] [omni.physx.tensors.plugin] Failed to find contact report API at '/World/envs/env_771/robot_a/joints/imu'
2026-09-29T06:40:08Z [46,585ms] [Warning] [omni.physx.tensors.plugin] Failed to find contact report API at '/World/envs/env_772/robot_a/joints/imu'
2026-09-29T06:40:08Z [46,585ms] [Warning] [omni.physx.tensors.plugin] Failed to find contact report API at '/World/envs/env_773/robot_a/joints/imu'
2026-09-29T06:40:08Z [46,585ms] [Warning] [omni.physx.tensors.plugin] Failed to find contact report API at '/World/envs/env_774/robot_a/joints/imu'
2026-09-29T06:40:08Z [46,585ms] [Warning] [omni.physx.tensors.plugin] Failed to find contact report API at '/World/envs/env_775/robot_a/joints/imu'
2026-09-29T06:40:08Z [46,585ms] [Warning] [omni.physx.tensors.plugin] Failed to find contact report API at '/World/envs/env_776/robot_a/joints/imu'
2026-09-29T06:40:08Z [46,585ms] [Warning] [omni.physx.tensors.plugin] Failed to find contact report API at '/World/envs/env_777/robot_a/joints/imu'
2026-09-29T06:40:08Z [46,585ms] [Warning] [omni.physx.tensors.plugin] Failed to find contact report API at '/World/envs/env_778/robot_a/joints/imu'
2026-09-29T06:40:08Z [46,585ms] [Warning] [omni.physx.tensors.plugin] Failed to find contact report API at '/World/envs/env_779/robot_a/joints/imu'
2026-09-29T06:40:08Z [46,585ms] [Warning] [omni.physx.tensors.plugin] Failed to find contact report API at '/World/envs/env_780/robot_a/joints/imu'
2026-09-29T06:40:08Z [46,585ms] [Warning] [omni.physx.tensors.plugin] Failed to find contact report API at '/World/envs/env_781/robot_a/joints/imu'
2026-09-29T06:40:08Z [46,585ms] [Warning] [omni.physx.tensors.plugin] Failed to find contact report API at '/World/envs/env_782/robot_a/joints/imu'
2026-09-29T06:40:08Z [46,585ms] [Warning] [omni.physx.tensors.plugin] Failed to find contact report API at '/World/envs/env_783/robot_a/joints/imu'
2026-09-29T06:40:08Z [46,585ms] [Warning] [omni.physx.tensors.plugin] Failed to find contact report API at '/World/envs/env_784/robot_a/joints/imu'
2026-09-29T06:40:08Z [46,585ms] [Warning] [omni.physx.tensors.plugin] Failed to find contact report API at '/World/envs/env_785/robot_a/joints/imu'
2026-09-29T06:40:08Z [46,585ms] [Warning] [omni.physx.tensors.plugin] Failed to find contact report API at '/World/envs/env_786/robot_a/joints/imu'
2026-09-29T06:40:08Z [46,585ms] [Warning] [omni.physx.tensors.plugin] Failed to find contact report API at '/World/envs/env_787/robot_a/joints/imu'
2026-09-29T06:40:08Z [46,585ms] [Warning] [omni.physx.tensors.plugin] Failed to find contact report API at '/World/envs/env_788/robot_a/joints/imu'
2026-09-29T06:40:08Z [46,585ms] [Warning] [omni.physx.tensors.plugin] Failed to find contact report API at '/World/envs/env_789/robot_a/joints/imu'
2026-09-29T06:40:08Z [46,585ms] [Warning] [omni.physx.tensors.plugin] Failed to find contact report API at '/World/envs/env_790/robot_a/joints/imu'
2026-09-29T06:40:08Z [46,585ms] [Warning] [omni.physx.tensors.plugin] Failed to find contact report API at '/World/envs/env_791/robot_a/joints/imu'
2026-09-29T06:40:08Z [46,585ms] [Warning] [omni.physx.tensors.plugin] Failed to find contact report API at '/World/envs/env_792/robot_a/joints/imu'
2026-09-29T06:40:08Z [46,585ms] [Warning] [omni.physx.tensors.plugin] Failed to find contact report API at '/World/envs/env_793/robot_a/joints/imu'
2026-09-29T06:40:08Z [46,585ms] [Warning] [omni.physx.tensors.plugin] Failed to find contact report API at '/World/envs/env_794/robot_a/joints/imu'
2026-09-29T06:40:08Z [46,585ms] [Warning] [omni.physx.tensors.plugin] Failed to find contact report API at '/World/envs/env_795/robot_a/joints/imu'
2026-09-29T06:40:08Z [46,585ms] [Warning] [omni.physx.tensors.plugin] Failed to find contact report API at '/World/envs/env_796/robot_a/joints/imu'
2026-09-29T06:40:08Z [46,585ms] [Warning] [omni.physx.tensors.plugin] Failed to find contact report API at '/World/envs/env_797/robot_a/joints/imu'
2026-09-29T06:40:08Z [46,585ms] [Warning] [omni.physx.tensors.plugin] Failed to find contact report API at '/World/envs/env_798/robot_a/joints/imu'
2026-09-29T06:40:08Z [46,585ms] [Warning] [omni.physx.tensors.plugin] Failed to find contact report API at '/World/envs/env_799/robot_a/joints/imu'
2026-09-29T06:40:08Z [46,586ms] [Warning] [omni.physx.tensors.plugin] Failed to find contact report API at '/World/envs/env_800/robot_a/joints/imu'
2026-09-29T06:40:08Z [46,586ms] [Warning] [omni.physx.tensors.plugin] Failed to find contact report API at '/World/envs/env_801/robot_a/joints/imu'
2026-09-29T06:40:08Z [46,586ms] [Warning] [omni.physx.tensors.plugin] Failed to find contact report API at '/World/envs/env_802/robot_a/joints/imu'
2026-09-29T06:40:08Z [46,586ms] [Warning] [omni.physx.tensors.plugin] Failed to find contact report API at '/World/envs/env_803/robot_a/joints/imu'
2026-09-29T06:40:08Z [46,586ms] [Warning] [omni.physx.tensors.plugin] Failed to find contact report API at '/World/envs/env_804/robot_a/joints/imu'
2026-09-29T06:40:08Z [46,586ms] [Warning] [omni.physx.tensors.plugin] Failed to find contact report API at '/World/envs/env_805/robot_a/joints/imu'
2026-09-29T06:40:08Z [46,586ms] [Warning] [omni.physx.tensors.plugin] Failed to find contact report API at '/World/envs/env_806/robot_a/joints/imu'
2026-09-29T06:40:08Z [46,586ms] [Warning] [omni.physx.tensors.plugin] Failed to find contact report API at '/World/envs/env_807/robot_a/joints/imu'
2026-09-29T06:40:08Z [46,586ms] [Warning] [omni.physx.tensors.plugin] Failed to find contact report API at '/World/envs/env_808/robot_a/joints/imu'
2026-09-29T06:40:08Z [46,586ms] [Warning] [omni.physx.tensors.plugin] Failed to find contact report API at '/World/envs/env_809/robot_a/joints/imu'
2026-09-29T06:40:08Z [46,586ms] [Warning] [omni.physx.tensors.plugin] Failed to find contact report API at '/World/envs/env_810/robot_a/joints/imu'
2026-09-29T06:40:08Z [46,586ms] [Warning] [omni.physx.tensors.plugin] Failed to find contact report API at '/World/envs/env_811/robot_a/joints/imu'
2026-09-29T06:40:08Z [46,586ms] [Warning] [omni.physx.tensors.plugin] Failed to find contact report API at '/World/envs/env_812/robot_a/joints/imu'
2026-09-29T06:40:08Z [46,586ms] [Warning] [omni.physx.tensors.plugin] Failed to find contact report API at '/World/envs/env_813/robot_a/joints/imu'
2026-09-29T06:40:08Z [46,586ms] [Warning] [omni.physx.tensors.plugin] Failed to find contact report API at '/World/envs/env_814/robot_a/joints/imu'
2026-09-29T06:40:08Z [46,586ms] [Warning] [omni.physx.tensors.plugin] Failed to find contact report API at '/World/envs/env_815/robot_a/joints/imu'
2026-09-29T06:40:08Z [46,586ms] [Warning] [omni.physx.tensors.plugin] Failed to find contact report API at '/World/envs/env_816/robot_a/joints/imu'
2026-09-29T06:40:08Z [46,586ms] [Warning] [omni.physx.tensors.plugin] Failed to find contact report API at '/World/envs/env_817/robot_a/joints/imu'
2026-09-29T06:40:08Z [46,586ms] [Warning] [omni.physx.tensors.plugin] Failed to find contact report API at '/World/envs/env_818/robot_a/joints/imu'
2026-09-29T06:40:08Z [46,586ms] [Warning] [omni.physx.tensors.plugin] Failed to find contact report API at '/World/envs/env_819/robot_a/joints/imu'
2026-09-29T06:40:08Z [46,586ms] [Warning] [omni.physx.tensors.plugin] Failed to find contact report API at '/World/envs/env_820/robot_a/joints/imu'
2026-09-29T06:40:08Z [46,586ms] [Warning] [omni.physx.tensors.plugin] Failed to find contact report API at '/World/envs/env_821/robot_a/joints/imu'
2026-09-29T06:40:08Z [46,586ms] [Warning] [omni.physx.tensors.plugin] Failed to find contact report API at '/World/envs/env_822/robot_a/joints/imu'
2026-09-29T06:40:08Z [46,586ms] [Warning] [omni.physx.tensors.plugin] Failed to find contact report API at '/World/envs/env_823/robot_a/joints/imu'
2026-09-29T06:40:08Z [46,586ms] [Warning] [omni.physx.tensors.plugin] Failed to find contact report API at '/World/envs/env_824/robot_a/joints/imu'
2026-09-29T06:40:08Z [46,586ms] [Warning] [omni.physx.tensors.plugin] Failed to find contact report API at '/World/envs/env_825/robot_a/joints/imu'
2026-09-29T06:40:08Z [46,586ms] [Warning] [omni.physx.tensors.plugin] Failed to find contact report API at '/World/envs/env_826/robot_a/joints/imu'
2026-09-29T06:40:08Z [46,586ms] [Warning] [omni.physx.tensors.plugin] Failed to find contact report API at '/World/envs/env_827/robot_a/joints/imu'
2026-09-29T06:40:08Z [46,586ms] [Warning] [omni.physx.tensors.plugin] Failed to find contact report API at '/World/envs/env_828/robot_a/joints/imu'
2026-09-29T06:40:08Z [46,586ms] [Warning] [omni.physx.tensors.plugin] Failed to find contact report API at '/World/envs/env_829/robot_a/joints/imu'
2026-09-29T06:40:08Z [46,586ms] [Warning] [omni.physx.tensors.plugin] Failed to find contact report API at '/World/envs/env_830/robot_a/joints/imu'
2026-09-29T06:40:08Z [46,586ms] [Warning] [omni.physx.tensors.plugin] Failed to find contact report API at '/World/envs/env_831/robot_a/joints/imu'
2026-09-29T06:40:08Z [46,586ms] [Warning] [omni.physx.tensors.plugin] Failed to find contact report API at '/World/envs/env_832/robot_a/joints/imu'
2026-09-29T06:40:08Z [46,587ms] [Warning] [omni.physx.tensors.plugin] Failed to find contact report API at '/World/envs/env_833/robot_a/joints/imu'
2026-09-29T06:40:08Z [46,587ms] [Warning] [omni.physx.tensors.plugin] Failed to find contact report API at '/World/envs/env_834/robot_a/joints/imu'
2026-09-29T06:40:08Z [46,587ms] [Warning] [omni.physx.tensors.plugin] Failed to find contact report API at '/World/envs/env_835/robot_a/joints/imu'
2026-09-29T06:40:08Z [46,587ms] [Warning] [omni.physx.tensors.plugin] Failed to find contact report API at '/World/envs/env_836/robot_a/joints/imu'
2026-09-29T06:40:08Z [46,587ms] [Warning] [omni.physx.tensors.plugin] Failed to find contact report API at '/World/envs/env_837/robot_a/joints/imu'
2026-09-29T06:40:08Z [46,587ms] [Warning] [omni.physx.tensors.plugin] Failed to find contact report API at '/World/envs/env_838/robot_a/joints/imu'
2026-09-29T06:40:08Z [46,587ms] [Warning] [omni.physx.tensors.plugin] Failed to find contact report API at '/World/envs/env_839/robot_a/joints/imu'
2026-09-29T06:40:08Z [46,587ms] [Warning] [omni.physx.tensors.plugin] Failed to find contact report API at '/World/envs/env_840/robot_a/joints/imu'
2026-09-29T06:40:08Z [46,587ms] [Warning] [omni.physx.tensors.plugin] Failed to find contact report API at '/World/envs/env_841/robot_a/joints/imu'
2026-09-29T06:40:08Z [46,587ms] [Warning] [omni.physx.tensors.plugin] Failed to find contact report API at '/World/envs/env_842/robot_a/joints/imu'
2026-09-29T06:40:08Z [46,587ms] [Warning] [omni.physx.tensors.plugin] Failed to find contact report API at '/World/envs/env_843/robot_a/joints/imu'
2026-09-29T06:40:08Z [46,587ms] [Warning] [omni.physx.tensors.plugin] Failed to find contact report API at '/World/envs/env_844/robot_a/joints/imu'
2026-09-29T06:40:08Z [46,587ms] [Warning] [omni.physx.tensors.plugin] Failed to find contact report API at '/World/envs/env_845/robot_a/joints/imu'
2026-09-29T06:40:08Z [46,587ms] [Warning] [omni.physx.tensors.plugin] Failed to find contact report API at '/World/envs/env_846/robot_a/joints/imu'
2026-09-29T06:40:08Z [46,587ms] [Warning] [omni.physx.tensors.plugin] Failed to find contact report API at '/World/envs/env_847/robot_a/joints/imu'
2026-09-29T06:40:08Z [46,587ms] [Warning] [omni.physx.tensors.plugin] Failed to find contact report API at '/World/envs/env_848/robot_a/joints/imu'
2026-09-29T06:40:08Z [46,587ms] [Warning] [omni.physx.tensors.plugin] Failed to find contact report API at '/World/envs/env_849/robot_a/joints/imu'
2026-09-29T06:40:08Z [46,587ms] [Warning] [omni.physx.tensors.plugin] Failed to find contact report API at '/World/envs/env_850/robot_a/joints/imu'
2026-09-29T06:40:08Z [46,587ms] [Warning] [omni.physx.tensors.plugin] Failed to find contact report API at '/World/envs/env_851/robot_a/joints/imu'
2026-09-29T06:40:08Z [46,587ms] [Warning] [omni.physx.tensors.plugin] Failed to find contact report API at '/World/envs/env_852/robot_a/joints/imu'
2026-09-29T06:40:08Z [46,587ms] [Warning] [omni.physx.tensors.plugin] Failed to find contact report API at '/World/envs/env_853/robot_a/joints/imu'
2026-09-29T06:40:08Z [46,587ms] [Warning] [omni.physx.tensors.plugin] Failed to find contact report API at '/World/envs/env_854/robot_a/joints/imu'
2026-09-29T06:40:08Z [46,587ms] [Warning] [omni.physx.tensors.plugin] Failed to find contact report API at '/World/envs/env_855/robot_a/joints/imu'
2026-09-29T06:40:08Z [46,587ms] [Warning] [omni.physx.tensors.plugin] Failed to find contact report API at '/World/envs/env_856/robot_a/joints/imu'
2026-09-29T06:40:08Z [46,587ms] [Warning] [omni.physx.tensors.plugin] Failed to find contact report API at '/World/envs/env_857/robot_a/joints/imu'
2026-09-29T06:40:08Z [46,587ms] [Warning] [omni.physx.tensors.plugin] Failed to find contact report API at '/World/envs/env_858/robot_a/joints/imu'
2026-09-29T06:40:08Z [46,587ms] [Warning] [omni.physx.tensors.plugin] Failed to find contact report API at '/World/envs/env_859/robot_a/joints/imu'
2026-09-29T06:40:08Z [46,587ms] [Warning] [omni.physx.tensors.plugin] Failed to find contact report API at '/World/envs/env_860/robot_a/joints/imu'
2026-09-29T06:40:08Z [46,587ms] [Warning] [omni.physx.tensors.plugin] Failed to find contact report API at '/World/envs/env_861/robot_a/joints/imu'
2026-09-29T06:40:08Z [46,587ms] [Warning] [omni.physx.tensors.plugin] Failed to find contact report API at '/World/envs/env_862/robot_a/joints/imu'
2026-09-29T06:40:08Z [46,587ms] [Warning] [omni.physx.tensors.plugin] Failed to find contact report API at '/World/envs/env_863/robot_a/joints/imu'
2026-09-29T06:40:08Z [46,587ms] [Warning] [omni.physx.tensors.plugin] Failed to find contact report API at '/World/envs/env_864/robot_a/joints/imu'
2026-09-29T06:40:08Z [46,587ms] [Warning] [omni.physx.tensors.plugin] Failed to find contact report API at '/World/envs/env_865/robot_a/joints/imu'
2026-09-29T06:40:08Z [46,588ms] [Warning] [omni.physx.tensors.plugin] Failed to find contact report API at '/World/envs/env_866/robot_a/joints/imu'
2026-09-29T06:40:08Z [46,588ms] [Warning] [omni.physx.tensors.plugin] Failed to find contact report API at '/World/envs/env_867/robot_a/joints/imu'
2026-09-29T06:40:08Z [46,588ms] [Warning] [omni.physx.tensors.plugin] Failed to find contact report API at '/World/envs/env_868/robot_a/joints/imu'
2026-09-29T06:40:08Z [46,588ms] [Warning] [omni.physx.tensors.plugin] Failed to find contact report API at '/World/envs/env_869/robot_a/joints/imu'
2026-09-29T06:40:08Z [46,588ms] [Warning] [omni.physx.tensors.plugin] Failed to find contact report API at '/World/envs/env_870/robot_a/joints/imu'
2026-09-29T06:40:08Z [46,588ms] [Warning] [omni.physx.tensors.plugin] Failed to find contact report API at '/World/envs/env_871/robot_a/joints/imu'
2026-09-29T06:40:08Z [46,588ms] [Warning] [omni.physx.tensors.plugin] Failed to find contact report API at '/World/envs/env_872/robot_a/joints/imu'
2026-09-29T06:40:08Z [46,588ms] [Warning] [omni.physx.tensors.plugin] Failed to find contact report API at '/World/envs/env_873/robot_a/joints/imu'
2026-09-29T06:40:08Z [46,588ms] [Warning] [omni.physx.tensors.plugin] Failed to find contact report API at '/World/envs/env_874/robot_a/joints/imu'
2026-09-29T06:40:08Z [46,588ms] [Warning] [omni.physx.tensors.plugin] Failed to find contact report API at '/World/envs/env_875/robot_a/joints/imu'
2026-09-29T06:40:08Z [46,588ms] [Warning] [omni.physx.tensors.plugin] Failed to find contact report API at '/World/envs/env_876/robot_a/joints/imu'
2026-09-29T06:40:08Z [46,588ms] [Warning] [omni.physx.tensors.plugin] Failed to find contact report API at '/World/envs/env_877/robot_a/joints/imu'
2026-09-29T06:40:08Z [46,588ms] [Warning] [omni.physx.tensors.plugin] Failed to find contact report API at '/World/envs/env_878/robot_a/joints/imu'
2026-09-29T06:40:08Z [46,588ms] [Warning] [omni.physx.tensors.plugin] Failed to find contact report API at '/World/envs/env_879/robot_a/joints/imu'
2026-09-29T06:40:08Z [46,588ms] [Warning] [omni.physx.tensors.plugin] Failed to find contact report API at '/World/envs/env_880/robot_a/joints/imu'
2026-09-29T06:40:08Z [46,588ms] [Warning] [omni.physx.tensors.plugin] Failed to find contact report API at '/World/envs/env_881/robot_a/joints/imu'
2026-09-29T06:40:08Z [46,588ms] [Warning] [omni.physx.tensors.plugin] Failed to find contact report API at '/World/envs/env_882/robot_a/joints/imu'
2026-09-29T06:40:08Z [46,588ms] [Warning] [omni.physx.tensors.plugin] Failed to find contact report API at '/World/envs/env_883/robot_a/joints/imu'
2026-09-29T06:40:08Z [46,588ms] [Warning] [omni.physx.tensors.plugin] Failed to find contact report API at '/World/envs/env_884/robot_a/joints/imu'
2026-09-29T06:40:08Z [46,588ms] [Warning] [omni.physx.tensors.plugin] Failed to find contact report API at '/World/envs/env_885/robot_a/joints/imu'
2026-09-29T06:40:08Z [46,588ms] [Warning] [omni.physx.tensors.plugin] Failed to find contact report API at '/World/envs/env_886/robot_a/joints/imu'
2026-09-29T06:40:08Z [46,588ms] [Warning] [omni.physx.tensors.plugin] Failed to find contact report API at '/World/envs/env_887/robot_a/joints/imu'
2026-09-29T06:40:08Z [46,588ms] [Warning] [omni.physx.tensors.plugin] Failed to find contact report API at '/World/envs/env_888/robot_a/joints/imu'
2026-09-29T06:40:08Z [46,588ms] [Warning] [omni.physx.tensors.plugin] Failed to find contact report API at '/World/envs/env_889/robot_a/joints/imu'
2026-09-29T06:40:08Z [46,588ms] [Warning] [omni.physx.tensors.plugin] Failed to find contact report API at '/World/envs/env_890/robot_a/joints/imu'
2026-09-29T06:40:08Z [46,588ms] [Warning] [omni.physx.tensors.plugin] Failed to find contact report API at '/World/envs/env_891/robot_a/joints/imu'
2026-09-29T06:40:08Z [46,588ms] [Warning] [omni.physx.tensors.plugin] Failed to find contact report API at '/World/envs/env_892/robot_a/joints/imu'
2026-09-29T06:40:08Z [46,588ms] [Warning] [omni.physx.tensors.plugin] Failed to find contact report API at '/World/envs/env_893/robot_a/joints/imu'
2026-09-29T06:40:08Z [46,588ms] [Warning] [omni.physx.tensors.plugin] Failed to find contact report API at '/World/envs/env_894/robot_a/joints/imu'
2026-09-29T06:40:08Z [46,588ms] [Warning] [omni.physx.tensors.plugin] Failed to find contact report API at '/World/envs/env_895/robot_a/joints/imu'
2026-09-29T06:40:08Z [46,588ms] [Warning] [omni.physx.tensors.plugin] Failed to find contact report API at '/World/envs/env_896/robot_a/joints/imu'
2026-09-29T06:40:08Z [46,588ms] [Warning] [omni.physx.tensors.plugin] Failed to find contact report API at '/World/envs/env_897/robot_a/joints/imu'
2026-09-29T06:40:08Z [46,588ms] [Warning] [omni.physx.tensors.plugin] Failed to find contact report API at '/World/envs/env_898/robot_a/joints/imu'
2026-09-29T06:40:08Z [46,588ms] [Warning] [omni.physx.tensors.plugin] Failed to find contact report API at '/World/envs/env_899/robot_a/joints/imu'
2026-09-29T06:40:08Z [46,588ms] [Warning] [omni.physx.tensors.plugin] Failed to find contact report API at '/World/envs/env_900/robot_a/joints/imu'
2026-09-29T06:40:08Z [46,589ms] [Warning] [omni.physx.tensors.plugin] Failed to find contact report API at '/World/envs/env_901/robot_a/joints/imu'
2026-09-29T06:40:08Z [46,589ms] [Warning] [omni.physx.tensors.plugin] Failed to find contact report API at '/World/envs/env_902/robot_a/joints/imu'
2026-09-29T06:40:08Z [46,589ms] [Warning] [omni.physx.tensors.plugin] Failed to find contact report API at '/World/envs/env_903/robot_a/joints/imu'
2026-09-29T06:40:08Z [46,589ms] [Warning] [omni.physx.tensors.plugin] Failed to find contact report API at '/World/envs/env_904/robot_a/joints/imu'
2026-09-29T06:40:08Z [46,589ms] [Warning] [omni.physx.tensors.plugin] Failed to find contact report API at '/World/envs/env_905/robot_a/joints/imu'
2026-09-29T06:40:08Z [46,589ms] [Warning] [omni.physx.tensors.plugin] Failed to find contact report API at '/World/envs/env_906/robot_a/joints/imu'
2026-09-29T06:40:08Z [46,589ms] [Warning] [omni.physx.tensors.plugin] Failed to find contact report API at '/World/envs/env_907/robot_a/joints/imu'
2026-09-29T06:40:08Z [46,589ms] [Warning] [omni.physx.tensors.plugin] Failed to find contact report API at '/World/envs/env_908/robot_a/joints/imu'
2026-09-29T06:40:08Z [46,589ms] [Warning] [omni.physx.tensors.plugin] Failed to find contact report API at '/World/envs/env_909/robot_a/joints/imu'
2026-09-29T06:40:08Z [46,589ms] [Warning] [omni.physx.tensors.plugin] Failed to find contact report API at '/World/envs/env_910/robot_a/joints/imu'
2026-09-29T06:40:08Z [46,589ms] [Warning] [omni.physx.tensors.plugin] Failed to find contact report API at '/World/envs/env_911/robot_a/joints/imu'
2026-09-29T06:40:08Z [46,589ms] [Warning] [omni.physx.tensors.plugin] Failed to find contact report API at '/World/envs/env_912/robot_a/joints/imu'
2026-09-29T06:40:08Z [46,589ms] [Warning] [omni.physx.tensors.plugin] Failed to find contact report API at '/World/envs/env_913/robot_a/joints/imu'
2026-09-29T06:40:08Z [46,589ms] [Warning] [omni.physx.tensors.plugin] Failed to find contact report API at '/World/envs/env_914/robot_a/joints/imu'
2026-09-29T06:40:08Z [46,589ms] [Warning] [omni.physx.tensors.plugin] Failed to find contact report API at '/World/envs/env_915/robot_a/joints/imu'
2026-09-29T06:40:08Z [46,589ms] [Warning] [omni.physx.tensors.plugin] Failed to find contact report API at '/World/envs/env_916/robot_a/joints/imu'
2026-09-29T06:40:08Z [46,589ms] [Warning] [omni.physx.tensors.plugin] Failed to find contact report API at '/World/envs/env_917/robot_a/joints/imu'
2026-09-29T06:40:08Z [46,589ms] [Warning] [omni.physx.tensors.plugin] Failed to find contact report API at '/World/envs/env_918/robot_a/joints/imu'
2026-09-29T06:40:08Z [46,589ms] [Warning] [omni.physx.tensors.plugin] Failed to find contact report API at '/World/envs/env_919/robot_a/joints/imu'
2026-09-29T06:40:08Z [46,589ms] [Warning] [omni.physx.tensors.plugin] Failed to find contact report API at '/World/envs/env_920/robot_a/joints/imu'
2026-09-29T06:40:08Z [46,589ms] [Warning] [omni.physx.tensors.plugin] Failed to find contact report API at '/World/envs/env_921/robot_a/joints/imu'
2026-09-29T06:40:08Z [46,589ms] [Warning] [omni.physx.tensors.plugin] Failed to find contact report API at '/World/envs/env_922/robot_a/joints/imu'
2026-09-29T06:40:08Z [46,589ms] [Warning] [omni.physx.tensors.plugin] Failed to find contact report API at '/World/envs/env_923/robot_a/joints/imu'
2026-09-29T06:40:08Z [46,589ms] [Warning] [omni.physx.tensors.plugin] Failed to find contact report API at '/World/envs/env_924/robot_a/joints/imu'
2026-09-29T06:40:08Z [46,589ms] [Warning] [omni.physx.tensors.plugin] Failed to find contact report API at '/World/envs/env_925/robot_a/joints/imu'
2026-09-29T06:40:08Z [46,589ms] [Warning] [omni.physx.tensors.plugin] Failed to find contact report API at '/World/envs/env_926/robot_a/joints/imu'
2026-09-29T06:40:08Z [46,589ms] [Warning] [omni.physx.tensors.plugin] Failed to find contact report API at '/World/envs/env_927/robot_a/joints/imu'
2026-09-29T06:40:08Z [46,589ms] [Warning] [omni.physx.tensors.plugin] Failed to find contact report API at '/World/envs/env_928/robot_a/joints/imu'
2026-09-29T06:40:08Z [46,589ms] [Warning] [omni.physx.tensors.plugin] Failed to find contact report API at '/World/envs/env_929/robot_a/joints/imu'
2026-09-29T06:40:08Z [46,589ms] [Warning] [omni.physx.tensors.plugin] Failed to find contact report API at '/World/envs/env_930/robot_a/joints/imu'
2026-09-29T06:40:08Z [46,589ms] [Warning] [omni.physx.tensors.plugin] Failed to find contact report API at '/World/envs/env_931/robot_a/joints/imu'
2026-09-29T06:40:08Z [46,589ms] [Warning] [omni.physx.tensors.plugin] Failed to find contact report API at '/World/envs/env_932/robot_a/joints/imu'
2026-09-29T06:40:08Z [46,589ms] [Warning] [omni.physx.tensors.plugin] Failed to find contact report API at '/World/envs/env_933/robot_a/joints/imu'
2026-09-29T06:40:08Z [46,590ms] [Warning] [omni.physx.tensors.plugin] Failed to find contact report API at '/World/envs/env_934/robot_a/joints/imu'
2026-09-29T06:40:08Z [46,590ms] [Warning] [omni.physx.tensors.plugin] Failed to find contact report API at '/World/envs/env_935/robot_a/joints/imu'
2026-09-29T06:40:08Z [46,590ms] [Warning] [omni.physx.tensors.plugin] Failed to find contact report API at '/World/envs/env_936/robot_a/joints/imu'
2026-09-29T06:40:08Z [46,590ms] [Warning] [omni.physx.tensors.plugin] Failed to find contact report API at '/World/envs/env_937/robot_a/joints/imu'
2026-09-29T06:40:08Z [46,590ms] [Warning] [omni.physx.tensors.plugin] Failed to find contact report API at '/World/envs/env_938/robot_a/joints/imu'
2026-09-29T06:40:08Z [46,590ms] [Warning] [omni.physx.tensors.plugin] Failed to find contact report API at '/World/envs/env_939/robot_a/joints/imu'
2026-09-29T06:40:08Z [46,590ms] [Warning] [omni.physx.tensors.plugin] Failed to find contact report API at '/World/envs/env_940/robot_a/joints/imu'
2026-09-29T06:40:08Z [46,590ms] [Warning] [omni.physx.tensors.plugin] Failed to find contact report API at '/World/envs/env_941/robot_a/joints/imu'
2026-09-29T06:40:08Z [46,590ms] [Warning] [omni.physx.tensors.plugin] Failed to find contact report API at '/World/envs/env_942/robot_a/joints/imu'
2026-09-29T06:40:08Z [46,590ms] [Warning] [omni.physx.tensors.plugin] Failed to find contact report API at '/World/envs/env_943/robot_a/joints/imu'
2026-09-29T06:40:08Z [46,590ms] [Warning] [omni.physx.tensors.plugin] Failed to find contact report API at '/World/envs/env_944/robot_a/joints/imu'
2026-09-29T06:40:08Z [46,590ms] [Warning] [omni.physx.tensors.plugin] Failed to find contact report API at '/World/envs/env_945/robot_a/joints/imu'
2026-09-29T06:40:08Z [46,590ms] [Warning] [omni.physx.tensors.plugin] Failed to find contact report API at '/World/envs/env_946/robot_a/joints/imu'
2026-09-29T06:40:08Z [46,590ms] [Warning] [omni.physx.tensors.plugin] Failed to find contact report API at '/World/envs/env_947/robot_a/joints/imu'
2026-09-29T06:40:08Z [46,590ms] [Warning] [omni.physx.tensors.plugin] Failed to find contact report API at '/World/envs/env_948/robot_a/joints/imu'
2026-09-29T06:40:08Z [46,590ms] [Warning] [omni.physx.tensors.plugin] Failed to find contact report API at '/World/envs/env_949/robot_a/joints/imu'
2026-09-29T06:40:08Z [46,590ms] [Warning] [omni.physx.tensors.plugin] Failed to find contact report API at '/World/envs/env_950/robot_a/joints/imu'
2026-09-29T06:40:08Z [46,590ms] [Warning] [omni.physx.tensors.plugin] Failed to find contact report API at '/World/envs/env_951/robot_a/joints/imu'
2026-09-29T06:40:08Z [46,590ms] [Warning] [omni.physx.tensors.plugin] Failed to find contact report API at '/World/envs/env_952/robot_a/joints/imu'
2026-09-29T06:40:08Z [46,590ms] [Warning] [omni.physx.tensors.plugin] Failed to find contact report API at '/World/envs/env_953/robot_a/joints/imu'
2026-09-29T06:40:08Z [46,590ms] [Warning] [omni.physx.tensors.plugin] Failed to find contact report API at '/World/envs/env_954/robot_a/joints/imu'
2026-09-29T06:40:08Z [46,590ms] [Warning] [omni.physx.tensors.plugin] Failed to find contact report API at '/World/envs/env_955/robot_a/joints/imu'
2026-09-29T06:40:08Z [46,590ms] [Warning] [omni.physx.tensors.plugin] Failed to find contact report API at '/World/envs/env_956/robot_a/joints/imu'
2026-09-29T06:40:08Z [46,590ms] [Warning] [omni.physx.tensors.plugin] Failed to find contact report API at '/World/envs/env_957/robot_a/joints/imu'
2026-09-29T06:40:08Z [46,590ms] [Warning] [omni.physx.tensors.plugin] Failed to find contact report API at '/World/envs/env_958/robot_a/joints/imu'
2026-09-29T06:40:08Z [46,590ms] [Warning] [omni.physx.tensors.plugin] Failed to find contact report API at '/World/envs/env_959/robot_a/joints/imu'
2026-09-29T06:40:08Z [46,590ms] [Warning] [omni.physx.tensors.plugin] Failed to find contact report API at '/World/envs/env_960/robot_a/joints/imu'
2026-09-29T06:40:08Z [46,590ms] [Warning] [omni.physx.tensors.plugin] Failed to find contact report API at '/World/envs/env_961/robot_a/joints/imu'
2026-09-29T06:40:08Z [46,590ms] [Warning] [omni.physx.tensors.plugin] Failed to find contact report API at '/World/envs/env_962/robot_a/joints/imu'
2026-09-29T06:40:08Z [46,590ms] [Warning] [omni.physx.tensors.plugin] Failed to find contact report API at '/World/envs/env_963/robot_a/joints/imu'
2026-09-29T06:40:08Z [46,590ms] [Warning] [omni.physx.tensors.plugin] Failed to find contact report API at '/World/envs/env_964/robot_a/joints/imu'
2026-09-29T06:40:08Z [46,591ms] [Warning] [omni.physx.tensors.plugin] Failed to find contact report API at '/World/envs/env_965/robot_a/joints/imu'
2026-09-29T06:40:08Z [46,591ms] [Warning] [omni.physx.tensors.plugin] Failed to find contact report API at '/World/envs/env_966/robot_a/joints/imu'
2026-09-29T06:40:08Z [46,591ms] [Warning] [omni.physx.tensors.plugin] Failed to find contact report API at '/World/envs/env_967/robot_a/joints/imu'
2026-09-29T06:40:08Z [46,591ms] [Warning] [omni.physx.tensors.plugin] Failed to find contact report API at '/World/envs/env_968/robot_a/joints/imu'
2026-09-29T06:40:08Z [46,591ms] [Warning] [omni.physx.tensors.plugin] Failed to find contact report API at '/World/envs/env_969/robot_a/joints/imu'
2026-09-29T06:40:08Z [46,591ms] [Warning] [omni.physx.tensors.plugin] Failed to find contact report API at '/World/envs/env_970/robot_a/joints/imu'
2026-09-29T06:40:08Z [46,591ms] [Warning] [omni.physx.tensors.plugin] Failed to find contact report API at '/World/envs/env_971/robot_a/joints/imu'
2026-09-29T06:40:08Z [46,591ms] [Warning] [omni.physx.tensors.plugin] Failed to find contact report API at '/World/envs/env_972/robot_a/joints/imu'
2026-09-29T06:40:08Z [46,591ms] [Warning] [omni.physx.tensors.plugin] Failed to find contact report API at '/World/envs/env_973/robot_a/joints/imu'
2026-09-29T06:40:08Z [46,591ms] [Warning] [omni.physx.tensors.plugin] Failed to find contact report API at '/World/envs/env_974/robot_a/joints/imu'
2026-09-29T06:40:08Z [46,591ms] [Warning] [omni.physx.tensors.plugin] Failed to find contact report API at '/World/envs/env_975/robot_a/joints/imu'
2026-09-29T06:40:08Z [46,591ms] [Warning] [omni.physx.tensors.plugin] Failed to find contact report API at '/World/envs/env_976/robot_a/joints/imu'
2026-09-29T06:40:08Z [46,591ms] [Warning] [omni.physx.tensors.plugin] Failed to find contact report API at '/World/envs/env_977/robot_a/joints/imu'
2026-09-29T06:40:08Z [46,591ms] [Warning] [omni.physx.tensors.plugin] Failed to find contact report API at '/World/envs/env_978/robot_a/joints/imu'
2026-09-29T06:40:08Z [46,591ms] [Warning] [omni.physx.tensors.plugin] Failed to find contact report API at '/World/envs/env_979/robot_a/joints/imu'
2026-09-29T06:40:08Z [46,591ms] [Warning] [omni.physx.tensors.plugin] Failed to find contact report API at '/World/envs/env_980/robot_a/joints/imu'
2026-09-29T06:40:08Z [46,591ms] [Warning] [omni.physx.tensors.plugin] Failed to find contact report API at '/World/envs/env_981/robot_a/joints/imu'
2026-09-29T06:40:08Z [46,591ms] [Warning] [omni.physx.tensors.plugin] Failed to find contact report API at '/World/envs/env_982/robot_a/joints/imu'
2026-09-29T06:40:08Z [46,591ms] [Warning] [omni.physx.tensors.plugin] Failed to find contact report API at '/World/envs/env_983/robot_a/joints/imu'
2026-09-29T06:40:08Z [46,591ms] [Warning] [omni.physx.tensors.plugin] Failed to find contact report API at '/World/envs/env_984/robot_a/joints/imu'
2026-09-29T06:40:08Z [46,591ms] [Warning] [omni.physx.tensors.plugin] Failed to find contact report API at '/World/envs/env_985/robot_a/joints/imu'
2026-09-29T06:40:08Z [46,591ms] [Warning] [omni.physx.tensors.plugin] Failed to find contact report API at '/World/envs/env_986/robot_a/joints/imu'
2026-09-29T06:40:08Z [46,591ms] [Warning] [omni.physx.tensors.plugin] Failed to find contact report API at '/World/envs/env_987/robot_a/joints/imu'
2026-09-29T06:40:08Z [46,591ms] [Warning] [omni.physx.tensors.plugin] Failed to find contact report API at '/World/envs/env_988/robot_a/joints/imu'
2026-09-29T06:40:08Z [46,591ms] [Warning] [omni.physx.tensors.plugin] Failed to find contact report API at '/World/envs/env_989/robot_a/joints/imu'
2026-09-29T06:40:08Z [46,591ms] [Warning] [omni.physx.tensors.plugin] Failed to find contact report API at '/World/envs/env_990/robot_a/joints/imu'
2026-09-29T06:40:08Z [46,591ms] [Warning] [omni.physx.tensors.plugin] Failed to find contact report API at '/World/envs/env_991/robot_a/joints/imu'
2026-09-29T06:40:08Z [46,591ms] [Warning] [omni.physx.tensors.plugin] Failed to find contact report API at '/World/envs/env_992/robot_a/joints/imu'
2026-09-29T06:40:08Z [46,591ms] [Warning] [omni.physx.tensors.plugin] Failed to find contact report API at '/World/envs/env_993/robot_a/joints/imu'
2026-09-29T06:40:08Z [46,591ms] [Warning] [omni.physx.tensors.plugin] Failed to find contact report API at '/World/envs/env_994/robot_a/joints/imu'
2026-09-29T06:40:08Z [46,591ms] [Warning] [omni.physx.tensors.plugin] Failed to find contact report API at '/World/envs/env_995/robot_a/joints/imu'
2026-09-29T06:40:08Z [46,591ms] [Warning] [omni.physx.tensors.plugin] Failed to find contact report API at '/World/envs/env_996/robot_a/joints/imu'
2026-09-29T06:40:08Z [46,592ms] [Warning] [omni.physx.tensors.plugin] Failed to find contact report API at '/World/envs/env_997/robot_a/joints/imu'
2026-09-29T06:40:08Z [46,592ms] [Warning] [omni.physx.tensors.plugin] Failed to find contact report API at '/World/envs/env_998/robot_a/joints/imu'
2026-09-29T06:40:08Z [46,592ms] [Warning] [omni.physx.tensors.plugin] Failed to find contact report API at '/World/envs/env_999/robot_a/joints/imu'
2026-09-29T06:40:08Z [46,592ms] [Warning] [omni.physx.tensors.plugin] Failed to find contact report API at '/World/envs/env_1000/robot_a/joints/imu'
2026-09-29T06:40:08Z [46,592ms] [Warning] [omni.physx.tensors.plugin] Failed to find contact report API at '/World/envs/env_1001/robot_a/joints/imu'
2026-09-29T06:40:08Z [46,592ms] [Warning] [omni.physx.tensors.plugin] Failed to find contact report API at '/World/envs/env_1002/robot_a/joints/imu'
2026-09-29T06:40:08Z [46,592ms] [Warning] [omni.physx.tensors.plugin] Failed to find contact report API at '/World/envs/env_1003/robot_a/joints/imu'
2026-09-29T06:40:08Z [46,592ms] [Warning] [omni.physx.tensors.plugin] Failed to find contact report API at '/World/envs/env_1004/robot_a/joints/imu'
2026-09-29T06:40:08Z [46,592ms] [Warning] [omni.physx.tensors.plugin] Failed to find contact report API at '/World/envs/env_1005/robot_a/joints/imu'
2026-09-29T06:40:08Z [46,592ms] [Warning] [omni.physx.tensors.plugin] Failed to find contact report API at '/World/envs/env_1006/robot_a/joints/imu'
2026-09-29T06:40:08Z [46,592ms] [Warning] [omni.physx.tensors.plugin] Failed to find contact report API at '/World/envs/env_1007/robot_a/joints/imu'
2026-09-29T06:40:08Z [46,592ms] [Warning] [omni.physx.tensors.plugin] Failed to find contact report API at '/World/envs/env_1008/robot_a/joints/imu'
2026-09-29T06:40:08Z [46,592ms] [Warning] [omni.physx.tensors.plugin] Failed to find contact report API at '/World/envs/env_1009/robot_a/joints/imu'
2026-09-29T06:40:08Z [46,592ms] [Warning] [omni.physx.tensors.plugin] Failed to find contact report API at '/World/envs/env_1010/robot_a/joints/imu'
2026-09-29T06:40:08Z [46,592ms] [Warning] [omni.physx.tensors.plugin] Failed to find contact report API at '/World/envs/env_1011/robot_a/joints/imu'
2026-09-29T06:40:08Z [46,592ms] [Warning] [omni.physx.tensors.plugin] Failed to find contact report API at '/World/envs/env_1012/robot_a/joints/imu'
2026-09-29T06:40:08Z [46,592ms] [Warning] [omni.physx.tensors.plugin] Failed to find contact report API at '/World/envs/env_1013/robot_a/joints/imu'
2026-09-29T06:40:08Z [46,592ms] [Warning] [omni.physx.tensors.plugin] Failed to find contact report API at '/World/envs/env_1014/robot_a/joints/imu'
2026-09-29T06:40:08Z [46,592ms] [Warning] [omni.physx.tensors.plugin] Failed to find contact report API at '/World/envs/env_1015/robot_a/joints/imu'
2026-09-29T06:40:08Z [46,592ms] [Warning] [omni.physx.tensors.plugin] Failed to find contact report API at '/World/envs/env_1016/robot_a/joints/imu'
2026-09-29T06:40:08Z [46,592ms] [Warning] [omni.physx.tensors.plugin] Failed to find contact report API at '/World/envs/env_1017/robot_a/joints/imu'
2026-09-29T06:40:08Z [46,592ms] [Warning] [omni.physx.tensors.plugin] Failed to find contact report API at '/World/envs/env_1018/robot_a/joints/imu'
2026-09-29T06:40:08Z [46,592ms] [Warning] [omni.physx.tensors.plugin] Failed to find contact report API at '/World/envs/env_1019/robot_a/joints/imu'
2026-09-29T06:40:08Z [46,592ms] [Warning] [omni.physx.tensors.plugin] Failed to find contact report API at '/World/envs/env_1020/robot_a/joints/imu'
2026-09-29T06:40:08Z [46,592ms] [Warning] [omni.physx.tensors.plugin] Failed to find contact report API at '/World/envs/env_1021/robot_a/joints/imu'
2026-09-29T06:40:08Z [46,592ms] [Warning] [omni.physx.tensors.plugin] Failed to find contact report API at '/World/envs/env_1022/robot_a/joints/imu'
2026-09-29T06:40:08Z [46,592ms] [Warning] [omni.physx.tensors.plugin] Failed to find contact report API at '/World/envs/env_1023/robot_a/joints/imu'
2026-09-29T06:40:09Z [46,688ms] [Warning] [omni.physx.tensors.plugin] Failed to find rigid body at '/World/envs/env_0/robot_b/joints/imu'
2026-09-29T06:40:09Z [46,688ms] [Warning] [omni.physx.tensors.plugin] Failed to find rigid body at '/World/envs/env_1/robot_b/joints/imu'
2026-09-29T06:40:09Z [46,688ms] [Warning] [omni.physx.tensors.plugin] Failed to find rigid body at '/World/envs/env_2/robot_b/joints/imu'
2026-09-29T06:40:09Z [46,688ms] [Warning] [omni.physx.tensors.plugin] Failed to find rigid body at '/World/envs/env_3/robot_b/joints/imu'
2026-09-29T06:40:09Z [46,688ms] [Warning] [omni.physx.tensors.plugin] Failed to find rigid body at '/World/envs/env_4/robot_b/joints/imu'
2026-09-29T06:40:09Z [46,688ms] [Warning] [omni.physx.tensors.plugin] Failed to find rigid body at '/World/envs/env_5/robot_b/joints/imu'
2026-09-29T06:40:09Z [46,688ms] [Warning] [omni.physx.tensors.plugin] Failed to find rigid body at '/World/envs/env_6/robot_b/joints/imu'
2026-09-29T06:40:09Z [46,689ms] [Warning] [omni.physx.tensors.plugin] Failed to find rigid body at '/World/envs/env_7/robot_b/joints/imu'
2026-09-29T06:40:09Z [46,689ms] [Warning] [omni.physx.tensors.plugin] Failed to find rigid body at '/World/envs/env_8/robot_b/joints/imu'
2026-09-29T06:40:09Z [46,689ms] [Warning] [omni.physx.tensors.plugin] Failed to find rigid body at '/World/envs/env_9/robot_b/joints/imu'
2026-09-29T06:40:09Z [46,689ms] [Warning] [omni.physx.tensors.plugin] Failed to find rigid body at '/World/envs/env_10/robot_b/joints/imu'
2026-09-29T06:40:09Z [46,689ms] [Warning] [omni.physx.tensors.plugin] Failed to find rigid body at '/World/envs/env_11/robot_b/joints/imu'
2026-09-29T06:40:09Z [46,689ms] [Warning] [omni.physx.tensors.plugin] Failed to find rigid body at '/World/envs/env_12/robot_b/joints/imu'
2026-09-29T06:40:09Z [46,689ms] [Warning] [omni.physx.tensors.plugin] Failed to find rigid body at '/World/envs/env_13/robot_b/joints/imu'
2026-09-29T06:40:09Z [46,689ms] [Warning] [omni.physx.tensors.plugin] Failed to find rigid body at '/World/envs/env_14/robot_b/joints/imu'
2026-09-29T06:40:09Z [46,689ms] [Warning] [omni.physx.tensors.plugin] Failed to find rigid body at '/World/envs/env_15/robot_b/joints/imu'
2026-09-29T06:40:09Z [46,689ms] [Warning] [omni.physx.tensors.plugin] Failed to find rigid body at '/World/envs/env_16/robot_b/joints/imu'
2026-09-29T06:40:09Z [46,689ms] [Warning] [omni.physx.tensors.plugin] Failed to find rigid body at '/World/envs/env_17/robot_b/joints/imu'
2026-09-29T06:40:09Z [46,689ms] [Warning] [omni.physx.tensors.plugin] Failed to find rigid body at '/World/envs/env_18/robot_b/joints/imu'
2026-09-29T06:40:09Z [46,689ms] [Warning] [omni.physx.tensors.plugin] Failed to find rigid body at '/World/envs/env_19/robot_b/joints/imu'
2026-09-29T06:40:09Z [46,689ms] [Warning] [omni.physx.tensors.plugin] Failed to find rigid body at '/World/envs/env_20/robot_b/joints/imu'
2026-09-29T06:40:09Z [46,689ms] [Warning] [omni.physx.tensors.plugin] Failed to find rigid body at '/World/envs/env_21/robot_b/joints/imu'
2026-09-29T06:40:09Z [46,689ms] [Warning] [omni.physx.tensors.plugin] Failed to find rigid body at '/World/envs/env_22/robot_b/joints/imu'
2026-09-29T06:40:09Z [46,689ms] [Warning] [omni.physx.tensors.plugin] Failed to find rigid body at '/World/envs/env_23/robot_b/joints/imu'
2026-09-29T06:40:09Z [46,689ms] [Warning] [omni.physx.tensors.plugin] Failed to find rigid body at '/World/envs/env_24/robot_b/joints/imu'
2026-09-29T06:40:09Z [46,689ms] [Warning] [omni.physx.tensors.plugin] Failed to find rigid body at '/World/envs/env_25/robot_b/joints/imu'
2026-09-29T06:40:09Z [46,689ms] [Warning] [omni.physx.tensors.plugin] Failed to find rigid body at '/World/envs/env_26/robot_b/joints/imu'
2026-09-29T06:40:09Z [46,689ms] [Warning] [omni.physx.tensors.plugin] Failed to find rigid body at '/World/envs/env_27/robot_b/joints/imu'
2026-09-29T06:40:09Z [46,689ms] [Warning] [omni.physx.tensors.plugin] Failed to find rigid body at '/World/envs/env_28/robot_b/joints/imu'
2026-09-29T06:40:09Z [46,689ms] [Warning] [omni.physx.tensors.plugin] Failed to find rigid body at '/World/envs/env_29/robot_b/joints/imu'
2026-09-29T06:40:09Z [46,689ms] [Warning] [omni.physx.tensors.plugin] Failed to find rigid body at '/World/envs/env_30/robot_b/joints/imu'
2026-09-29T06:40:09Z [46,689ms] [Warning] [omni.physx.tensors.plugin] Failed to find rigid body at '/World/envs/env_31/robot_b/joints/imu'
2026-09-29T06:40:09Z [46,690ms] [Warning] [omni.physx.tensors.plugin] Failed to find rigid body at '/World/envs/env_32/robot_b/joints/imu'
2026-09-29T06:40:09Z [46,690ms] [Warning] [omni.physx.tensors.plugin] Failed to find rigid body at '/World/envs/env_33/robot_b/joints/imu'
2026-09-29T06:40:09Z [46,690ms] [Warning] [omni.physx.tensors.plugin] Failed to find rigid body at '/World/envs/env_34/robot_b/joints/imu'
2026-09-29T06:40:09Z [46,690ms] [Warning] [omni.physx.tensors.plugin] Failed to find rigid body at '/World/envs/env_35/robot_b/joints/imu'
2026-09-29T06:40:09Z [46,690ms] [Warning] [omni.physx.tensors.plugin] Failed to find rigid body at '/World/envs/env_36/robot_b/joints/imu'
2026-09-29T06:40:09Z [46,690ms] [Warning] [omni.physx.tensors.plugin] Failed to find rigid body at '/World/envs/env_37/robot_b/joints/imu'
2026-09-29T06:40:09Z [46,690ms] [Warning] [omni.physx.tensors.plugin] Failed to find rigid body at '/World/envs/env_38/robot_b/joints/imu'
2026-09-29T06:40:09Z [46,690ms] [Warning] [omni.physx.tensors.plugin] Failed to find rigid body at '/World/envs/env_39/robot_b/joints/imu'
2026-09-29T06:40:09Z [46,690ms] [Warning] [omni.physx.tensors.plugin] Failed to find rigid body at '/World/envs/env_40/robot_b/joints/imu'
2026-09-29T06:40:09Z [46,690ms] [Warning] [omni.physx.tensors.plugin] Failed to find rigid body at '/World/envs/env_41/robot_b/joints/imu'
2026-09-29T06:40:09Z [46,690ms] [Warning] [omni.physx.tensors.plugin] Failed to find rigid body at '/World/envs/env_42/robot_b/joints/imu'
2026-09-29T06:40:09Z [46,690ms] [Warning] [omni.physx.tensors.plugin] Failed to find rigid body at '/World/envs/env_43/robot_b/joints/imu'
2026-09-29T06:40:09Z [46,690ms] [Warning] [omni.physx.tensors.plugin] Failed to find rigid body at '/World/envs/env_44/robot_b/joints/imu'
2026-09-29T06:40:09Z [46,690ms] [Warning] [omni.physx.tensors.plugin] Failed to find rigid body at '/World/envs/env_45/robot_b/joints/imu'
2026-09-29T06:40:09Z [46,690ms] [Warning] [omni.physx.tensors.plugin] Failed to find rigid body at '/World/envs/env_46/robot_b/joints/imu'
2026-09-29T06:40:09Z [46,690ms] [Warning] [omni.physx.tensors.plugin] Failed to find rigid body at '/World/envs/env_47/robot_b/joints/imu'
2026-09-29T06:40:09Z [46,690ms] [Warning] [omni.physx.tensors.plugin] Failed to find rigid body at '/World/envs/env_48/robot_b/joints/imu'
2026-09-29T06:40:09Z [46,690ms] [Warning] [omni.physx.tensors.plugin] Failed to find rigid body at '/World/envs/env_49/robot_b/joints/imu'
2026-09-29T06:40:09Z [46,690ms] [Warning] [omni.physx.tensors.plugin] Failed to find rigid body at '/World/envs/env_50/robot_b/joints/imu'
2026-09-29T06:40:09Z [46,690ms] [Warning] [omni.physx.tensors.plugin] Failed to find rigid body at '/World/envs/env_51/robot_b/joints/imu'
2026-09-29T06:40:09Z [46,690ms] [Warning] [omni.physx.tensors.plugin] Failed to find rigid body at '/World/envs/env_52/robot_b/joints/imu'
2026-09-29T06:40:09Z [46,690ms] [Warning] [omni.physx.tensors.plugin] Failed to find rigid body at '/World/envs/env_53/robot_b/joints/imu'
2026-09-29T06:40:09Z [46,690ms] [Warning] [omni.physx.tensors.plugin] Failed to find rigid body at '/World/envs/env_54/robot_b/joints/imu'
2026-09-29T06:40:09Z [46,690ms] [Warning] [omni.physx.tensors.plugin] Failed to find rigid body at '/World/envs/env_55/robot_b/joints/imu'
2026-09-29T06:40:09Z [46,690ms] [Warning] [omni.physx.tensors.plugin] Failed to find rigid body at '/World/envs/env_56/robot_b/joints/imu'
2026-09-29T06:40:09Z [46,690ms] [Warning] [omni.physx.tensors.plugin] Failed to find rigid body at '/World/envs/env_57/robot_b/joints/imu'
2026-09-29T06:40:09Z [46,690ms] [Warning] [omni.physx.tensors.plugin] Failed to find rigid body at '/World/envs/env_58/robot_b/joints/imu'
2026-09-29T06:40:09Z [46,690ms] [Warning] [omni.physx.tensors.plugin] Failed to find rigid body at '/World/envs/env_59/robot_b/joints/imu'
2026-09-29T06:40:09Z [46,691ms] [Warning] [omni.physx.tensors.plugin] Failed to find rigid body at '/World/envs/env_60/robot_b/joints/imu'
2026-09-29T06:40:09Z [46,691ms] [Warning] [omni.physx.tensors.plugin] Failed to find rigid body at '/World/envs/env_61/robot_b/joints/imu'
2026-09-29T06:40:09Z [46,691ms] [Warning] [omni.physx.tensors.plugin] Failed to find rigid body at '/World/envs/env_62/robot_b/joints/imu'
2026-09-29T06:40:09Z [46,691ms] [Warning] [omni.physx.tensors.plugin] Failed to find rigid body at '/World/envs/env_63/robot_b/joints/imu'
2026-09-29T06:40:09Z [46,691ms] [Warning] [omni.physx.tensors.plugin] Failed to find rigid body at '/World/envs/env_64/robot_b/joints/imu'
2026-09-29T06:40:09Z [46,691ms] [Warning] [omni.physx.tensors.plugin] Failed to find rigid body at '/World/envs/env_65/robot_b/joints/imu'
2026-09-29T06:40:09Z [46,691ms] [Warning] [omni.physx.tensors.plugin] Failed to find rigid body at '/World/envs/env_66/robot_b/joints/imu'
2026-09-29T06:40:09Z [46,691ms] [Warning] [omni.physx.tensors.plugin] Failed to find rigid body at '/World/envs/env_67/robot_b/joints/imu'
2026-09-29T06:40:09Z [46,691ms] [Warning] [omni.physx.tensors.plugin] Failed to find rigid body at '/World/envs/env_68/robot_b/joints/imu'
2026-09-29T06:40:09Z [46,691ms] [Warning] [omni.physx.tensors.plugin] Failed to find rigid body at '/World/envs/env_69/robot_b/joints/imu'
2026-09-29T06:40:09Z [46,691ms] [Warning] [omni.physx.tensors.plugin] Failed to find rigid body at '/World/envs/env_70/robot_b/joints/imu'
2026-09-29T06:40:09Z [46,691ms] [Warning] [omni.physx.tensors.plugin] Failed to find rigid body at '/World/envs/env_71/robot_b/joints/imu'
2026-09-29T06:40:09Z [46,691ms] [Warning] [omni.physx.tensors.plugin] Failed to find rigid body at '/World/envs/env_72/robot_b/joints/imu'
2026-09-29T06:40:09Z [46,691ms] [Warning] [omni.physx.tensors.plugin] Failed to find rigid body at '/World/envs/env_73/robot_b/joints/imu'
2026-09-29T06:40:09Z [46,691ms] [Warning] [omni.physx.tensors.plugin] Failed to find rigid body at '/World/envs/env_74/robot_b/joints/imu'
2026-09-29T06:40:09Z [46,691ms] [Warning] [omni.physx.tensors.plugin] Failed to find rigid body at '/World/envs/env_75/robot_b/joints/imu'
2026-09-29T06:40:09Z [46,691ms] [Warning] [omni.physx.tensors.plugin] Failed to find rigid body at '/World/envs/env_76/robot_b/joints/imu'
2026-09-29T06:40:09Z [46,691ms] [Warning] [omni.physx.tensors.plugin] Failed to find rigid body at '/World/envs/env_77/robot_b/joints/imu'
2026-09-29T06:40:09Z [46,691ms] [Warning] [omni.physx.tensors.plugin] Failed to find rigid body at '/World/envs/env_78/robot_b/joints/imu'
2026-09-29T06:40:09Z [46,691ms] [Warning] [omni.physx.tensors.plugin] Failed to find rigid body at '/World/envs/env_79/robot_b/joints/imu'
2026-09-29T06:40:09Z [46,691ms] [Warning] [omni.physx.tensors.plugin] Failed to find rigid body at '/World/envs/env_80/robot_b/joints/imu'
2026-09-29T06:40:09Z [46,691ms] [Warning] [omni.physx.tensors.plugin] Failed to find rigid body at '/World/envs/env_81/robot_b/joints/imu'
2026-09-29T06:40:09Z [46,691ms] [Warning] [omni.physx.tensors.plugin] Failed to find rigid body at '/World/envs/env_82/robot_b/joints/imu'
2026-09-29T06:40:09Z [46,691ms] [Warning] [omni.physx.tensors.plugin] Failed to find rigid body at '/World/envs/env_83/robot_b/joints/imu'
2026-09-29T06:40:09Z [46,691ms] [Warning] [omni.physx.tensors.plugin] Failed to find rigid body at '/World/envs/env_84/robot_b/joints/imu'
2026-09-29T06:40:09Z [46,691ms] [Warning] [omni.physx.tensors.plugin] Failed to find rigid body at '/World/envs/env_85/robot_b/joints/imu'
2026-09-29T06:40:09Z [46,691ms] [Warning] [omni.physx.tensors.plugin] Failed to find rigid body at '/World/envs/env_86/robot_b/joints/imu'
2026-09-29T06:40:09Z [46,691ms] [Warning] [omni.physx.tensors.plugin] Failed to find rigid body at '/World/envs/env_87/robot_b/joints/imu'
2026-09-29T06:40:09Z [46,691ms] [Warning] [omni.physx.tensors.plugin] Failed to find rigid body at '/World/envs/env_88/robot_b/joints/imu'
2026-09-29T06:40:09Z [46,692ms] [Warning] [omni.physx.tensors.plugin] Failed to find rigid body at '/World/envs/env_89/robot_b/joints/imu'
2026-09-29T06:40:09Z [46,692ms] [Warning] [omni.physx.tensors.plugin] Failed to find rigid body at '/World/envs/env_90/robot_b/joints/imu'
2026-09-29T06:40:09Z [46,692ms] [Warning] [omni.physx.tensors.plugin] Failed to find rigid body at '/World/envs/env_91/robot_b/joints/imu'
2026-09-29T06:40:09Z [46,692ms] [Warning] [omni.physx.tensors.plugin] Failed to find rigid body at '/World/envs/env_92/robot_b/joints/imu'
2026-09-29T06:40:09Z [46,692ms] [Warning] [omni.physx.tensors.plugin] Failed to find rigid body at '/World/envs/env_93/robot_b/joints/imu'
2026-09-29T06:40:09Z [46,692ms] [Warning] [omni.physx.tensors.plugin] Failed to find rigid body at '/World/envs/env_94/robot_b/joints/imu'
2026-09-29T06:40:09Z [46,692ms] [Warning] [omni.physx.tensors.plugin] Failed to find rigid body at '/World/envs/env_95/robot_b/joints/imu'
2026-09-29T06:40:09Z [46,692ms] [Warning] [omni.physx.tensors.plugin] Failed to find rigid body at '/World/envs/env_96/robot_b/joints/imu'
2026-09-29T06:40:09Z [46,692ms] [Warning] [omni.physx.tensors.plugin] Failed to find rigid body at '/World/envs/env_97/robot_b/joints/imu'
2026-09-29T06:40:09Z [46,692ms] [Warning] [omni.physx.tensors.plugin] Failed to find rigid body at '/World/envs/env_98/robot_b/joints/imu'
2026-09-29T06:40:09Z [46,692ms] [Warning] [omni.physx.tensors.plugin] Failed to find rigid body at '/World/envs/env_99/robot_b/joints/imu'
2026-09-29T06:40:09Z [46,692ms] [Warning] [omni.physx.tensors.plugin] Failed to find rigid body at '/World/envs/env_100/robot_b/joints/imu'
2026-09-29T06:40:09Z [46,692ms] [Warning] [omni.physx.tensors.plugin] Failed to find rigid body at '/World/envs/env_101/robot_b/joints/imu'
2026-09-29T06:40:09Z [46,692ms] [Warning] [omni.physx.tensors.plugin] Failed to find rigid body at '/World/envs/env_102/robot_b/joints/imu'
2026-09-29T06:40:09Z [46,692ms] [Warning] [omni.physx.tensors.plugin] Failed to find rigid body at '/World/envs/env_103/robot_b/joints/imu'
2026-09-29T06:40:09Z [46,692ms] [Warning] [omni.physx.tensors.plugin] Failed to find rigid body at '/World/envs/env_104/robot_b/joints/imu'
2026-09-29T06:40:09Z [46,692ms] [Warning] [omni.physx.tensors.plugin] Failed to find rigid body at '/World/envs/env_105/robot_b/joints/imu'
2026-09-29T06:40:09Z [46,692ms] [Warning] [omni.physx.tensors.plugin] Failed to find rigid body at '/World/envs/env_106/robot_b/joints/imu'
2026-09-29T06:40:09Z [46,692ms] [Warning] [omni.physx.tensors.plugin] Failed to find rigid body at '/World/envs/env_107/robot_b/joints/imu'
2026-09-29T06:40:09Z [46,692ms] [Warning] [omni.physx.tensors.plugin] Failed to find rigid body at '/World/envs/env_108/robot_b/joints/imu'
2026-09-29T06:40:09Z [46,692ms] [Warning] [omni.physx.tensors.plugin] Failed to find rigid body at '/World/envs/env_109/robot_b/joints/imu'
2026-09-29T06:40:09Z [46,692ms] [Warning] [omni.physx.tensors.plugin] Failed to find rigid body at '/World/envs/env_110/robot_b/joints/imu'
2026-09-29T06:40:09Z [46,692ms] [Warning] [omni.physx.tensors.plugin] Failed to find rigid body at '/World/envs/env_111/robot_b/joints/imu'
2026-09-29T06:40:09Z [46,692ms] [Warning] [omni.physx.tensors.plugin] Failed to find rigid body at '/World/envs/env_112/robot_b/joints/imu'
2026-09-29T06:40:09Z [46,692ms] [Warning] [omni.physx.tensors.plugin] Failed to find rigid body at '/World/envs/env_113/robot_b/joints/imu'
2026-09-29T06:40:09Z [46,692ms] [Warning] [omni.physx.tensors.plugin] Failed to find rigid body at '/World/envs/env_114/robot_b/joints/imu'
2026-09-29T06:40:09Z [46,692ms] [Warning] [omni.physx.tensors.plugin] Failed to find rigid body at '/World/envs/env_115/robot_b/joints/imu'
2026-09-29T06:40:09Z [46,692ms] [Warning] [omni.physx.tensors.plugin] Failed to find rigid body at '/World/envs/env_116/robot_b/joints/imu'
2026-09-29T06:40:09Z [46,692ms] [Warning] [omni.physx.tensors.plugin] Failed to find rigid body at '/World/envs/env_117/robot_b/joints/imu'
2026-09-29T06:40:09Z [46,692ms] [Warning] [omni.physx.tensors.plugin] Failed to find rigid body at '/World/envs/env_118/robot_b/joints/imu'
2026-09-29T06:40:09Z [46,692ms] [Warning] [omni.physx.tensors.plugin] Failed to find rigid body at '/World/envs/env_119/robot_b/joints/imu'
2026-09-29T06:40:09Z [46,693ms] [Warning] [omni.physx.tensors.plugin] Failed to find rigid body at '/World/envs/env_120/robot_b/joints/imu'
2026-09-29T06:40:09Z [46,693ms] [Warning] [omni.physx.tensors.plugin] Failed to find rigid body at '/World/envs/env_121/robot_b/joints/imu'
2026-09-29T06:40:09Z [46,693ms] [Warning] [omni.physx.tensors.plugin] Failed to find rigid body at '/World/envs/env_122/robot_b/joints/imu'
2026-09-29T06:40:09Z [46,693ms] [Warning] [omni.physx.tensors.plugin] Failed to find rigid body at '/World/envs/env_123/robot_b/joints/imu'
2026-09-29T06:40:09Z [46,693ms] [Warning] [omni.physx.tensors.plugin] Failed to find rigid body at '/World/envs/env_124/robot_b/joints/imu'
2026-09-29T06:40:09Z [46,693ms] [Warning] [omni.physx.tensors.plugin] Failed to find rigid body at '/World/envs/env_125/robot_b/joints/imu'
2026-09-29T06:40:09Z [46,693ms] [Warning] [omni.physx.tensors.plugin] Failed to find rigid body at '/World/envs/env_126/robot_b/joints/imu'
2026-09-29T06:40:09Z [46,693ms] [Warning] [omni.physx.tensors.plugin] Failed to find rigid body at '/World/envs/env_127/robot_b/joints/imu'
2026-09-29T06:40:09Z [46,693ms] [Warning] [omni.physx.tensors.plugin] Failed to find rigid body at '/World/envs/env_128/robot_b/joints/imu'
2026-09-29T06:40:09Z [46,693ms] [Warning] [omni.physx.tensors.plugin] Failed to find rigid body at '/World/envs/env_129/robot_b/joints/imu'
2026-09-29T06:40:09Z [46,693ms] [Warning] [omni.physx.tensors.plugin] Failed to find rigid body at '/World/envs/env_130/robot_b/joints/imu'
2026-09-29T06:40:09Z [46,693ms] [Warning] [omni.physx.tensors.plugin] Failed to find rigid body at '/World/envs/env_131/robot_b/joints/imu'
2026-09-29T06:40:09Z [46,693ms] [Warning] [omni.physx.tensors.plugin] Failed to find rigid body at '/World/envs/env_132/robot_b/joints/imu'
2026-09-29T06:40:09Z [46,693ms] [Warning] [omni.physx.tensors.plugin] Failed to find rigid body at '/World/envs/env_133/robot_b/joints/imu'
2026-09-29T06:40:09Z [46,693ms] [Warning] [omni.physx.tensors.plugin] Failed to find rigid body at '/World/envs/env_134/robot_b/joints/imu'
2026-09-29T06:40:09Z [46,693ms] [Warning] [omni.physx.tensors.plugin] Failed to find rigid body at '/World/envs/env_135/robot_b/joints/imu'
2026-09-29T06:40:09Z [46,693ms] [Warning] [omni.physx.tensors.plugin] Failed to find rigid body at '/World/envs/env_136/robot_b/joints/imu'
2026-09-29T06:40:09Z [46,693ms] [Warning] [omni.physx.tensors.plugin] Failed to find rigid body at '/World/envs/env_137/robot_b/joints/imu'
2026-09-29T06:40:09Z [46,693ms] [Warning] [omni.physx.tensors.plugin] Failed to find rigid body at '/World/envs/env_138/robot_b/joints/imu'
2026-09-29T06:40:09Z [46,693ms] [Warning] [omni.physx.tensors.plugin] Failed to find rigid body at '/World/envs/env_139/robot_b/joints/imu'
2026-09-29T06:40:09Z [46,693ms] [Warning] [omni.physx.tensors.plugin] Failed to find rigid body at '/World/envs/env_140/robot_b/joints/imu'
2026-09-29T06:40:09Z [46,693ms] [Warning] [omni.physx.tensors.plugin] Failed to find rigid body at '/World/envs/env_141/robot_b/joints/imu'
2026-09-29T06:40:09Z [46,693ms] [Warning] [omni.physx.tensors.plugin] Failed to find rigid body at '/World/envs/env_142/robot_b/joints/imu'
2026-09-29T06:40:09Z [46,693ms] [Warning] [omni.physx.tensors.plugin] Failed to find rigid body at '/World/envs/env_143/robot_b/joints/imu'
2026-09-29T06:40:09Z [46,693ms] [Warning] [omni.physx.tensors.plugin] Failed to find rigid body at '/World/envs/env_144/robot_b/joints/imu'
2026-09-29T06:40:09Z [46,693ms] [Warning] [omni.physx.tensors.plugin] Failed to find rigid body at '/World/envs/env_145/robot_b/joints/imu'
2026-09-29T06:40:09Z [46,693ms] [Warning] [omni.physx.tensors.plugin] Failed to find rigid body at '/World/envs/env_146/robot_b/joints/imu'
2026-09-29T06:40:09Z [46,693ms] [Warning] [omni.physx.tensors.plugin] Failed to find rigid body at '/World/envs/env_147/robot_b/joints/imu'
2026-09-29T06:40:09Z [46,693ms] [Warning] [omni.physx.tensors.plugin] Failed to find rigid body at '/World/envs/env_148/robot_b/joints/imu'
2026-09-29T06:40:09Z [46,694ms] [Warning] [omni.physx.tensors.plugin] Failed to find rigid body at '/World/envs/env_149/robot_b/joints/imu'
2026-09-29T06:40:09Z [46,694ms] [Warning] [omni.physx.tensors.plugin] Failed to find rigid body at '/World/envs/env_150/robot_b/joints/imu'
2026-09-29T06:40:09Z [46,694ms] [Warning] [omni.physx.tensors.plugin] Failed to find rigid body at '/World/envs/env_151/robot_b/joints/imu'
2026-09-29T06:40:09Z [46,694ms] [Warning] [omni.physx.tensors.plugin] Failed to find rigid body at '/World/envs/env_152/robot_b/joints/imu'
2026-09-29T06:40:09Z [46,694ms] [Warning] [omni.physx.tensors.plugin] Failed to find rigid body at '/World/envs/env_153/robot_b/joints/imu'
2026-09-29T06:40:09Z [46,694ms] [Warning] [omni.physx.tensors.plugin] Failed to find rigid body at '/World/envs/env_154/robot_b/joints/imu'
2026-09-29T06:40:09Z [46,694ms] [Warning] [omni.physx.tensors.plugin] Failed to find rigid body at '/World/envs/env_155/robot_b/joints/imu'
2026-09-29T06:40:09Z [46,694ms] [Warning] [omni.physx.tensors.plugin] Failed to find rigid body at '/World/envs/env_156/robot_b/joints/imu'
2026-09-29T06:40:09Z [46,694ms] [Warning] [omni.physx.tensors.plugin] Failed to find rigid body at '/World/envs/env_157/robot_b/joints/imu'
2026-09-29T06:40:09Z [46,694ms] [Warning] [omni.physx.tensors.plugin] Failed to find rigid body at '/World/envs/env_158/robot_b/joints/imu'
2026-09-29T06:40:09Z [46,694ms] [Warning] [omni.physx.tensors.plugin] Failed to find rigid body at '/World/envs/env_159/robot_b/joints/imu'
2026-09-29T06:40:09Z [46,694ms] [Warning] [omni.physx.tensors.plugin] Failed to find rigid body at '/World/envs/env_160/robot_b/joints/imu'
2026-09-29T06:40:09Z [46,694ms] [Warning] [omni.physx.tensors.plugin] Failed to find rigid body at '/World/envs/env_161/robot_b/joints/imu'
2026-09-29T06:40:09Z [46,694ms] [Warning] [omni.physx.tensors.plugin] Failed to find rigid body at '/World/envs/env_162/robot_b/joints/imu'
2026-09-29T06:40:09Z [46,694ms] [Warning] [omni.physx.tensors.plugin] Failed to find rigid body at '/World/envs/env_163/robot_b/joints/imu'
2026-09-29T06:40:09Z [46,694ms] [Warning] [omni.physx.tensors.plugin] Failed to find rigid body at '/World/envs/env_164/robot_b/joints/imu'
2026-09-29T06:40:09Z [46,694ms] [Warning] [omni.physx.tensors.plugin] Failed to find rigid body at '/World/envs/env_165/robot_b/joints/imu'
2026-09-29T06:40:09Z [46,694ms] [Warning] [omni.physx.tensors.plugin] Failed to find rigid body at '/World/envs/env_166/robot_b/joints/imu'
2026-09-29T06:40:09Z [46,694ms] [Warning] [omni.physx.tensors.plugin] Failed to find rigid body at '/World/envs/env_167/robot_b/joints/imu'
2026-09-29T06:40:09Z [46,694ms] [Warning] [omni.physx.tensors.plugin] Failed to find rigid body at '/World/envs/env_168/robot_b/joints/imu'
2026-09-29T06:40:09Z [46,694ms] [Warning] [omni.physx.tensors.plugin] Failed to find rigid body at '/World/envs/env_169/robot_b/joints/imu'
2026-09-29T06:40:09Z [46,694ms] [Warning] [omni.physx.tensors.plugin] Failed to find rigid body at '/World/envs/env_170/robot_b/joints/imu'
2026-09-29T06:40:09Z [46,694ms] [Warning] [omni.physx.tensors.plugin] Failed to find rigid body at '/World/envs/env_171/robot_b/joints/imu'
2026-09-29T06:40:09Z [46,694ms] [Warning] [omni.physx.tensors.plugin] Failed to find rigid body at '/World/envs/env_172/robot_b/joints/imu'
2026-09-29T06:40:09Z [46,694ms] [Warning] [omni.physx.tensors.plugin] Failed to find rigid body at '/World/envs/env_173/robot_b/joints/imu'
2026-09-29T06:40:09Z [46,694ms] [Warning] [omni.physx.tensors.plugin] Failed to find rigid body at '/World/envs/env_174/robot_b/joints/imu'
2026-09-29T06:40:09Z [46,694ms] [Warning] [omni.physx.tensors.plugin] Failed to find rigid body at '/World/envs/env_175/robot_b/joints/imu'
2026-09-29T06:40:09Z [46,694ms] [Warning] [omni.physx.tensors.plugin] Failed to find rigid body at '/World/envs/env_176/robot_b/joints/imu'
2026-09-29T06:40:09Z [46,694ms] [Warning] [omni.physx.tensors.plugin] Failed to find rigid body at '/World/envs/env_177/robot_b/joints/imu'
2026-09-29T06:40:09Z [46,695ms] [Warning] [omni.physx.tensors.plugin] Failed to find rigid body at '/World/envs/env_178/robot_b/joints/imu'
2026-09-29T06:40:09Z [46,695ms] [Warning] [omni.physx.tensors.plugin] Failed to find rigid body at '/World/envs/env_179/robot_b/joints/imu'
2026-09-29T06:40:09Z [46,695ms] [Warning] [omni.physx.tensors.plugin] Failed to find rigid body at '/World/envs/env_180/robot_b/joints/imu'
2026-09-29T06:40:09Z [46,695ms] [Warning] [omni.physx.tensors.plugin] Failed to find rigid body at '/World/envs/env_181/robot_b/joints/imu'
2026-09-29T06:40:09Z [46,695ms] [Warning] [omni.physx.tensors.plugin] Failed to find rigid body at '/World/envs/env_182/robot_b/joints/imu'
2026-09-29T06:40:09Z [46,695ms] [Warning] [omni.physx.tensors.plugin] Failed to find rigid body at '/World/envs/env_183/robot_b/joints/imu'
2026-09-29T06:40:09Z [46,695ms] [Warning] [omni.physx.tensors.plugin] Failed to find rigid body at '/World/envs/env_184/robot_b/joints/imu'
2026-09-29T06:40:09Z [46,695ms] [Warning] [omni.physx.tensors.plugin] Failed to find rigid body at '/World/envs/env_185/robot_b/joints/imu'
2026-09-29T06:40:09Z [46,695ms] [Warning] [omni.physx.tensors.plugin] Failed to find rigid body at '/World/envs/env_186/robot_b/joints/imu'
2026-09-29T06:40:09Z [46,695ms] [Warning] [omni.physx.tensors.plugin] Failed to find rigid body at '/World/envs/env_187/robot_b/joints/imu'
2026-09-29T06:40:09Z [46,695ms] [Warning] [omni.physx.tensors.plugin] Failed to find rigid body at '/World/envs/env_188/robot_b/joints/imu'
2026-09-29T06:40:09Z [46,695ms] [Warning] [omni.physx.tensors.plugin] Failed to find rigid body at '/World/envs/env_189/robot_b/joints/imu'
2026-09-29T06:40:09Z [46,695ms] [Warning] [omni.physx.tensors.plugin] Failed to find rigid body at '/World/envs/env_190/robot_b/joints/imu'
2026-09-29T06:40:09Z [46,695ms] [Warning] [omni.physx.tensors.plugin] Failed to find rigid body at '/World/envs/env_191/robot_b/joints/imu'
2026-09-29T06:40:09Z [46,695ms] [Warning] [omni.physx.tensors.plugin] Failed to find rigid body at '/World/envs/env_192/robot_b/joints/imu'
2026-09-29T06:40:09Z [46,695ms] [Warning] [omni.physx.tensors.plugin] Failed to find rigid body at '/World/envs/env_193/robot_b/joints/imu'
2026-09-29T06:40:09Z [46,695ms] [Warning] [omni.physx.tensors.plugin] Failed to find rigid body at '/World/envs/env_194/robot_b/joints/imu'
2026-09-29T06:40:09Z [46,695ms] [Warning] [omni.physx.tensors.plugin] Failed to find rigid body at '/World/envs/env_195/robot_b/joints/imu'
2026-09-29T06:40:09Z [46,695ms] [Warning] [omni.physx.tensors.plugin] Failed to find rigid body at '/World/envs/env_196/robot_b/joints/imu'
2026-09-29T06:40:09Z [46,695ms] [Warning] [omni.physx.tensors.plugin] Failed to find rigid body at '/World/envs/env_197/robot_b/joints/imu'
2026-09-29T06:40:09Z [46,695ms] [Warning] [omni.physx.tensors.plugin] Failed to find rigid body at '/World/envs/env_198/robot_b/joints/imu'
2026-09-29T06:40:09Z [46,695ms] [Warning] [omni.physx.tensors.plugin] Failed to find rigid body at '/World/envs/env_199/robot_b/joints/imu'
2026-09-29T06:40:09Z [46,696ms] [Warning] [omni.physx.tensors.plugin] Failed to find rigid body at '/World/envs/env_200/robot_b/joints/imu'
2026-09-29T06:40:09Z [46,696ms] [Warning] [omni.physx.tensors.plugin] Failed to find rigid body at '/World/envs/env_201/robot_b/joints/imu'
2026-09-29T06:40:09Z [46,696ms] [Warning] [omni.physx.tensors.plugin] Failed to find rigid body at '/World/envs/env_202/robot_b/joints/imu'
2026-09-29T06:40:09Z [46,696ms] [Warning] [omni.physx.tensors.plugin] Failed to find rigid body at '/World/envs/env_203/robot_b/joints/imu'
2026-09-29T06:40:09Z [46,696ms] [Warning] [omni.physx.tensors.plugin] Failed to find rigid body at '/World/envs/env_204/robot_b/joints/imu'
2026-09-29T06:40:09Z [46,696ms] [Warning] [omni.physx.tensors.plugin] Failed to find rigid body at '/World/envs/env_205/robot_b/joints/imu'
2026-09-29T06:40:09Z [46,696ms] [Warning] [omni.physx.tensors.plugin] Failed to find rigid body at '/World/envs/env_206/robot_b/joints/imu'
2026-09-29T06:40:09Z [46,696ms] [Warning] [omni.physx.tensors.plugin] Failed to find rigid body at '/World/envs/env_207/robot_b/joints/imu'
2026-09-29T06:40:09Z [46,696ms] [Warning] [omni.physx.tensors.plugin] Failed to find rigid body at '/World/envs/env_208/robot_b/joints/imu'
2026-09-29T06:40:09Z [46,696ms] [Warning] [omni.physx.tensors.plugin] Failed to find rigid body at '/World/envs/env_209/robot_b/joints/imu'
2026-09-29T06:40:09Z [46,696ms] [Warning] [omni.physx.tensors.plugin] Failed to find rigid body at '/World/envs/env_210/robot_b/joints/imu'
2026-09-29T06:40:09Z [46,696ms] [Warning] [omni.physx.tensors.plugin] Failed to find rigid body at '/World/envs/env_211/robot_b/joints/imu'
2026-09-29T06:40:09Z [46,696ms] [Warning] [omni.physx.tensors.plugin] Failed to find rigid body at '/World/envs/env_212/robot_b/joints/imu'
2026-09-29T06:40:09Z [46,696ms] [Warning] [omni.physx.tensors.plugin] Failed to find rigid body at '/World/envs/env_213/robot_b/joints/imu'
2026-09-29T06:40:09Z [46,696ms] [Warning] [omni.physx.tensors.plugin] Failed to find rigid body at '/World/envs/env_214/robot_b/joints/imu'
2026-09-29T06:40:09Z [46,696ms] [Warning] [omni.physx.tensors.plugin] Failed to find rigid body at '/World/envs/env_215/robot_b/joints/imu'
2026-09-29T06:40:09Z [46,696ms] [Warning] [omni.physx.tensors.plugin] Failed to find rigid body at '/World/envs/env_216/robot_b/joints/imu'
2026-09-29T06:40:09Z [46,696ms] [Warning] [omni.physx.tensors.plugin] Failed to find rigid body at '/World/envs/env_217/robot_b/joints/imu'
2026-09-29T06:40:09Z [46,696ms] [Warning] [omni.physx.tensors.plugin] Failed to find rigid body at '/World/envs/env_218/robot_b/joints/imu'
2026-09-29T06:40:09Z [46,696ms] [Warning] [omni.physx.tensors.plugin] Failed to find rigid body at '/World/envs/env_219/robot_b/joints/imu'
2026-09-29T06:40:09Z [46,696ms] [Warning] [omni.physx.tensors.plugin] Failed to find rigid body at '/World/envs/env_220/robot_b/joints/imu'
2026-09-29T06:40:09Z [46,696ms] [Warning] [omni.physx.tensors.plugin] Failed to find rigid body at '/World/envs/env_221/robot_b/joints/imu'
2026-09-29T06:40:09Z [46,696ms] [Warning] [omni.physx.tensors.plugin] Failed to find rigid body at '/World/envs/env_222/robot_b/joints/imu'
2026-09-29T06:40:09Z [46,696ms] [Warning] [omni.physx.tensors.plugin] Failed to find rigid body at '/World/envs/env_223/robot_b/joints/imu'
2026-09-29T06:40:09Z [46,696ms] [Warning] [omni.physx.tensors.plugin] Failed to find rigid body at '/World/envs/env_224/robot_b/joints/imu'
2026-09-29T06:40:09Z [46,696ms] [Warning] [omni.physx.tensors.plugin] Failed to find rigid body at '/World/envs/env_225/robot_b/joints/imu'
2026-09-29T06:40:09Z [46,696ms] [Warning] [omni.physx.tensors.plugin] Failed to find rigid body at '/World/envs/env_226/robot_b/joints/imu'
2026-09-29T06:40:09Z [46,696ms] [Warning] [omni.physx.tensors.plugin] Failed to find rigid body at '/World/envs/env_227/robot_b/joints/imu'
2026-09-29T06:40:09Z [46,696ms] [Warning] [omni.physx.tensors.plugin] Failed to find rigid body at '/World/envs/env_228/robot_b/joints/imu'
2026-09-29T06:40:09Z [46,696ms] [Warning] [omni.physx.tensors.plugin] Failed to find rigid body at '/World/envs/env_229/robot_b/joints/imu'
2026-09-29T06:40:09Z [46,696ms] [Warning] [omni.physx.tensors.plugin] Failed to find rigid body at '/World/envs/env_230/robot_b/joints/imu'
2026-09-29T06:40:09Z [46,696ms] [Warning] [omni.physx.tensors.plugin] Failed to find rigid body at '/World/envs/env_231/robot_b/joints/imu'
2026-09-29T06:40:09Z [46,697ms] [Warning] [omni.physx.tensors.plugin] Failed to find rigid body at '/World/envs/env_232/robot_b/joints/imu'
2026-09-29T06:40:09Z [46,697ms] [Warning] [omni.physx.tensors.plugin] Failed to find rigid body at '/World/envs/env_233/robot_b/joints/imu'
2026-09-29T06:40:09Z [46,697ms] [Warning] [omni.physx.tensors.plugin] Failed to find rigid body at '/World/envs/env_234/robot_b/joints/imu'
2026-09-29T06:40:09Z [46,697ms] [Warning] [omni.physx.tensors.plugin] Failed to find rigid body at '/World/envs/env_235/robot_b/joints/imu'
2026-09-29T06:40:09Z [46,697ms] [Warning] [omni.physx.tensors.plugin] Failed to find rigid body at '/World/envs/env_236/robot_b/joints/imu'
2026-09-29T06:40:09Z [46,697ms] [Warning] [omni.physx.tensors.plugin] Failed to find rigid body at '/World/envs/env_237/robot_b/joints/imu'
2026-09-29T06:40:09Z [46,697ms] [Warning] [omni.physx.tensors.plugin] Failed to find rigid body at '/World/envs/env_238/robot_b/joints/imu'
2026-09-29T06:40:09Z [46,697ms] [Warning] [omni.physx.tensors.plugin] Failed to find rigid body at '/World/envs/env_239/robot_b/joints/imu'
2026-09-29T06:40:09Z [46,697ms] [Warning] [omni.physx.tensors.plugin] Failed to find rigid body at '/World/envs/env_240/robot_b/joints/imu'
2026-09-29T06:40:09Z [46,697ms] [Warning] [omni.physx.tensors.plugin] Failed to find rigid body at '/World/envs/env_241/robot_b/joints/imu'
2026-09-29T06:40:09Z [46,697ms] [Warning] [omni.physx.tensors.plugin] Failed to find rigid body at '/World/envs/env_242/robot_b/joints/imu'
2026-09-29T06:40:09Z [46,697ms] [Warning] [omni.physx.tensors.plugin] Failed to find rigid body at '/World/envs/env_243/robot_b/joints/imu'
2026-09-29T06:40:09Z [46,697ms] [Warning] [omni.physx.tensors.plugin] Failed to find rigid body at '/World/envs/env_244/robot_b/joints/imu'
2026-09-29T06:40:09Z [46,697ms] [Warning] [omni.physx.tensors.plugin] Failed to find rigid body at '/World/envs/env_245/robot_b/joints/imu'
2026-09-29T06:40:09Z [46,697ms] [Warning] [omni.physx.tensors.plugin] Failed to find rigid body at '/World/envs/env_246/robot_b/joints/imu'
2026-09-29T06:40:09Z [46,697ms] [Warning] [omni.physx.tensors.plugin] Failed to find rigid body at '/World/envs/env_247/robot_b/joints/imu'
2026-09-29T06:40:09Z [46,697ms] [Warning] [omni.physx.tensors.plugin] Failed to find rigid body at '/World/envs/env_248/robot_b/joints/imu'
2026-09-29T06:40:09Z [46,697ms] [Warning] [omni.physx.tensors.plugin] Failed to find rigid body at '/World/envs/env_249/robot_b/joints/imu'
2026-09-29T06:40:09Z [46,697ms] [Warning] [omni.physx.tensors.plugin] Failed to find rigid body at '/World/envs/env_250/robot_b/joints/imu'
2026-09-29T06:40:09Z [46,697ms] [Warning] [omni.physx.tensors.plugin] Failed to find rigid body at '/World/envs/env_251/robot_b/joints/imu'
2026-09-29T06:40:09Z [46,697ms] [Warning] [omni.physx.tensors.plugin] Failed to find rigid body at '/World/envs/env_252/robot_b/joints/imu'
2026-09-29T06:40:09Z [46,697ms] [Warning] [omni.physx.tensors.plugin] Failed to find rigid body at '/World/envs/env_253/robot_b/joints/imu'
2026-09-29T06:40:09Z [46,697ms] [Warning] [omni.physx.tensors.plugin] Failed to find rigid body at '/World/envs/env_254/robot_b/joints/imu'
2026-09-29T06:40:09Z [46,697ms] [Warning] [omni.physx.tensors.plugin] Failed to find rigid body at '/World/envs/env_255/robot_b/joints/imu'
2026-09-29T06:40:09Z [46,697ms] [Warning] [omni.physx.tensors.plugin] Failed to find rigid body at '/World/envs/env_256/robot_b/joints/imu'
2026-09-29T06:40:09Z [46,697ms] [Warning] [omni.physx.tensors.plugin] Failed to find rigid body at '/World/envs/env_257/robot_b/joints/imu'
2026-09-29T06:40:09Z [46,697ms] [Warning] [omni.physx.tensors.plugin] Failed to find rigid body at '/World/envs/env_258/robot_b/joints/imu'
2026-09-29T06:40:09Z [46,697ms] [Warning] [omni.physx.tensors.plugin] Failed to find rigid body at '/World/envs/env_259/robot_b/joints/imu'
2026-09-29T06:40:09Z [46,697ms] [Warning] [omni.physx.tensors.plugin] Failed to find rigid body at '/World/envs/env_260/robot_b/joints/imu'
2026-09-29T06:40:09Z [46,697ms] [Warning] [omni.physx.tensors.plugin] Failed to find rigid body at '/World/envs/env_261/robot_b/joints/imu'
2026-09-29T06:40:09Z [46,697ms] [Warning] [omni.physx.tensors.plugin] Failed to find rigid body at '/World/envs/env_262/robot_b/joints/imu'
2026-09-29T06:40:09Z [46,697ms] [Warning] [omni.physx.tensors.plugin] Failed to find rigid body at '/World/envs/env_263/robot_b/joints/imu'
2026-09-29T06:40:09Z [46,698ms] [Warning] [omni.physx.tensors.plugin] Failed to find rigid body at '/World/envs/env_264/robot_b/joints/imu'
2026-09-29T06:40:09Z [46,698ms] [Warning] [omni.physx.tensors.plugin] Failed to find rigid body at '/World/envs/env_265/robot_b/joints/imu'
2026-09-29T06:40:09Z [46,698ms] [Warning] [omni.physx.tensors.plugin] Failed to find rigid body at '/World/envs/env_266/robot_b/joints/imu'
2026-09-29T06:40:09Z [46,698ms] [Warning] [omni.physx.tensors.plugin] Failed to find rigid body at '/World/envs/env_267/robot_b/joints/imu'
2026-09-29T06:40:09Z [46,698ms] [Warning] [omni.physx.tensors.plugin] Failed to find rigid body at '/World/envs/env_268/robot_b/joints/imu'
2026-09-29T06:40:09Z [46,698ms] [Warning] [omni.physx.tensors.plugin] Failed to find rigid body at '/World/envs/env_269/robot_b/joints/imu'
2026-09-29T06:40:09Z [46,698ms] [Warning] [omni.physx.tensors.plugin] Failed to find rigid body at '/World/envs/env_270/robot_b/joints/imu'
2026-09-29T06:40:09Z [46,698ms] [Warning] [omni.physx.tensors.plugin] Failed to find rigid body at '/World/envs/env_271/robot_b/joints/imu'
2026-09-29T06:40:09Z [46,698ms] [Warning] [omni.physx.tensors.plugin] Failed to find rigid body at '/World/envs/env_272/robot_b/joints/imu'
2026-09-29T06:40:09Z [46,698ms] [Warning] [omni.physx.tensors.plugin] Failed to find rigid body at '/World/envs/env_273/robot_b/joints/imu'
2026-09-29T06:40:09Z [46,698ms] [Warning] [omni.physx.tensors.plugin] Failed to find rigid body at '/World/envs/env_274/robot_b/joints/imu'
2026-09-29T06:40:09Z [46,698ms] [Warning] [omni.physx.tensors.plugin] Failed to find rigid body at '/World/envs/env_275/robot_b/joints/imu'
2026-09-29T06:40:09Z [46,698ms] [Warning] [omni.physx.tensors.plugin] Failed to find rigid body at '/World/envs/env_276/robot_b/joints/imu'
2026-09-29T06:40:09Z [46,698ms] [Warning] [omni.physx.tensors.plugin] Failed to find rigid body at '/World/envs/env_277/robot_b/joints/imu'
2026-09-29T06:40:09Z [46,698ms] [Warning] [omni.physx.tensors.plugin] Failed to find rigid body at '/World/envs/env_278/robot_b/joints/imu'
2026-09-29T06:40:09Z [46,698ms] [Warning] [omni.physx.tensors.plugin] Failed to find rigid body at '/World/envs/env_279/robot_b/joints/imu'
2026-09-29T06:40:09Z [46,698ms] [Warning] [omni.physx.tensors.plugin] Failed to find rigid body at '/World/envs/env_280/robot_b/joints/imu'
2026-09-29T06:40:09Z [46,698ms] [Warning] [omni.physx.tensors.plugin] Failed to find rigid body at '/World/envs/env_281/robot_b/joints/imu'
2026-09-29T06:40:09Z [46,698ms] [Warning] [omni.physx.tensors.plugin] Failed to find rigid body at '/World/envs/env_282/robot_b/joints/imu'
2026-09-29T06:40:09Z [46,698ms] [Warning] [omni.physx.tensors.plugin] Failed to find rigid body at '/World/envs/env_283/robot_b/joints/imu'
2026-09-29T06:40:09Z [46,698ms] [Warning] [omni.physx.tensors.plugin] Failed to find rigid body at '/World/envs/env_284/robot_b/joints/imu'
2026-09-29T06:40:09Z [46,698ms] [Warning] [omni.physx.tensors.plugin] Failed to find rigid body at '/World/envs/env_285/robot_b/joints/imu'
2026-09-29T06:40:09Z [46,698ms] [Warning] [omni.physx.tensors.plugin] Failed to find rigid body at '/World/envs/env_286/robot_b/joints/imu'
2026-09-29T06:40:09Z [46,698ms] [Warning] [omni.physx.tensors.plugin] Failed to find rigid body at '/World/envs/env_287/robot_b/joints/imu'
2026-09-29T06:40:09Z [46,698ms] [Warning] [omni.physx.tensors.plugin] Failed to find rigid body at '/World/envs/env_288/robot_b/joints/imu'
2026-09-29T06:40:09Z [46,698ms] [Warning] [omni.physx.tensors.plugin] Failed to find rigid body at '/World/envs/env_289/robot_b/joints/imu'
2026-09-29T06:40:09Z [46,698ms] [Warning] [omni.physx.tensors.plugin] Failed to find rigid body at '/World/envs/env_290/robot_b/joints/imu'
2026-09-29T06:40:09Z [46,698ms] [Warning] [omni.physx.tensors.plugin] Failed to find rigid body at '/World/envs/env_291/robot_b/joints/imu'
2026-09-29T06:40:09Z [46,698ms] [Warning] [omni.physx.tensors.plugin] Failed to find rigid body at '/World/envs/env_292/robot_b/joints/imu'
2026-09-29T06:40:09Z [46,698ms] [Warning] [omni.physx.tensors.plugin] Failed to find rigid body at '/World/envs/env_293/robot_b/joints/imu'
2026-09-29T06:40:09Z [46,698ms] [Warning] [omni.physx.tensors.plugin] Failed to find rigid body at '/World/envs/env_294/robot_b/joints/imu'
2026-09-29T06:40:09Z [46,698ms] [Warning] [omni.physx.tensors.plugin] Failed to find rigid body at '/World/envs/env_295/robot_b/joints/imu'
2026-09-29T06:40:09Z [46,698ms] [Warning] [omni.physx.tensors.plugin] Failed to find rigid body at '/World/envs/env_296/robot_b/joints/imu'
2026-09-29T06:40:09Z [46,698ms] [Warning] [omni.physx.tensors.plugin] Failed to find rigid body at '/World/envs/env_297/robot_b/joints/imu'
2026-09-29T06:40:09Z [46,699ms] [Warning] [omni.physx.tensors.plugin] Failed to find rigid body at '/World/envs/env_298/robot_b/joints/imu'
2026-09-29T06:40:09Z [46,699ms] [Warning] [omni.physx.tensors.plugin] Failed to find rigid body at '/World/envs/env_299/robot_b/joints/imu'
2026-09-29T06:40:09Z [46,699ms] [Warning] [omni.physx.tensors.plugin] Failed to find rigid body at '/World/envs/env_300/robot_b/joints/imu'
2026-09-29T06:40:09Z [46,699ms] [Warning] [omni.physx.tensors.plugin] Failed to find rigid body at '/World/envs/env_301/robot_b/joints/imu'
2026-09-29T06:40:09Z [46,699ms] [Warning] [omni.physx.tensors.plugin] Failed to find rigid body at '/World/envs/env_302/robot_b/joints/imu'
2026-09-29T06:40:09Z [46,699ms] [Warning] [omni.physx.tensors.plugin] Failed to find rigid body at '/World/envs/env_303/robot_b/joints/imu'
2026-09-29T06:40:09Z [46,699ms] [Warning] [omni.physx.tensors.plugin] Failed to find rigid body at '/World/envs/env_304/robot_b/joints/imu'
2026-09-29T06:40:09Z [46,699ms] [Warning] [omni.physx.tensors.plugin] Failed to find rigid body at '/World/envs/env_305/robot_b/joints/imu'
2026-09-29T06:40:09Z [46,699ms] [Warning] [omni.physx.tensors.plugin] Failed to find rigid body at '/World/envs/env_306/robot_b/joints/imu'
2026-09-29T06:40:09Z [46,699ms] [Warning] [omni.physx.tensors.plugin] Failed to find rigid body at '/World/envs/env_307/robot_b/joints/imu'
2026-09-29T06:40:09Z [46,699ms] [Warning] [omni.physx.tensors.plugin] Failed to find rigid body at '/World/envs/env_308/robot_b/joints/imu'
2026-09-29T06:40:09Z [46,699ms] [Warning] [omni.physx.tensors.plugin] Failed to find rigid body at '/World/envs/env_309/robot_b/joints/imu'
2026-09-29T06:40:09Z [46,699ms] [Warning] [omni.physx.tensors.plugin] Failed to find rigid body at '/World/envs/env_310/robot_b/joints/imu'
2026-09-29T06:40:09Z [46,699ms] [Warning] [omni.physx.tensors.plugin] Failed to find rigid body at '/World/envs/env_311/robot_b/joints/imu'
2026-09-29T06:40:09Z [46,699ms] [Warning] [omni.physx.tensors.plugin] Failed to find rigid body at '/World/envs/env_312/robot_b/joints/imu'
2026-09-29T06:40:09Z [46,699ms] [Warning] [omni.physx.tensors.plugin] Failed to find rigid body at '/World/envs/env_313/robot_b/joints/imu'
2026-09-29T06:40:09Z [46,699ms] [Warning] [omni.physx.tensors.plugin] Failed to find rigid body at '/World/envs/env_314/robot_b/joints/imu'
2026-09-29T06:40:09Z [46,699ms] [Warning] [omni.physx.tensors.plugin] Failed to find rigid body at '/World/envs/env_315/robot_b/joints/imu'
2026-09-29T06:40:09Z [46,699ms] [Warning] [omni.physx.tensors.plugin] Failed to find rigid body at '/World/envs/env_316/robot_b/joints/imu'
2026-09-29T06:40:09Z [46,699ms] [Warning] [omni.physx.tensors.plugin] Failed to find rigid body at '/World/envs/env_317/robot_b/joints/imu'
2026-09-29T06:40:09Z [46,699ms] [Warning] [omni.physx.tensors.plugin] Failed to find rigid body at '/World/envs/env_318/robot_b/joints/imu'
2026-09-29T06:40:09Z [46,699ms] [Warning] [omni.physx.tensors.plugin] Failed to find rigid body at '/World/envs/env_319/robot_b/joints/imu'
2026-09-29T06:40:09Z [46,699ms] [Warning] [omni.physx.tensors.plugin] Failed to find rigid body at '/World/envs/env_320/robot_b/joints/imu'
2026-09-29T06:40:09Z [46,699ms] [Warning] [omni.physx.tensors.plugin] Failed to find rigid body at '/World/envs/env_321/robot_b/joints/imu'
2026-09-29T06:40:09Z [46,699ms] [Warning] [omni.physx.tensors.plugin] Failed to find rigid body at '/World/envs/env_322/robot_b/joints/imu'
2026-09-29T06:40:09Z [46,699ms] [Warning] [omni.physx.tensors.plugin] Failed to find rigid body at '/World/envs/env_323/robot_b/joints/imu'
2026-09-29T06:40:09Z [46,699ms] [Warning] [omni.physx.tensors.plugin] Failed to find rigid body at '/World/envs/env_324/robot_b/joints/imu'
2026-09-29T06:40:09Z [46,700ms] [Warning] [omni.physx.tensors.plugin] Failed to find rigid body at '/World/envs/env_325/robot_b/joints/imu'
2026-09-29T06:40:09Z [46,700ms] [Warning] [omni.physx.tensors.plugin] Failed to find rigid body at '/World/envs/env_326/robot_b/joints/imu'
2026-09-29T06:40:09Z [46,700ms] [Warning] [omni.physx.tensors.plugin] Failed to find rigid body at '/World/envs/env_327/robot_b/joints/imu'
2026-09-29T06:40:09Z [46,700ms] [Warning] [omni.physx.tensors.plugin] Failed to find rigid body at '/World/envs/env_328/robot_b/joints/imu'
2026-09-29T06:40:09Z [46,700ms] [Warning] [omni.physx.tensors.plugin] Failed to find rigid body at '/World/envs/env_329/robot_b/joints/imu'
2026-09-29T06:40:09Z [46,700ms] [Warning] [omni.physx.tensors.plugin] Failed to find rigid body at '/World/envs/env_330/robot_b/joints/imu'
2026-09-29T06:40:09Z [46,700ms] [Warning] [omni.physx.tensors.plugin] Failed to find rigid body at '/World/envs/env_331/robot_b/joints/imu'
2026-09-29T06:40:09Z [46,700ms] [Warning] [omni.physx.tensors.plugin] Failed to find rigid body at '/World/envs/env_332/robot_b/joints/imu'
2026-09-29T06:40:09Z [46,700ms] [Warning] [omni.physx.tensors.plugin] Failed to find rigid body at '/World/envs/env_333/robot_b/joints/imu'
2026-09-29T06:40:09Z [46,700ms] [Warning] [omni.physx.tensors.plugin] Failed to find rigid body at '/World/envs/env_334/robot_b/joints/imu'
2026-09-29T06:40:09Z [46,700ms] [Warning] [omni.physx.tensors.plugin] Failed to find rigid body at '/World/envs/env_335/robot_b/joints/imu'
2026-09-29T06:40:09Z [46,700ms] [Warning] [omni.physx.tensors.plugin] Failed to find rigid body at '/World/envs/env_336/robot_b/joints/imu'
2026-09-29T06:40:09Z [46,700ms] [Warning] [omni.physx.tensors.plugin] Failed to find rigid body at '/World/envs/env_337/robot_b/joints/imu'
2026-09-29T06:40:09Z [46,700ms] [Warning] [omni.physx.tensors.plugin] Failed to find rigid body at '/World/envs/env_338/robot_b/joints/imu'
2026-09-29T06:40:09Z [46,700ms] [Warning] [omni.physx.tensors.plugin] Failed to find rigid body at '/World/envs/env_339/robot_b/joints/imu'
2026-09-29T06:40:09Z [46,700ms] [Warning] [omni.physx.tensors.plugin] Failed to find rigid body at '/World/envs/env_340/robot_b/joints/imu'
2026-09-29T06:40:09Z [46,700ms] [Warning] [omni.physx.tensors.plugin] Failed to find rigid body at '/World/envs/env_341/robot_b/joints/imu'
2026-09-29T06:40:09Z [46,700ms] [Warning] [omni.physx.tensors.plugin] Failed to find rigid body at '/World/envs/env_342/robot_b/joints/imu'
2026-09-29T06:40:09Z [46,700ms] [Warning] [omni.physx.tensors.plugin] Failed to find rigid body at '/World/envs/env_343/robot_b/joints/imu'
2026-09-29T06:40:09Z [46,700ms] [Warning] [omni.physx.tensors.plugin] Failed to find rigid body at '/World/envs/env_344/robot_b/joints/imu'
2026-09-29T06:40:09Z [46,700ms] [Warning] [omni.physx.tensors.plugin] Failed to find rigid body at '/World/envs/env_345/robot_b/joints/imu'
2026-09-29T06:40:09Z [46,700ms] [Warning] [omni.physx.tensors.plugin] Failed to find rigid body at '/World/envs/env_346/robot_b/joints/imu'
2026-09-29T06:40:09Z [46,700ms] [Warning] [omni.physx.tensors.plugin] Failed to find rigid body at '/World/envs/env_347/robot_b/joints/imu'
2026-09-29T06:40:09Z [46,700ms] [Warning] [omni.physx.tensors.plugin] Failed to find rigid body at '/World/envs/env_348/robot_b/joints/imu'
2026-09-29T06:40:09Z [46,700ms] [Warning] [omni.physx.tensors.plugin] Failed to find rigid body at '/World/envs/env_349/robot_b/joints/imu'
2026-09-29T06:40:09Z [46,700ms] [Warning] [omni.physx.tensors.plugin] Failed to find rigid body at '/World/envs/env_350/robot_b/joints/imu'
2026-09-29T06:40:09Z [46,700ms] [Warning] [omni.physx.tensors.plugin] Failed to find rigid body at '/World/envs/env_351/robot_b/joints/imu'
2026-09-29T06:40:09Z [46,700ms] [Warning] [omni.physx.tensors.plugin] Failed to find rigid body at '/World/envs/env_352/robot_b/joints/imu'
2026-09-29T06:40:09Z [46,700ms] [Warning] [omni.physx.tensors.plugin] Failed to find rigid body at '/World/envs/env_353/robot_b/joints/imu'
2026-09-29T06:40:09Z [46,700ms] [Warning] [omni.physx.tensors.plugin] Failed to find rigid body at '/World/envs/env_354/robot_b/joints/imu'
2026-09-29T06:40:09Z [46,700ms] [Warning] [omni.physx.tensors.plugin] Failed to find rigid body at '/World/envs/env_355/robot_b/joints/imu'
2026-09-29T06:40:09Z [46,700ms] [Warning] [omni.physx.tensors.plugin] Failed to find rigid body at '/World/envs/env_356/robot_b/joints/imu'
2026-09-29T06:40:09Z [46,700ms] [Warning] [omni.physx.tensors.plugin] Failed to find rigid body at '/World/envs/env_357/robot_b/joints/imu'
2026-09-29T06:40:09Z [46,700ms] [Warning] [omni.physx.tensors.plugin] Failed to find rigid body at '/World/envs/env_358/robot_b/joints/imu'
2026-09-29T06:40:09Z [46,700ms] [Warning] [omni.physx.tensors.plugin] Failed to find rigid body at '/World/envs/env_359/robot_b/joints/imu'
2026-09-29T06:40:09Z [46,701ms] [Warning] [omni.physx.tensors.plugin] Failed to find rigid body at '/World/envs/env_360/robot_b/joints/imu'
2026-09-29T06:40:09Z [46,701ms] [Warning] [omni.physx.tensors.plugin] Failed to find rigid body at '/World/envs/env_361/robot_b/joints/imu'
2026-09-29T06:40:09Z [46,701ms] [Warning] [omni.physx.tensors.plugin] Failed to find rigid body at '/World/envs/env_362/robot_b/joints/imu'
2026-09-29T06:40:09Z [46,701ms] [Warning] [omni.physx.tensors.plugin] Failed to find rigid body at '/World/envs/env_363/robot_b/joints/imu'
2026-09-29T06:40:09Z [46,701ms] [Warning] [omni.physx.tensors.plugin] Failed to find rigid body at '/World/envs/env_364/robot_b/joints/imu'
2026-09-29T06:40:09Z [46,701ms] [Warning] [omni.physx.tensors.plugin] Failed to find rigid body at '/World/envs/env_365/robot_b/joints/imu'
2026-09-29T06:40:09Z [46,701ms] [Warning] [omni.physx.tensors.plugin] Failed to find rigid body at '/World/envs/env_366/robot_b/joints/imu'
2026-09-29T06:40:09Z [46,701ms] [Warning] [omni.physx.tensors.plugin] Failed to find rigid body at '/World/envs/env_367/robot_b/joints/imu'
2026-09-29T06:40:09Z [46,701ms] [Warning] [omni.physx.tensors.plugin] Failed to find rigid body at '/World/envs/env_368/robot_b/joints/imu'
2026-09-29T06:40:09Z [46,701ms] [Warning] [omni.physx.tensors.plugin] Failed to find rigid body at '/World/envs/env_369/robot_b/joints/imu'
2026-09-29T06:40:09Z [46,701ms] [Warning] [omni.physx.tensors.plugin] Failed to find rigid body at '/World/envs/env_370/robot_b/joints/imu'
2026-09-29T06:40:09Z [46,701ms] [Warning] [omni.physx.tensors.plugin] Failed to find rigid body at '/World/envs/env_371/robot_b/joints/imu'
2026-09-29T06:40:09Z [46,701ms] [Warning] [omni.physx.tensors.plugin] Failed to find rigid body at '/World/envs/env_372/robot_b/joints/imu'
2026-09-29T06:40:09Z [46,701ms] [Warning] [omni.physx.tensors.plugin] Failed to find rigid body at '/World/envs/env_373/robot_b/joints/imu'
2026-09-29T06:40:09Z [46,701ms] [Warning] [omni.physx.tensors.plugin] Failed to find rigid body at '/World/envs/env_374/robot_b/joints/imu'
2026-09-29T06:40:09Z [46,701ms] [Warning] [omni.physx.tensors.plugin] Failed to find rigid body at '/World/envs/env_375/robot_b/joints/imu'
2026-09-29T06:40:09Z [46,701ms] [Warning] [omni.physx.tensors.plugin] Failed to find rigid body at '/World/envs/env_376/robot_b/joints/imu'
2026-09-29T06:40:09Z [46,701ms] [Warning] [omni.physx.tensors.plugin] Failed to find rigid body at '/World/envs/env_377/robot_b/joints/imu'
2026-09-29T06:40:09Z [46,701ms] [Warning] [omni.physx.tensors.plugin] Failed to find rigid body at '/World/envs/env_378/robot_b/joints/imu'
2026-09-29T06:40:09Z [46,701ms] [Warning] [omni.physx.tensors.plugin] Failed to find rigid body at '/World/envs/env_379/robot_b/joints/imu'
2026-09-29T06:40:09Z [46,701ms] [Warning] [omni.physx.tensors.plugin] Failed to find rigid body at '/World/envs/env_380/robot_b/joints/imu'
2026-09-29T06:40:09Z [46,702ms] [Warning] [omni.physx.tensors.plugin] Failed to find rigid body at '/World/envs/env_381/robot_b/joints/imu'
2026-09-29T06:40:09Z [46,702ms] [Warning] [omni.physx.tensors.plugin] Failed to find rigid body at '/World/envs/env_382/robot_b/joints/imu'
2026-09-29T06:40:09Z [46,702ms] [Warning] [omni.physx.tensors.plugin] Failed to find rigid body at '/World/envs/env_383/robot_b/joints/imu'
2026-09-29T06:40:09Z [46,702ms] [Warning] [omni.physx.tensors.plugin] Failed to find rigid body at '/World/envs/env_384/robot_b/joints/imu'
2026-09-29T06:40:09Z [46,702ms] [Warning] [omni.physx.tensors.plugin] Failed to find rigid body at '/World/envs/env_385/robot_b/joints/imu'
2026-09-29T06:40:09Z [46,702ms] [Warning] [omni.physx.tensors.plugin] Failed to find rigid body at '/World/envs/env_386/robot_b/joints/imu'
2026-09-29T06:40:09Z [46,702ms] [Warning] [omni.physx.tensors.plugin] Failed to find rigid body at '/World/envs/env_387/robot_b/joints/imu'
2026-09-29T06:40:09Z [46,702ms] [Warning] [omni.physx.tensors.plugin] Failed to find rigid body at '/World/envs/env_388/robot_b/joints/imu'
2026-09-29T06:40:09Z [46,702ms] [Warning] [omni.physx.tensors.plugin] Failed to find rigid body at '/World/envs/env_389/robot_b/joints/imu'
2026-09-29T06:40:09Z [46,702ms] [Warning] [omni.physx.tensors.plugin] Failed to find rigid body at '/World/envs/env_390/robot_b/joints/imu'
2026-09-29T06:40:09Z [46,702ms] [Warning] [omni.physx.tensors.plugin] Failed to find rigid body at '/World/envs/env_391/robot_b/joints/imu'
2026-09-29T06:40:09Z [46,702ms] [Warning] [omni.physx.tensors.plugin] Failed to find rigid body at '/World/envs/env_392/robot_b/joints/imu'
2026-09-29T06:40:09Z [46,702ms] [Warning] [omni.physx.tensors.plugin] Failed to find rigid body at '/World/envs/env_393/robot_b/joints/imu'
2026-09-29T06:40:09Z [46,702ms] [Warning] [omni.physx.tensors.plugin] Failed to find rigid body at '/World/envs/env_394/robot_b/joints/imu'
2026-09-29T06:40:09Z [46,702ms] [Warning] [omni.physx.tensors.plugin] Failed to find rigid body at '/World/envs/env_395/robot_b/joints/imu'
2026-09-29T06:40:09Z [46,702ms] [Warning] [omni.physx.tensors.plugin] Failed to find rigid body at '/World/envs/env_396/robot_b/joints/imu'
2026-09-29T06:40:09Z [46,702ms] [Warning] [omni.physx.tensors.plugin] Failed to find rigid body at '/World/envs/env_397/robot_b/joints/imu'
2026-09-29T06:40:09Z [46,702ms] [Warning] [omni.physx.tensors.plugin] Failed to find rigid body at '/World/envs/env_398/robot_b/joints/imu'
2026-09-29T06:40:09Z [46,702ms] [Warning] [omni.physx.tensors.plugin] Failed to find rigid body at '/World/envs/env_399/robot_b/joints/imu'
2026-09-29T06:40:09Z [46,702ms] [Warning] [omni.physx.tensors.plugin] Failed to find rigid body at '/World/envs/env_400/robot_b/joints/imu'
2026-09-29T06:40:09Z [46,702ms] [Warning] [omni.physx.tensors.plugin] Failed to find rigid body at '/World/envs/env_401/robot_b/joints/imu'
2026-09-29T06:40:09Z [46,702ms] [Warning] [omni.physx.tensors.plugin] Failed to find rigid body at '/World/envs/env_402/robot_b/joints/imu'
2026-09-29T06:40:09Z [46,702ms] [Warning] [omni.physx.tensors.plugin] Failed to find rigid body at '/World/envs/env_403/robot_b/joints/imu'
2026-09-29T06:40:09Z [46,702ms] [Warning] [omni.physx.tensors.plugin] Failed to find rigid body at '/World/envs/env_404/robot_b/joints/imu'
2026-09-29T06:40:09Z [46,702ms] [Warning] [omni.physx.tensors.plugin] Failed to find rigid body at '/World/envs/env_405/robot_b/joints/imu'
2026-09-29T06:40:09Z [46,702ms] [Warning] [omni.physx.tensors.plugin] Failed to find rigid body at '/World/envs/env_406/robot_b/joints/imu'
2026-09-29T06:40:09Z [46,702ms] [Warning] [omni.physx.tensors.plugin] Failed to find rigid body at '/World/envs/env_407/robot_b/joints/imu'
2026-09-29T06:40:09Z [46,702ms] [Warning] [omni.physx.tensors.plugin] Failed to find rigid body at '/World/envs/env_408/robot_b/joints/imu'
2026-09-29T06:40:09Z [46,702ms] [Warning] [omni.physx.tensors.plugin] Failed to find rigid body at '/World/envs/env_409/robot_b/joints/imu'
2026-09-29T06:40:09Z [46,702ms] [Warning] [omni.physx.tensors.plugin] Failed to find rigid body at '/World/envs/env_410/robot_b/joints/imu'
2026-09-29T06:40:09Z [46,703ms] [Warning] [omni.physx.tensors.plugin] Failed to find rigid body at '/World/envs/env_411/robot_b/joints/imu'
2026-09-29T06:40:09Z [46,703ms] [Warning] [omni.physx.tensors.plugin] Failed to find rigid body at '/World/envs/env_412/robot_b/joints/imu'
2026-09-29T06:40:09Z [46,703ms] [Warning] [omni.physx.tensors.plugin] Failed to find rigid body at '/World/envs/env_413/robot_b/joints/imu'
2026-09-29T06:40:09Z [46,703ms] [Warning] [omni.physx.tensors.plugin] Failed to find rigid body at '/World/envs/env_414/robot_b/joints/imu'
2026-09-29T06:40:09Z [46,703ms] [Warning] [omni.physx.tensors.plugin] Failed to find rigid body at '/World/envs/env_415/robot_b/joints/imu'
2026-09-29T06:40:09Z [46,703ms] [Warning] [omni.physx.tensors.plugin] Failed to find rigid body at '/World/envs/env_416/robot_b/joints/imu'
2026-09-29T06:40:09Z [46,703ms] [Warning] [omni.physx.tensors.plugin] Failed to find rigid body at '/World/envs/env_417/robot_b/joints/imu'
2026-09-29T06:40:09Z [46,703ms] [Warning] [omni.physx.tensors.plugin] Failed to find rigid body at '/World/envs/env_418/robot_b/joints/imu'
2026-09-29T06:40:09Z [46,703ms] [Warning] [omni.physx.tensors.plugin] Failed to find rigid body at '/World/envs/env_419/robot_b/joints/imu'
2026-09-29T06:40:09Z [46,703ms] [Warning] [omni.physx.tensors.plugin] Failed to find rigid body at '/World/envs/env_420/robot_b/joints/imu'
2026-09-29T06:40:09Z [46,703ms] [Warning] [omni.physx.tensors.plugin] Failed to find rigid body at '/World/envs/env_421/robot_b/joints/imu'
2026-09-29T06:40:09Z [46,703ms] [Warning] [omni.physx.tensors.plugin] Failed to find rigid body at '/World/envs/env_422/robot_b/joints/imu'
2026-09-29T06:40:09Z [46,703ms] [Warning] [omni.physx.tensors.plugin] Failed to find rigid body at '/World/envs/env_423/robot_b/joints/imu'
2026-09-29T06:40:09Z [46,703ms] [Warning] [omni.physx.tensors.plugin] Failed to find rigid body at '/World/envs/env_424/robot_b/joints/imu'
2026-09-29T06:40:09Z [46,703ms] [Warning] [omni.physx.tensors.plugin] Failed to find rigid body at '/World/envs/env_425/robot_b/joints/imu'
2026-09-29T06:40:09Z [46,703ms] [Warning] [omni.physx.tensors.plugin] Failed to find rigid body at '/World/envs/env_426/robot_b/joints/imu'
2026-09-29T06:40:09Z [46,703ms] [Warning] [omni.physx.tensors.plugin] Failed to find rigid body at '/World/envs/env_427/robot_b/joints/imu'
2026-09-29T06:40:09Z [46,703ms] [Warning] [omni.physx.tensors.plugin] Failed to find rigid body at '/World/envs/env_428/robot_b/joints/imu'
2026-09-29T06:40:09Z [46,703ms] [Warning] [omni.physx.tensors.plugin] Failed to find rigid body at '/World/envs/env_429/robot_b/joints/imu'
2026-09-29T06:40:09Z [46,703ms] [Warning] [omni.physx.tensors.plugin] Failed to find rigid body at '/World/envs/env_430/robot_b/joints/imu'
2026-09-29T06:40:09Z [46,703ms] [Warning] [omni.physx.tensors.plugin] Failed to find rigid body at '/World/envs/env_431/robot_b/joints/imu'
2026-09-29T06:40:09Z [46,703ms] [Warning] [omni.physx.tensors.plugin] Failed to find rigid body at '/World/envs/env_432/robot_b/joints/imu'
2026-09-29T06:40:09Z [46,703ms] [Warning] [omni.physx.tensors.plugin] Failed to find rigid body at '/World/envs/env_433/robot_b/joints/imu'
2026-09-29T06:40:09Z [46,703ms] [Warning] [omni.physx.tensors.plugin] Failed to find rigid body at '/World/envs/env_434/robot_b/joints/imu'
2026-09-29T06:40:09Z [46,703ms] [Warning] [omni.physx.tensors.plugin] Failed to find rigid body at '/World/envs/env_435/robot_b/joints/imu'
2026-09-29T06:40:09Z [46,703ms] [Warning] [omni.physx.tensors.plugin] Failed to find rigid body at '/World/envs/env_436/robot_b/joints/imu'
2026-09-29T06:40:09Z [46,703ms] [Warning] [omni.physx.tensors.plugin] Failed to find rigid body at '/World/envs/env_437/robot_b/joints/imu'
2026-09-29T06:40:09Z [46,703ms] [Warning] [omni.physx.tensors.plugin] Failed to find rigid body at '/World/envs/env_438/robot_b/joints/imu'
2026-09-29T06:40:09Z [46,703ms] [Warning] [omni.physx.tensors.plugin] Failed to find rigid body at '/World/envs/env_439/robot_b/joints/imu'
2026-09-29T06:40:09Z [46,703ms] [Warning] [omni.physx.tensors.plugin] Failed to find rigid body at '/World/envs/env_440/robot_b/joints/imu'
2026-09-29T06:40:09Z [46,703ms] [Warning] [omni.physx.tensors.plugin] Failed to find rigid body at '/World/envs/env_441/robot_b/joints/imu'
2026-09-29T06:40:09Z [46,703ms] [Warning] [omni.physx.tensors.plugin] Failed to find rigid body at '/World/envs/env_442/robot_b/joints/imu'
2026-09-29T06:40:09Z [46,703ms] [Warning] [omni.physx.tensors.plugin] Failed to find rigid body at '/World/envs/env_443/robot_b/joints/imu'
2026-09-29T06:40:09Z [46,703ms] [Warning] [omni.physx.tensors.plugin] Failed to find rigid body at '/World/envs/env_444/robot_b/joints/imu'
2026-09-29T06:40:09Z [46,703ms] [Warning] [omni.physx.tensors.plugin] Failed to find rigid body at '/World/envs/env_445/robot_b/joints/imu'
2026-09-29T06:40:09Z [46,703ms] [Warning] [omni.physx.tensors.plugin] Failed to find rigid body at '/World/envs/env_446/robot_b/joints/imu'
2026-09-29T06:40:09Z [46,704ms] [Warning] [omni.physx.tensors.plugin] Failed to find rigid body at '/World/envs/env_447/robot_b/joints/imu'
2026-09-29T06:40:09Z [46,704ms] [Warning] [omni.physx.tensors.plugin] Failed to find rigid body at '/World/envs/env_448/robot_b/joints/imu'
2026-09-29T06:40:09Z [46,704ms] [Warning] [omni.physx.tensors.plugin] Failed to find rigid body at '/World/envs/env_449/robot_b/joints/imu'
2026-09-29T06:40:09Z [46,704ms] [Warning] [omni.physx.tensors.plugin] Failed to find rigid body at '/World/envs/env_450/robot_b/joints/imu'
2026-09-29T06:40:09Z [46,704ms] [Warning] [omni.physx.tensors.plugin] Failed to find rigid body at '/World/envs/env_451/robot_b/joints/imu'
2026-09-29T06:40:09Z [46,704ms] [Warning] [omni.physx.tensors.plugin] Failed to find rigid body at '/World/envs/env_452/robot_b/joints/imu'
2026-09-29T06:40:09Z [46,704ms] [Warning] [omni.physx.tensors.plugin] Failed to find rigid body at '/World/envs/env_453/robot_b/joints/imu'
2026-09-29T06:40:09Z [46,704ms] [Warning] [omni.physx.tensors.plugin] Failed to find rigid body at '/World/envs/env_454/robot_b/joints/imu'
2026-09-29T06:40:09Z [46,704ms] [Warning] [omni.physx.tensors.plugin] Failed to find rigid body at '/World/envs/env_455/robot_b/joints/imu'
2026-09-29T06:40:09Z [46,704ms] [Warning] [omni.physx.tensors.plugin] Failed to find rigid body at '/World/envs/env_456/robot_b/joints/imu'
2026-09-29T06:40:09Z [46,704ms] [Warning] [omni.physx.tensors.plugin] Failed to find rigid body at '/World/envs/env_457/robot_b/joints/imu'
2026-09-29T06:40:09Z [46,704ms] [Warning] [omni.physx.tensors.plugin] Failed to find rigid body at '/World/envs/env_458/robot_b/joints/imu'
2026-09-29T06:40:09Z [46,704ms] [Warning] [omni.physx.tensors.plugin] Failed to find rigid body at '/World/envs/env_459/robot_b/joints/imu'
2026-09-29T06:40:09Z [46,704ms] [Warning] [omni.physx.tensors.plugin] Failed to find rigid body at '/World/envs/env_460/robot_b/joints/imu'
2026-09-29T06:40:09Z [46,704ms] [Warning] [omni.physx.tensors.plugin] Failed to find rigid body at '/World/envs/env_461/robot_b/joints/imu'
2026-09-29T06:40:09Z [46,704ms] [Warning] [omni.physx.tensors.plugin] Failed to find rigid body at '/World/envs/env_462/robot_b/joints/imu'
2026-09-29T06:40:09Z [46,704ms] [Warning] [omni.physx.tensors.plugin] Failed to find rigid body at '/World/envs/env_463/robot_b/joints/imu'
2026-09-29T06:40:09Z [46,704ms] [Warning] [omni.physx.tensors.plugin] Failed to find rigid body at '/World/envs/env_464/robot_b/joints/imu'
2026-09-29T06:40:09Z [46,704ms] [Warning] [omni.physx.tensors.plugin] Failed to find rigid body at '/World/envs/env_465/robot_b/joints/imu'
2026-09-29T06:40:09Z [46,704ms] [Warning] [omni.physx.tensors.plugin] Failed to find rigid body at '/World/envs/env_466/robot_b/joints/imu'
2026-09-29T06:40:09Z [46,704ms] [Warning] [omni.physx.tensors.plugin] Failed to find rigid body at '/World/envs/env_467/robot_b/joints/imu'
2026-09-29T06:40:09Z [46,704ms] [Warning] [omni.physx.tensors.plugin] Failed to find rigid body at '/World/envs/env_468/robot_b/joints/imu'
2026-09-29T06:40:09Z [46,704ms] [Warning] [omni.physx.tensors.plugin] Failed to find rigid body at '/World/envs/env_469/robot_b/joints/imu'
2026-09-29T06:40:09Z [46,704ms] [Warning] [omni.physx.tensors.plugin] Failed to find rigid body at '/World/envs/env_470/robot_b/joints/imu'
2026-09-29T06:40:09Z [46,704ms] [Warning] [omni.physx.tensors.plugin] Failed to find rigid body at '/World/envs/env_471/robot_b/joints/imu'
2026-09-29T06:40:09Z [46,704ms] [Warning] [omni.physx.tensors.plugin] Failed to find rigid body at '/World/envs/env_472/robot_b/joints/imu'
2026-09-29T06:40:09Z [46,704ms] [Warning] [omni.physx.tensors.plugin] Failed to find rigid body at '/World/envs/env_473/robot_b/joints/imu'
2026-09-29T06:40:09Z [46,704ms] [Warning] [omni.physx.tensors.plugin] Failed to find rigid body at '/World/envs/env_474/robot_b/joints/imu'
2026-09-29T06:40:09Z [46,704ms] [Warning] [omni.physx.tensors.plugin] Failed to find rigid body at '/World/envs/env_475/robot_b/joints/imu'
2026-09-29T06:40:09Z [46,704ms] [Warning] [omni.physx.tensors.plugin] Failed to find rigid body at '/World/envs/env_476/robot_b/joints/imu'
2026-09-29T06:40:09Z [46,704ms] [Warning] [omni.physx.tensors.plugin] Failed to find rigid body at '/World/envs/env_477/robot_b/joints/imu'
2026-09-29T06:40:09Z [46,704ms] [Warning] [omni.physx.tensors.plugin] Failed to find rigid body at '/World/envs/env_478/robot_b/joints/imu'
2026-09-29T06:40:09Z [46,704ms] [Warning] [omni.physx.tensors.plugin] Failed to find rigid body at '/World/envs/env_479/robot_b/joints/imu'
2026-09-29T06:40:09Z [46,704ms] [Warning] [omni.physx.tensors.plugin] Failed to find rigid body at '/World/envs/env_480/robot_b/joints/imu'
2026-09-29T06:40:09Z [46,704ms] [Warning] [omni.physx.tensors.plugin] Failed to find rigid body at '/World/envs/env_481/robot_b/joints/imu'
2026-09-29T06:40:09Z [46,704ms] [Warning] [omni.physx.tensors.plugin] Failed to find rigid body at '/World/envs/env_482/robot_b/joints/imu'
2026-09-29T06:40:09Z [46,704ms] [Warning] [omni.physx.tensors.plugin] Failed to find rigid body at '/World/envs/env_483/robot_b/joints/imu'
2026-09-29T06:40:09Z [46,705ms] [Warning] [omni.physx.tensors.plugin] Failed to find rigid body at '/World/envs/env_484/robot_b/joints/imu'
2026-09-29T06:40:09Z [46,705ms] [Warning] [omni.physx.tensors.plugin] Failed to find rigid body at '/World/envs/env_485/robot_b/joints/imu'
2026-09-29T06:40:09Z [46,705ms] [Warning] [omni.physx.tensors.plugin] Failed to find rigid body at '/World/envs/env_486/robot_b/joints/imu'
2026-09-29T06:40:09Z [46,705ms] [Warning] [omni.physx.tensors.plugin] Failed to find rigid body at '/World/envs/env_487/robot_b/joints/imu'
2026-09-29T06:40:09Z [46,705ms] [Warning] [omni.physx.tensors.plugin] Failed to find rigid body at '/World/envs/env_488/robot_b/joints/imu'
2026-09-29T06:40:09Z [46,705ms] [Warning] [omni.physx.tensors.plugin] Failed to find rigid body at '/World/envs/env_489/robot_b/joints/imu'
2026-09-29T06:40:09Z [46,705ms] [Warning] [omni.physx.tensors.plugin] Failed to find rigid body at '/World/envs/env_490/robot_b/joints/imu'
2026-09-29T06:40:09Z [46,705ms] [Warning] [omni.physx.tensors.plugin] Failed to find rigid body at '/World/envs/env_491/robot_b/joints/imu'
2026-09-29T06:40:09Z [46,705ms] [Warning] [omni.physx.tensors.plugin] Failed to find rigid body at '/World/envs/env_492/robot_b/joints/imu'
2026-09-29T06:40:09Z [46,705ms] [Warning] [omni.physx.tensors.plugin] Failed to find rigid body at '/World/envs/env_493/robot_b/joints/imu'
2026-09-29T06:40:09Z [46,705ms] [Warning] [omni.physx.tensors.plugin] Failed to find rigid body at '/World/envs/env_494/robot_b/joints/imu'
2026-09-29T06:40:09Z [46,705ms] [Warning] [omni.physx.tensors.plugin] Failed to find rigid body at '/World/envs/env_495/robot_b/joints/imu'
2026-09-29T06:40:09Z [46,705ms] [Warning] [omni.physx.tensors.plugin] Failed to find rigid body at '/World/envs/env_496/robot_b/joints/imu'
2026-09-29T06:40:09Z [46,705ms] [Warning] [omni.physx.tensors.plugin] Failed to find rigid body at '/World/envs/env_497/robot_b/joints/imu'
2026-09-29T06:40:09Z [46,705ms] [Warning] [omni.physx.tensors.plugin] Failed to find rigid body at '/World/envs/env_498/robot_b/joints/imu'
2026-09-29T06:40:09Z [46,705ms] [Warning] [omni.physx.tensors.plugin] Failed to find rigid body at '/World/envs/env_499/robot_b/joints/imu'
2026-09-29T06:40:09Z [46,705ms] [Warning] [omni.physx.tensors.plugin] Failed to find rigid body at '/World/envs/env_500/robot_b/joints/imu'
2026-09-29T06:40:09Z [46,705ms] [Warning] [omni.physx.tensors.plugin] Failed to find rigid body at '/World/envs/env_501/robot_b/joints/imu'
2026-09-29T06:40:09Z [46,705ms] [Warning] [omni.physx.tensors.plugin] Failed to find rigid body at '/World/envs/env_502/robot_b/joints/imu'
2026-09-29T06:40:09Z [46,705ms] [Warning] [omni.physx.tensors.plugin] Failed to find rigid body at '/World/envs/env_503/robot_b/joints/imu'
2026-09-29T06:40:09Z [46,705ms] [Warning] [omni.physx.tensors.plugin] Failed to find rigid body at '/World/envs/env_504/robot_b/joints/imu'
2026-09-29T06:40:09Z [46,705ms] [Warning] [omni.physx.tensors.plugin] Failed to find rigid body at '/World/envs/env_505/robot_b/joints/imu'
2026-09-29T06:40:09Z [46,705ms] [Warning] [omni.physx.tensors.plugin] Failed to find rigid body at '/World/envs/env_506/robot_b/joints/imu'
2026-09-29T06:40:09Z [46,705ms] [Warning] [omni.physx.tensors.plugin] Failed to find rigid body at '/World/envs/env_507/robot_b/joints/imu'
2026-09-29T06:40:09Z [46,705ms] [Warning] [omni.physx.tensors.plugin] Failed to find rigid body at '/World/envs/env_508/robot_b/joints/imu'
2026-09-29T06:40:09Z [46,705ms] [Warning] [omni.physx.tensors.plugin] Failed to find rigid body at '/World/envs/env_509/robot_b/joints/imu'
2026-09-29T06:40:09Z [46,705ms] [Warning] [omni.physx.tensors.plugin] Failed to find rigid body at '/World/envs/env_510/robot_b/joints/imu'
2026-09-29T06:40:09Z [46,705ms] [Warning] [omni.physx.tensors.plugin] Failed to find rigid body at '/World/envs/env_511/robot_b/joints/imu'
2026-09-29T06:40:09Z [46,706ms] [Warning] [omni.physx.tensors.plugin] Failed to find rigid body at '/World/envs/env_512/robot_b/joints/imu'
2026-09-29T06:40:09Z [46,706ms] [Warning] [omni.physx.tensors.plugin] Failed to find rigid body at '/World/envs/env_513/robot_b/joints/imu'
2026-09-29T06:40:09Z [46,706ms] [Warning] [omni.physx.tensors.plugin] Failed to find rigid body at '/World/envs/env_514/robot_b/joints/imu'
2026-09-29T06:40:09Z [46,706ms] [Warning] [omni.physx.tensors.plugin] Failed to find rigid body at '/World/envs/env_515/robot_b/joints/imu'
2026-09-29T06:40:09Z [46,706ms] [Warning] [omni.physx.tensors.plugin] Failed to find rigid body at '/World/envs/env_516/robot_b/joints/imu'
2026-09-29T06:40:09Z [46,706ms] [Warning] [omni.physx.tensors.plugin] Failed to find rigid body at '/World/envs/env_517/robot_b/joints/imu'
2026-09-29T06:40:09Z [46,706ms] [Warning] [omni.physx.tensors.plugin] Failed to find rigid body at '/World/envs/env_518/robot_b/joints/imu'
2026-09-29T06:40:09Z [46,706ms] [Warning] [omni.physx.tensors.plugin] Failed to find rigid body at '/World/envs/env_519/robot_b/joints/imu'
2026-09-29T06:40:09Z [46,706ms] [Warning] [omni.physx.tensors.plugin] Failed to find rigid body at '/World/envs/env_520/robot_b/joints/imu'
2026-09-29T06:40:09Z [46,706ms] [Warning] [omni.physx.tensors.plugin] Failed to find rigid body at '/World/envs/env_521/robot_b/joints/imu'
2026-09-29T06:40:09Z [46,706ms] [Warning] [omni.physx.tensors.plugin] Failed to find rigid body at '/World/envs/env_522/robot_b/joints/imu'
2026-09-29T06:40:09Z [46,706ms] [Warning] [omni.physx.tensors.plugin] Failed to find rigid body at '/World/envs/env_523/robot_b/joints/imu'
2026-09-29T06:40:09Z [46,706ms] [Warning] [omni.physx.tensors.plugin] Failed to find rigid body at '/World/envs/env_524/robot_b/joints/imu'
2026-09-29T06:40:09Z [46,706ms] [Warning] [omni.physx.tensors.plugin] Failed to find rigid body at '/World/envs/env_525/robot_b/joints/imu'
2026-09-29T06:40:09Z [46,706ms] [Warning] [omni.physx.tensors.plugin] Failed to find rigid body at '/World/envs/env_526/robot_b/joints/imu'
2026-09-29T06:40:09Z [46,706ms] [Warning] [omni.physx.tensors.plugin] Failed to find rigid body at '/World/envs/env_527/robot_b/joints/imu'
2026-09-29T06:40:09Z [46,706ms] [Warning] [omni.physx.tensors.plugin] Failed to find rigid body at '/World/envs/env_528/robot_b/joints/imu'
2026-09-29T06:40:09Z [46,706ms] [Warning] [omni.physx.tensors.plugin] Failed to find rigid body at '/World/envs/env_529/robot_b/joints/imu'
2026-09-29T06:40:09Z [46,706ms] [Warning] [omni.physx.tensors.plugin] Failed to find rigid body at '/World/envs/env_530/robot_b/joints/imu'
2026-09-29T06:40:09Z [46,706ms] [Warning] [omni.physx.tensors.plugin] Failed to find rigid body at '/World/envs/env_531/robot_b/joints/imu'
2026-09-29T06:40:09Z [46,706ms] [Warning] [omni.physx.tensors.plugin] Failed to find rigid body at '/World/envs/env_532/robot_b/joints/imu'
2026-09-29T06:40:09Z [46,706ms] [Warning] [omni.physx.tensors.plugin] Failed to find rigid body at '/World/envs/env_533/robot_b/joints/imu'
2026-09-29T06:40:09Z [46,706ms] [Warning] [omni.physx.tensors.plugin] Failed to find rigid body at '/World/envs/env_534/robot_b/joints/imu'
2026-09-29T06:40:09Z [46,706ms] [Warning] [omni.physx.tensors.plugin] Failed to find rigid body at '/World/envs/env_535/robot_b/joints/imu'
2026-09-29T06:40:09Z [46,706ms] [Warning] [omni.physx.tensors.plugin] Failed to find rigid body at '/World/envs/env_536/robot_b/joints/imu'
2026-09-29T06:40:09Z [46,707ms] [Warning] [omni.physx.tensors.plugin] Failed to find rigid body at '/World/envs/env_537/robot_b/joints/imu'
2026-09-29T06:40:09Z [46,707ms] [Warning] [omni.physx.tensors.plugin] Failed to find rigid body at '/World/envs/env_538/robot_b/joints/imu'
2026-09-29T06:40:09Z [46,707ms] [Warning] [omni.physx.tensors.plugin] Failed to find rigid body at '/World/envs/env_539/robot_b/joints/imu'
2026-09-29T06:40:09Z [46,707ms] [Warning] [omni.physx.tensors.plugin] Failed to find rigid body at '/World/envs/env_540/robot_b/joints/imu'
2026-09-29T06:40:09Z [46,707ms] [Warning] [omni.physx.tensors.plugin] Failed to find rigid body at '/World/envs/env_541/robot_b/joints/imu'
2026-09-29T06:40:09Z [46,707ms] [Warning] [omni.physx.tensors.plugin] Failed to find rigid body at '/World/envs/env_542/robot_b/joints/imu'
2026-09-29T06:40:09Z [46,707ms] [Warning] [omni.physx.tensors.plugin] Failed to find rigid body at '/World/envs/env_543/robot_b/joints/imu'
2026-09-29T06:40:09Z [46,707ms] [Warning] [omni.physx.tensors.plugin] Failed to find rigid body at '/World/envs/env_544/robot_b/joints/imu'
2026-09-29T06:40:09Z [46,707ms] [Warning] [omni.physx.tensors.plugin] Failed to find rigid body at '/World/envs/env_545/robot_b/joints/imu'
2026-09-29T06:40:09Z [46,707ms] [Warning] [omni.physx.tensors.plugin] Failed to find rigid body at '/World/envs/env_546/robot_b/joints/imu'
2026-09-29T06:40:09Z [46,707ms] [Warning] [omni.physx.tensors.plugin] Failed to find rigid body at '/World/envs/env_547/robot_b/joints/imu'
2026-09-29T06:40:09Z [46,707ms] [Warning] [omni.physx.tensors.plugin] Failed to find rigid body at '/World/envs/env_548/robot_b/joints/imu'
2026-09-29T06:40:09Z [46,707ms] [Warning] [omni.physx.tensors.plugin] Failed to find rigid body at '/World/envs/env_549/robot_b/joints/imu'
2026-09-29T06:40:09Z [46,707ms] [Warning] [omni.physx.tensors.plugin] Failed to find rigid body at '/World/envs/env_550/robot_b/joints/imu'
2026-09-29T06:40:09Z [46,707ms] [Warning] [omni.physx.tensors.plugin] Failed to find rigid body at '/World/envs/env_551/robot_b/joints/imu'
2026-09-29T06:40:09Z [46,707ms] [Warning] [omni.physx.tensors.plugin] Failed to find rigid body at '/World/envs/env_552/robot_b/joints/imu'
2026-09-29T06:40:09Z [46,707ms] [Warning] [omni.physx.tensors.plugin] Failed to find rigid body at '/World/envs/env_553/robot_b/joints/imu'
2026-09-29T06:40:09Z [46,707ms] [Warning] [omni.physx.tensors.plugin] Failed to find rigid body at '/World/envs/env_554/robot_b/joints/imu'
2026-09-29T06:40:09Z [46,707ms] [Warning] [omni.physx.tensors.plugin] Failed to find rigid body at '/World/envs/env_555/robot_b/joints/imu'
2026-09-29T06:40:09Z [46,707ms] [Warning] [omni.physx.tensors.plugin] Failed to find rigid body at '/World/envs/env_556/robot_b/joints/imu'
2026-09-29T06:40:09Z [46,707ms] [Warning] [omni.physx.tensors.plugin] Failed to find rigid body at '/World/envs/env_557/robot_b/joints/imu'
2026-09-29T06:40:09Z [46,707ms] [Warning] [omni.physx.tensors.plugin] Failed to find rigid body at '/World/envs/env_558/robot_b/joints/imu'
2026-09-29T06:40:09Z [46,707ms] [Warning] [omni.physx.tensors.plugin] Failed to find rigid body at '/World/envs/env_559/robot_b/joints/imu'
2026-09-29T06:40:09Z [46,707ms] [Warning] [omni.physx.tensors.plugin] Failed to find rigid body at '/World/envs/env_560/robot_b/joints/imu'
2026-09-29T06:40:09Z [46,707ms] [Warning] [omni.physx.tensors.plugin] Failed to find rigid body at '/World/envs/env_561/robot_b/joints/imu'
2026-09-29T06:40:09Z [46,707ms] [Warning] [omni.physx.tensors.plugin] Failed to find rigid body at '/World/envs/env_562/robot_b/joints/imu'
2026-09-29T06:40:09Z [46,707ms] [Warning] [omni.physx.tensors.plugin] Failed to find rigid body at '/World/envs/env_563/robot_b/joints/imu'
2026-09-29T06:40:09Z [46,707ms] [Warning] [omni.physx.tensors.plugin] Failed to find rigid body at '/World/envs/env_564/robot_b/joints/imu'
2026-09-29T06:40:09Z [46,707ms] [Warning] [omni.physx.tensors.plugin] Failed to find rigid body at '/World/envs/env_565/robot_b/joints/imu'
2026-09-29T06:40:09Z [46,707ms] [Warning] [omni.physx.tensors.plugin] Failed to find rigid body at '/World/envs/env_566/robot_b/joints/imu'
2026-09-29T06:40:09Z [46,707ms] [Warning] [omni.physx.tensors.plugin] Failed to find rigid body at '/World/envs/env_567/robot_b/joints/imu'
2026-09-29T06:40:09Z [46,707ms] [Warning] [omni.physx.tensors.plugin] Failed to find rigid body at '/World/envs/env_568/robot_b/joints/imu'
2026-09-29T06:40:09Z [46,707ms] [Warning] [omni.physx.tensors.plugin] Failed to find rigid body at '/World/envs/env_569/robot_b/joints/imu'
2026-09-29T06:40:09Z [46,707ms] [Warning] [omni.physx.tensors.plugin] Failed to find rigid body at '/World/envs/env_570/robot_b/joints/imu'
2026-09-29T06:40:09Z [46,707ms] [Warning] [omni.physx.tensors.plugin] Failed to find rigid body at '/World/envs/env_571/robot_b/joints/imu'
2026-09-29T06:40:09Z [46,707ms] [Warning] [omni.physx.tensors.plugin] Failed to find rigid body at '/World/envs/env_572/robot_b/joints/imu'
2026-09-29T06:40:09Z [46,707ms] [Warning] [omni.physx.tensors.plugin] Failed to find rigid body at '/World/envs/env_573/robot_b/joints/imu'
2026-09-29T06:40:09Z [46,708ms] [Warning] [omni.physx.tensors.plugin] Failed to find rigid body at '/World/envs/env_574/robot_b/joints/imu'
2026-09-29T06:40:09Z [46,708ms] [Warning] [omni.physx.tensors.plugin] Failed to find rigid body at '/World/envs/env_575/robot_b/joints/imu'
2026-09-29T06:40:09Z [46,708ms] [Warning] [omni.physx.tensors.plugin] Failed to find rigid body at '/World/envs/env_576/robot_b/joints/imu'
2026-09-29T06:40:09Z [46,708ms] [Warning] [omni.physx.tensors.plugin] Failed to find rigid body at '/World/envs/env_577/robot_b/joints/imu'
2026-09-29T06:40:09Z [46,708ms] [Warning] [omni.physx.tensors.plugin] Failed to find rigid body at '/World/envs/env_578/robot_b/joints/imu'
2026-09-29T06:40:09Z [46,708ms] [Warning] [omni.physx.tensors.plugin] Failed to find rigid body at '/World/envs/env_579/robot_b/joints/imu'
2026-09-29T06:40:09Z [46,708ms] [Warning] [omni.physx.tensors.plugin] Failed to find rigid body at '/World/envs/env_580/robot_b/joints/imu'
2026-09-29T06:40:09Z [46,708ms] [Warning] [omni.physx.tensors.plugin] Failed to find rigid body at '/World/envs/env_581/robot_b/joints/imu'
2026-09-29T06:40:09Z [46,708ms] [Warning] [omni.physx.tensors.plugin] Failed to find rigid body at '/World/envs/env_582/robot_b/joints/imu'
2026-09-29T06:40:09Z [46,708ms] [Warning] [omni.physx.tensors.plugin] Failed to find rigid body at '/World/envs/env_583/robot_b/joints/imu'
2026-09-29T06:40:09Z [46,708ms] [Warning] [omni.physx.tensors.plugin] Failed to find rigid body at '/World/envs/env_584/robot_b/joints/imu'
2026-09-29T06:40:09Z [46,708ms] [Warning] [omni.physx.tensors.plugin] Failed to find rigid body at '/World/envs/env_585/robot_b/joints/imu'
2026-09-29T06:40:09Z [46,708ms] [Warning] [omni.physx.tensors.plugin] Failed to find rigid body at '/World/envs/env_586/robot_b/joints/imu'
2026-09-29T06:40:09Z [46,708ms] [Warning] [omni.physx.tensors.plugin] Failed to find rigid body at '/World/envs/env_587/robot_b/joints/imu'
2026-09-29T06:40:09Z [46,708ms] [Warning] [omni.physx.tensors.plugin] Failed to find rigid body at '/World/envs/env_588/robot_b/joints/imu'
2026-09-29T06:40:09Z [46,708ms] [Warning] [omni.physx.tensors.plugin] Failed to find rigid body at '/World/envs/env_589/robot_b/joints/imu'
2026-09-29T06:40:09Z [46,708ms] [Warning] [omni.physx.tensors.plugin] Failed to find rigid body at '/World/envs/env_590/robot_b/joints/imu'
2026-09-29T06:40:09Z [46,708ms] [Warning] [omni.physx.tensors.plugin] Failed to find rigid body at '/World/envs/env_591/robot_b/joints/imu'
2026-09-29T06:40:09Z [46,708ms] [Warning] [omni.physx.tensors.plugin] Failed to find rigid body at '/World/envs/env_592/robot_b/joints/imu'
2026-09-29T06:40:09Z [46,708ms] [Warning] [omni.physx.tensors.plugin] Failed to find rigid body at '/World/envs/env_593/robot_b/joints/imu'
2026-09-29T06:40:09Z [46,708ms] [Warning] [omni.physx.tensors.plugin] Failed to find rigid body at '/World/envs/env_594/robot_b/joints/imu'
2026-09-29T06:40:09Z [46,708ms] [Warning] [omni.physx.tensors.plugin] Failed to find rigid body at '/World/envs/env_595/robot_b/joints/imu'
2026-09-29T06:40:09Z [46,708ms] [Warning] [omni.physx.tensors.plugin] Failed to find rigid body at '/World/envs/env_596/robot_b/joints/imu'
2026-09-29T06:40:09Z [46,708ms] [Warning] [omni.physx.tensors.plugin] Failed to find rigid body at '/World/envs/env_597/robot_b/joints/imu'
2026-09-29T06:40:09Z [46,708ms] [Warning] [omni.physx.tensors.plugin] Failed to find rigid body at '/World/envs/env_598/robot_b/joints/imu'
2026-09-29T06:40:09Z [46,708ms] [Warning] [omni.physx.tensors.plugin] Failed to find rigid body at '/World/envs/env_599/robot_b/joints/imu'
2026-09-29T06:40:09Z [46,708ms] [Warning] [omni.physx.tensors.plugin] Failed to find rigid body at '/World/envs/env_600/robot_b/joints/imu'
2026-09-29T06:40:09Z [46,708ms] [Warning] [omni.physx.tensors.plugin] Failed to find rigid body at '/World/envs/env_601/robot_b/joints/imu'
2026-09-29T06:40:09Z [46,708ms] [Warning] [omni.physx.tensors.plugin] Failed to find rigid body at '/World/envs/env_602/robot_b/joints/imu'
2026-09-29T06:40:09Z [46,708ms] [Warning] [omni.physx.tensors.plugin] Failed to find rigid body at '/World/envs/env_603/robot_b/joints/imu'
2026-09-29T06:40:09Z [46,708ms] [Warning] [omni.physx.tensors.plugin] Failed to find rigid body at '/World/envs/env_604/robot_b/joints/imu'
2026-09-29T06:40:09Z [46,708ms] [Warning] [omni.physx.tensors.plugin] Failed to find rigid body at '/World/envs/env_605/robot_b/joints/imu'
2026-09-29T06:40:09Z [46,708ms] [Warning] [omni.physx.tensors.plugin] Failed to find rigid body at '/World/envs/env_606/robot_b/joints/imu'
2026-09-29T06:40:09Z [46,709ms] [Warning] [omni.physx.tensors.plugin] Failed to find rigid body at '/World/envs/env_607/robot_b/joints/imu'
2026-09-29T06:40:09Z [46,709ms] [Warning] [omni.physx.tensors.plugin] Failed to find rigid body at '/World/envs/env_608/robot_b/joints/imu'
2026-09-29T06:40:09Z [46,709ms] [Warning] [omni.physx.tensors.plugin] Failed to find rigid body at '/World/envs/env_609/robot_b/joints/imu'
2026-09-29T06:40:09Z [46,709ms] [Warning] [omni.physx.tensors.plugin] Failed to find rigid body at '/World/envs/env_610/robot_b/joints/imu'
2026-09-29T06:40:09Z [46,709ms] [Warning] [omni.physx.tensors.plugin] Failed to find rigid body at '/World/envs/env_611/robot_b/joints/imu'
2026-09-29T06:40:09Z [46,709ms] [Warning] [omni.physx.tensors.plugin] Failed to find rigid body at '/World/envs/env_612/robot_b/joints/imu'
2026-09-29T06:40:09Z [46,709ms] [Warning] [omni.physx.tensors.plugin] Failed to find rigid body at '/World/envs/env_613/robot_b/joints/imu'
2026-09-29T06:40:09Z [46,709ms] [Warning] [omni.physx.tensors.plugin] Failed to find rigid body at '/World/envs/env_614/robot_b/joints/imu'
2026-09-29T06:40:09Z [46,709ms] [Warning] [omni.physx.tensors.plugin] Failed to find rigid body at '/World/envs/env_615/robot_b/joints/imu'
2026-09-29T06:40:09Z [46,709ms] [Warning] [omni.physx.tensors.plugin] Failed to find rigid body at '/World/envs/env_616/robot_b/joints/imu'
2026-09-29T06:40:09Z [46,709ms] [Warning] [omni.physx.tensors.plugin] Failed to find rigid body at '/World/envs/env_617/robot_b/joints/imu'
2026-09-29T06:40:09Z [46,709ms] [Warning] [omni.physx.tensors.plugin] Failed to find rigid body at '/World/envs/env_618/robot_b/joints/imu'
2026-09-29T06:40:09Z [46,709ms] [Warning] [omni.physx.tensors.plugin] Failed to find rigid body at '/World/envs/env_619/robot_b/joints/imu'
2026-09-29T06:40:09Z [46,709ms] [Warning] [omni.physx.tensors.plugin] Failed to find rigid body at '/World/envs/env_620/robot_b/joints/imu'
2026-09-29T06:40:09Z [46,709ms] [Warning] [omni.physx.tensors.plugin] Failed to find rigid body at '/World/envs/env_621/robot_b/joints/imu'
2026-09-29T06:40:09Z [46,709ms] [Warning] [omni.physx.tensors.plugin] Failed to find rigid body at '/World/envs/env_622/robot_b/joints/imu'
2026-09-29T06:40:09Z [46,709ms] [Warning] [omni.physx.tensors.plugin] Failed to find rigid body at '/World/envs/env_623/robot_b/joints/imu'
2026-09-29T06:40:09Z [46,709ms] [Warning] [omni.physx.tensors.plugin] Failed to find rigid body at '/World/envs/env_624/robot_b/joints/imu'
2026-09-29T06:40:09Z [46,709ms] [Warning] [omni.physx.tensors.plugin] Failed to find rigid body at '/World/envs/env_625/robot_b/joints/imu'
2026-09-29T06:40:09Z [46,709ms] [Warning] [omni.physx.tensors.plugin] Failed to find rigid body at '/World/envs/env_626/robot_b/joints/imu'
2026-09-29T06:40:09Z [46,709ms] [Warning] [omni.physx.tensors.plugin] Failed to find rigid body at '/World/envs/env_627/robot_b/joints/imu'
2026-09-29T06:40:09Z [46,709ms] [Warning] [omni.physx.tensors.plugin] Failed to find rigid body at '/World/envs/env_628/robot_b/joints/imu'
2026-09-29T06:40:09Z [46,709ms] [Warning] [omni.physx.tensors.plugin] Failed to find rigid body at '/World/envs/env_629/robot_b/joints/imu'
2026-09-29T06:40:09Z [46,709ms] [Warning] [omni.physx.tensors.plugin] Failed to find rigid body at '/World/envs/env_630/robot_b/joints/imu'
2026-09-29T06:40:09Z [46,709ms] [Warning] [omni.physx.tensors.plugin] Failed to find rigid body at '/World/envs/env_631/robot_b/joints/imu'
2026-09-29T06:40:09Z [46,709ms] [Warning] [omni.physx.tensors.plugin] Failed to find rigid body at '/World/envs/env_632/robot_b/joints/imu'
2026-09-29T06:40:09Z [46,709ms] [Warning] [omni.physx.tensors.plugin] Failed to find rigid body at '/World/envs/env_633/robot_b/joints/imu'
2026-09-29T06:40:09Z [46,709ms] [Warning] [omni.physx.tensors.plugin] Failed to find rigid body at '/World/envs/env_634/robot_b/joints/imu'
2026-09-29T06:40:09Z [46,709ms] [Warning] [omni.physx.tensors.plugin] Failed to find rigid body at '/World/envs/env_635/robot_b/joints/imu'
2026-09-29T06:40:09Z [46,709ms] [Warning] [omni.physx.tensors.plugin] Failed to find rigid body at '/World/envs/env_636/robot_b/joints/imu'
2026-09-29T06:40:09Z [46,709ms] [Warning] [omni.physx.tensors.plugin] Failed to find rigid body at '/World/envs/env_637/robot_b/joints/imu'
2026-09-29T06:40:09Z [46,709ms] [Warning] [omni.physx.tensors.plugin] Failed to find rigid body at '/World/envs/env_638/robot_b/joints/imu'
2026-09-29T06:40:09Z [46,709ms] [Warning] [omni.physx.tensors.plugin] Failed to find rigid body at '/World/envs/env_639/robot_b/joints/imu'
2026-09-29T06:40:09Z [46,710ms] [Warning] [omni.physx.tensors.plugin] Failed to find rigid body at '/World/envs/env_640/robot_b/joints/imu'
2026-09-29T06:40:09Z [46,710ms] [Warning] [omni.physx.tensors.plugin] Failed to find rigid body at '/World/envs/env_641/robot_b/joints/imu'
2026-09-29T06:40:09Z [46,710ms] [Warning] [omni.physx.tensors.plugin] Failed to find rigid body at '/World/envs/env_642/robot_b/joints/imu'
2026-09-29T06:40:09Z [46,710ms] [Warning] [omni.physx.tensors.plugin] Failed to find rigid body at '/World/envs/env_643/robot_b/joints/imu'
2026-09-29T06:40:09Z [46,710ms] [Warning] [omni.physx.tensors.plugin] Failed to find rigid body at '/World/envs/env_644/robot_b/joints/imu'
2026-09-29T06:40:09Z [46,710ms] [Warning] [omni.physx.tensors.plugin] Failed to find rigid body at '/World/envs/env_645/robot_b/joints/imu'
2026-09-29T06:40:09Z [46,710ms] [Warning] [omni.physx.tensors.plugin] Failed to find rigid body at '/World/envs/env_646/robot_b/joints/imu'
2026-09-29T06:40:09Z [46,710ms] [Warning] [omni.physx.tensors.plugin] Failed to find rigid body at '/World/envs/env_647/robot_b/joints/imu'
2026-09-29T06:40:09Z [46,710ms] [Warning] [omni.physx.tensors.plugin] Failed to find rigid body at '/World/envs/env_648/robot_b/joints/imu'
2026-09-29T06:40:09Z [46,710ms] [Warning] [omni.physx.tensors.plugin] Failed to find rigid body at '/World/envs/env_649/robot_b/joints/imu'
2026-09-29T06:40:09Z [46,710ms] [Warning] [omni.physx.tensors.plugin] Failed to find rigid body at '/World/envs/env_650/robot_b/joints/imu'
2026-09-29T06:40:09Z [46,710ms] [Warning] [omni.physx.tensors.plugin] Failed to find rigid body at '/World/envs/env_651/robot_b/joints/imu'
2026-09-29T06:40:09Z [46,710ms] [Warning] [omni.physx.tensors.plugin] Failed to find rigid body at '/World/envs/env_652/robot_b/joints/imu'
2026-09-29T06:40:09Z [46,710ms] [Warning] [omni.physx.tensors.plugin] Failed to find rigid body at '/World/envs/env_653/robot_b/joints/imu'
2026-09-29T06:40:09Z [46,710ms] [Warning] [omni.physx.tensors.plugin] Failed to find rigid body at '/World/envs/env_654/robot_b/joints/imu'
2026-09-29T06:40:09Z [46,710ms] [Warning] [omni.physx.tensors.plugin] Failed to find rigid body at '/World/envs/env_655/robot_b/joints/imu'
2026-09-29T06:40:09Z [46,710ms] [Warning] [omni.physx.tensors.plugin] Failed to find rigid body at '/World/envs/env_656/robot_b/joints/imu'
2026-09-29T06:40:09Z [46,710ms] [Warning] [omni.physx.tensors.plugin] Failed to find rigid body at '/World/envs/env_657/robot_b/joints/imu'
2026-09-29T06:40:09Z [46,710ms] [Warning] [omni.physx.tensors.plugin] Failed to find rigid body at '/World/envs/env_658/robot_b/joints/imu'
2026-09-29T06:40:09Z [46,710ms] [Warning] [omni.physx.tensors.plugin] Failed to find rigid body at '/World/envs/env_659/robot_b/joints/imu'
2026-09-29T06:40:09Z [46,710ms] [Warning] [omni.physx.tensors.plugin] Failed to find rigid body at '/World/envs/env_660/robot_b/joints/imu'
2026-09-29T06:40:09Z [46,710ms] [Warning] [omni.physx.tensors.plugin] Failed to find rigid body at '/World/envs/env_661/robot_b/joints/imu'
2026-09-29T06:40:09Z [46,710ms] [Warning] [omni.physx.tensors.plugin] Failed to find rigid body at '/World/envs/env_662/robot_b/joints/imu'
2026-09-29T06:40:09Z [46,710ms] [Warning] [omni.physx.tensors.plugin] Failed to find rigid body at '/World/envs/env_663/robot_b/joints/imu'
2026-09-29T06:40:09Z [46,710ms] [Warning] [omni.physx.tensors.plugin] Failed to find rigid body at '/World/envs/env_664/robot_b/joints/imu'
2026-09-29T06:40:09Z [46,710ms] [Warning] [omni.physx.tensors.plugin] Failed to find rigid body at '/World/envs/env_665/robot_b/joints/imu'
2026-09-29T06:40:09Z [46,710ms] [Warning] [omni.physx.tensors.plugin] Failed to find rigid body at '/World/envs/env_666/robot_b/joints/imu'
2026-09-29T06:40:09Z [46,710ms] [Warning] [omni.physx.tensors.plugin] Failed to find rigid body at '/World/envs/env_667/robot_b/joints/imu'
2026-09-29T06:40:09Z [46,710ms] [Warning] [omni.physx.tensors.plugin] Failed to find rigid body at '/World/envs/env_668/robot_b/joints/imu'
2026-09-29T06:40:09Z [46,710ms] [Warning] [omni.physx.tensors.plugin] Failed to find rigid body at '/World/envs/env_669/robot_b/joints/imu'
2026-09-29T06:40:09Z [46,710ms] [Warning] [omni.physx.tensors.plugin] Failed to find rigid body at '/World/envs/env_670/robot_b/joints/imu'
2026-09-29T06:40:09Z [46,710ms] [Warning] [omni.physx.tensors.plugin] Failed to find rigid body at '/World/envs/env_671/robot_b/joints/imu'
2026-09-29T06:40:09Z [46,710ms] [Warning] [omni.physx.tensors.plugin] Failed to find rigid body at '/World/envs/env_672/robot_b/joints/imu'
2026-09-29T06:40:09Z [46,710ms] [Warning] [omni.physx.tensors.plugin] Failed to find rigid body at '/World/envs/env_673/robot_b/joints/imu'
2026-09-29T06:40:09Z [46,710ms] [Warning] [omni.physx.tensors.plugin] Failed to find rigid body at '/World/envs/env_674/robot_b/joints/imu'
2026-09-29T06:40:09Z [46,710ms] [Warning] [omni.physx.tensors.plugin] Failed to find rigid body at '/World/envs/env_675/robot_b/joints/imu'
2026-09-29T06:40:09Z [46,710ms] [Warning] [omni.physx.tensors.plugin] Failed to find rigid body at '/World/envs/env_676/robot_b/joints/imu'
2026-09-29T06:40:09Z [46,710ms] [Warning] [omni.physx.tensors.plugin] Failed to find rigid body at '/World/envs/env_677/robot_b/joints/imu'
2026-09-29T06:40:09Z [46,711ms] [Warning] [omni.physx.tensors.plugin] Failed to find rigid body at '/World/envs/env_678/robot_b/joints/imu'
2026-09-29T06:40:09Z [46,711ms] [Warning] [omni.physx.tensors.plugin] Failed to find rigid body at '/World/envs/env_679/robot_b/joints/imu'
2026-09-29T06:40:09Z [46,711ms] [Warning] [omni.physx.tensors.plugin] Failed to find rigid body at '/World/envs/env_680/robot_b/joints/imu'
2026-09-29T06:40:09Z [46,711ms] [Warning] [omni.physx.tensors.plugin] Failed to find rigid body at '/World/envs/env_681/robot_b/joints/imu'
2026-09-29T06:40:09Z [46,711ms] [Warning] [omni.physx.tensors.plugin] Failed to find rigid body at '/World/envs/env_682/robot_b/joints/imu'
2026-09-29T06:40:09Z [46,711ms] [Warning] [omni.physx.tensors.plugin] Failed to find rigid body at '/World/envs/env_683/robot_b/joints/imu'
2026-09-29T06:40:09Z [46,711ms] [Warning] [omni.physx.tensors.plugin] Failed to find rigid body at '/World/envs/env_684/robot_b/joints/imu'
2026-09-29T06:40:09Z [46,711ms] [Warning] [omni.physx.tensors.plugin] Failed to find rigid body at '/World/envs/env_685/robot_b/joints/imu'
2026-09-29T06:40:09Z [46,711ms] [Warning] [omni.physx.tensors.plugin] Failed to find rigid body at '/World/envs/env_686/robot_b/joints/imu'
2026-09-29T06:40:09Z [46,711ms] [Warning] [omni.physx.tensors.plugin] Failed to find rigid body at '/World/envs/env_687/robot_b/joints/imu'
2026-09-29T06:40:09Z [46,711ms] [Warning] [omni.physx.tensors.plugin] Failed to find rigid body at '/World/envs/env_688/robot_b/joints/imu'
2026-09-29T06:40:09Z [46,711ms] [Warning] [omni.physx.tensors.plugin] Failed to find rigid body at '/World/envs/env_689/robot_b/joints/imu'
2026-09-29T06:40:09Z [46,711ms] [Warning] [omni.physx.tensors.plugin] Failed to find rigid body at '/World/envs/env_690/robot_b/joints/imu'
2026-09-29T06:40:09Z [46,711ms] [Warning] [omni.physx.tensors.plugin] Failed to find rigid body at '/World/envs/env_691/robot_b/joints/imu'
2026-09-29T06:40:09Z [46,711ms] [Warning] [omni.physx.tensors.plugin] Failed to find rigid body at '/World/envs/env_692/robot_b/joints/imu'
2026-09-29T06:40:09Z [46,711ms] [Warning] [omni.physx.tensors.plugin] Failed to find rigid body at '/World/envs/env_693/robot_b/joints/imu'
2026-09-29T06:40:09Z [46,711ms] [Warning] [omni.physx.tensors.plugin] Failed to find rigid body at '/World/envs/env_694/robot_b/joints/imu'
2026-09-29T06:40:09Z [46,711ms] [Warning] [omni.physx.tensors.plugin] Failed to find rigid body at '/World/envs/env_695/robot_b/joints/imu'
2026-09-29T06:40:09Z [46,711ms] [Warning] [omni.physx.tensors.plugin] Failed to find rigid body at '/World/envs/env_696/robot_b/joints/imu'
2026-09-29T06:40:09Z [46,711ms] [Warning] [omni.physx.tensors.plugin] Failed to find rigid body at '/World/envs/env_697/robot_b/joints/imu'
2026-09-29T06:40:09Z [46,711ms] [Warning] [omni.physx.tensors.plugin] Failed to find rigid body at '/World/envs/env_698/robot_b/joints/imu'
2026-09-29T06:40:09Z [46,711ms] [Warning] [omni.physx.tensors.plugin] Failed to find rigid body at '/World/envs/env_699/robot_b/joints/imu'
2026-09-29T06:40:09Z [46,711ms] [Warning] [omni.physx.tensors.plugin] Failed to find rigid body at '/World/envs/env_700/robot_b/joints/imu'
2026-09-29T06:40:09Z [46,711ms] [Warning] [omni.physx.tensors.plugin] Failed to find rigid body at '/World/envs/env_701/robot_b/joints/imu'
2026-09-29T06:40:09Z [46,711ms] [Warning] [omni.physx.tensors.plugin] Failed to find rigid body at '/World/envs/env_702/robot_b/joints/imu'
2026-09-29T06:40:09Z [46,711ms] [Warning] [omni.physx.tensors.plugin] Failed to find rigid body at '/World/envs/env_703/robot_b/joints/imu'
2026-09-29T06:40:09Z [46,711ms] [Warning] [omni.physx.tensors.plugin] Failed to find rigid body at '/World/envs/env_704/robot_b/joints/imu'
2026-09-29T06:40:09Z [46,711ms] [Warning] [omni.physx.tensors.plugin] Failed to find rigid body at '/World/envs/env_705/robot_b/joints/imu'
2026-09-29T06:40:09Z [46,711ms] [Warning] [omni.physx.tensors.plugin] Failed to find rigid body at '/World/envs/env_706/robot_b/joints/imu'
2026-09-29T06:40:09Z [46,711ms] [Warning] [omni.physx.tensors.plugin] Failed to find rigid body at '/World/envs/env_707/robot_b/joints/imu'
2026-09-29T06:40:09Z [46,711ms] [Warning] [omni.physx.tensors.plugin] Failed to find rigid body at '/World/envs/env_708/robot_b/joints/imu'
2026-09-29T06:40:09Z [46,711ms] [Warning] [omni.physx.tensors.plugin] Failed to find rigid body at '/World/envs/env_709/robot_b/joints/imu'
2026-09-29T06:40:09Z [46,711ms] [Warning] [omni.physx.tensors.plugin] Failed to find rigid body at '/World/envs/env_710/robot_b/joints/imu'
2026-09-29T06:40:09Z [46,711ms] [Warning] [omni.physx.tensors.plugin] Failed to find rigid body at '/World/envs/env_711/robot_b/joints/imu'
2026-09-29T06:40:09Z [46,711ms] [Warning] [omni.physx.tensors.plugin] Failed to find rigid body at '/World/envs/env_712/robot_b/joints/imu'
2026-09-29T06:40:09Z [46,711ms] [Warning] [omni.physx.tensors.plugin] Failed to find rigid body at '/World/envs/env_713/robot_b/joints/imu'
2026-09-29T06:40:09Z [46,711ms] [Warning] [omni.physx.tensors.plugin] Failed to find rigid body at '/World/envs/env_714/robot_b/joints/imu'
2026-09-29T06:40:09Z [46,712ms] [Warning] [omni.physx.tensors.plugin] Failed to find rigid body at '/World/envs/env_715/robot_b/joints/imu'
2026-09-29T06:40:09Z [46,712ms] [Warning] [omni.physx.tensors.plugin] Failed to find rigid body at '/World/envs/env_716/robot_b/joints/imu'
2026-09-29T06:40:09Z [46,712ms] [Warning] [omni.physx.tensors.plugin] Failed to find rigid body at '/World/envs/env_717/robot_b/joints/imu'
2026-09-29T06:40:09Z [46,712ms] [Warning] [omni.physx.tensors.plugin] Failed to find rigid body at '/World/envs/env_718/robot_b/joints/imu'
2026-09-29T06:40:09Z [46,712ms] [Warning] [omni.physx.tensors.plugin] Failed to find rigid body at '/World/envs/env_719/robot_b/joints/imu'
2026-09-29T06:40:09Z [46,712ms] [Warning] [omni.physx.tensors.plugin] Failed to find rigid body at '/World/envs/env_720/robot_b/joints/imu'
2026-09-29T06:40:09Z [46,712ms] [Warning] [omni.physx.tensors.plugin] Failed to find rigid body at '/World/envs/env_721/robot_b/joints/imu'
2026-09-29T06:40:09Z [46,712ms] [Warning] [omni.physx.tensors.plugin] Failed to find rigid body at '/World/envs/env_722/robot_b/joints/imu'
2026-09-29T06:40:09Z [46,712ms] [Warning] [omni.physx.tensors.plugin] Failed to find rigid body at '/World/envs/env_723/robot_b/joints/imu'
2026-09-29T06:40:09Z [46,712ms] [Warning] [omni.physx.tensors.plugin] Failed to find rigid body at '/World/envs/env_724/robot_b/joints/imu'
2026-09-29T06:40:09Z [46,712ms] [Warning] [omni.physx.tensors.plugin] Failed to find rigid body at '/World/envs/env_725/robot_b/joints/imu'
2026-09-29T06:40:09Z [46,712ms] [Warning] [omni.physx.tensors.plugin] Failed to find rigid body at '/World/envs/env_726/robot_b/joints/imu'
2026-09-29T06:40:09Z [46,712ms] [Warning] [omni.physx.tensors.plugin] Failed to find rigid body at '/World/envs/env_727/robot_b/joints/imu'
2026-09-29T06:40:09Z [46,712ms] [Warning] [omni.physx.tensors.plugin] Failed to find rigid body at '/World/envs/env_728/robot_b/joints/imu'
2026-09-29T06:40:09Z [46,712ms] [Warning] [omni.physx.tensors.plugin] Failed to find rigid body at '/World/envs/env_729/robot_b/joints/imu'
2026-09-29T06:40:09Z [46,712ms] [Warning] [omni.physx.tensors.plugin] Failed to find rigid body at '/World/envs/env_730/robot_b/joints/imu'
2026-09-29T06:40:09Z [46,712ms] [Warning] [omni.physx.tensors.plugin] Failed to find rigid body at '/World/envs/env_731/robot_b/joints/imu'
2026-09-29T06:40:09Z [46,712ms] [Warning] [omni.physx.tensors.plugin] Failed to find rigid body at '/World/envs/env_732/robot_b/joints/imu'
2026-09-29T06:40:09Z [46,712ms] [Warning] [omni.physx.tensors.plugin] Failed to find rigid body at '/World/envs/env_733/robot_b/joints/imu'
2026-09-29T06:40:09Z [46,712ms] [Warning] [omni.physx.tensors.plugin] Failed to find rigid body at '/World/envs/env_734/robot_b/joints/imu'
2026-09-29T06:40:09Z [46,712ms] [Warning] [omni.physx.tensors.plugin] Failed to find rigid body at '/World/envs/env_735/robot_b/joints/imu'
2026-09-29T06:40:09Z [46,712ms] [Warning] [omni.physx.tensors.plugin] Failed to find rigid body at '/World/envs/env_736/robot_b/joints/imu'
2026-09-29T06:40:09Z [46,712ms] [Warning] [omni.physx.tensors.plugin] Failed to find rigid body at '/World/envs/env_737/robot_b/joints/imu'
2026-09-29T06:40:09Z [46,712ms] [Warning] [omni.physx.tensors.plugin] Failed to find rigid body at '/World/envs/env_738/robot_b/joints/imu'
2026-09-29T06:40:09Z [46,712ms] [Warning] [omni.physx.tensors.plugin] Failed to find rigid body at '/World/envs/env_739/robot_b/joints/imu'
2026-09-29T06:40:09Z [46,712ms] [Warning] [omni.physx.tensors.plugin] Failed to find rigid body at '/World/envs/env_740/robot_b/joints/imu'
2026-09-29T06:40:09Z [46,712ms] [Warning] [omni.physx.tensors.plugin] Failed to find rigid body at '/World/envs/env_741/robot_b/joints/imu'
2026-09-29T06:40:09Z [46,712ms] [Warning] [omni.physx.tensors.plugin] Failed to find rigid body at '/World/envs/env_742/robot_b/joints/imu'
2026-09-29T06:40:09Z [46,712ms] [Warning] [omni.physx.tensors.plugin] Failed to find rigid body at '/World/envs/env_743/robot_b/joints/imu'
2026-09-29T06:40:09Z [46,712ms] [Warning] [omni.physx.tensors.plugin] Failed to find rigid body at '/World/envs/env_744/robot_b/joints/imu'
2026-09-29T06:40:09Z [46,712ms] [Warning] [omni.physx.tensors.plugin] Failed to find rigid body at '/World/envs/env_745/robot_b/joints/imu'
2026-09-29T06:40:09Z [46,712ms] [Warning] [omni.physx.tensors.plugin] Failed to find rigid body at '/World/envs/env_746/robot_b/joints/imu'
2026-09-29T06:40:09Z [46,712ms] [Warning] [omni.physx.tensors.plugin] Failed to find rigid body at '/World/envs/env_747/robot_b/joints/imu'
2026-09-29T06:40:09Z [46,712ms] [Warning] [omni.physx.tensors.plugin] Failed to find rigid body at '/World/envs/env_748/robot_b/joints/imu'
2026-09-29T06:40:09Z [46,712ms] [Warning] [omni.physx.tensors.plugin] Failed to find rigid body at '/World/envs/env_749/robot_b/joints/imu'
2026-09-29T06:40:09Z [46,713ms] [Warning] [omni.physx.tensors.plugin] Failed to find rigid body at '/World/envs/env_750/robot_b/joints/imu'
2026-09-29T06:40:09Z [46,713ms] [Warning] [omni.physx.tensors.plugin] Failed to find rigid body at '/World/envs/env_751/robot_b/joints/imu'
2026-09-29T06:40:09Z [46,713ms] [Warning] [omni.physx.tensors.plugin] Failed to find rigid body at '/World/envs/env_752/robot_b/joints/imu'
2026-09-29T06:40:09Z [46,713ms] [Warning] [omni.physx.tensors.plugin] Failed to find rigid body at '/World/envs/env_753/robot_b/joints/imu'
2026-09-29T06:40:09Z [46,713ms] [Warning] [omni.physx.tensors.plugin] Failed to find rigid body at '/World/envs/env_754/robot_b/joints/imu'
2026-09-29T06:40:09Z [46,713ms] [Warning] [omni.physx.tensors.plugin] Failed to find rigid body at '/World/envs/env_755/robot_b/joints/imu'
2026-09-29T06:40:09Z [46,713ms] [Warning] [omni.physx.tensors.plugin] Failed to find rigid body at '/World/envs/env_756/robot_b/joints/imu'
2026-09-29T06:40:09Z [46,713ms] [Warning] [omni.physx.tensors.plugin] Failed to find rigid body at '/World/envs/env_757/robot_b/joints/imu'
2026-09-29T06:40:09Z [46,713ms] [Warning] [omni.physx.tensors.plugin] Failed to find rigid body at '/World/envs/env_758/robot_b/joints/imu'
2026-09-29T06:40:09Z [46,713ms] [Warning] [omni.physx.tensors.plugin] Failed to find rigid body at '/World/envs/env_759/robot_b/joints/imu'
2026-09-29T06:40:09Z [46,713ms] [Warning] [omni.physx.tensors.plugin] Failed to find rigid body at '/World/envs/env_760/robot_b/joints/imu'
2026-09-29T06:40:09Z [46,713ms] [Warning] [omni.physx.tensors.plugin] Failed to find rigid body at '/World/envs/env_761/robot_b/joints/imu'
2026-09-29T06:40:09Z [46,713ms] [Warning] [omni.physx.tensors.plugin] Failed to find rigid body at '/World/envs/env_762/robot_b/joints/imu'
2026-09-29T06:40:09Z [46,713ms] [Warning] [omni.physx.tensors.plugin] Failed to find rigid body at '/World/envs/env_763/robot_b/joints/imu'
2026-09-29T06:40:09Z [46,713ms] [Warning] [omni.physx.tensors.plugin] Failed to find rigid body at '/World/envs/env_764/robot_b/joints/imu'
2026-09-29T06:40:09Z [46,713ms] [Warning] [omni.physx.tensors.plugin] Failed to find rigid body at '/World/envs/env_765/robot_b/joints/imu'
2026-09-29T06:40:09Z [46,713ms] [Warning] [omni.physx.tensors.plugin] Failed to find rigid body at '/World/envs/env_766/robot_b/joints/imu'
2026-09-29T06:40:09Z [46,713ms] [Warning] [omni.physx.tensors.plugin] Failed to find rigid body at '/World/envs/env_767/robot_b/joints/imu'
2026-09-29T06:40:09Z [46,713ms] [Warning] [omni.physx.tensors.plugin] Failed to find rigid body at '/World/envs/env_768/robot_b/joints/imu'
2026-09-29T06:40:09Z [46,714ms] [Warning] [omni.physx.tensors.plugin] Failed to find rigid body at '/World/envs/env_769/robot_b/joints/imu'
2026-09-29T06:40:09Z [46,714ms] [Warning] [omni.physx.tensors.plugin] Failed to find rigid body at '/World/envs/env_770/robot_b/joints/imu'
2026-09-29T06:40:09Z [46,714ms] [Warning] [omni.physx.tensors.plugin] Failed to find rigid body at '/World/envs/env_771/robot_b/joints/imu'
2026-09-29T06:40:09Z [46,714ms] [Warning] [omni.physx.tensors.plugin] Failed to find rigid body at '/World/envs/env_772/robot_b/joints/imu'
2026-09-29T06:40:09Z [46,714ms] [Warning] [omni.physx.tensors.plugin] Failed to find rigid body at '/World/envs/env_773/robot_b/joints/imu'
2026-09-29T06:40:09Z [46,714ms] [Warning] [omni.physx.tensors.plugin] Failed to find rigid body at '/World/envs/env_774/robot_b/joints/imu'
2026-09-29T06:40:09Z [46,714ms] [Warning] [omni.physx.tensors.plugin] Failed to find rigid body at '/World/envs/env_775/robot_b/joints/imu'
2026-09-29T06:40:09Z [46,714ms] [Warning] [omni.physx.tensors.plugin] Failed to find rigid body at '/World/envs/env_776/robot_b/joints/imu'
2026-09-29T06:40:09Z [46,714ms] [Warning] [omni.physx.tensors.plugin] Failed to find rigid body at '/World/envs/env_777/robot_b/joints/imu'
2026-09-29T06:40:09Z [46,714ms] [Warning] [omni.physx.tensors.plugin] Failed to find rigid body at '/World/envs/env_778/robot_b/joints/imu'
2026-09-29T06:40:09Z [46,714ms] [Warning] [omni.physx.tensors.plugin] Failed to find rigid body at '/World/envs/env_779/robot_b/joints/imu'
2026-09-29T06:40:09Z [46,714ms] [Warning] [omni.physx.tensors.plugin] Failed to find rigid body at '/World/envs/env_780/robot_b/joints/imu'
2026-09-29T06:40:09Z [46,714ms] [Warning] [omni.physx.tensors.plugin] Failed to find rigid body at '/World/envs/env_781/robot_b/joints/imu'
2026-09-29T06:40:09Z [46,714ms] [Warning] [omni.physx.tensors.plugin] Failed to find rigid body at '/World/envs/env_782/robot_b/joints/imu'
2026-09-29T06:40:09Z [46,714ms] [Warning] [omni.physx.tensors.plugin] Failed to find rigid body at '/World/envs/env_783/robot_b/joints/imu'
2026-09-29T06:40:09Z [46,714ms] [Warning] [omni.physx.tensors.plugin] Failed to find rigid body at '/World/envs/env_784/robot_b/joints/imu'
2026-09-29T06:40:09Z [46,714ms] [Warning] [omni.physx.tensors.plugin] Failed to find rigid body at '/World/envs/env_785/robot_b/joints/imu'
2026-09-29T06:40:09Z [46,714ms] [Warning] [omni.physx.tensors.plugin] Failed to find rigid body at '/World/envs/env_786/robot_b/joints/imu'
2026-09-29T06:40:09Z [46,714ms] [Warning] [omni.physx.tensors.plugin] Failed to find rigid body at '/World/envs/env_787/robot_b/joints/imu'
2026-09-29T06:40:09Z [46,714ms] [Warning] [omni.physx.tensors.plugin] Failed to find rigid body at '/World/envs/env_788/robot_b/joints/imu'
2026-09-29T06:40:09Z [46,714ms] [Warning] [omni.physx.tensors.plugin] Failed to find rigid body at '/World/envs/env_789/robot_b/joints/imu'
2026-09-29T06:40:09Z [46,714ms] [Warning] [omni.physx.tensors.plugin] Failed to find rigid body at '/World/envs/env_790/robot_b/joints/imu'
2026-09-29T06:40:09Z [46,714ms] [Warning] [omni.physx.tensors.plugin] Failed to find rigid body at '/World/envs/env_791/robot_b/joints/imu'
2026-09-29T06:40:09Z [46,715ms] [Warning] [omni.physx.tensors.plugin] Failed to find rigid body at '/World/envs/env_792/robot_b/joints/imu'
2026-09-29T06:40:09Z [46,715ms] [Warning] [omni.physx.tensors.plugin] Failed to find rigid body at '/World/envs/env_793/robot_b/joints/imu'
2026-09-29T06:40:09Z [46,715ms] [Warning] [omni.physx.tensors.plugin] Failed to find rigid body at '/World/envs/env_794/robot_b/joints/imu'
2026-09-29T06:40:09Z [46,715ms] [Warning] [omni.physx.tensors.plugin] Failed to find rigid body at '/World/envs/env_795/robot_b/joints/imu'
2026-09-29T06:40:09Z [46,715ms] [Warning] [omni.physx.tensors.plugin] Failed to find rigid body at '/World/envs/env_796/robot_b/joints/imu'
2026-09-29T06:40:09Z [46,715ms] [Warning] [omni.physx.tensors.plugin] Failed to find rigid body at '/World/envs/env_797/robot_b/joints/imu'
2026-09-29T06:40:09Z [46,715ms] [Warning] [omni.physx.tensors.plugin] Failed to find rigid body at '/World/envs/env_798/robot_b/joints/imu'
2026-09-29T06:40:09Z [46,715ms] [Warning] [omni.physx.tensors.plugin] Failed to find rigid body at '/World/envs/env_799/robot_b/joints/imu'
2026-09-29T06:40:09Z [46,715ms] [Warning] [omni.physx.tensors.plugin] Failed to find rigid body at '/World/envs/env_800/robot_b/joints/imu'
2026-09-29T06:40:09Z [46,715ms] [Warning] [omni.physx.tensors.plugin] Failed to find rigid body at '/World/envs/env_801/robot_b/joints/imu'
2026-09-29T06:40:09Z [46,715ms] [Warning] [omni.physx.tensors.plugin] Failed to find rigid body at '/World/envs/env_802/robot_b/joints/imu'
2026-09-29T06:40:09Z [46,715ms] [Warning] [omni.physx.tensors.plugin] Failed to find rigid body at '/World/envs/env_803/robot_b/joints/imu'
2026-09-29T06:40:09Z [46,715ms] [Warning] [omni.physx.tensors.plugin] Failed to find rigid body at '/World/envs/env_804/robot_b/joints/imu'
2026-09-29T06:40:09Z [46,715ms] [Warning] [omni.physx.tensors.plugin] Failed to find rigid body at '/World/envs/env_805/robot_b/joints/imu'
2026-09-29T06:40:09Z [46,715ms] [Warning] [omni.physx.tensors.plugin] Failed to find rigid body at '/World/envs/env_806/robot_b/joints/imu'
2026-09-29T06:40:09Z [46,715ms] [Warning] [omni.physx.tensors.plugin] Failed to find rigid body at '/World/envs/env_807/robot_b/joints/imu'
2026-09-29T06:40:09Z [46,715ms] [Warning] [omni.physx.tensors.plugin] Failed to find rigid body at '/World/envs/env_808/robot_b/joints/imu'
2026-09-29T06:40:09Z [46,715ms] [Warning] [omni.physx.tensors.plugin] Failed to find rigid body at '/World/envs/env_809/robot_b/joints/imu'
2026-09-29T06:40:09Z [46,715ms] [Warning] [omni.physx.tensors.plugin] Failed to find rigid body at '/World/envs/env_810/robot_b/joints/imu'
2026-09-29T06:40:09Z [46,715ms] [Warning] [omni.physx.tensors.plugin] Failed to find rigid body at '/World/envs/env_811/robot_b/joints/imu'
2026-09-29T06:40:09Z [46,715ms] [Warning] [omni.physx.tensors.plugin] Failed to find rigid body at '/World/envs/env_812/robot_b/joints/imu'
2026-09-29T06:40:09Z [46,715ms] [Warning] [omni.physx.tensors.plugin] Failed to find rigid body at '/World/envs/env_813/robot_b/joints/imu'
2026-09-29T06:40:09Z [46,715ms] [Warning] [omni.physx.tensors.plugin] Failed to find rigid body at '/World/envs/env_814/robot_b/joints/imu'
2026-09-29T06:40:09Z [46,715ms] [Warning] [omni.physx.tensors.plugin] Failed to find rigid body at '/World/envs/env_815/robot_b/joints/imu'
2026-09-29T06:40:09Z [46,715ms] [Warning] [omni.physx.tensors.plugin] Failed to find rigid body at '/World/envs/env_816/robot_b/joints/imu'
2026-09-29T06:40:09Z [46,715ms] [Warning] [omni.physx.tensors.plugin] Failed to find rigid body at '/World/envs/env_817/robot_b/joints/imu'
2026-09-29T06:40:09Z [46,715ms] [Warning] [omni.physx.tensors.plugin] Failed to find rigid body at '/World/envs/env_818/robot_b/joints/imu'
2026-09-29T06:40:09Z [46,715ms] [Warning] [omni.physx.tensors.plugin] Failed to find rigid body at '/World/envs/env_819/robot_b/joints/imu'
2026-09-29T06:40:09Z [46,715ms] [Warning] [omni.physx.tensors.plugin] Failed to find rigid body at '/World/envs/env_820/robot_b/joints/imu'
2026-09-29T06:40:09Z [46,715ms] [Warning] [omni.physx.tensors.plugin] Failed to find rigid body at '/World/envs/env_821/robot_b/joints/imu'
2026-09-29T06:40:09Z [46,715ms] [Warning] [omni.physx.tensors.plugin] Failed to find rigid body at '/World/envs/env_822/robot_b/joints/imu'
2026-09-29T06:40:09Z [46,715ms] [Warning] [omni.physx.tensors.plugin] Failed to find rigid body at '/World/envs/env_823/robot_b/joints/imu'
2026-09-29T06:40:09Z [46,715ms] [Warning] [omni.physx.tensors.plugin] Failed to find rigid body at '/World/envs/env_824/robot_b/joints/imu'
2026-09-29T06:40:09Z [46,715ms] [Warning] [omni.physx.tensors.plugin] Failed to find rigid body at '/World/envs/env_825/robot_b/joints/imu'
2026-09-29T06:40:09Z [46,715ms] [Warning] [omni.physx.tensors.plugin] Failed to find rigid body at '/World/envs/env_826/robot_b/joints/imu'
2026-09-29T06:40:09Z [46,715ms] [Warning] [omni.physx.tensors.plugin] Failed to find rigid body at '/World/envs/env_827/robot_b/joints/imu'
2026-09-29T06:40:09Z [46,715ms] [Warning] [omni.physx.tensors.plugin] Failed to find rigid body at '/World/envs/env_828/robot_b/joints/imu'
2026-09-29T06:40:09Z [46,715ms] [Warning] [omni.physx.tensors.plugin] Failed to find rigid body at '/World/envs/env_829/robot_b/joints/imu'
2026-09-29T06:40:09Z [46,716ms] [Warning] [omni.physx.tensors.plugin] Failed to find rigid body at '/World/envs/env_830/robot_b/joints/imu'
2026-09-29T06:40:09Z [46,716ms] [Warning] [omni.physx.tensors.plugin] Failed to find rigid body at '/World/envs/env_831/robot_b/joints/imu'
2026-09-29T06:40:09Z [46,716ms] [Warning] [omni.physx.tensors.plugin] Failed to find rigid body at '/World/envs/env_832/robot_b/joints/imu'
2026-09-29T06:40:09Z [46,716ms] [Warning] [omni.physx.tensors.plugin] Failed to find rigid body at '/World/envs/env_833/robot_b/joints/imu'
2026-09-29T06:40:09Z [46,716ms] [Warning] [omni.physx.tensors.plugin] Failed to find rigid body at '/World/envs/env_834/robot_b/joints/imu'
2026-09-29T06:40:09Z [46,716ms] [Warning] [omni.physx.tensors.plugin] Failed to find rigid body at '/World/envs/env_835/robot_b/joints/imu'
2026-09-29T06:40:09Z [46,716ms] [Warning] [omni.physx.tensors.plugin] Failed to find rigid body at '/World/envs/env_836/robot_b/joints/imu'
2026-09-29T06:40:09Z [46,716ms] [Warning] [omni.physx.tensors.plugin] Failed to find rigid body at '/World/envs/env_837/robot_b/joints/imu'
2026-09-29T06:40:09Z [46,716ms] [Warning] [omni.physx.tensors.plugin] Failed to find rigid body at '/World/envs/env_838/robot_b/joints/imu'
2026-09-29T06:40:09Z [46,716ms] [Warning] [omni.physx.tensors.plugin] Failed to find rigid body at '/World/envs/env_839/robot_b/joints/imu'
2026-09-29T06:40:09Z [46,716ms] [Warning] [omni.physx.tensors.plugin] Failed to find rigid body at '/World/envs/env_840/robot_b/joints/imu'
2026-09-29T06:40:09Z [46,716ms] [Warning] [omni.physx.tensors.plugin] Failed to find rigid body at '/World/envs/env_841/robot_b/joints/imu'
2026-09-29T06:40:09Z [46,716ms] [Warning] [omni.physx.tensors.plugin] Failed to find rigid body at '/World/envs/env_842/robot_b/joints/imu'
2026-09-29T06:40:09Z [46,716ms] [Warning] [omni.physx.tensors.plugin] Failed to find rigid body at '/World/envs/env_843/robot_b/joints/imu'
2026-09-29T06:40:09Z [46,716ms] [Warning] [omni.physx.tensors.plugin] Failed to find rigid body at '/World/envs/env_844/robot_b/joints/imu'
2026-09-29T06:40:09Z [46,716ms] [Warning] [omni.physx.tensors.plugin] Failed to find rigid body at '/World/envs/env_845/robot_b/joints/imu'
2026-09-29T06:40:09Z [46,716ms] [Warning] [omni.physx.tensors.plugin] Failed to find rigid body at '/World/envs/env_846/robot_b/joints/imu'
2026-09-29T06:40:09Z [46,716ms] [Warning] [omni.physx.tensors.plugin] Failed to find rigid body at '/World/envs/env_847/robot_b/joints/imu'
2026-09-29T06:40:09Z [46,716ms] [Warning] [omni.physx.tensors.plugin] Failed to find rigid body at '/World/envs/env_848/robot_b/joints/imu'
2026-09-29T06:40:09Z [46,716ms] [Warning] [omni.physx.tensors.plugin] Failed to find rigid body at '/World/envs/env_849/robot_b/joints/imu'
2026-09-29T06:40:09Z [46,716ms] [Warning] [omni.physx.tensors.plugin] Failed to find rigid body at '/World/envs/env_850/robot_b/joints/imu'
2026-09-29T06:40:09Z [46,716ms] [Warning] [omni.physx.tensors.plugin] Failed to find rigid body at '/World/envs/env_851/robot_b/joints/imu'
2026-09-29T06:40:09Z [46,716ms] [Warning] [omni.physx.tensors.plugin] Failed to find rigid body at '/World/envs/env_852/robot_b/joints/imu'
2026-09-29T06:40:09Z [46,716ms] [Warning] [omni.physx.tensors.plugin] Failed to find rigid body at '/World/envs/env_853/robot_b/joints/imu'
2026-09-29T06:40:09Z [46,716ms] [Warning] [omni.physx.tensors.plugin] Failed to find rigid body at '/World/envs/env_854/robot_b/joints/imu'
2026-09-29T06:40:09Z [46,716ms] [Warning] [omni.physx.tensors.plugin] Failed to find rigid body at '/World/envs/env_855/robot_b/joints/imu'
2026-09-29T06:40:09Z [46,716ms] [Warning] [omni.physx.tensors.plugin] Failed to find rigid body at '/World/envs/env_856/robot_b/joints/imu'
2026-09-29T06:40:09Z [46,716ms] [Warning] [omni.physx.tensors.plugin] Failed to find rigid body at '/World/envs/env_857/robot_b/joints/imu'
2026-09-29T06:40:09Z [46,716ms] [Warning] [omni.physx.tensors.plugin] Failed to find rigid body at '/World/envs/env_858/robot_b/joints/imu'
2026-09-29T06:40:09Z [46,716ms] [Warning] [omni.physx.tensors.plugin] Failed to find rigid body at '/World/envs/env_859/robot_b/joints/imu'
2026-09-29T06:40:09Z [46,716ms] [Warning] [omni.physx.tensors.plugin] Failed to find rigid body at '/World/envs/env_860/robot_b/joints/imu'
2026-09-29T06:40:09Z [46,716ms] [Warning] [omni.physx.tensors.plugin] Failed to find rigid body at '/World/envs/env_861/robot_b/joints/imu'
2026-09-29T06:40:09Z [46,716ms] [Warning] [omni.physx.tensors.plugin] Failed to find rigid body at '/World/envs/env_862/robot_b/joints/imu'
2026-09-29T06:40:09Z [46,716ms] [Warning] [omni.physx.tensors.plugin] Failed to find rigid body at '/World/envs/env_863/robot_b/joints/imu'
2026-09-29T06:40:09Z [46,716ms] [Warning] [omni.physx.tensors.plugin] Failed to find rigid body at '/World/envs/env_864/robot_b/joints/imu'
2026-09-29T06:40:09Z [46,716ms] [Warning] [omni.physx.tensors.plugin] Failed to find rigid body at '/World/envs/env_865/robot_b/joints/imu'
2026-09-29T06:40:09Z [46,716ms] [Warning] [omni.physx.tensors.plugin] Failed to find rigid body at '/World/envs/env_866/robot_b/joints/imu'
2026-09-29T06:40:09Z [46,717ms] [Warning] [omni.physx.tensors.plugin] Failed to find rigid body at '/World/envs/env_867/robot_b/joints/imu'
2026-09-29T06:40:09Z [46,717ms] [Warning] [omni.physx.tensors.plugin] Failed to find rigid body at '/World/envs/env_868/robot_b/joints/imu'
2026-09-29T06:40:09Z [46,717ms] [Warning] [omni.physx.tensors.plugin] Failed to find rigid body at '/World/envs/env_869/robot_b/joints/imu'
2026-09-29T06:40:09Z [46,717ms] [Warning] [omni.physx.tensors.plugin] Failed to find rigid body at '/World/envs/env_870/robot_b/joints/imu'
2026-09-29T06:40:09Z [46,717ms] [Warning] [omni.physx.tensors.plugin] Failed to find rigid body at '/World/envs/env_871/robot_b/joints/imu'
2026-09-29T06:40:09Z [46,717ms] [Warning] [omni.physx.tensors.plugin] Failed to find rigid body at '/World/envs/env_872/robot_b/joints/imu'
2026-09-29T06:40:09Z [46,717ms] [Warning] [omni.physx.tensors.plugin] Failed to find rigid body at '/World/envs/env_873/robot_b/joints/imu'
2026-09-29T06:40:09Z [46,717ms] [Warning] [omni.physx.tensors.plugin] Failed to find rigid body at '/World/envs/env_874/robot_b/joints/imu'
2026-09-29T06:40:09Z [46,717ms] [Warning] [omni.physx.tensors.plugin] Failed to find rigid body at '/World/envs/env_875/robot_b/joints/imu'
2026-09-29T06:40:09Z [46,717ms] [Warning] [omni.physx.tensors.plugin] Failed to find rigid body at '/World/envs/env_876/robot_b/joints/imu'
2026-09-29T06:40:09Z [46,717ms] [Warning] [omni.physx.tensors.plugin] Failed to find rigid body at '/World/envs/env_877/robot_b/joints/imu'
2026-09-29T06:40:09Z [46,717ms] [Warning] [omni.physx.tensors.plugin] Failed to find rigid body at '/World/envs/env_878/robot_b/joints/imu'
2026-09-29T06:40:09Z [46,717ms] [Warning] [omni.physx.tensors.plugin] Failed to find rigid body at '/World/envs/env_879/robot_b/joints/imu'
2026-09-29T06:40:09Z [46,717ms] [Warning] [omni.physx.tensors.plugin] Failed to find rigid body at '/World/envs/env_880/robot_b/joints/imu'
2026-09-29T06:40:09Z [46,717ms] [Warning] [omni.physx.tensors.plugin] Failed to find rigid body at '/World/envs/env_881/robot_b/joints/imu'
2026-09-29T06:40:09Z [46,717ms] [Warning] [omni.physx.tensors.plugin] Failed to find rigid body at '/World/envs/env_882/robot_b/joints/imu'
2026-09-29T06:40:09Z [46,717ms] [Warning] [omni.physx.tensors.plugin] Failed to find rigid body at '/World/envs/env_883/robot_b/joints/imu'
2026-09-29T06:40:09Z [46,717ms] [Warning] [omni.physx.tensors.plugin] Failed to find rigid body at '/World/envs/env_884/robot_b/joints/imu'
2026-09-29T06:40:09Z [46,717ms] [Warning] [omni.physx.tensors.plugin] Failed to find rigid body at '/World/envs/env_885/robot_b/joints/imu'
2026-09-29T06:40:09Z [46,717ms] [Warning] [omni.physx.tensors.plugin] Failed to find rigid body at '/World/envs/env_886/robot_b/joints/imu'
2026-09-29T06:40:09Z [46,717ms] [Warning] [omni.physx.tensors.plugin] Failed to find rigid body at '/World/envs/env_887/robot_b/joints/imu'
2026-09-29T06:40:09Z [46,717ms] [Warning] [omni.physx.tensors.plugin] Failed to find rigid body at '/World/envs/env_888/robot_b/joints/imu'
2026-09-29T06:40:09Z [46,717ms] [Warning] [omni.physx.tensors.plugin] Failed to find rigid body at '/World/envs/env_889/robot_b/joints/imu'
2026-09-29T06:40:09Z [46,717ms] [Warning] [omni.physx.tensors.plugin] Failed to find rigid body at '/World/envs/env_890/robot_b/joints/imu'
2026-09-29T06:40:09Z [46,717ms] [Warning] [omni.physx.tensors.plugin] Failed to find rigid body at '/World/envs/env_891/robot_b/joints/imu'
2026-09-29T06:40:09Z [46,717ms] [Warning] [omni.physx.tensors.plugin] Failed to find rigid body at '/World/envs/env_892/robot_b/joints/imu'
2026-09-29T06:40:09Z [46,717ms] [Warning] [omni.physx.tensors.plugin] Failed to find rigid body at '/World/envs/env_893/robot_b/joints/imu'
2026-09-29T06:40:09Z [46,717ms] [Warning] [omni.physx.tensors.plugin] Failed to find rigid body at '/World/envs/env_894/robot_b/joints/imu'
2026-09-29T06:40:09Z [46,717ms] [Warning] [omni.physx.tensors.plugin] Failed to find rigid body at '/World/envs/env_895/robot_b/joints/imu'
2026-09-29T06:40:09Z [46,717ms] [Warning] [omni.physx.tensors.plugin] Failed to find rigid body at '/World/envs/env_896/robot_b/joints/imu'
2026-09-29T06:40:09Z [46,717ms] [Warning] [omni.physx.tensors.plugin] Failed to find rigid body at '/World/envs/env_897/robot_b/joints/imu'
2026-09-29T06:40:09Z [46,717ms] [Warning] [omni.physx.tensors.plugin] Failed to find rigid body at '/World/envs/env_898/robot_b/joints/imu'
2026-09-29T06:40:09Z [46,717ms] [Warning] [omni.physx.tensors.plugin] Failed to find rigid body at '/World/envs/env_899/robot_b/joints/imu'
2026-09-29T06:40:09Z [46,717ms] [Warning] [omni.physx.tensors.plugin] Failed to find rigid body at '/World/envs/env_900/robot_b/joints/imu'
2026-09-29T06:40:09Z [46,717ms] [Warning] [omni.physx.tensors.plugin] Failed to find rigid body at '/World/envs/env_901/robot_b/joints/imu'
2026-09-29T06:40:09Z [46,717ms] [Warning] [omni.physx.tensors.plugin] Failed to find rigid body at '/World/envs/env_902/robot_b/joints/imu'
2026-09-29T06:40:09Z [46,717ms] [Warning] [omni.physx.tensors.plugin] Failed to find rigid body at '/World/envs/env_903/robot_b/joints/imu'
2026-09-29T06:40:09Z [46,717ms] [Warning] [omni.physx.tensors.plugin] Failed to find rigid body at '/World/envs/env_904/robot_b/joints/imu'
2026-09-29T06:40:09Z [46,717ms] [Warning] [omni.physx.tensors.plugin] Failed to find rigid body at '/World/envs/env_905/robot_b/joints/imu'
2026-09-29T06:40:09Z [46,717ms] [Warning] [omni.physx.tensors.plugin] Failed to find rigid body at '/World/envs/env_906/robot_b/joints/imu'
2026-09-29T06:40:09Z [46,718ms] [Warning] [omni.physx.tensors.plugin] Failed to find rigid body at '/World/envs/env_907/robot_b/joints/imu'
2026-09-29T06:40:09Z [46,718ms] [Warning] [omni.physx.tensors.plugin] Failed to find rigid body at '/World/envs/env_908/robot_b/joints/imu'
2026-09-29T06:40:09Z [46,718ms] [Warning] [omni.physx.tensors.plugin] Failed to find rigid body at '/World/envs/env_909/robot_b/joints/imu'
2026-09-29T06:40:09Z [46,718ms] [Warning] [omni.physx.tensors.plugin] Failed to find rigid body at '/World/envs/env_910/robot_b/joints/imu'
2026-09-29T06:40:09Z [46,718ms] [Warning] [omni.physx.tensors.plugin] Failed to find rigid body at '/World/envs/env_911/robot_b/joints/imu'
2026-09-29T06:40:09Z [46,718ms] [Warning] [omni.physx.tensors.plugin] Failed to find rigid body at '/World/envs/env_912/robot_b/joints/imu'
2026-09-29T06:40:09Z [46,718ms] [Warning] [omni.physx.tensors.plugin] Failed to find rigid body at '/World/envs/env_913/robot_b/joints/imu'
2026-09-29T06:40:09Z [46,718ms] [Warning] [omni.physx.tensors.plugin] Failed to find rigid body at '/World/envs/env_914/robot_b/joints/imu'
2026-09-29T06:40:09Z [46,718ms] [Warning] [omni.physx.tensors.plugin] Failed to find rigid body at '/World/envs/env_915/robot_b/joints/imu'
2026-09-29T06:40:09Z [46,718ms] [Warning] [omni.physx.tensors.plugin] Failed to find rigid body at '/World/envs/env_916/robot_b/joints/imu'
2026-09-29T06:40:09Z [46,718ms] [Warning] [omni.physx.tensors.plugin] Failed to find rigid body at '/World/envs/env_917/robot_b/joints/imu'
2026-09-29T06:40:09Z [46,718ms] [Warning] [omni.physx.tensors.plugin] Failed to find rigid body at '/World/envs/env_918/robot_b/joints/imu'
2026-09-29T06:40:09Z [46,718ms] [Warning] [omni.physx.tensors.plugin] Failed to find rigid body at '/World/envs/env_919/robot_b/joints/imu'
2026-09-29T06:40:09Z [46,718ms] [Warning] [omni.physx.tensors.plugin] Failed to find rigid body at '/World/envs/env_920/robot_b/joints/imu'
2026-09-29T06:40:09Z [46,718ms] [Warning] [omni.physx.tensors.plugin] Failed to find rigid body at '/World/envs/env_921/robot_b/joints/imu'
2026-09-29T06:40:09Z [46,718ms] [Warning] [omni.physx.tensors.plugin] Failed to find rigid body at '/World/envs/env_922/robot_b/joints/imu'
2026-09-29T06:40:09Z [46,718ms] [Warning] [omni.physx.tensors.plugin] Failed to find rigid body at '/World/envs/env_923/robot_b/joints/imu'
2026-09-29T06:40:09Z [46,718ms] [Warning] [omni.physx.tensors.plugin] Failed to find rigid body at '/World/envs/env_924/robot_b/joints/imu'
2026-09-29T06:40:09Z [46,718ms] [Warning] [omni.physx.tensors.plugin] Failed to find rigid body at '/World/envs/env_925/robot_b/joints/imu'
2026-09-29T06:40:09Z [46,718ms] [Warning] [omni.physx.tensors.plugin] Failed to find rigid body at '/World/envs/env_926/robot_b/joints/imu'
2026-09-29T06:40:09Z [46,718ms] [Warning] [omni.physx.tensors.plugin] Failed to find rigid body at '/World/envs/env_927/robot_b/joints/imu'
2026-09-29T06:40:09Z [46,718ms] [Warning] [omni.physx.tensors.plugin] Failed to find rigid body at '/World/envs/env_928/robot_b/joints/imu'
2026-09-29T06:40:09Z [46,718ms] [Warning] [omni.physx.tensors.plugin] Failed to find rigid body at '/World/envs/env_929/robot_b/joints/imu'
2026-09-29T06:40:09Z [46,718ms] [Warning] [omni.physx.tensors.plugin] Failed to find rigid body at '/World/envs/env_930/robot_b/joints/imu'
2026-09-29T06:40:09Z [46,718ms] [Warning] [omni.physx.tensors.plugin] Failed to find rigid body at '/World/envs/env_931/robot_b/joints/imu'
2026-09-29T06:40:09Z [46,718ms] [Warning] [omni.physx.tensors.plugin] Failed to find rigid body at '/World/envs/env_932/robot_b/joints/imu'
2026-09-29T06:40:09Z [46,718ms] [Warning] [omni.physx.tensors.plugin] Failed to find rigid body at '/World/envs/env_933/robot_b/joints/imu'
2026-09-29T06:40:09Z [46,718ms] [Warning] [omni.physx.tensors.plugin] Failed to find rigid body at '/World/envs/env_934/robot_b/joints/imu'
2026-09-29T06:40:09Z [46,718ms] [Warning] [omni.physx.tensors.plugin] Failed to find rigid body at '/World/envs/env_935/robot_b/joints/imu'
2026-09-29T06:40:09Z [46,718ms] [Warning] [omni.physx.tensors.plugin] Failed to find rigid body at '/World/envs/env_936/robot_b/joints/imu'
2026-09-29T06:40:09Z [46,718ms] [Warning] [omni.physx.tensors.plugin] Failed to find rigid body at '/World/envs/env_937/robot_b/joints/imu'
2026-09-29T06:40:09Z [46,718ms] [Warning] [omni.physx.tensors.plugin] Failed to find rigid body at '/World/envs/env_938/robot_b/joints/imu'
2026-09-29T06:40:09Z [46,718ms] [Warning] [omni.physx.tensors.plugin] Failed to find rigid body at '/World/envs/env_939/robot_b/joints/imu'
2026-09-29T06:40:09Z [46,718ms] [Warning] [omni.physx.tensors.plugin] Failed to find rigid body at '/World/envs/env_940/robot_b/joints/imu'
2026-09-29T06:40:09Z [46,718ms] [Warning] [omni.physx.tensors.plugin] Failed to find rigid body at '/World/envs/env_941/robot_b/joints/imu'
2026-09-29T06:40:09Z [46,718ms] [Warning] [omni.physx.tensors.plugin] Failed to find rigid body at '/World/envs/env_942/robot_b/joints/imu'
2026-09-29T06:40:09Z [46,718ms] [Warning] [omni.physx.tensors.plugin] Failed to find rigid body at '/World/envs/env_943/robot_b/joints/imu'
2026-09-29T06:40:09Z [46,718ms] [Warning] [omni.physx.tensors.plugin] Failed to find rigid body at '/World/envs/env_944/robot_b/joints/imu'
2026-09-29T06:40:09Z [46,719ms] [Warning] [omni.physx.tensors.plugin] Failed to find rigid body at '/World/envs/env_945/robot_b/joints/imu'
2026-09-29T06:40:09Z [46,719ms] [Warning] [omni.physx.tensors.plugin] Failed to find rigid body at '/World/envs/env_946/robot_b/joints/imu'
2026-09-29T06:40:09Z [46,719ms] [Warning] [omni.physx.tensors.plugin] Failed to find rigid body at '/World/envs/env_947/robot_b/joints/imu'
2026-09-29T06:40:09Z [46,719ms] [Warning] [omni.physx.tensors.plugin] Failed to find rigid body at '/World/envs/env_948/robot_b/joints/imu'
2026-09-29T06:40:09Z [46,719ms] [Warning] [omni.physx.tensors.plugin] Failed to find rigid body at '/World/envs/env_949/robot_b/joints/imu'
2026-09-29T06:40:09Z [46,719ms] [Warning] [omni.physx.tensors.plugin] Failed to find rigid body at '/World/envs/env_950/robot_b/joints/imu'
2026-09-29T06:40:09Z [46,719ms] [Warning] [omni.physx.tensors.plugin] Failed to find rigid body at '/World/envs/env_951/robot_b/joints/imu'
2026-09-29T06:40:09Z [46,719ms] [Warning] [omni.physx.tensors.plugin] Failed to find rigid body at '/World/envs/env_952/robot_b/joints/imu'
2026-09-29T06:40:09Z [46,719ms] [Warning] [omni.physx.tensors.plugin] Failed to find rigid body at '/World/envs/env_953/robot_b/joints/imu'
2026-09-29T06:40:09Z [46,719ms] [Warning] [omni.physx.tensors.plugin] Failed to find rigid body at '/World/envs/env_954/robot_b/joints/imu'
2026-09-29T06:40:09Z [46,719ms] [Warning] [omni.physx.tensors.plugin] Failed to find rigid body at '/World/envs/env_955/robot_b/joints/imu'
2026-09-29T06:40:09Z [46,719ms] [Warning] [omni.physx.tensors.plugin] Failed to find rigid body at '/World/envs/env_956/robot_b/joints/imu'
2026-09-29T06:40:09Z [46,719ms] [Warning] [omni.physx.tensors.plugin] Failed to find rigid body at '/World/envs/env_957/robot_b/joints/imu'
2026-09-29T06:40:09Z [46,719ms] [Warning] [omni.physx.tensors.plugin] Failed to find rigid body at '/World/envs/env_958/robot_b/joints/imu'
2026-09-29T06:40:09Z [46,719ms] [Warning] [omni.physx.tensors.plugin] Failed to find rigid body at '/World/envs/env_959/robot_b/joints/imu'
2026-09-29T06:40:09Z [46,719ms] [Warning] [omni.physx.tensors.plugin] Failed to find rigid body at '/World/envs/env_960/robot_b/joints/imu'
2026-09-29T06:40:09Z [46,719ms] [Warning] [omni.physx.tensors.plugin] Failed to find rigid body at '/World/envs/env_961/robot_b/joints/imu'
2026-09-29T06:40:09Z [46,719ms] [Warning] [omni.physx.tensors.plugin] Failed to find rigid body at '/World/envs/env_962/robot_b/joints/imu'
2026-09-29T06:40:09Z [46,719ms] [Warning] [omni.physx.tensors.plugin] Failed to find rigid body at '/World/envs/env_963/robot_b/joints/imu'
2026-09-29T06:40:09Z [46,719ms] [Warning] [omni.physx.tensors.plugin] Failed to find rigid body at '/World/envs/env_964/robot_b/joints/imu'
2026-09-29T06:40:09Z [46,719ms] [Warning] [omni.physx.tensors.plugin] Failed to find rigid body at '/World/envs/env_965/robot_b/joints/imu'
2026-09-29T06:40:09Z [46,719ms] [Warning] [omni.physx.tensors.plugin] Failed to find rigid body at '/World/envs/env_966/robot_b/joints/imu'
2026-09-29T06:40:09Z [46,719ms] [Warning] [omni.physx.tensors.plugin] Failed to find rigid body at '/World/envs/env_967/robot_b/joints/imu'
2026-09-29T06:40:09Z [46,719ms] [Warning] [omni.physx.tensors.plugin] Failed to find rigid body at '/World/envs/env_968/robot_b/joints/imu'
2026-09-29T06:40:09Z [46,719ms] [Warning] [omni.physx.tensors.plugin] Failed to find rigid body at '/World/envs/env_969/robot_b/joints/imu'
2026-09-29T06:40:09Z [46,719ms] [Warning] [omni.physx.tensors.plugin] Failed to find rigid body at '/World/envs/env_970/robot_b/joints/imu'
2026-09-29T06:40:09Z [46,719ms] [Warning] [omni.physx.tensors.plugin] Failed to find rigid body at '/World/envs/env_971/robot_b/joints/imu'
2026-09-29T06:40:09Z [46,719ms] [Warning] [omni.physx.tensors.plugin] Failed to find rigid body at '/World/envs/env_972/robot_b/joints/imu'
2026-09-29T06:40:09Z [46,719ms] [Warning] [omni.physx.tensors.plugin] Failed to find rigid body at '/World/envs/env_973/robot_b/joints/imu'
2026-09-29T06:40:09Z [46,719ms] [Warning] [omni.physx.tensors.plugin] Failed to find rigid body at '/World/envs/env_974/robot_b/joints/imu'
2026-09-29T06:40:09Z [46,719ms] [Warning] [omni.physx.tensors.plugin] Failed to find rigid body at '/World/envs/env_975/robot_b/joints/imu'
2026-09-29T06:40:09Z [46,719ms] [Warning] [omni.physx.tensors.plugin] Failed to find rigid body at '/World/envs/env_976/robot_b/joints/imu'
2026-09-29T06:40:09Z [46,719ms] [Warning] [omni.physx.tensors.plugin] Failed to find rigid body at '/World/envs/env_977/robot_b/joints/imu'
2026-09-29T06:40:09Z [46,719ms] [Warning] [omni.physx.tensors.plugin] Failed to find rigid body at '/World/envs/env_978/robot_b/joints/imu'
2026-09-29T06:40:09Z [46,719ms] [Warning] [omni.physx.tensors.plugin] Failed to find rigid body at '/World/envs/env_979/robot_b/joints/imu'
2026-09-29T06:40:09Z [46,719ms] [Warning] [omni.physx.tensors.plugin] Failed to find rigid body at '/World/envs/env_980/robot_b/joints/imu'
2026-09-29T06:40:09Z [46,719ms] [Warning] [omni.physx.tensors.plugin] Failed to find rigid body at '/World/envs/env_981/robot_b/joints/imu'
2026-09-29T06:40:09Z [46,719ms] [Warning] [omni.physx.tensors.plugin] Failed to find rigid body at '/World/envs/env_982/robot_b/joints/imu'
2026-09-29T06:40:09Z [46,719ms] [Warning] [omni.physx.tensors.plugin] Failed to find rigid body at '/World/envs/env_983/robot_b/joints/imu'
2026-09-29T06:40:09Z [46,719ms] [Warning] [omni.physx.tensors.plugin] Failed to find rigid body at '/World/envs/env_984/robot_b/joints/imu'
2026-09-29T06:40:09Z [46,719ms] [Warning] [omni.physx.tensors.plugin] Failed to find rigid body at '/World/envs/env_985/robot_b/joints/imu'
2026-09-29T06:40:09Z [46,720ms] [Warning] [omni.physx.tensors.plugin] Failed to find rigid body at '/World/envs/env_986/robot_b/joints/imu'
2026-09-29T06:40:09Z [46,720ms] [Warning] [omni.physx.tensors.plugin] Failed to find rigid body at '/World/envs/env_987/robot_b/joints/imu'
2026-09-29T06:40:09Z [46,720ms] [Warning] [omni.physx.tensors.plugin] Failed to find rigid body at '/World/envs/env_988/robot_b/joints/imu'
2026-09-29T06:40:09Z [46,720ms] [Warning] [omni.physx.tensors.plugin] Failed to find rigid body at '/World/envs/env_989/robot_b/joints/imu'
2026-09-29T06:40:09Z [46,720ms] [Warning] [omni.physx.tensors.plugin] Failed to find rigid body at '/World/envs/env_990/robot_b/joints/imu'
2026-09-29T06:40:09Z [46,720ms] [Warning] [omni.physx.tensors.plugin] Failed to find rigid body at '/World/envs/env_991/robot_b/joints/imu'
2026-09-29T06:40:09Z [46,720ms] [Warning] [omni.physx.tensors.plugin] Failed to find rigid body at '/World/envs/env_992/robot_b/joints/imu'
2026-09-29T06:40:09Z [46,720ms] [Warning] [omni.physx.tensors.plugin] Failed to find rigid body at '/World/envs/env_993/robot_b/joints/imu'
2026-09-29T06:40:09Z [46,720ms] [Warning] [omni.physx.tensors.plugin] Failed to find rigid body at '/World/envs/env_994/robot_b/joints/imu'
2026-09-29T06:40:09Z [46,720ms] [Warning] [omni.physx.tensors.plugin] Failed to find rigid body at '/World/envs/env_995/robot_b/joints/imu'
2026-09-29T06:40:09Z [46,720ms] [Warning] [omni.physx.tensors.plugin] Failed to find rigid body at '/World/envs/env_996/robot_b/joints/imu'
2026-09-29T06:40:09Z [46,720ms] [Warning] [omni.physx.tensors.plugin] Failed to find rigid body at '/World/envs/env_997/robot_b/joints/imu'
2026-09-29T06:40:09Z [46,720ms] [Warning] [omni.physx.tensors.plugin] Failed to find rigid body at '/World/envs/env_998/robot_b/joints/imu'
2026-09-29T06:40:09Z [46,720ms] [Warning] [omni.physx.tensors.plugin] Failed to find rigid body at '/World/envs/env_999/robot_b/joints/imu'
2026-09-29T06:40:09Z [46,720ms] [Warning] [omni.physx.tensors.plugin] Failed to find rigid body at '/World/envs/env_1000/robot_b/joints/imu'
2026-09-29T06:40:09Z [46,720ms] [Warning] [omni.physx.tensors.plugin] Failed to find rigid body at '/World/envs/env_1001/robot_b/joints/imu'
2026-09-29T06:40:09Z [46,720ms] [Warning] [omni.physx.tensors.plugin] Failed to find rigid body at '/World/envs/env_1002/robot_b/joints/imu'
2026-09-29T06:40:09Z [46,720ms] [Warning] [omni.physx.tensors.plugin] Failed to find rigid body at '/World/envs/env_1003/robot_b/joints/imu'
2026-09-29T06:40:09Z [46,720ms] [Warning] [omni.physx.tensors.plugin] Failed to find rigid body at '/World/envs/env_1004/robot_b/joints/imu'
2026-09-29T06:40:09Z [46,720ms] [Warning] [omni.physx.tensors.plugin] Failed to find rigid body at '/World/envs/env_1005/robot_b/joints/imu'
2026-09-29T06:40:09Z [46,720ms] [Warning] [omni.physx.tensors.plugin] Failed to find rigid body at '/World/envs/env_1006/robot_b/joints/imu'
2026-09-29T06:40:09Z [46,720ms] [Warning] [omni.physx.tensors.plugin] Failed to find rigid body at '/World/envs/env_1007/robot_b/joints/imu'
2026-09-29T06:40:09Z [46,720ms] [Warning] [omni.physx.tensors.plugin] Failed to find rigid body at '/World/envs/env_1008/robot_b/joints/imu'
2026-09-29T06:40:09Z [46,720ms] [Warning] [omni.physx.tensors.plugin] Failed to find rigid body at '/World/envs/env_1009/robot_b/joints/imu'
2026-09-29T06:40:09Z [46,720ms] [Warning] [omni.physx.tensors.plugin] Failed to find rigid body at '/World/envs/env_1010/robot_b/joints/imu'
2026-09-29T06:40:09Z [46,720ms] [Warning] [omni.physx.tensors.plugin] Failed to find rigid body at '/World/envs/env_1011/robot_b/joints/imu'
2026-09-29T06:40:09Z [46,720ms] [Warning] [omni.physx.tensors.plugin] Failed to find rigid body at '/World/envs/env_1012/robot_b/joints/imu'
2026-09-29T06:40:09Z [46,720ms] [Warning] [omni.physx.tensors.plugin] Failed to find rigid body at '/World/envs/env_1013/robot_b/joints/imu'
2026-09-29T06:40:09Z [46,720ms] [Warning] [omni.physx.tensors.plugin] Failed to find rigid body at '/World/envs/env_1014/robot_b/joints/imu'
2026-09-29T06:40:09Z [46,720ms] [Warning] [omni.physx.tensors.plugin] Failed to find rigid body at '/World/envs/env_1015/robot_b/joints/imu'
2026-09-29T06:40:09Z [46,720ms] [Warning] [omni.physx.tensors.plugin] Failed to find rigid body at '/World/envs/env_1016/robot_b/joints/imu'
2026-09-29T06:40:09Z [46,720ms] [Warning] [omni.physx.tensors.plugin] Failed to find rigid body at '/World/envs/env_1017/robot_b/joints/imu'
2026-09-29T06:40:09Z [46,720ms] [Warning] [omni.physx.tensors.plugin] Failed to find rigid body at '/World/envs/env_1018/robot_b/joints/imu'
2026-09-29T06:40:09Z [46,720ms] [Warning] [omni.physx.tensors.plugin] Failed to find rigid body at '/World/envs/env_1019/robot_b/joints/imu'
2026-09-29T06:40:09Z [46,721ms] [Warning] [omni.physx.tensors.plugin] Failed to find rigid body at '/World/envs/env_1020/robot_b/joints/imu'
2026-09-29T06:40:09Z [46,721ms] [Warning] [omni.physx.tensors.plugin] Failed to find rigid body at '/World/envs/env_1021/robot_b/joints/imu'
2026-09-29T06:40:09Z [46,721ms] [Warning] [omni.physx.tensors.plugin] Failed to find rigid body at '/World/envs/env_1022/robot_b/joints/imu'
2026-09-29T06:40:09Z [46,721ms] [Warning] [omni.physx.tensors.plugin] Failed to find rigid body at '/World/envs/env_1023/robot_b/joints/imu'
2026-09-29T06:40:09Z [46,826ms] [Warning] [omni.physx.tensors.plugin] Failed to find contact report API at '/World/envs/env_0/robot_b/joints/imu'
2026-09-29T06:40:09Z [46,826ms] [Warning] [omni.physx.tensors.plugin] Failed to find contact report API at '/World/envs/env_1/robot_b/joints/imu'
2026-09-29T06:40:09Z [46,826ms] [Warning] [omni.physx.tensors.plugin] Failed to find contact report API at '/World/envs/env_2/robot_b/joints/imu'
2026-09-29T06:40:09Z [46,826ms] [Warning] [omni.physx.tensors.plugin] Failed to find contact report API at '/World/envs/env_3/robot_b/joints/imu'
2026-09-29T06:40:09Z [46,826ms] [Warning] [omni.physx.tensors.plugin] Failed to find contact report API at '/World/envs/env_4/robot_b/joints/imu'
2026-09-29T06:40:09Z [46,826ms] [Warning] [omni.physx.tensors.plugin] Failed to find contact report API at '/World/envs/env_5/robot_b/joints/imu'
2026-09-29T06:40:09Z [46,826ms] [Warning] [omni.physx.tensors.plugin] Failed to find contact report API at '/World/envs/env_6/robot_b/joints/imu'
2026-09-29T06:40:09Z [46,826ms] [Warning] [omni.physx.tensors.plugin] Failed to find contact report API at '/World/envs/env_7/robot_b/joints/imu'
2026-09-29T06:40:09Z [46,826ms] [Warning] [omni.physx.tensors.plugin] Failed to find contact report API at '/World/envs/env_8/robot_b/joints/imu'
2026-09-29T06:40:09Z [46,826ms] [Warning] [omni.physx.tensors.plugin] Failed to find contact report API at '/World/envs/env_9/robot_b/joints/imu'
2026-09-29T06:40:09Z [46,826ms] [Warning] [omni.physx.tensors.plugin] Failed to find contact report API at '/World/envs/env_10/robot_b/joints/imu'
2026-09-29T06:40:09Z [46,826ms] [Warning] [omni.physx.tensors.plugin] Failed to find contact report API at '/World/envs/env_11/robot_b/joints/imu'
2026-09-29T06:40:09Z [46,826ms] [Warning] [omni.physx.tensors.plugin] Failed to find contact report API at '/World/envs/env_12/robot_b/joints/imu'
2026-09-29T06:40:09Z [46,826ms] [Warning] [omni.physx.tensors.plugin] Failed to find contact report API at '/World/envs/env_13/robot_b/joints/imu'
2026-09-29T06:40:09Z [46,826ms] [Warning] [omni.physx.tensors.plugin] Failed to find contact report API at '/World/envs/env_14/robot_b/joints/imu'
2026-09-29T06:40:09Z [46,826ms] [Warning] [omni.physx.tensors.plugin] Failed to find contact report API at '/World/envs/env_15/robot_b/joints/imu'
2026-09-29T06:40:09Z [46,826ms] [Warning] [omni.physx.tensors.plugin] Failed to find contact report API at '/World/envs/env_16/robot_b/joints/imu'
2026-09-29T06:40:09Z [46,826ms] [Warning] [omni.physx.tensors.plugin] Failed to find contact report API at '/World/envs/env_17/robot_b/joints/imu'
2026-09-29T06:40:09Z [46,826ms] [Warning] [omni.physx.tensors.plugin] Failed to find contact report API at '/World/envs/env_18/robot_b/joints/imu'
2026-09-29T06:40:09Z [46,826ms] [Warning] [omni.physx.tensors.plugin] Failed to find contact report API at '/World/envs/env_19/robot_b/joints/imu'
2026-09-29T06:40:09Z [46,827ms] [Warning] [omni.physx.tensors.plugin] Failed to find contact report API at '/World/envs/env_20/robot_b/joints/imu'
2026-09-29T06:40:09Z [46,827ms] [Warning] [omni.physx.tensors.plugin] Failed to find contact report API at '/World/envs/env_21/robot_b/joints/imu'
2026-09-29T06:40:09Z [46,827ms] [Warning] [omni.physx.tensors.plugin] Failed to find contact report API at '/World/envs/env_22/robot_b/joints/imu'
2026-09-29T06:40:09Z [46,827ms] [Warning] [omni.physx.tensors.plugin] Failed to find contact report API at '/World/envs/env_23/robot_b/joints/imu'
2026-09-29T06:40:09Z [46,827ms] [Warning] [omni.physx.tensors.plugin] Failed to find contact report API at '/World/envs/env_24/robot_b/joints/imu'
2026-09-29T06:40:09Z [46,827ms] [Warning] [omni.physx.tensors.plugin] Failed to find contact report API at '/World/envs/env_25/robot_b/joints/imu'
2026-09-29T06:40:09Z [46,827ms] [Warning] [omni.physx.tensors.plugin] Failed to find contact report API at '/World/envs/env_26/robot_b/joints/imu'
2026-09-29T06:40:09Z [46,827ms] [Warning] [omni.physx.tensors.plugin] Failed to find contact report API at '/World/envs/env_27/robot_b/joints/imu'
2026-09-29T06:40:09Z [46,827ms] [Warning] [omni.physx.tensors.plugin] Failed to find contact report API at '/World/envs/env_28/robot_b/joints/imu'
2026-09-29T06:40:09Z [46,827ms] [Warning] [omni.physx.tensors.plugin] Failed to find contact report API at '/World/envs/env_29/robot_b/joints/imu'
2026-09-29T06:40:09Z [46,827ms] [Warning] [omni.physx.tensors.plugin] Failed to find contact report API at '/World/envs/env_30/robot_b/joints/imu'
2026-09-29T06:40:09Z [46,827ms] [Warning] [omni.physx.tensors.plugin] Failed to find contact report API at '/World/envs/env_31/robot_b/joints/imu'
2026-09-29T06:40:09Z [46,827ms] [Warning] [omni.physx.tensors.plugin] Failed to find contact report API at '/World/envs/env_32/robot_b/joints/imu'
2026-09-29T06:40:09Z [46,827ms] [Warning] [omni.physx.tensors.plugin] Failed to find contact report API at '/World/envs/env_33/robot_b/joints/imu'
2026-09-29T06:40:09Z [46,827ms] [Warning] [omni.physx.tensors.plugin] Failed to find contact report API at '/World/envs/env_34/robot_b/joints/imu'
2026-09-29T06:40:09Z [46,827ms] [Warning] [omni.physx.tensors.plugin] Failed to find contact report API at '/World/envs/env_35/robot_b/joints/imu'
2026-09-29T06:40:09Z [46,827ms] [Warning] [omni.physx.tensors.plugin] Failed to find contact report API at '/World/envs/env_36/robot_b/joints/imu'
2026-09-29T06:40:09Z [46,827ms] [Warning] [omni.physx.tensors.plugin] Failed to find contact report API at '/World/envs/env_37/robot_b/joints/imu'
2026-09-29T06:40:09Z [46,827ms] [Warning] [omni.physx.tensors.plugin] Failed to find contact report API at '/World/envs/env_38/robot_b/joints/imu'
2026-09-29T06:40:09Z [46,827ms] [Warning] [omni.physx.tensors.plugin] Failed to find contact report API at '/World/envs/env_39/robot_b/joints/imu'
2026-09-29T06:40:09Z [46,827ms] [Warning] [omni.physx.tensors.plugin] Failed to find contact report API at '/World/envs/env_40/robot_b/joints/imu'
2026-09-29T06:40:09Z [46,827ms] [Warning] [omni.physx.tensors.plugin] Failed to find contact report API at '/World/envs/env_41/robot_b/joints/imu'
2026-09-29T06:40:09Z [46,827ms] [Warning] [omni.physx.tensors.plugin] Failed to find contact report API at '/World/envs/env_42/robot_b/joints/imu'
2026-09-29T06:40:09Z [46,827ms] [Warning] [omni.physx.tensors.plugin] Failed to find contact report API at '/World/envs/env_43/robot_b/joints/imu'
2026-09-29T06:40:09Z [46,828ms] [Warning] [omni.physx.tensors.plugin] Failed to find contact report API at '/World/envs/env_44/robot_b/joints/imu'
2026-09-29T06:40:09Z [46,828ms] [Warning] [omni.physx.tensors.plugin] Failed to find contact report API at '/World/envs/env_45/robot_b/joints/imu'
2026-09-29T06:40:09Z [46,828ms] [Warning] [omni.physx.tensors.plugin] Failed to find contact report API at '/World/envs/env_46/robot_b/joints/imu'
2026-09-29T06:40:09Z [46,828ms] [Warning] [omni.physx.tensors.plugin] Failed to find contact report API at '/World/envs/env_47/robot_b/joints/imu'
2026-09-29T06:40:09Z [46,828ms] [Warning] [omni.physx.tensors.plugin] Failed to find contact report API at '/World/envs/env_48/robot_b/joints/imu'
2026-09-29T06:40:09Z [46,828ms] [Warning] [omni.physx.tensors.plugin] Failed to find contact report API at '/World/envs/env_49/robot_b/joints/imu'
2026-09-29T06:40:09Z [46,828ms] [Warning] [omni.physx.tensors.plugin] Failed to find contact report API at '/World/envs/env_50/robot_b/joints/imu'
2026-09-29T06:40:09Z [46,828ms] [Warning] [omni.physx.tensors.plugin] Failed to find contact report API at '/World/envs/env_51/robot_b/joints/imu'
2026-09-29T06:40:09Z [46,828ms] [Warning] [omni.physx.tensors.plugin] Failed to find contact report API at '/World/envs/env_52/robot_b/joints/imu'
2026-09-29T06:40:09Z [46,828ms] [Warning] [omni.physx.tensors.plugin] Failed to find contact report API at '/World/envs/env_53/robot_b/joints/imu'
2026-09-29T06:40:09Z [46,828ms] [Warning] [omni.physx.tensors.plugin] Failed to find contact report API at '/World/envs/env_54/robot_b/joints/imu'
2026-09-29T06:40:09Z [46,828ms] [Warning] [omni.physx.tensors.plugin] Failed to find contact report API at '/World/envs/env_55/robot_b/joints/imu'
2026-09-29T06:40:09Z [46,828ms] [Warning] [omni.physx.tensors.plugin] Failed to find contact report API at '/World/envs/env_56/robot_b/joints/imu'
2026-09-29T06:40:09Z [46,828ms] [Warning] [omni.physx.tensors.plugin] Failed to find contact report API at '/World/envs/env_57/robot_b/joints/imu'
2026-09-29T06:40:09Z [46,828ms] [Warning] [omni.physx.tensors.plugin] Failed to find contact report API at '/World/envs/env_58/robot_b/joints/imu'
2026-09-29T06:40:09Z [46,828ms] [Warning] [omni.physx.tensors.plugin] Failed to find contact report API at '/World/envs/env_59/robot_b/joints/imu'
2026-09-29T06:40:09Z [46,828ms] [Warning] [omni.physx.tensors.plugin] Failed to find contact report API at '/World/envs/env_60/robot_b/joints/imu'
2026-09-29T06:40:09Z [46,828ms] [Warning] [omni.physx.tensors.plugin] Failed to find contact report API at '/World/envs/env_61/robot_b/joints/imu'
2026-09-29T06:40:09Z [46,828ms] [Warning] [omni.physx.tensors.plugin] Failed to find contact report API at '/World/envs/env_62/robot_b/joints/imu'
2026-09-29T06:40:09Z [46,828ms] [Warning] [omni.physx.tensors.plugin] Failed to find contact report API at '/World/envs/env_63/robot_b/joints/imu'
2026-09-29T06:40:09Z [46,828ms] [Warning] [omni.physx.tensors.plugin] Failed to find contact report API at '/World/envs/env_64/robot_b/joints/imu'
2026-09-29T06:40:09Z [46,828ms] [Warning] [omni.physx.tensors.plugin] Failed to find contact report API at '/World/envs/env_65/robot_b/joints/imu'
2026-09-29T06:40:09Z [46,828ms] [Warning] [omni.physx.tensors.plugin] Failed to find contact report API at '/World/envs/env_66/robot_b/joints/imu'
2026-09-29T06:40:09Z [46,828ms] [Warning] [omni.physx.tensors.plugin] Failed to find contact report API at '/World/envs/env_67/robot_b/joints/imu'
2026-09-29T06:40:09Z [46,828ms] [Warning] [omni.physx.tensors.plugin] Failed to find contact report API at '/World/envs/env_68/robot_b/joints/imu'
2026-09-29T06:40:09Z [46,828ms] [Warning] [omni.physx.tensors.plugin] Failed to find contact report API at '/World/envs/env_69/robot_b/joints/imu'
2026-09-29T06:40:09Z [46,828ms] [Warning] [omni.physx.tensors.plugin] Failed to find contact report API at '/World/envs/env_70/robot_b/joints/imu'
2026-09-29T06:40:09Z [46,829ms] [Warning] [omni.physx.tensors.plugin] Failed to find contact report API at '/World/envs/env_71/robot_b/joints/imu'
2026-09-29T06:40:09Z [46,829ms] [Warning] [omni.physx.tensors.plugin] Failed to find contact report API at '/World/envs/env_72/robot_b/joints/imu'
2026-09-29T06:40:09Z [46,829ms] [Warning] [omni.physx.tensors.plugin] Failed to find contact report API at '/World/envs/env_73/robot_b/joints/imu'
2026-09-29T06:40:09Z [46,829ms] [Warning] [omni.physx.tensors.plugin] Failed to find contact report API at '/World/envs/env_74/robot_b/joints/imu'
2026-09-29T06:40:09Z [46,829ms] [Warning] [omni.physx.tensors.plugin] Failed to find contact report API at '/World/envs/env_75/robot_b/joints/imu'
2026-09-29T06:40:09Z [46,829ms] [Warning] [omni.physx.tensors.plugin] Failed to find contact report API at '/World/envs/env_76/robot_b/joints/imu'
2026-09-29T06:40:09Z [46,829ms] [Warning] [omni.physx.tensors.plugin] Failed to find contact report API at '/World/envs/env_77/robot_b/joints/imu'
2026-09-29T06:40:09Z [46,829ms] [Warning] [omni.physx.tensors.plugin] Failed to find contact report API at '/World/envs/env_78/robot_b/joints/imu'
2026-09-29T06:40:09Z [46,829ms] [Warning] [omni.physx.tensors.plugin] Failed to find contact report API at '/World/envs/env_79/robot_b/joints/imu'
2026-09-29T06:40:09Z [46,829ms] [Warning] [omni.physx.tensors.plugin] Failed to find contact report API at '/World/envs/env_80/robot_b/joints/imu'
2026-09-29T06:40:09Z [46,829ms] [Warning] [omni.physx.tensors.plugin] Failed to find contact report API at '/World/envs/env_81/robot_b/joints/imu'
2026-09-29T06:40:09Z [46,829ms] [Warning] [omni.physx.tensors.plugin] Failed to find contact report API at '/World/envs/env_82/robot_b/joints/imu'
2026-09-29T06:40:09Z [46,829ms] [Warning] [omni.physx.tensors.plugin] Failed to find contact report API at '/World/envs/env_83/robot_b/joints/imu'
2026-09-29T06:40:09Z [46,829ms] [Warning] [omni.physx.tensors.plugin] Failed to find contact report API at '/World/envs/env_84/robot_b/joints/imu'
2026-09-29T06:40:09Z [46,829ms] [Warning] [omni.physx.tensors.plugin] Failed to find contact report API at '/World/envs/env_85/robot_b/joints/imu'
2026-09-29T06:40:09Z [46,829ms] [Warning] [omni.physx.tensors.plugin] Failed to find contact report API at '/World/envs/env_86/robot_b/joints/imu'
2026-09-29T06:40:09Z [46,829ms] [Warning] [omni.physx.tensors.plugin] Failed to find contact report API at '/World/envs/env_87/robot_b/joints/imu'
2026-09-29T06:40:09Z [46,829ms] [Warning] [omni.physx.tensors.plugin] Failed to find contact report API at '/World/envs/env_88/robot_b/joints/imu'
2026-09-29T06:40:09Z [46,829ms] [Warning] [omni.physx.tensors.plugin] Failed to find contact report API at '/World/envs/env_89/robot_b/joints/imu'
2026-09-29T06:40:09Z [46,829ms] [Warning] [omni.physx.tensors.plugin] Failed to find contact report API at '/World/envs/env_90/robot_b/joints/imu'
2026-09-29T06:40:09Z [46,829ms] [Warning] [omni.physx.tensors.plugin] Failed to find contact report API at '/World/envs/env_91/robot_b/joints/imu'
2026-09-29T06:40:09Z [46,829ms] [Warning] [omni.physx.tensors.plugin] Failed to find contact report API at '/World/envs/env_92/robot_b/joints/imu'
2026-09-29T06:40:09Z [46,829ms] [Warning] [omni.physx.tensors.plugin] Failed to find contact report API at '/World/envs/env_93/robot_b/joints/imu'
2026-09-29T06:40:09Z [46,829ms] [Warning] [omni.physx.tensors.plugin] Failed to find contact report API at '/World/envs/env_94/robot_b/joints/imu'
2026-09-29T06:40:09Z [46,829ms] [Warning] [omni.physx.tensors.plugin] Failed to find contact report API at '/World/envs/env_95/robot_b/joints/imu'
2026-09-29T06:40:09Z [46,829ms] [Warning] [omni.physx.tensors.plugin] Failed to find contact report API at '/World/envs/env_96/robot_b/joints/imu'
2026-09-29T06:40:09Z [46,829ms] [Warning] [omni.physx.tensors.plugin] Failed to find contact report API at '/World/envs/env_97/robot_b/joints/imu'
2026-09-29T06:40:09Z [46,829ms] [Warning] [omni.physx.tensors.plugin] Failed to find contact report API at '/World/envs/env_98/robot_b/joints/imu'
2026-09-29T06:40:09Z [46,829ms] [Warning] [omni.physx.tensors.plugin] Failed to find contact report API at '/World/envs/env_99/robot_b/joints/imu'
2026-09-29T06:40:09Z [46,830ms] [Warning] [omni.physx.tensors.plugin] Failed to find contact report API at '/World/envs/env_100/robot_b/joints/imu'
2026-09-29T06:40:09Z [46,830ms] [Warning] [omni.physx.tensors.plugin] Failed to find contact report API at '/World/envs/env_101/robot_b/joints/imu'
2026-09-29T06:40:09Z [46,830ms] [Warning] [omni.physx.tensors.plugin] Failed to find contact report API at '/World/envs/env_102/robot_b/joints/imu'
2026-09-29T06:40:09Z [46,830ms] [Warning] [omni.physx.tensors.plugin] Failed to find contact report API at '/World/envs/env_103/robot_b/joints/imu'
2026-09-29T06:40:09Z [46,830ms] [Warning] [omni.physx.tensors.plugin] Failed to find contact report API at '/World/envs/env_104/robot_b/joints/imu'
2026-09-29T06:40:09Z [46,830ms] [Warning] [omni.physx.tensors.plugin] Failed to find contact report API at '/World/envs/env_105/robot_b/joints/imu'
2026-09-29T06:40:09Z [46,830ms] [Warning] [omni.physx.tensors.plugin] Failed to find contact report API at '/World/envs/env_106/robot_b/joints/imu'
2026-09-29T06:40:09Z [46,830ms] [Warning] [omni.physx.tensors.plugin] Failed to find contact report API at '/World/envs/env_107/robot_b/joints/imu'
2026-09-29T06:40:09Z [46,830ms] [Warning] [omni.physx.tensors.plugin] Failed to find contact report API at '/World/envs/env_108/robot_b/joints/imu'
2026-09-29T06:40:09Z [46,830ms] [Warning] [omni.physx.tensors.plugin] Failed to find contact report API at '/World/envs/env_109/robot_b/joints/imu'
2026-09-29T06:40:09Z [46,830ms] [Warning] [omni.physx.tensors.plugin] Failed to find contact report API at '/World/envs/env_110/robot_b/joints/imu'
2026-09-29T06:40:09Z [46,830ms] [Warning] [omni.physx.tensors.plugin] Failed to find contact report API at '/World/envs/env_111/robot_b/joints/imu'
2026-09-29T06:40:09Z [46,830ms] [Warning] [omni.physx.tensors.plugin] Failed to find contact report API at '/World/envs/env_112/robot_b/joints/imu'
2026-09-29T06:40:09Z [46,830ms] [Warning] [omni.physx.tensors.plugin] Failed to find contact report API at '/World/envs/env_113/robot_b/joints/imu'
2026-09-29T06:40:09Z [46,830ms] [Warning] [omni.physx.tensors.plugin] Failed to find contact report API at '/World/envs/env_114/robot_b/joints/imu'
2026-09-29T06:40:09Z [46,830ms] [Warning] [omni.physx.tensors.plugin] Failed to find contact report API at '/World/envs/env_115/robot_b/joints/imu'
2026-09-29T06:40:09Z [46,830ms] [Warning] [omni.physx.tensors.plugin] Failed to find contact report API at '/World/envs/env_116/robot_b/joints/imu'
2026-09-29T06:40:09Z [46,830ms] [Warning] [omni.physx.tensors.plugin] Failed to find contact report API at '/World/envs/env_117/robot_b/joints/imu'
2026-09-29T06:40:09Z [46,830ms] [Warning] [omni.physx.tensors.plugin] Failed to find contact report API at '/World/envs/env_118/robot_b/joints/imu'
2026-09-29T06:40:09Z [46,830ms] [Warning] [omni.physx.tensors.plugin] Failed to find contact report API at '/World/envs/env_119/robot_b/joints/imu'
2026-09-29T06:40:09Z [46,830ms] [Warning] [omni.physx.tensors.plugin] Failed to find contact report API at '/World/envs/env_120/robot_b/joints/imu'
2026-09-29T06:40:09Z [46,830ms] [Warning] [omni.physx.tensors.plugin] Failed to find contact report API at '/World/envs/env_121/robot_b/joints/imu'
2026-09-29T06:40:09Z [46,830ms] [Warning] [omni.physx.tensors.plugin] Failed to find contact report API at '/World/envs/env_122/robot_b/joints/imu'
2026-09-29T06:40:09Z [46,830ms] [Warning] [omni.physx.tensors.plugin] Failed to find contact report API at '/World/envs/env_123/robot_b/joints/imu'
2026-09-29T06:40:09Z [46,831ms] [Warning] [omni.physx.tensors.plugin] Failed to find contact report API at '/World/envs/env_124/robot_b/joints/imu'
2026-09-29T06:40:09Z [46,831ms] [Warning] [omni.physx.tensors.plugin] Failed to find contact report API at '/World/envs/env_125/robot_b/joints/imu'
2026-09-29T06:40:09Z [46,831ms] [Warning] [omni.physx.tensors.plugin] Failed to find contact report API at '/World/envs/env_126/robot_b/joints/imu'
2026-09-29T06:40:09Z [46,831ms] [Warning] [omni.physx.tensors.plugin] Failed to find contact report API at '/World/envs/env_127/robot_b/joints/imu'
2026-09-29T06:40:09Z [46,831ms] [Warning] [omni.physx.tensors.plugin] Failed to find contact report API at '/World/envs/env_128/robot_b/joints/imu'
2026-09-29T06:40:09Z [46,831ms] [Warning] [omni.physx.tensors.plugin] Failed to find contact report API at '/World/envs/env_129/robot_b/joints/imu'
2026-09-29T06:40:09Z [46,831ms] [Warning] [omni.physx.tensors.plugin] Failed to find contact report API at '/World/envs/env_130/robot_b/joints/imu'
2026-09-29T06:40:09Z [46,831ms] [Warning] [omni.physx.tensors.plugin] Failed to find contact report API at '/World/envs/env_131/robot_b/joints/imu'
2026-09-29T06:40:09Z [46,831ms] [Warning] [omni.physx.tensors.plugin] Failed to find contact report API at '/World/envs/env_132/robot_b/joints/imu'
2026-09-29T06:40:09Z [46,831ms] [Warning] [omni.physx.tensors.plugin] Failed to find contact report API at '/World/envs/env_133/robot_b/joints/imu'
2026-09-29T06:40:09Z [46,831ms] [Warning] [omni.physx.tensors.plugin] Failed to find contact report API at '/World/envs/env_134/robot_b/joints/imu'
2026-09-29T06:40:09Z [46,831ms] [Warning] [omni.physx.tensors.plugin] Failed to find contact report API at '/World/envs/env_135/robot_b/joints/imu'
2026-09-29T06:40:09Z [46,831ms] [Warning] [omni.physx.tensors.plugin] Failed to find contact report API at '/World/envs/env_136/robot_b/joints/imu'
2026-09-29T06:40:09Z [46,831ms] [Warning] [omni.physx.tensors.plugin] Failed to find contact report API at '/World/envs/env_137/robot_b/joints/imu'
2026-09-29T06:40:09Z [46,831ms] [Warning] [omni.physx.tensors.plugin] Failed to find contact report API at '/World/envs/env_138/robot_b/joints/imu'
2026-09-29T06:40:09Z [46,831ms] [Warning] [omni.physx.tensors.plugin] Failed to find contact report API at '/World/envs/env_139/robot_b/joints/imu'
2026-09-29T06:40:09Z [46,831ms] [Warning] [omni.physx.tensors.plugin] Failed to find contact report API at '/World/envs/env_140/robot_b/joints/imu'
2026-09-29T06:40:09Z [46,831ms] [Warning] [omni.physx.tensors.plugin] Failed to find contact report API at '/World/envs/env_141/robot_b/joints/imu'
2026-09-29T06:40:09Z [46,831ms] [Warning] [omni.physx.tensors.plugin] Failed to find contact report API at '/World/envs/env_142/robot_b/joints/imu'
2026-09-29T06:40:09Z [46,831ms] [Warning] [omni.physx.tensors.plugin] Failed to find contact report API at '/World/envs/env_143/robot_b/joints/imu'
2026-09-29T06:40:09Z [46,831ms] [Warning] [omni.physx.tensors.plugin] Failed to find contact report API at '/World/envs/env_144/robot_b/joints/imu'
2026-09-29T06:40:09Z [46,831ms] [Warning] [omni.physx.tensors.plugin] Failed to find contact report API at '/World/envs/env_145/robot_b/joints/imu'
2026-09-29T06:40:09Z [46,831ms] [Warning] [omni.physx.tensors.plugin] Failed to find contact report API at '/World/envs/env_146/robot_b/joints/imu'
2026-09-29T06:40:09Z [46,831ms] [Warning] [omni.physx.tensors.plugin] Failed to find contact report API at '/World/envs/env_147/robot_b/joints/imu'
2026-09-29T06:40:09Z [46,831ms] [Warning] [omni.physx.tensors.plugin] Failed to find contact report API at '/World/envs/env_148/robot_b/joints/imu'
2026-09-29T06:40:09Z [46,831ms] [Warning] [omni.physx.tensors.plugin] Failed to find contact report API at '/World/envs/env_149/robot_b/joints/imu'
2026-09-29T06:40:09Z [46,832ms] [Warning] [omni.physx.tensors.plugin] Failed to find contact report API at '/World/envs/env_150/robot_b/joints/imu'
2026-09-29T06:40:09Z [46,832ms] [Warning] [omni.physx.tensors.plugin] Failed to find contact report API at '/World/envs/env_151/robot_b/joints/imu'
2026-09-29T06:40:09Z [46,832ms] [Warning] [omni.physx.tensors.plugin] Failed to find contact report API at '/World/envs/env_152/robot_b/joints/imu'
2026-09-29T06:40:09Z [46,832ms] [Warning] [omni.physx.tensors.plugin] Failed to find contact report API at '/World/envs/env_153/robot_b/joints/imu'
2026-09-29T06:40:09Z [46,832ms] [Warning] [omni.physx.tensors.plugin] Failed to find contact report API at '/World/envs/env_154/robot_b/joints/imu'
2026-09-29T06:40:09Z [46,832ms] [Warning] [omni.physx.tensors.plugin] Failed to find contact report API at '/World/envs/env_155/robot_b/joints/imu'
2026-09-29T06:40:09Z [46,832ms] [Warning] [omni.physx.tensors.plugin] Failed to find contact report API at '/World/envs/env_156/robot_b/joints/imu'
2026-09-29T06:40:09Z [46,832ms] [Warning] [omni.physx.tensors.plugin] Failed to find contact report API at '/World/envs/env_157/robot_b/joints/imu'
2026-09-29T06:40:09Z [46,832ms] [Warning] [omni.physx.tensors.plugin] Failed to find contact report API at '/World/envs/env_158/robot_b/joints/imu'
2026-09-29T06:40:09Z [46,832ms] [Warning] [omni.physx.tensors.plugin] Failed to find contact report API at '/World/envs/env_159/robot_b/joints/imu'
2026-09-29T06:40:09Z [46,832ms] [Warning] [omni.physx.tensors.plugin] Failed to find contact report API at '/World/envs/env_160/robot_b/joints/imu'
2026-09-29T06:40:09Z [46,832ms] [Warning] [omni.physx.tensors.plugin] Failed to find contact report API at '/World/envs/env_161/robot_b/joints/imu'
2026-09-29T06:40:09Z [46,832ms] [Warning] [omni.physx.tensors.plugin] Failed to find contact report API at '/World/envs/env_162/robot_b/joints/imu'
2026-09-29T06:40:09Z [46,832ms] [Warning] [omni.physx.tensors.plugin] Failed to find contact report API at '/World/envs/env_163/robot_b/joints/imu'
2026-09-29T06:40:09Z [46,832ms] [Warning] [omni.physx.tensors.plugin] Failed to find contact report API at '/World/envs/env_164/robot_b/joints/imu'
2026-09-29T06:40:09Z [46,832ms] [Warning] [omni.physx.tensors.plugin] Failed to find contact report API at '/World/envs/env_165/robot_b/joints/imu'
2026-09-29T06:40:09Z [46,832ms] [Warning] [omni.physx.tensors.plugin] Failed to find contact report API at '/World/envs/env_166/robot_b/joints/imu'
2026-09-29T06:40:09Z [46,832ms] [Warning] [omni.physx.tensors.plugin] Failed to find contact report API at '/World/envs/env_167/robot_b/joints/imu'
2026-09-29T06:40:09Z [46,832ms] [Warning] [omni.physx.tensors.plugin] Failed to find contact report API at '/World/envs/env_168/robot_b/joints/imu'
2026-09-29T06:40:09Z [46,832ms] [Warning] [omni.physx.tensors.plugin] Failed to find contact report API at '/World/envs/env_169/robot_b/joints/imu'
2026-09-29T06:40:09Z [46,832ms] [Warning] [omni.physx.tensors.plugin] Failed to find contact report API at '/World/envs/env_170/robot_b/joints/imu'
2026-09-29T06:40:09Z [46,832ms] [Warning] [omni.physx.tensors.plugin] Failed to find contact report API at '/World/envs/env_171/robot_b/joints/imu'
2026-09-29T06:40:09Z [46,832ms] [Warning] [omni.physx.tensors.plugin] Failed to find contact report API at '/World/envs/env_172/robot_b/joints/imu'
2026-09-29T06:40:09Z [46,833ms] [Warning] [omni.physx.tensors.plugin] Failed to find contact report API at '/World/envs/env_173/robot_b/joints/imu'
2026-09-29T06:40:09Z [46,833ms] [Warning] [omni.physx.tensors.plugin] Failed to find contact report API at '/World/envs/env_174/robot_b/joints/imu'
2026-09-29T06:40:09Z [46,833ms] [Warning] [omni.physx.tensors.plugin] Failed to find contact report API at '/World/envs/env_175/robot_b/joints/imu'
2026-09-29T06:40:09Z [46,833ms] [Warning] [omni.physx.tensors.plugin] Failed to find contact report API at '/World/envs/env_176/robot_b/joints/imu'
2026-09-29T06:40:09Z [46,833ms] [Warning] [omni.physx.tensors.plugin] Failed to find contact report API at '/World/envs/env_177/robot_b/joints/imu'
2026-09-29T06:40:09Z [46,833ms] [Warning] [omni.physx.tensors.plugin] Failed to find contact report API at '/World/envs/env_178/robot_b/joints/imu'
2026-09-29T06:40:09Z [46,833ms] [Warning] [omni.physx.tensors.plugin] Failed to find contact report API at '/World/envs/env_179/robot_b/joints/imu'
2026-09-29T06:40:09Z [46,833ms] [Warning] [omni.physx.tensors.plugin] Failed to find contact report API at '/World/envs/env_180/robot_b/joints/imu'
2026-09-29T06:40:09Z [46,833ms] [Warning] [omni.physx.tensors.plugin] Failed to find contact report API at '/World/envs/env_181/robot_b/joints/imu'
2026-09-29T06:40:09Z [46,833ms] [Warning] [omni.physx.tensors.plugin] Failed to find contact report API at '/World/envs/env_182/robot_b/joints/imu'
2026-09-29T06:40:09Z [46,833ms] [Warning] [omni.physx.tensors.plugin] Failed to find contact report API at '/World/envs/env_183/robot_b/joints/imu'
2026-09-29T06:40:09Z [46,833ms] [Warning] [omni.physx.tensors.plugin] Failed to find contact report API at '/World/envs/env_184/robot_b/joints/imu'
2026-09-29T06:40:09Z [46,833ms] [Warning] [omni.physx.tensors.plugin] Failed to find contact report API at '/World/envs/env_185/robot_b/joints/imu'
2026-09-29T06:40:09Z [46,833ms] [Warning] [omni.physx.tensors.plugin] Failed to find contact report API at '/World/envs/env_186/robot_b/joints/imu'
2026-09-29T06:40:09Z [46,833ms] [Warning] [omni.physx.tensors.plugin] Failed to find contact report API at '/World/envs/env_187/robot_b/joints/imu'
2026-09-29T06:40:09Z [46,833ms] [Warning] [omni.physx.tensors.plugin] Failed to find contact report API at '/World/envs/env_188/robot_b/joints/imu'
2026-09-29T06:40:09Z [46,833ms] [Warning] [omni.physx.tensors.plugin] Failed to find contact report API at '/World/envs/env_189/robot_b/joints/imu'
2026-09-29T06:40:09Z [46,833ms] [Warning] [omni.physx.tensors.plugin] Failed to find contact report API at '/World/envs/env_190/robot_b/joints/imu'
2026-09-29T06:40:09Z [46,833ms] [Warning] [omni.physx.tensors.plugin] Failed to find contact report API at '/World/envs/env_191/robot_b/joints/imu'
2026-09-29T06:40:09Z [46,833ms] [Warning] [omni.physx.tensors.plugin] Failed to find contact report API at '/World/envs/env_192/robot_b/joints/imu'
2026-09-29T06:40:09Z [46,833ms] [Warning] [omni.physx.tensors.plugin] Failed to find contact report API at '/World/envs/env_193/robot_b/joints/imu'
2026-09-29T06:40:09Z [46,833ms] [Warning] [omni.physx.tensors.plugin] Failed to find contact report API at '/World/envs/env_194/robot_b/joints/imu'
2026-09-29T06:40:09Z [46,833ms] [Warning] [omni.physx.tensors.plugin] Failed to find contact report API at '/World/envs/env_195/robot_b/joints/imu'
2026-09-29T06:40:09Z [46,833ms] [Warning] [omni.physx.tensors.plugin] Failed to find contact report API at '/World/envs/env_196/robot_b/joints/imu'
2026-09-29T06:40:09Z [46,833ms] [Warning] [omni.physx.tensors.plugin] Failed to find contact report API at '/World/envs/env_197/robot_b/joints/imu'
2026-09-29T06:40:09Z [46,833ms] [Warning] [omni.physx.tensors.plugin] Failed to find contact report API at '/World/envs/env_198/robot_b/joints/imu'
2026-09-29T06:40:09Z [46,833ms] [Warning] [omni.physx.tensors.plugin] Failed to find contact report API at '/World/envs/env_199/robot_b/joints/imu'
2026-09-29T06:40:09Z [46,834ms] [Warning] [omni.physx.tensors.plugin] Failed to find contact report API at '/World/envs/env_200/robot_b/joints/imu'
2026-09-29T06:40:09Z [46,834ms] [Warning] [omni.physx.tensors.plugin] Failed to find contact report API at '/World/envs/env_201/robot_b/joints/imu'
2026-09-29T06:40:09Z [46,834ms] [Warning] [omni.physx.tensors.plugin] Failed to find contact report API at '/World/envs/env_202/robot_b/joints/imu'
2026-09-29T06:40:09Z [46,834ms] [Warning] [omni.physx.tensors.plugin] Failed to find contact report API at '/World/envs/env_203/robot_b/joints/imu'
2026-09-29T06:40:09Z [46,834ms] [Warning] [omni.physx.tensors.plugin] Failed to find contact report API at '/World/envs/env_204/robot_b/joints/imu'
2026-09-29T06:40:09Z [46,834ms] [Warning] [omni.physx.tensors.plugin] Failed to find contact report API at '/World/envs/env_205/robot_b/joints/imu'
2026-09-29T06:40:09Z [46,834ms] [Warning] [omni.physx.tensors.plugin] Failed to find contact report API at '/World/envs/env_206/robot_b/joints/imu'
2026-09-29T06:40:09Z [46,834ms] [Warning] [omni.physx.tensors.plugin] Failed to find contact report API at '/World/envs/env_207/robot_b/joints/imu'
2026-09-29T06:40:09Z [46,834ms] [Warning] [omni.physx.tensors.plugin] Failed to find contact report API at '/World/envs/env_208/robot_b/joints/imu'
2026-09-29T06:40:09Z [46,834ms] [Warning] [omni.physx.tensors.plugin] Failed to find contact report API at '/World/envs/env_209/robot_b/joints/imu'
2026-09-29T06:40:09Z [46,834ms] [Warning] [omni.physx.tensors.plugin] Failed to find contact report API at '/World/envs/env_210/robot_b/joints/imu'
2026-09-29T06:40:09Z [46,834ms] [Warning] [omni.physx.tensors.plugin] Failed to find contact report API at '/World/envs/env_211/robot_b/joints/imu'
2026-09-29T06:40:09Z [46,834ms] [Warning] [omni.physx.tensors.plugin] Failed to find contact report API at '/World/envs/env_212/robot_b/joints/imu'
2026-09-29T06:40:09Z [46,834ms] [Warning] [omni.physx.tensors.plugin] Failed to find contact report API at '/World/envs/env_213/robot_b/joints/imu'
2026-09-29T06:40:09Z [46,834ms] [Warning] [omni.physx.tensors.plugin] Failed to find contact report API at '/World/envs/env_214/robot_b/joints/imu'
2026-09-29T06:40:09Z [46,834ms] [Warning] [omni.physx.tensors.plugin] Failed to find contact report API at '/World/envs/env_215/robot_b/joints/imu'
2026-09-29T06:40:09Z [46,834ms] [Warning] [omni.physx.tensors.plugin] Failed to find contact report API at '/World/envs/env_216/robot_b/joints/imu'
2026-09-29T06:40:09Z [46,834ms] [Warning] [omni.physx.tensors.plugin] Failed to find contact report API at '/World/envs/env_217/robot_b/joints/imu'
2026-09-29T06:40:09Z [46,834ms] [Warning] [omni.physx.tensors.plugin] Failed to find contact report API at '/World/envs/env_218/robot_b/joints/imu'
2026-09-29T06:40:09Z [46,834ms] [Warning] [omni.physx.tensors.plugin] Failed to find contact report API at '/World/envs/env_219/robot_b/joints/imu'
2026-09-29T06:40:09Z [46,834ms] [Warning] [omni.physx.tensors.plugin] Failed to find contact report API at '/World/envs/env_220/robot_b/joints/imu'
2026-09-29T06:40:09Z [46,834ms] [Warning] [omni.physx.tensors.plugin] Failed to find contact report API at '/World/envs/env_221/robot_b/joints/imu'
2026-09-29T06:40:09Z [46,834ms] [Warning] [omni.physx.tensors.plugin] Failed to find contact report API at '/World/envs/env_222/robot_b/joints/imu'
2026-09-29T06:40:09Z [46,834ms] [Warning] [omni.physx.tensors.plugin] Failed to find contact report API at '/World/envs/env_223/robot_b/joints/imu'
2026-09-29T06:40:09Z [46,834ms] [Warning] [omni.physx.tensors.plugin] Failed to find contact report API at '/World/envs/env_224/robot_b/joints/imu'
2026-09-29T06:40:09Z [46,834ms] [Warning] [omni.physx.tensors.plugin] Failed to find contact report API at '/World/envs/env_225/robot_b/joints/imu'
2026-09-29T06:40:09Z [46,835ms] [Warning] [omni.physx.tensors.plugin] Failed to find contact report API at '/World/envs/env_226/robot_b/joints/imu'
2026-09-29T06:40:09Z [46,835ms] [Warning] [omni.physx.tensors.plugin] Failed to find contact report API at '/World/envs/env_227/robot_b/joints/imu'
2026-09-29T06:40:09Z [46,835ms] [Warning] [omni.physx.tensors.plugin] Failed to find contact report API at '/World/envs/env_228/robot_b/joints/imu'
2026-09-29T06:40:09Z [46,835ms] [Warning] [omni.physx.tensors.plugin] Failed to find contact report API at '/World/envs/env_229/robot_b/joints/imu'
2026-09-29T06:40:09Z [46,835ms] [Warning] [omni.physx.tensors.plugin] Failed to find contact report API at '/World/envs/env_230/robot_b/joints/imu'
2026-09-29T06:40:09Z [46,835ms] [Warning] [omni.physx.tensors.plugin] Failed to find contact report API at '/World/envs/env_231/robot_b/joints/imu'
2026-09-29T06:40:09Z [46,835ms] [Warning] [omni.physx.tensors.plugin] Failed to find contact report API at '/World/envs/env_232/robot_b/joints/imu'
2026-09-29T06:40:09Z [46,835ms] [Warning] [omni.physx.tensors.plugin] Failed to find contact report API at '/World/envs/env_233/robot_b/joints/imu'
2026-09-29T06:40:09Z [46,835ms] [Warning] [omni.physx.tensors.plugin] Failed to find contact report API at '/World/envs/env_234/robot_b/joints/imu'
2026-09-29T06:40:09Z [46,835ms] [Warning] [omni.physx.tensors.plugin] Failed to find contact report API at '/World/envs/env_235/robot_b/joints/imu'
2026-09-29T06:40:09Z [46,835ms] [Warning] [omni.physx.tensors.plugin] Failed to find contact report API at '/World/envs/env_236/robot_b/joints/imu'
2026-09-29T06:40:09Z [46,835ms] [Warning] [omni.physx.tensors.plugin] Failed to find contact report API at '/World/envs/env_237/robot_b/joints/imu'
2026-09-29T06:40:09Z [46,835ms] [Warning] [omni.physx.tensors.plugin] Failed to find contact report API at '/World/envs/env_238/robot_b/joints/imu'
2026-09-29T06:40:09Z [46,835ms] [Warning] [omni.physx.tensors.plugin] Failed to find contact report API at '/World/envs/env_239/robot_b/joints/imu'
2026-09-29T06:40:09Z [46,835ms] [Warning] [omni.physx.tensors.plugin] Failed to find contact report API at '/World/envs/env_240/robot_b/joints/imu'
2026-09-29T06:40:09Z [46,835ms] [Warning] [omni.physx.tensors.plugin] Failed to find contact report API at '/World/envs/env_241/robot_b/joints/imu'
2026-09-29T06:40:09Z [46,835ms] [Warning] [omni.physx.tensors.plugin] Failed to find contact report API at '/World/envs/env_242/robot_b/joints/imu'
2026-09-29T06:40:09Z [46,835ms] [Warning] [omni.physx.tensors.plugin] Failed to find contact report API at '/World/envs/env_243/robot_b/joints/imu'
2026-09-29T06:40:09Z [46,835ms] [Warning] [omni.physx.tensors.plugin] Failed to find contact report API at '/World/envs/env_244/robot_b/joints/imu'
2026-09-29T06:40:09Z [46,835ms] [Warning] [omni.physx.tensors.plugin] Failed to find contact report API at '/World/envs/env_245/robot_b/joints/imu'
2026-09-29T06:40:09Z [46,835ms] [Warning] [omni.physx.tensors.plugin] Failed to find contact report API at '/World/envs/env_246/robot_b/joints/imu'
2026-09-29T06:40:09Z [46,835ms] [Warning] [omni.physx.tensors.plugin] Failed to find contact report API at '/World/envs/env_247/robot_b/joints/imu'
2026-09-29T06:40:09Z [46,835ms] [Warning] [omni.physx.tensors.plugin] Failed to find contact report API at '/World/envs/env_248/robot_b/joints/imu'
2026-09-29T06:40:09Z [46,835ms] [Warning] [omni.physx.tensors.plugin] Failed to find contact report API at '/World/envs/env_249/robot_b/joints/imu'
2026-09-29T06:40:09Z [46,835ms] [Warning] [omni.physx.tensors.plugin] Failed to find contact report API at '/World/envs/env_250/robot_b/joints/imu'
2026-09-29T06:40:09Z [46,835ms] [Warning] [omni.physx.tensors.plugin] Failed to find contact report API at '/World/envs/env_251/robot_b/joints/imu'
2026-09-29T06:40:09Z [46,835ms] [Warning] [omni.physx.tensors.plugin] Failed to find contact report API at '/World/envs/env_252/robot_b/joints/imu'
2026-09-29T06:40:09Z [46,836ms] [Warning] [omni.physx.tensors.plugin] Failed to find contact report API at '/World/envs/env_253/robot_b/joints/imu'
2026-09-29T06:40:09Z [46,836ms] [Warning] [omni.physx.tensors.plugin] Failed to find contact report API at '/World/envs/env_254/robot_b/joints/imu'
2026-09-29T06:40:09Z [46,836ms] [Warning] [omni.physx.tensors.plugin] Failed to find contact report API at '/World/envs/env_255/robot_b/joints/imu'
2026-09-29T06:40:09Z [46,836ms] [Warning] [omni.physx.tensors.plugin] Failed to find contact report API at '/World/envs/env_256/robot_b/joints/imu'
2026-09-29T06:40:09Z [46,836ms] [Warning] [omni.physx.tensors.plugin] Failed to find contact report API at '/World/envs/env_257/robot_b/joints/imu'
2026-09-29T06:40:09Z [46,836ms] [Warning] [omni.physx.tensors.plugin] Failed to find contact report API at '/World/envs/env_258/robot_b/joints/imu'
2026-09-29T06:40:09Z [46,836ms] [Warning] [omni.physx.tensors.plugin] Failed to find contact report API at '/World/envs/env_259/robot_b/joints/imu'
2026-09-29T06:40:09Z [46,836ms] [Warning] [omni.physx.tensors.plugin] Failed to find contact report API at '/World/envs/env_260/robot_b/joints/imu'
2026-09-29T06:40:09Z [46,836ms] [Warning] [omni.physx.tensors.plugin] Failed to find contact report API at '/World/envs/env_261/robot_b/joints/imu'
2026-09-29T06:40:09Z [46,836ms] [Warning] [omni.physx.tensors.plugin] Failed to find contact report API at '/World/envs/env_262/robot_b/joints/imu'
2026-09-29T06:40:09Z [46,836ms] [Warning] [omni.physx.tensors.plugin] Failed to find contact report API at '/World/envs/env_263/robot_b/joints/imu'
2026-09-29T06:40:09Z [46,836ms] [Warning] [omni.physx.tensors.plugin] Failed to find contact report API at '/World/envs/env_264/robot_b/joints/imu'
2026-09-29T06:40:09Z [46,836ms] [Warning] [omni.physx.tensors.plugin] Failed to find contact report API at '/World/envs/env_265/robot_b/joints/imu'
2026-09-29T06:40:09Z [46,836ms] [Warning] [omni.physx.tensors.plugin] Failed to find contact report API at '/World/envs/env_266/robot_b/joints/imu'
2026-09-29T06:40:09Z [46,836ms] [Warning] [omni.physx.tensors.plugin] Failed to find contact report API at '/World/envs/env_267/robot_b/joints/imu'
2026-09-29T06:40:09Z [46,836ms] [Warning] [omni.physx.tensors.plugin] Failed to find contact report API at '/World/envs/env_268/robot_b/joints/imu'
2026-09-29T06:40:09Z [46,836ms] [Warning] [omni.physx.tensors.plugin] Failed to find contact report API at '/World/envs/env_269/robot_b/joints/imu'
2026-09-29T06:40:09Z [46,836ms] [Warning] [omni.physx.tensors.plugin] Failed to find contact report API at '/World/envs/env_270/robot_b/joints/imu'
2026-09-29T06:40:09Z [46,836ms] [Warning] [omni.physx.tensors.plugin] Failed to find contact report API at '/World/envs/env_271/robot_b/joints/imu'
2026-09-29T06:40:09Z [46,836ms] [Warning] [omni.physx.tensors.plugin] Failed to find contact report API at '/World/envs/env_272/robot_b/joints/imu'
2026-09-29T06:40:09Z [46,836ms] [Warning] [omni.physx.tensors.plugin] Failed to find contact report API at '/World/envs/env_273/robot_b/joints/imu'
2026-09-29T06:40:09Z [46,836ms] [Warning] [omni.physx.tensors.plugin] Failed to find contact report API at '/World/envs/env_274/robot_b/joints/imu'
2026-09-29T06:40:09Z [46,836ms] [Warning] [omni.physx.tensors.plugin] Failed to find contact report API at '/World/envs/env_275/robot_b/joints/imu'
2026-09-29T06:40:09Z [46,836ms] [Warning] [omni.physx.tensors.plugin] Failed to find contact report API at '/World/envs/env_276/robot_b/joints/imu'
2026-09-29T06:40:09Z [46,836ms] [Warning] [omni.physx.tensors.plugin] Failed to find contact report API at '/World/envs/env_277/robot_b/joints/imu'
2026-09-29T06:40:09Z [46,836ms] [Warning] [omni.physx.tensors.plugin] Failed to find contact report API at '/World/envs/env_278/robot_b/joints/imu'
2026-09-29T06:40:09Z [46,837ms] [Warning] [omni.physx.tensors.plugin] Failed to find contact report API at '/World/envs/env_279/robot_b/joints/imu'
2026-09-29T06:40:09Z [46,837ms] [Warning] [omni.physx.tensors.plugin] Failed to find contact report API at '/World/envs/env_280/robot_b/joints/imu'
2026-09-29T06:40:09Z [46,837ms] [Warning] [omni.physx.tensors.plugin] Failed to find contact report API at '/World/envs/env_281/robot_b/joints/imu'
2026-09-29T06:40:09Z [46,837ms] [Warning] [omni.physx.tensors.plugin] Failed to find contact report API at '/World/envs/env_282/robot_b/joints/imu'
2026-09-29T06:40:09Z [46,837ms] [Warning] [omni.physx.tensors.plugin] Failed to find contact report API at '/World/envs/env_283/robot_b/joints/imu'
2026-09-29T06:40:09Z [46,837ms] [Warning] [omni.physx.tensors.plugin] Failed to find contact report API at '/World/envs/env_284/robot_b/joints/imu'
2026-09-29T06:40:09Z [46,837ms] [Warning] [omni.physx.tensors.plugin] Failed to find contact report API at '/World/envs/env_285/robot_b/joints/imu'
2026-09-29T06:40:09Z [46,837ms] [Warning] [omni.physx.tensors.plugin] Failed to find contact report API at '/World/envs/env_286/robot_b/joints/imu'
2026-09-29T06:40:09Z [46,837ms] [Warning] [omni.physx.tensors.plugin] Failed to find contact report API at '/World/envs/env_287/robot_b/joints/imu'
2026-09-29T06:40:09Z [46,837ms] [Warning] [omni.physx.tensors.plugin] Failed to find contact report API at '/World/envs/env_288/robot_b/joints/imu'
2026-09-29T06:40:09Z [46,837ms] [Warning] [omni.physx.tensors.plugin] Failed to find contact report API at '/World/envs/env_289/robot_b/joints/imu'
2026-09-29T06:40:09Z [46,837ms] [Warning] [omni.physx.tensors.plugin] Failed to find contact report API at '/World/envs/env_290/robot_b/joints/imu'
2026-09-29T06:40:09Z [46,837ms] [Warning] [omni.physx.tensors.plugin] Failed to find contact report API at '/World/envs/env_291/robot_b/joints/imu'
2026-09-29T06:40:09Z [46,837ms] [Warning] [omni.physx.tensors.plugin] Failed to find contact report API at '/World/envs/env_292/robot_b/joints/imu'
2026-09-29T06:40:09Z [46,837ms] [Warning] [omni.physx.tensors.plugin] Failed to find contact report API at '/World/envs/env_293/robot_b/joints/imu'
2026-09-29T06:40:09Z [46,837ms] [Warning] [omni.physx.tensors.plugin] Failed to find contact report API at '/World/envs/env_294/robot_b/joints/imu'
2026-09-29T06:40:09Z [46,837ms] [Warning] [omni.physx.tensors.plugin] Failed to find contact report API at '/World/envs/env_295/robot_b/joints/imu'
2026-09-29T06:40:09Z [46,837ms] [Warning] [omni.physx.tensors.plugin] Failed to find contact report API at '/World/envs/env_296/robot_b/joints/imu'
2026-09-29T06:40:09Z [46,837ms] [Warning] [omni.physx.tensors.plugin] Failed to find contact report API at '/World/envs/env_297/robot_b/joints/imu'
2026-09-29T06:40:09Z [46,837ms] [Warning] [omni.physx.tensors.plugin] Failed to find contact report API at '/World/envs/env_298/robot_b/joints/imu'
2026-09-29T06:40:09Z [46,837ms] [Warning] [omni.physx.tensors.plugin] Failed to find contact report API at '/World/envs/env_299/robot_b/joints/imu'
2026-09-29T06:40:09Z [46,837ms] [Warning] [omni.physx.tensors.plugin] Failed to find contact report API at '/World/envs/env_300/robot_b/joints/imu'
2026-09-29T06:40:09Z [46,837ms] [Warning] [omni.physx.tensors.plugin] Failed to find contact report API at '/World/envs/env_301/robot_b/joints/imu'
2026-09-29T06:40:09Z [46,837ms] [Warning] [omni.physx.tensors.plugin] Failed to find contact report API at '/World/envs/env_302/robot_b/joints/imu'
2026-09-29T06:40:09Z [46,837ms] [Warning] [omni.physx.tensors.plugin] Failed to find contact report API at '/World/envs/env_303/robot_b/joints/imu'
2026-09-29T06:40:09Z [46,838ms] [Warning] [omni.physx.tensors.plugin] Failed to find contact report API at '/World/envs/env_304/robot_b/joints/imu'
2026-09-29T06:40:09Z [46,838ms] [Warning] [omni.physx.tensors.plugin] Failed to find contact report API at '/World/envs/env_305/robot_b/joints/imu'
2026-09-29T06:40:09Z [46,838ms] [Warning] [omni.physx.tensors.plugin] Failed to find contact report API at '/World/envs/env_306/robot_b/joints/imu'
2026-09-29T06:40:09Z [46,838ms] [Warning] [omni.physx.tensors.plugin] Failed to find contact report API at '/World/envs/env_307/robot_b/joints/imu'
2026-09-29T06:40:09Z [46,838ms] [Warning] [omni.physx.tensors.plugin] Failed to find contact report API at '/World/envs/env_308/robot_b/joints/imu'
2026-09-29T06:40:09Z [46,838ms] [Warning] [omni.physx.tensors.plugin] Failed to find contact report API at '/World/envs/env_309/robot_b/joints/imu'
2026-09-29T06:40:09Z [46,838ms] [Warning] [omni.physx.tensors.plugin] Failed to find contact report API at '/World/envs/env_310/robot_b/joints/imu'
2026-09-29T06:40:09Z [46,838ms] [Warning] [omni.physx.tensors.plugin] Failed to find contact report API at '/World/envs/env_311/robot_b/joints/imu'
2026-09-29T06:40:09Z [46,838ms] [Warning] [omni.physx.tensors.plugin] Failed to find contact report API at '/World/envs/env_312/robot_b/joints/imu'
2026-09-29T06:40:09Z [46,838ms] [Warning] [omni.physx.tensors.plugin] Failed to find contact report API at '/World/envs/env_313/robot_b/joints/imu'
2026-09-29T06:40:09Z [46,838ms] [Warning] [omni.physx.tensors.plugin] Failed to find contact report API at '/World/envs/env_314/robot_b/joints/imu'
2026-09-29T06:40:09Z [46,838ms] [Warning] [omni.physx.tensors.plugin] Failed to find contact report API at '/World/envs/env_315/robot_b/joints/imu'
2026-09-29T06:40:09Z [46,838ms] [Warning] [omni.physx.tensors.plugin] Failed to find contact report API at '/World/envs/env_316/robot_b/joints/imu'
2026-09-29T06:40:09Z [46,838ms] [Warning] [omni.physx.tensors.plugin] Failed to find contact report API at '/World/envs/env_317/robot_b/joints/imu'
2026-09-29T06:40:09Z [46,838ms] [Warning] [omni.physx.tensors.plugin] Failed to find contact report API at '/World/envs/env_318/robot_b/joints/imu'
2026-09-29T06:40:09Z [46,838ms] [Warning] [omni.physx.tensors.plugin] Failed to find contact report API at '/World/envs/env_319/robot_b/joints/imu'
2026-09-29T06:40:09Z [46,838ms] [Warning] [omni.physx.tensors.plugin] Failed to find contact report API at '/World/envs/env_320/robot_b/joints/imu'
2026-09-29T06:40:09Z [46,838ms] [Warning] [omni.physx.tensors.plugin] Failed to find contact report API at '/World/envs/env_321/robot_b/joints/imu'
2026-09-29T06:40:09Z [46,838ms] [Warning] [omni.physx.tensors.plugin] Failed to find contact report API at '/World/envs/env_322/robot_b/joints/imu'
2026-09-29T06:40:09Z [46,838ms] [Warning] [omni.physx.tensors.plugin] Failed to find contact report API at '/World/envs/env_323/robot_b/joints/imu'
2026-09-29T06:40:09Z [46,838ms] [Warning] [omni.physx.tensors.plugin] Failed to find contact report API at '/World/envs/env_324/robot_b/joints/imu'
2026-09-29T06:40:09Z [46,839ms] [Warning] [omni.physx.tensors.plugin] Failed to find contact report API at '/World/envs/env_325/robot_b/joints/imu'
2026-09-29T06:40:09Z [46,839ms] [Warning] [omni.physx.tensors.plugin] Failed to find contact report API at '/World/envs/env_326/robot_b/joints/imu'
2026-09-29T06:40:09Z [46,839ms] [Warning] [omni.physx.tensors.plugin] Failed to find contact report API at '/World/envs/env_327/robot_b/joints/imu'
2026-09-29T06:40:09Z [46,839ms] [Warning] [omni.physx.tensors.plugin] Failed to find contact report API at '/World/envs/env_328/robot_b/joints/imu'
2026-09-29T06:40:09Z [46,839ms] [Warning] [omni.physx.tensors.plugin] Failed to find contact report API at '/World/envs/env_329/robot_b/joints/imu'
2026-09-29T06:40:09Z [46,839ms] [Warning] [omni.physx.tensors.plugin] Failed to find contact report API at '/World/envs/env_330/robot_b/joints/imu'
2026-09-29T06:40:09Z [46,839ms] [Warning] [omni.physx.tensors.plugin] Failed to find contact report API at '/World/envs/env_331/robot_b/joints/imu'
2026-09-29T06:40:09Z [46,839ms] [Warning] [omni.physx.tensors.plugin] Failed to find contact report API at '/World/envs/env_332/robot_b/joints/imu'
2026-09-29T06:40:09Z [46,839ms] [Warning] [omni.physx.tensors.plugin] Failed to find contact report API at '/World/envs/env_333/robot_b/joints/imu'
2026-09-29T06:40:09Z [46,839ms] [Warning] [omni.physx.tensors.plugin] Failed to find contact report API at '/World/envs/env_334/robot_b/joints/imu'
2026-09-29T06:40:09Z [46,839ms] [Warning] [omni.physx.tensors.plugin] Failed to find contact report API at '/World/envs/env_335/robot_b/joints/imu'
2026-09-29T06:40:09Z [46,839ms] [Warning] [omni.physx.tensors.plugin] Failed to find contact report API at '/World/envs/env_336/robot_b/joints/imu'
2026-09-29T06:40:09Z [46,839ms] [Warning] [omni.physx.tensors.plugin] Failed to find contact report API at '/World/envs/env_337/robot_b/joints/imu'
2026-09-29T06:40:09Z [46,839ms] [Warning] [omni.physx.tensors.plugin] Failed to find contact report API at '/World/envs/env_338/robot_b/joints/imu'
2026-09-29T06:40:09Z [46,839ms] [Warning] [omni.physx.tensors.plugin] Failed to find contact report API at '/World/envs/env_339/robot_b/joints/imu'
2026-09-29T06:40:09Z [46,839ms] [Warning] [omni.physx.tensors.plugin] Failed to find contact report API at '/World/envs/env_340/robot_b/joints/imu'
2026-09-29T06:40:09Z [46,839ms] [Warning] [omni.physx.tensors.plugin] Failed to find contact report API at '/World/envs/env_341/robot_b/joints/imu'
2026-09-29T06:40:09Z [46,839ms] [Warning] [omni.physx.tensors.plugin] Failed to find contact report API at '/World/envs/env_342/robot_b/joints/imu'
2026-09-29T06:40:09Z [46,839ms] [Warning] [omni.physx.tensors.plugin] Failed to find contact report API at '/World/envs/env_343/robot_b/joints/imu'
2026-09-29T06:40:09Z [46,839ms] [Warning] [omni.physx.tensors.plugin] Failed to find contact report API at '/World/envs/env_344/robot_b/joints/imu'
2026-09-29T06:40:09Z [46,839ms] [Warning] [omni.physx.tensors.plugin] Failed to find contact report API at '/World/envs/env_345/robot_b/joints/imu'
2026-09-29T06:40:09Z [46,839ms] [Warning] [omni.physx.tensors.plugin] Failed to find contact report API at '/World/envs/env_346/robot_b/joints/imu'
2026-09-29T06:40:09Z [46,839ms] [Warning] [omni.physx.tensors.plugin] Failed to find contact report API at '/World/envs/env_347/robot_b/joints/imu'
2026-09-29T06:40:09Z [46,839ms] [Warning] [omni.physx.tensors.plugin] Failed to find contact report API at '/World/envs/env_348/robot_b/joints/imu'
2026-09-29T06:40:09Z [46,839ms] [Warning] [omni.physx.tensors.plugin] Failed to find contact report API at '/World/envs/env_349/robot_b/joints/imu'
2026-09-29T06:40:09Z [46,839ms] [Warning] [omni.physx.tensors.plugin] Failed to find contact report API at '/World/envs/env_350/robot_b/joints/imu'
2026-09-29T06:40:09Z [46,840ms] [Warning] [omni.physx.tensors.plugin] Failed to find contact report API at '/World/envs/env_351/robot_b/joints/imu'
2026-09-29T06:40:09Z [46,840ms] [Warning] [omni.physx.tensors.plugin] Failed to find contact report API at '/World/envs/env_352/robot_b/joints/imu'
2026-09-29T06:40:09Z [46,840ms] [Warning] [omni.physx.tensors.plugin] Failed to find contact report API at '/World/envs/env_353/robot_b/joints/imu'
2026-09-29T06:40:09Z [46,840ms] [Warning] [omni.physx.tensors.plugin] Failed to find contact report API at '/World/envs/env_354/robot_b/joints/imu'
2026-09-29T06:40:09Z [46,840ms] [Warning] [omni.physx.tensors.plugin] Failed to find contact report API at '/World/envs/env_355/robot_b/joints/imu'
2026-09-29T06:40:09Z [46,840ms] [Warning] [omni.physx.tensors.plugin] Failed to find contact report API at '/World/envs/env_356/robot_b/joints/imu'
2026-09-29T06:40:09Z [46,840ms] [Warning] [omni.physx.tensors.plugin] Failed to find contact report API at '/World/envs/env_357/robot_b/joints/imu'
2026-09-29T06:40:09Z [46,840ms] [Warning] [omni.physx.tensors.plugin] Failed to find contact report API at '/World/envs/env_358/robot_b/joints/imu'
2026-09-29T06:40:09Z [46,840ms] [Warning] [omni.physx.tensors.plugin] Failed to find contact report API at '/World/envs/env_359/robot_b/joints/imu'
2026-09-29T06:40:09Z [46,840ms] [Warning] [omni.physx.tensors.plugin] Failed to find contact report API at '/World/envs/env_360/robot_b/joints/imu'
2026-09-29T06:40:09Z [46,840ms] [Warning] [omni.physx.tensors.plugin] Failed to find contact report API at '/World/envs/env_361/robot_b/joints/imu'
2026-09-29T06:40:09Z [46,840ms] [Warning] [omni.physx.tensors.plugin] Failed to find contact report API at '/World/envs/env_362/robot_b/joints/imu'
2026-09-29T06:40:09Z [46,840ms] [Warning] [omni.physx.tensors.plugin] Failed to find contact report API at '/World/envs/env_363/robot_b/joints/imu'
2026-09-29T06:40:09Z [46,840ms] [Warning] [omni.physx.tensors.plugin] Failed to find contact report API at '/World/envs/env_364/robot_b/joints/imu'
2026-09-29T06:40:09Z [46,840ms] [Warning] [omni.physx.tensors.plugin] Failed to find contact report API at '/World/envs/env_365/robot_b/joints/imu'
2026-09-29T06:40:09Z [46,840ms] [Warning] [omni.physx.tensors.plugin] Failed to find contact report API at '/World/envs/env_366/robot_b/joints/imu'
2026-09-29T06:40:09Z [46,840ms] [Warning] [omni.physx.tensors.plugin] Failed to find contact report API at '/World/envs/env_367/robot_b/joints/imu'
2026-09-29T06:40:09Z [46,840ms] [Warning] [omni.physx.tensors.plugin] Failed to find contact report API at '/World/envs/env_368/robot_b/joints/imu'
2026-09-29T06:40:09Z [46,840ms] [Warning] [omni.physx.tensors.plugin] Failed to find contact report API at '/World/envs/env_369/robot_b/joints/imu'
2026-09-29T06:40:09Z [46,840ms] [Warning] [omni.physx.tensors.plugin] Failed to find contact report API at '/World/envs/env_370/robot_b/joints/imu'
2026-09-29T06:40:09Z [46,840ms] [Warning] [omni.physx.tensors.plugin] Failed to find contact report API at '/World/envs/env_371/robot_b/joints/imu'
2026-09-29T06:40:09Z [46,840ms] [Warning] [omni.physx.tensors.plugin] Failed to find contact report API at '/World/envs/env_372/robot_b/joints/imu'
2026-09-29T06:40:09Z [46,840ms] [Warning] [omni.physx.tensors.plugin] Failed to find contact report API at '/World/envs/env_373/robot_b/joints/imu'
2026-09-29T06:40:09Z [46,840ms] [Warning] [omni.physx.tensors.plugin] Failed to find contact report API at '/World/envs/env_374/robot_b/joints/imu'
2026-09-29T06:40:09Z [46,840ms] [Warning] [omni.physx.tensors.plugin] Failed to find contact report API at '/World/envs/env_375/robot_b/joints/imu'
2026-09-29T06:40:09Z [46,840ms] [Warning] [omni.physx.tensors.plugin] Failed to find contact report API at '/World/envs/env_376/robot_b/joints/imu'
2026-09-29T06:40:09Z [46,840ms] [Warning] [omni.physx.tensors.plugin] Failed to find contact report API at '/World/envs/env_377/robot_b/joints/imu'
2026-09-29T06:40:09Z [46,841ms] [Warning] [omni.physx.tensors.plugin] Failed to find contact report API at '/World/envs/env_378/robot_b/joints/imu'
2026-09-29T06:40:09Z [46,841ms] [Warning] [omni.physx.tensors.plugin] Failed to find contact report API at '/World/envs/env_379/robot_b/joints/imu'
2026-09-29T06:40:09Z [46,841ms] [Warning] [omni.physx.tensors.plugin] Failed to find contact report API at '/World/envs/env_380/robot_b/joints/imu'
2026-09-29T06:40:09Z [46,841ms] [Warning] [omni.physx.tensors.plugin] Failed to find contact report API at '/World/envs/env_381/robot_b/joints/imu'
2026-09-29T06:40:09Z [46,841ms] [Warning] [omni.physx.tensors.plugin] Failed to find contact report API at '/World/envs/env_382/robot_b/joints/imu'
2026-09-29T06:40:09Z [46,841ms] [Warning] [omni.physx.tensors.plugin] Failed to find contact report API at '/World/envs/env_383/robot_b/joints/imu'
2026-09-29T06:40:09Z [46,841ms] [Warning] [omni.physx.tensors.plugin] Failed to find contact report API at '/World/envs/env_384/robot_b/joints/imu'
2026-09-29T06:40:09Z [46,841ms] [Warning] [omni.physx.tensors.plugin] Failed to find contact report API at '/World/envs/env_385/robot_b/joints/imu'
2026-09-29T06:40:09Z [46,841ms] [Warning] [omni.physx.tensors.plugin] Failed to find contact report API at '/World/envs/env_386/robot_b/joints/imu'
2026-09-29T06:40:09Z [46,841ms] [Warning] [omni.physx.tensors.plugin] Failed to find contact report API at '/World/envs/env_387/robot_b/joints/imu'
2026-09-29T06:40:09Z [46,841ms] [Warning] [omni.physx.tensors.plugin] Failed to find contact report API at '/World/envs/env_388/robot_b/joints/imu'
2026-09-29T06:40:09Z [46,841ms] [Warning] [omni.physx.tensors.plugin] Failed to find contact report API at '/World/envs/env_389/robot_b/joints/imu'
2026-09-29T06:40:09Z [46,841ms] [Warning] [omni.physx.tensors.plugin] Failed to find contact report API at '/World/envs/env_390/robot_b/joints/imu'
2026-09-29T06:40:09Z [46,841ms] [Warning] [omni.physx.tensors.plugin] Failed to find contact report API at '/World/envs/env_391/robot_b/joints/imu'
2026-09-29T06:40:09Z [46,841ms] [Warning] [omni.physx.tensors.plugin] Failed to find contact report API at '/World/envs/env_392/robot_b/joints/imu'
2026-09-29T06:40:09Z [46,841ms] [Warning] [omni.physx.tensors.plugin] Failed to find contact report API at '/World/envs/env_393/robot_b/joints/imu'
2026-09-29T06:40:09Z [46,841ms] [Warning] [omni.physx.tensors.plugin] Failed to find contact report API at '/World/envs/env_394/robot_b/joints/imu'
2026-09-29T06:40:09Z [46,841ms] [Warning] [omni.physx.tensors.plugin] Failed to find contact report API at '/World/envs/env_395/robot_b/joints/imu'
2026-09-29T06:40:09Z [46,841ms] [Warning] [omni.physx.tensors.plugin] Failed to find contact report API at '/World/envs/env_396/robot_b/joints/imu'
2026-09-29T06:40:09Z [46,841ms] [Warning] [omni.physx.tensors.plugin] Failed to find contact report API at '/World/envs/env_397/robot_b/joints/imu'
2026-09-29T06:40:09Z [46,841ms] [Warning] [omni.physx.tensors.plugin] Failed to find contact report API at '/World/envs/env_398/robot_b/joints/imu'
2026-09-29T06:40:09Z [46,841ms] [Warning] [omni.physx.tensors.plugin] Failed to find contact report API at '/World/envs/env_399/robot_b/joints/imu'
2026-09-29T06:40:09Z [46,841ms] [Warning] [omni.physx.tensors.plugin] Failed to find contact report API at '/World/envs/env_400/robot_b/joints/imu'
2026-09-29T06:40:09Z [46,841ms] [Warning] [omni.physx.tensors.plugin] Failed to find contact report API at '/World/envs/env_401/robot_b/joints/imu'
2026-09-29T06:40:09Z [46,841ms] [Warning] [omni.physx.tensors.plugin] Failed to find contact report API at '/World/envs/env_402/robot_b/joints/imu'
2026-09-29T06:40:09Z [46,841ms] [Warning] [omni.physx.tensors.plugin] Failed to find contact report API at '/World/envs/env_403/robot_b/joints/imu'
2026-09-29T06:40:09Z [46,841ms] [Warning] [omni.physx.tensors.plugin] Failed to find contact report API at '/World/envs/env_404/robot_b/joints/imu'
2026-09-29T06:40:09Z [46,842ms] [Warning] [omni.physx.tensors.plugin] Failed to find contact report API at '/World/envs/env_405/robot_b/joints/imu'
2026-09-29T06:40:09Z [46,842ms] [Warning] [omni.physx.tensors.plugin] Failed to find contact report API at '/World/envs/env_406/robot_b/joints/imu'
2026-09-29T06:40:09Z [46,842ms] [Warning] [omni.physx.tensors.plugin] Failed to find contact report API at '/World/envs/env_407/robot_b/joints/imu'
2026-09-29T06:40:09Z [46,842ms] [Warning] [omni.physx.tensors.plugin] Failed to find contact report API at '/World/envs/env_408/robot_b/joints/imu'
2026-09-29T06:40:09Z [46,842ms] [Warning] [omni.physx.tensors.plugin] Failed to find contact report API at '/World/envs/env_409/robot_b/joints/imu'
2026-09-29T06:40:09Z [46,842ms] [Warning] [omni.physx.tensors.plugin] Failed to find contact report API at '/World/envs/env_410/robot_b/joints/imu'
2026-09-29T06:40:09Z [46,842ms] [Warning] [omni.physx.tensors.plugin] Failed to find contact report API at '/World/envs/env_411/robot_b/joints/imu'
2026-09-29T06:40:09Z [46,842ms] [Warning] [omni.physx.tensors.plugin] Failed to find contact report API at '/World/envs/env_412/robot_b/joints/imu'
2026-09-29T06:40:09Z [46,842ms] [Warning] [omni.physx.tensors.plugin] Failed to find contact report API at '/World/envs/env_413/robot_b/joints/imu'
2026-09-29T06:40:09Z [46,842ms] [Warning] [omni.physx.tensors.plugin] Failed to find contact report API at '/World/envs/env_414/robot_b/joints/imu'
2026-09-29T06:40:09Z [46,842ms] [Warning] [omni.physx.tensors.plugin] Failed to find contact report API at '/World/envs/env_415/robot_b/joints/imu'
2026-09-29T06:40:09Z [46,842ms] [Warning] [omni.physx.tensors.plugin] Failed to find contact report API at '/World/envs/env_416/robot_b/joints/imu'
2026-09-29T06:40:09Z [46,842ms] [Warning] [omni.physx.tensors.plugin] Failed to find contact report API at '/World/envs/env_417/robot_b/joints/imu'
2026-09-29T06:40:09Z [46,842ms] [Warning] [omni.physx.tensors.plugin] Failed to find contact report API at '/World/envs/env_418/robot_b/joints/imu'
2026-09-29T06:40:09Z [46,842ms] [Warning] [omni.physx.tensors.plugin] Failed to find contact report API at '/World/envs/env_419/robot_b/joints/imu'
2026-09-29T06:40:09Z [46,842ms] [Warning] [omni.physx.tensors.plugin] Failed to find contact report API at '/World/envs/env_420/robot_b/joints/imu'
2026-09-29T06:40:09Z [46,842ms] [Warning] [omni.physx.tensors.plugin] Failed to find contact report API at '/World/envs/env_421/robot_b/joints/imu'
2026-09-29T06:40:09Z [46,842ms] [Warning] [omni.physx.tensors.plugin] Failed to find contact report API at '/World/envs/env_422/robot_b/joints/imu'
2026-09-29T06:40:09Z [46,842ms] [Warning] [omni.physx.tensors.plugin] Failed to find contact report API at '/World/envs/env_423/robot_b/joints/imu'
2026-09-29T06:40:09Z [46,842ms] [Warning] [omni.physx.tensors.plugin] Failed to find contact report API at '/World/envs/env_424/robot_b/joints/imu'
2026-09-29T06:40:09Z [46,842ms] [Warning] [omni.physx.tensors.plugin] Failed to find contact report API at '/World/envs/env_425/robot_b/joints/imu'
2026-09-29T06:40:09Z [46,842ms] [Warning] [omni.physx.tensors.plugin] Failed to find contact report API at '/World/envs/env_426/robot_b/joints/imu'
2026-09-29T06:40:09Z [46,842ms] [Warning] [omni.physx.tensors.plugin] Failed to find contact report API at '/World/envs/env_427/robot_b/joints/imu'
2026-09-29T06:40:09Z [46,842ms] [Warning] [omni.physx.tensors.plugin] Failed to find contact report API at '/World/envs/env_428/robot_b/joints/imu'
2026-09-29T06:40:09Z [46,842ms] [Warning] [omni.physx.tensors.plugin] Failed to find contact report API at '/World/envs/env_429/robot_b/joints/imu'
2026-09-29T06:40:09Z [46,842ms] [Warning] [omni.physx.tensors.plugin] Failed to find contact report API at '/World/envs/env_430/robot_b/joints/imu'
2026-09-29T06:40:09Z [46,842ms] [Warning] [omni.physx.tensors.plugin] Failed to find contact report API at '/World/envs/env_431/robot_b/joints/imu'
2026-09-29T06:40:09Z [46,843ms] [Warning] [omni.physx.tensors.plugin] Failed to find contact report API at '/World/envs/env_432/robot_b/joints/imu'
2026-09-29T06:40:09Z [46,843ms] [Warning] [omni.physx.tensors.plugin] Failed to find contact report API at '/World/envs/env_433/robot_b/joints/imu'
2026-09-29T06:40:09Z [46,843ms] [Warning] [omni.physx.tensors.plugin] Failed to find contact report API at '/World/envs/env_434/robot_b/joints/imu'
2026-09-29T06:40:09Z [46,843ms] [Warning] [omni.physx.tensors.plugin] Failed to find contact report API at '/World/envs/env_435/robot_b/joints/imu'
2026-09-29T06:40:09Z [46,843ms] [Warning] [omni.physx.tensors.plugin] Failed to find contact report API at '/World/envs/env_436/robot_b/joints/imu'
2026-09-29T06:40:09Z [46,843ms] [Warning] [omni.physx.tensors.plugin] Failed to find contact report API at '/World/envs/env_437/robot_b/joints/imu'
2026-09-29T06:40:09Z [46,843ms] [Warning] [omni.physx.tensors.plugin] Failed to find contact report API at '/World/envs/env_438/robot_b/joints/imu'
2026-09-29T06:40:09Z [46,843ms] [Warning] [omni.physx.tensors.plugin] Failed to find contact report API at '/World/envs/env_439/robot_b/joints/imu'
2026-09-29T06:40:09Z [46,843ms] [Warning] [omni.physx.tensors.plugin] Failed to find contact report API at '/World/envs/env_440/robot_b/joints/imu'
2026-09-29T06:40:09Z [46,843ms] [Warning] [omni.physx.tensors.plugin] Failed to find contact report API at '/World/envs/env_441/robot_b/joints/imu'
2026-09-29T06:40:09Z [46,843ms] [Warning] [omni.physx.tensors.plugin] Failed to find contact report API at '/World/envs/env_442/robot_b/joints/imu'
2026-09-29T06:40:09Z [46,843ms] [Warning] [omni.physx.tensors.plugin] Failed to find contact report API at '/World/envs/env_443/robot_b/joints/imu'
2026-09-29T06:40:09Z [46,843ms] [Warning] [omni.physx.tensors.plugin] Failed to find contact report API at '/World/envs/env_444/robot_b/joints/imu'
2026-09-29T06:40:09Z [46,843ms] [Warning] [omni.physx.tensors.plugin] Failed to find contact report API at '/World/envs/env_445/robot_b/joints/imu'
2026-09-29T06:40:09Z [46,843ms] [Warning] [omni.physx.tensors.plugin] Failed to find contact report API at '/World/envs/env_446/robot_b/joints/imu'
2026-09-29T06:40:09Z [46,843ms] [Warning] [omni.physx.tensors.plugin] Failed to find contact report API at '/World/envs/env_447/robot_b/joints/imu'
2026-09-29T06:40:09Z [46,843ms] [Warning] [omni.physx.tensors.plugin] Failed to find contact report API at '/World/envs/env_448/robot_b/joints/imu'
2026-09-29T06:40:09Z [46,843ms] [Warning] [omni.physx.tensors.plugin] Failed to find contact report API at '/World/envs/env_449/robot_b/joints/imu'
2026-09-29T06:40:09Z [46,843ms] [Warning] [omni.physx.tensors.plugin] Failed to find contact report API at '/World/envs/env_450/robot_b/joints/imu'
2026-09-29T06:40:09Z [46,843ms] [Warning] [omni.physx.tensors.plugin] Failed to find contact report API at '/World/envs/env_451/robot_b/joints/imu'
2026-09-29T06:40:09Z [46,843ms] [Warning] [omni.physx.tensors.plugin] Failed to find contact report API at '/World/envs/env_452/robot_b/joints/imu'
2026-09-29T06:40:09Z [46,843ms] [Warning] [omni.physx.tensors.plugin] Failed to find contact report API at '/World/envs/env_453/robot_b/joints/imu'
2026-09-29T06:40:09Z [46,843ms] [Warning] [omni.physx.tensors.plugin] Failed to find contact report API at '/World/envs/env_454/robot_b/joints/imu'
2026-09-29T06:40:09Z [46,843ms] [Warning] [omni.physx.tensors.plugin] Failed to find contact report API at '/World/envs/env_455/robot_b/joints/imu'
2026-09-29T06:40:09Z [46,843ms] [Warning] [omni.physx.tensors.plugin] Failed to find contact report API at '/World/envs/env_456/robot_b/joints/imu'
2026-09-29T06:40:09Z [46,843ms] [Warning] [omni.physx.tensors.plugin] Failed to find contact report API at '/World/envs/env_457/robot_b/joints/imu'
2026-09-29T06:40:09Z [46,843ms] [Warning] [omni.physx.tensors.plugin] Failed to find contact report API at '/World/envs/env_458/robot_b/joints/imu'
2026-09-29T06:40:09Z [46,843ms] [Warning] [omni.physx.tensors.plugin] Failed to find contact report API at '/World/envs/env_459/robot_b/joints/imu'
2026-09-29T06:40:09Z [46,844ms] [Warning] [omni.physx.tensors.plugin] Failed to find contact report API at '/World/envs/env_460/robot_b/joints/imu'
2026-09-29T06:40:09Z [46,844ms] [Warning] [omni.physx.tensors.plugin] Failed to find contact report API at '/World/envs/env_461/robot_b/joints/imu'
2026-09-29T06:40:09Z [46,844ms] [Warning] [omni.physx.tensors.plugin] Failed to find contact report API at '/World/envs/env_462/robot_b/joints/imu'
2026-09-29T06:40:09Z [46,844ms] [Warning] [omni.physx.tensors.plugin] Failed to find contact report API at '/World/envs/env_463/robot_b/joints/imu'
2026-09-29T06:40:09Z [46,844ms] [Warning] [omni.physx.tensors.plugin] Failed to find contact report API at '/World/envs/env_464/robot_b/joints/imu'
2026-09-29T06:40:09Z [46,844ms] [Warning] [omni.physx.tensors.plugin] Failed to find contact report API at '/World/envs/env_465/robot_b/joints/imu'
2026-09-29T06:40:09Z [46,844ms] [Warning] [omni.physx.tensors.plugin] Failed to find contact report API at '/World/envs/env_466/robot_b/joints/imu'
2026-09-29T06:40:09Z [46,844ms] [Warning] [omni.physx.tensors.plugin] Failed to find contact report API at '/World/envs/env_467/robot_b/joints/imu'
2026-09-29T06:40:09Z [46,844ms] [Warning] [omni.physx.tensors.plugin] Failed to find contact report API at '/World/envs/env_468/robot_b/joints/imu'
2026-09-29T06:40:09Z [46,844ms] [Warning] [omni.physx.tensors.plugin] Failed to find contact report API at '/World/envs/env_469/robot_b/joints/imu'
2026-09-29T06:40:09Z [46,844ms] [Warning] [omni.physx.tensors.plugin] Failed to find contact report API at '/World/envs/env_470/robot_b/joints/imu'
2026-09-29T06:40:09Z [46,844ms] [Warning] [omni.physx.tensors.plugin] Failed to find contact report API at '/World/envs/env_471/robot_b/joints/imu'
2026-09-29T06:40:09Z [46,844ms] [Warning] [omni.physx.tensors.plugin] Failed to find contact report API at '/World/envs/env_472/robot_b/joints/imu'
2026-09-29T06:40:09Z [46,844ms] [Warning] [omni.physx.tensors.plugin] Failed to find contact report API at '/World/envs/env_473/robot_b/joints/imu'
2026-09-29T06:40:09Z [46,844ms] [Warning] [omni.physx.tensors.plugin] Failed to find contact report API at '/World/envs/env_474/robot_b/joints/imu'
2026-09-29T06:40:09Z [46,844ms] [Warning] [omni.physx.tensors.plugin] Failed to find contact report API at '/World/envs/env_475/robot_b/joints/imu'
2026-09-29T06:40:09Z [46,844ms] [Warning] [omni.physx.tensors.plugin] Failed to find contact report API at '/World/envs/env_476/robot_b/joints/imu'
2026-09-29T06:40:09Z [46,844ms] [Warning] [omni.physx.tensors.plugin] Failed to find contact report API at '/World/envs/env_477/robot_b/joints/imu'
2026-09-29T06:40:09Z [46,844ms] [Warning] [omni.physx.tensors.plugin] Failed to find contact report API at '/World/envs/env_478/robot_b/joints/imu'
2026-09-29T06:40:09Z [46,844ms] [Warning] [omni.physx.tensors.plugin] Failed to find contact report API at '/World/envs/env_479/robot_b/joints/imu'
2026-09-29T06:40:09Z [46,844ms] [Warning] [omni.physx.tensors.plugin] Failed to find contact report API at '/World/envs/env_480/robot_b/joints/imu'
2026-09-29T06:40:09Z [46,844ms] [Warning] [omni.physx.tensors.plugin] Failed to find contact report API at '/World/envs/env_481/robot_b/joints/imu'
2026-09-29T06:40:09Z [46,844ms] [Warning] [omni.physx.tensors.plugin] Failed to find contact report API at '/World/envs/env_482/robot_b/joints/imu'
2026-09-29T06:40:09Z [46,844ms] [Warning] [omni.physx.tensors.plugin] Failed to find contact report API at '/World/envs/env_483/robot_b/joints/imu'
2026-09-29T06:40:09Z [46,844ms] [Warning] [omni.physx.tensors.plugin] Failed to find contact report API at '/World/envs/env_484/robot_b/joints/imu'
2026-09-29T06:40:09Z [46,844ms] [Warning] [omni.physx.tensors.plugin] Failed to find contact report API at '/World/envs/env_485/robot_b/joints/imu'
2026-09-29T06:40:09Z [46,844ms] [Warning] [omni.physx.tensors.plugin] Failed to find contact report API at '/World/envs/env_486/robot_b/joints/imu'
2026-09-29T06:40:09Z [46,844ms] [Warning] [omni.physx.tensors.plugin] Failed to find contact report API at '/World/envs/env_487/robot_b/joints/imu'
2026-09-29T06:40:09Z [46,845ms] [Warning] [omni.physx.tensors.plugin] Failed to find contact report API at '/World/envs/env_488/robot_b/joints/imu'
2026-09-29T06:40:09Z [46,845ms] [Warning] [omni.physx.tensors.plugin] Failed to find contact report API at '/World/envs/env_489/robot_b/joints/imu'
2026-09-29T06:40:09Z [46,845ms] [Warning] [omni.physx.tensors.plugin] Failed to find contact report API at '/World/envs/env_490/robot_b/joints/imu'
2026-09-29T06:40:09Z [46,845ms] [Warning] [omni.physx.tensors.plugin] Failed to find contact report API at '/World/envs/env_491/robot_b/joints/imu'
2026-09-29T06:40:09Z [46,845ms] [Warning] [omni.physx.tensors.plugin] Failed to find contact report API at '/World/envs/env_492/robot_b/joints/imu'
2026-09-29T06:40:09Z [46,845ms] [Warning] [omni.physx.tensors.plugin] Failed to find contact report API at '/World/envs/env_493/robot_b/joints/imu'
2026-09-29T06:40:09Z [46,845ms] [Warning] [omni.physx.tensors.plugin] Failed to find contact report API at '/World/envs/env_494/robot_b/joints/imu'
2026-09-29T06:40:09Z [46,845ms] [Warning] [omni.physx.tensors.plugin] Failed to find contact report API at '/World/envs/env_495/robot_b/joints/imu'
2026-09-29T06:40:09Z [46,845ms] [Warning] [omni.physx.tensors.plugin] Failed to find contact report API at '/World/envs/env_496/robot_b/joints/imu'
2026-09-29T06:40:09Z [46,845ms] [Warning] [omni.physx.tensors.plugin] Failed to find contact report API at '/World/envs/env_497/robot_b/joints/imu'
2026-09-29T06:40:09Z [46,845ms] [Warning] [omni.physx.tensors.plugin] Failed to find contact report API at '/World/envs/env_498/robot_b/joints/imu'
2026-09-29T06:40:09Z [46,845ms] [Warning] [omni.physx.tensors.plugin] Failed to find contact report API at '/World/envs/env_499/robot_b/joints/imu'
2026-09-29T06:40:09Z [46,845ms] [Warning] [omni.physx.tensors.plugin] Failed to find contact report API at '/World/envs/env_500/robot_b/joints/imu'
2026-09-29T06:40:09Z [46,845ms] [Warning] [omni.physx.tensors.plugin] Failed to find contact report API at '/World/envs/env_501/robot_b/joints/imu'
2026-09-29T06:40:09Z [46,845ms] [Warning] [omni.physx.tensors.plugin] Failed to find contact report API at '/World/envs/env_502/robot_b/joints/imu'
2026-09-29T06:40:09Z [46,845ms] [Warning] [omni.physx.tensors.plugin] Failed to find contact report API at '/World/envs/env_503/robot_b/joints/imu'
2026-09-29T06:40:09Z [46,845ms] [Warning] [omni.physx.tensors.plugin] Failed to find contact report API at '/World/envs/env_504/robot_b/joints/imu'
2026-09-29T06:40:09Z [46,845ms] [Warning] [omni.physx.tensors.plugin] Failed to find contact report API at '/World/envs/env_505/robot_b/joints/imu'
2026-09-29T06:40:09Z [46,845ms] [Warning] [omni.physx.tensors.plugin] Failed to find contact report API at '/World/envs/env_506/robot_b/joints/imu'
2026-09-29T06:40:09Z [46,845ms] [Warning] [omni.physx.tensors.plugin] Failed to find contact report API at '/World/envs/env_507/robot_b/joints/imu'
2026-09-29T06:40:09Z [46,845ms] [Warning] [omni.physx.tensors.plugin] Failed to find contact report API at '/World/envs/env_508/robot_b/joints/imu'
2026-09-29T06:40:09Z [46,845ms] [Warning] [omni.physx.tensors.plugin] Failed to find contact report API at '/World/envs/env_509/robot_b/joints/imu'
2026-09-29T06:40:09Z [46,845ms] [Warning] [omni.physx.tensors.plugin] Failed to find contact report API at '/World/envs/env_510/robot_b/joints/imu'
2026-09-29T06:40:09Z [46,845ms] [Warning] [omni.physx.tensors.plugin] Failed to find contact report API at '/World/envs/env_511/robot_b/joints/imu'
2026-09-29T06:40:09Z [46,845ms] [Warning] [omni.physx.tensors.plugin] Failed to find contact report API at '/World/envs/env_512/robot_b/joints/imu'
2026-09-29T06:40:09Z [46,845ms] [Warning] [omni.physx.tensors.plugin] Failed to find contact report API at '/World/envs/env_513/robot_b/joints/imu'
2026-09-29T06:40:09Z [46,845ms] [Warning] [omni.physx.tensors.plugin] Failed to find contact report API at '/World/envs/env_514/robot_b/joints/imu'
2026-09-29T06:40:09Z [46,845ms] [Warning] [omni.physx.tensors.plugin] Failed to find contact report API at '/World/envs/env_515/robot_b/joints/imu'
2026-09-29T06:40:09Z [46,846ms] [Warning] [omni.physx.tensors.plugin] Failed to find contact report API at '/World/envs/env_516/robot_b/joints/imu'
2026-09-29T06:40:09Z [46,846ms] [Warning] [omni.physx.tensors.plugin] Failed to find contact report API at '/World/envs/env_517/robot_b/joints/imu'
2026-09-29T06:40:09Z [46,846ms] [Warning] [omni.physx.tensors.plugin] Failed to find contact report API at '/World/envs/env_518/robot_b/joints/imu'
2026-09-29T06:40:09Z [46,846ms] [Warning] [omni.physx.tensors.plugin] Failed to find contact report API at '/World/envs/env_519/robot_b/joints/imu'
2026-09-29T06:40:09Z [46,846ms] [Warning] [omni.physx.tensors.plugin] Failed to find contact report API at '/World/envs/env_520/robot_b/joints/imu'
2026-09-29T06:40:09Z [46,846ms] [Warning] [omni.physx.tensors.plugin] Failed to find contact report API at '/World/envs/env_521/robot_b/joints/imu'
2026-09-29T06:40:09Z [46,846ms] [Warning] [omni.physx.tensors.plugin] Failed to find contact report API at '/World/envs/env_522/robot_b/joints/imu'
2026-09-29T06:40:09Z [46,846ms] [Warning] [omni.physx.tensors.plugin] Failed to find contact report API at '/World/envs/env_523/robot_b/joints/imu'
2026-09-29T06:40:09Z [46,846ms] [Warning] [omni.physx.tensors.plugin] Failed to find contact report API at '/World/envs/env_524/robot_b/joints/imu'
2026-09-29T06:40:09Z [46,846ms] [Warning] [omni.physx.tensors.plugin] Failed to find contact report API at '/World/envs/env_525/robot_b/joints/imu'
2026-09-29T06:40:09Z [46,846ms] [Warning] [omni.physx.tensors.plugin] Failed to find contact report API at '/World/envs/env_526/robot_b/joints/imu'
2026-09-29T06:40:09Z [46,846ms] [Warning] [omni.physx.tensors.plugin] Failed to find contact report API at '/World/envs/env_527/robot_b/joints/imu'
2026-09-29T06:40:09Z [46,846ms] [Warning] [omni.physx.tensors.plugin] Failed to find contact report API at '/World/envs/env_528/robot_b/joints/imu'
2026-09-29T06:40:09Z [46,846ms] [Warning] [omni.physx.tensors.plugin] Failed to find contact report API at '/World/envs/env_529/robot_b/joints/imu'
2026-09-29T06:40:09Z [46,846ms] [Warning] [omni.physx.tensors.plugin] Failed to find contact report API at '/World/envs/env_530/robot_b/joints/imu'
2026-09-29T06:40:09Z [46,846ms] [Warning] [omni.physx.tensors.plugin] Failed to find contact report API at '/World/envs/env_531/robot_b/joints/imu'
2026-09-29T06:40:09Z [46,846ms] [Warning] [omni.physx.tensors.plugin] Failed to find contact report API at '/World/envs/env_532/robot_b/joints/imu'
2026-09-29T06:40:09Z [46,846ms] [Warning] [omni.physx.tensors.plugin] Failed to find contact report API at '/World/envs/env_533/robot_b/joints/imu'
2026-09-29T06:40:09Z [46,846ms] [Warning] [omni.physx.tensors.plugin] Failed to find contact report API at '/World/envs/env_534/robot_b/joints/imu'
2026-09-29T06:40:09Z [46,846ms] [Warning] [omni.physx.tensors.plugin] Failed to find contact report API at '/World/envs/env_535/robot_b/joints/imu'
2026-09-29T06:40:09Z [46,846ms] [Warning] [omni.physx.tensors.plugin] Failed to find contact report API at '/World/envs/env_536/robot_b/joints/imu'
2026-09-29T06:40:09Z [46,846ms] [Warning] [omni.physx.tensors.plugin] Failed to find contact report API at '/World/envs/env_537/robot_b/joints/imu'
2026-09-29T06:40:09Z [46,846ms] [Warning] [omni.physx.tensors.plugin] Failed to find contact report API at '/World/envs/env_538/robot_b/joints/imu'
2026-09-29T06:40:09Z [46,846ms] [Warning] [omni.physx.tensors.plugin] Failed to find contact report API at '/World/envs/env_539/robot_b/joints/imu'
2026-09-29T06:40:09Z [46,846ms] [Warning] [omni.physx.tensors.plugin] Failed to find contact report API at '/World/envs/env_540/robot_b/joints/imu'
2026-09-29T06:40:09Z [46,847ms] [Warning] [omni.physx.tensors.plugin] Failed to find contact report API at '/World/envs/env_541/robot_b/joints/imu'
2026-09-29T06:40:09Z [46,847ms] [Warning] [omni.physx.tensors.plugin] Failed to find contact report API at '/World/envs/env_542/robot_b/joints/imu'
2026-09-29T06:40:09Z [46,847ms] [Warning] [omni.physx.tensors.plugin] Failed to find contact report API at '/World/envs/env_543/robot_b/joints/imu'
2026-09-29T06:40:09Z [46,847ms] [Warning] [omni.physx.tensors.plugin] Failed to find contact report API at '/World/envs/env_544/robot_b/joints/imu'
2026-09-29T06:40:09Z [46,847ms] [Warning] [omni.physx.tensors.plugin] Failed to find contact report API at '/World/envs/env_545/robot_b/joints/imu'
2026-09-29T06:40:09Z [46,847ms] [Warning] [omni.physx.tensors.plugin] Failed to find contact report API at '/World/envs/env_546/robot_b/joints/imu'
2026-09-29T06:40:09Z [46,847ms] [Warning] [omni.physx.tensors.plugin] Failed to find contact report API at '/World/envs/env_547/robot_b/joints/imu'
2026-09-29T06:40:09Z [46,847ms] [Warning] [omni.physx.tensors.plugin] Failed to find contact report API at '/World/envs/env_548/robot_b/joints/imu'
2026-09-29T06:40:09Z [46,847ms] [Warning] [omni.physx.tensors.plugin] Failed to find contact report API at '/World/envs/env_549/robot_b/joints/imu'
2026-09-29T06:40:09Z [46,847ms] [Warning] [omni.physx.tensors.plugin] Failed to find contact report API at '/World/envs/env_550/robot_b/joints/imu'
2026-09-29T06:40:09Z [46,847ms] [Warning] [omni.physx.tensors.plugin] Failed to find contact report API at '/World/envs/env_551/robot_b/joints/imu'
2026-09-29T06:40:09Z [46,847ms] [Warning] [omni.physx.tensors.plugin] Failed to find contact report API at '/World/envs/env_552/robot_b/joints/imu'
2026-09-29T06:40:09Z [46,847ms] [Warning] [omni.physx.tensors.plugin] Failed to find contact report API at '/World/envs/env_553/robot_b/joints/imu'
2026-09-29T06:40:09Z [46,847ms] [Warning] [omni.physx.tensors.plugin] Failed to find contact report API at '/World/envs/env_554/robot_b/joints/imu'
2026-09-29T06:40:09Z [46,847ms] [Warning] [omni.physx.tensors.plugin] Failed to find contact report API at '/World/envs/env_555/robot_b/joints/imu'
2026-09-29T06:40:09Z [46,847ms] [Warning] [omni.physx.tensors.plugin] Failed to find contact report API at '/World/envs/env_556/robot_b/joints/imu'
2026-09-29T06:40:09Z [46,847ms] [Warning] [omni.physx.tensors.plugin] Failed to find contact report API at '/World/envs/env_557/robot_b/joints/imu'
2026-09-29T06:40:09Z [46,847ms] [Warning] [omni.physx.tensors.plugin] Failed to find contact report API at '/World/envs/env_558/robot_b/joints/imu'
2026-09-29T06:40:09Z [46,847ms] [Warning] [omni.physx.tensors.plugin] Failed to find contact report API at '/World/envs/env_559/robot_b/joints/imu'
2026-09-29T06:40:09Z [46,847ms] [Warning] [omni.physx.tensors.plugin] Failed to find contact report API at '/World/envs/env_560/robot_b/joints/imu'
2026-09-29T06:40:09Z [46,847ms] [Warning] [omni.physx.tensors.plugin] Failed to find contact report API at '/World/envs/env_561/robot_b/joints/imu'
2026-09-29T06:40:09Z [46,847ms] [Warning] [omni.physx.tensors.plugin] Failed to find contact report API at '/World/envs/env_562/robot_b/joints/imu'
2026-09-29T06:40:09Z [46,847ms] [Warning] [omni.physx.tensors.plugin] Failed to find contact report API at '/World/envs/env_563/robot_b/joints/imu'
2026-09-29T06:40:09Z [46,847ms] [Warning] [omni.physx.tensors.plugin] Failed to find contact report API at '/World/envs/env_564/robot_b/joints/imu'
2026-09-29T06:40:09Z [46,847ms] [Warning] [omni.physx.tensors.plugin] Failed to find contact report API at '/World/envs/env_565/robot_b/joints/imu'
2026-09-29T06:40:09Z [46,847ms] [Warning] [omni.physx.tensors.plugin] Failed to find contact report API at '/World/envs/env_566/robot_b/joints/imu'
2026-09-29T06:40:09Z [46,847ms] [Warning] [omni.physx.tensors.plugin] Failed to find contact report API at '/World/envs/env_567/robot_b/joints/imu'
2026-09-29T06:40:09Z [46,847ms] [Warning] [omni.physx.tensors.plugin] Failed to find contact report API at '/World/envs/env_568/robot_b/joints/imu'
2026-09-29T06:40:09Z [46,847ms] [Warning] [omni.physx.tensors.plugin] Failed to find contact report API at '/World/envs/env_569/robot_b/joints/imu'
2026-09-29T06:40:09Z [46,847ms] [Warning] [omni.physx.tensors.plugin] Failed to find contact report API at '/World/envs/env_570/robot_b/joints/imu'
2026-09-29T06:40:09Z [46,848ms] [Warning] [omni.physx.tensors.plugin] Failed to find contact report API at '/World/envs/env_571/robot_b/joints/imu'
2026-09-29T06:40:09Z [46,848ms] [Warning] [omni.physx.tensors.plugin] Failed to find contact report API at '/World/envs/env_572/robot_b/joints/imu'
2026-09-29T06:40:09Z [46,848ms] [Warning] [omni.physx.tensors.plugin] Failed to find contact report API at '/World/envs/env_573/robot_b/joints/imu'
2026-09-29T06:40:09Z [46,848ms] [Warning] [omni.physx.tensors.plugin] Failed to find contact report API at '/World/envs/env_574/robot_b/joints/imu'
2026-09-29T06:40:09Z [46,848ms] [Warning] [omni.physx.tensors.plugin] Failed to find contact report API at '/World/envs/env_575/robot_b/joints/imu'
2026-09-29T06:40:09Z [46,848ms] [Warning] [omni.physx.tensors.plugin] Failed to find contact report API at '/World/envs/env_576/robot_b/joints/imu'
2026-09-29T06:40:09Z [46,848ms] [Warning] [omni.physx.tensors.plugin] Failed to find contact report API at '/World/envs/env_577/robot_b/joints/imu'
2026-09-29T06:40:09Z [46,848ms] [Warning] [omni.physx.tensors.plugin] Failed to find contact report API at '/World/envs/env_578/robot_b/joints/imu'
2026-09-29T06:40:09Z [46,848ms] [Warning] [omni.physx.tensors.plugin] Failed to find contact report API at '/World/envs/env_579/robot_b/joints/imu'
2026-09-29T06:40:09Z [46,848ms] [Warning] [omni.physx.tensors.plugin] Failed to find contact report API at '/World/envs/env_580/robot_b/joints/imu'
2026-09-29T06:40:09Z [46,848ms] [Warning] [omni.physx.tensors.plugin] Failed to find contact report API at '/World/envs/env_581/robot_b/joints/imu'
2026-09-29T06:40:09Z [46,848ms] [Warning] [omni.physx.tensors.plugin] Failed to find contact report API at '/World/envs/env_582/robot_b/joints/imu'
2026-09-29T06:40:09Z [46,848ms] [Warning] [omni.physx.tensors.plugin] Failed to find contact report API at '/World/envs/env_583/robot_b/joints/imu'
2026-09-29T06:40:09Z [46,848ms] [Warning] [omni.physx.tensors.plugin] Failed to find contact report API at '/World/envs/env_584/robot_b/joints/imu'
2026-09-29T06:40:09Z [46,848ms] [Warning] [omni.physx.tensors.plugin] Failed to find contact report API at '/World/envs/env_585/robot_b/joints/imu'
2026-09-29T06:40:09Z [46,848ms] [Warning] [omni.physx.tensors.plugin] Failed to find contact report API at '/World/envs/env_586/robot_b/joints/imu'
2026-09-29T06:40:09Z [46,848ms] [Warning] [omni.physx.tensors.plugin] Failed to find contact report API at '/World/envs/env_587/robot_b/joints/imu'
2026-09-29T06:40:09Z [46,848ms] [Warning] [omni.physx.tensors.plugin] Failed to find contact report API at '/World/envs/env_588/robot_b/joints/imu'
2026-09-29T06:40:09Z [46,848ms] [Warning] [omni.physx.tensors.plugin] Failed to find contact report API at '/World/envs/env_589/robot_b/joints/imu'
2026-09-29T06:40:09Z [46,848ms] [Warning] [omni.physx.tensors.plugin] Failed to find contact report API at '/World/envs/env_590/robot_b/joints/imu'
2026-09-29T06:40:09Z [46,848ms] [Warning] [omni.physx.tensors.plugin] Failed to find contact report API at '/World/envs/env_591/robot_b/joints/imu'
2026-09-29T06:40:09Z [46,848ms] [Warning] [omni.physx.tensors.plugin] Failed to find contact report API at '/World/envs/env_592/robot_b/joints/imu'
2026-09-29T06:40:09Z [46,848ms] [Warning] [omni.physx.tensors.plugin] Failed to find contact report API at '/World/envs/env_593/robot_b/joints/imu'
2026-09-29T06:40:09Z [46,848ms] [Warning] [omni.physx.tensors.plugin] Failed to find contact report API at '/World/envs/env_594/robot_b/joints/imu'
2026-09-29T06:40:09Z [46,848ms] [Warning] [omni.physx.tensors.plugin] Failed to find contact report API at '/World/envs/env_595/robot_b/joints/imu'
2026-09-29T06:40:09Z [46,848ms] [Warning] [omni.physx.tensors.plugin] Failed to find contact report API at '/World/envs/env_596/robot_b/joints/imu'
2026-09-29T06:40:09Z [46,848ms] [Warning] [omni.physx.tensors.plugin] Failed to find contact report API at '/World/envs/env_597/robot_b/joints/imu'
2026-09-29T06:40:09Z [46,848ms] [Warning] [omni.physx.tensors.plugin] Failed to find contact report API at '/World/envs/env_598/robot_b/joints/imu'
2026-09-29T06:40:09Z [46,848ms] [Warning] [omni.physx.tensors.plugin] Failed to find contact report API at '/World/envs/env_599/robot_b/joints/imu'
2026-09-29T06:40:09Z [46,848ms] [Warning] [omni.physx.tensors.plugin] Failed to find contact report API at '/World/envs/env_600/robot_b/joints/imu'
2026-09-29T06:40:09Z [46,849ms] [Warning] [omni.physx.tensors.plugin] Failed to find contact report API at '/World/envs/env_601/robot_b/joints/imu'
2026-09-29T06:40:09Z [46,849ms] [Warning] [omni.physx.tensors.plugin] Failed to find contact report API at '/World/envs/env_602/robot_b/joints/imu'
2026-09-29T06:40:09Z [46,849ms] [Warning] [omni.physx.tensors.plugin] Failed to find contact report API at '/World/envs/env_603/robot_b/joints/imu'
2026-09-29T06:40:09Z [46,849ms] [Warning] [omni.physx.tensors.plugin] Failed to find contact report API at '/World/envs/env_604/robot_b/joints/imu'
2026-09-29T06:40:09Z [46,849ms] [Warning] [omni.physx.tensors.plugin] Failed to find contact report API at '/World/envs/env_605/robot_b/joints/imu'
2026-09-29T06:40:09Z [46,849ms] [Warning] [omni.physx.tensors.plugin] Failed to find contact report API at '/World/envs/env_606/robot_b/joints/imu'
2026-09-29T06:40:09Z [46,849ms] [Warning] [omni.physx.tensors.plugin] Failed to find contact report API at '/World/envs/env_607/robot_b/joints/imu'
2026-09-29T06:40:09Z [46,849ms] [Warning] [omni.physx.tensors.plugin] Failed to find contact report API at '/World/envs/env_608/robot_b/joints/imu'
2026-09-29T06:40:09Z [46,849ms] [Warning] [omni.physx.tensors.plugin] Failed to find contact report API at '/World/envs/env_609/robot_b/joints/imu'
2026-09-29T06:40:09Z [46,849ms] [Warning] [omni.physx.tensors.plugin] Failed to find contact report API at '/World/envs/env_610/robot_b/joints/imu'
2026-09-29T06:40:09Z [46,850ms] [Warning] [omni.physx.tensors.plugin] Failed to find contact report API at '/World/envs/env_611/robot_b/joints/imu'
2026-09-29T06:40:09Z [46,850ms] [Warning] [omni.physx.tensors.plugin] Failed to find contact report API at '/World/envs/env_612/robot_b/joints/imu'
2026-09-29T06:40:09Z [46,850ms] [Warning] [omni.physx.tensors.plugin] Failed to find contact report API at '/World/envs/env_613/robot_b/joints/imu'
2026-09-29T06:40:09Z [46,850ms] [Warning] [omni.physx.tensors.plugin] Failed to find contact report API at '/World/envs/env_614/robot_b/joints/imu'
2026-09-29T06:40:09Z [46,850ms] [Warning] [omni.physx.tensors.plugin] Failed to find contact report API at '/World/envs/env_615/robot_b/joints/imu'
2026-09-29T06:40:09Z [46,850ms] [Warning] [omni.physx.tensors.plugin] Failed to find contact report API at '/World/envs/env_616/robot_b/joints/imu'
2026-09-29T06:40:09Z [46,850ms] [Warning] [omni.physx.tensors.plugin] Failed to find contact report API at '/World/envs/env_617/robot_b/joints/imu'
2026-09-29T06:40:09Z [46,850ms] [Warning] [omni.physx.tensors.plugin] Failed to find contact report API at '/World/envs/env_618/robot_b/joints/imu'
2026-09-29T06:40:09Z [46,850ms] [Warning] [omni.physx.tensors.plugin] Failed to find contact report API at '/World/envs/env_619/robot_b/joints/imu'
2026-09-29T06:40:09Z [46,850ms] [Warning] [omni.physx.tensors.plugin] Failed to find contact report API at '/World/envs/env_620/robot_b/joints/imu'
2026-09-29T06:40:09Z [46,850ms] [Warning] [omni.physx.tensors.plugin] Failed to find contact report API at '/World/envs/env_621/robot_b/joints/imu'
2026-09-29T06:40:09Z [46,850ms] [Warning] [omni.physx.tensors.plugin] Failed to find contact report API at '/World/envs/env_622/robot_b/joints/imu'
2026-09-29T06:40:09Z [46,850ms] [Warning] [omni.physx.tensors.plugin] Failed to find contact report API at '/World/envs/env_623/robot_b/joints/imu'
2026-09-29T06:40:09Z [46,850ms] [Warning] [omni.physx.tensors.plugin] Failed to find contact report API at '/World/envs/env_624/robot_b/joints/imu'
2026-09-29T06:40:09Z [46,850ms] [Warning] [omni.physx.tensors.plugin] Failed to find contact report API at '/World/envs/env_625/robot_b/joints/imu'
2026-09-29T06:40:09Z [46,850ms] [Warning] [omni.physx.tensors.plugin] Failed to find contact report API at '/World/envs/env_626/robot_b/joints/imu'
2026-09-29T06:40:09Z [46,850ms] [Warning] [omni.physx.tensors.plugin] Failed to find contact report API at '/World/envs/env_627/robot_b/joints/imu'
2026-09-29T06:40:09Z [46,850ms] [Warning] [omni.physx.tensors.plugin] Failed to find contact report API at '/World/envs/env_628/robot_b/joints/imu'
2026-09-29T06:40:09Z [46,850ms] [Warning] [omni.physx.tensors.plugin] Failed to find contact report API at '/World/envs/env_629/robot_b/joints/imu'
2026-09-29T06:40:09Z [46,850ms] [Warning] [omni.physx.tensors.plugin] Failed to find contact report API at '/World/envs/env_630/robot_b/joints/imu'
2026-09-29T06:40:09Z [46,850ms] [Warning] [omni.physx.tensors.plugin] Failed to find contact report API at '/World/envs/env_631/robot_b/joints/imu'
2026-09-29T06:40:09Z [46,850ms] [Warning] [omni.physx.tensors.plugin] Failed to find contact report API at '/World/envs/env_632/robot_b/joints/imu'
2026-09-29T06:40:09Z [46,850ms] [Warning] [omni.physx.tensors.plugin] Failed to find contact report API at '/World/envs/env_633/robot_b/joints/imu'
2026-09-29T06:40:09Z [46,850ms] [Warning] [omni.physx.tensors.plugin] Failed to find contact report API at '/World/envs/env_634/robot_b/joints/imu'
2026-09-29T06:40:09Z [46,850ms] [Warning] [omni.physx.tensors.plugin] Failed to find contact report API at '/World/envs/env_635/robot_b/joints/imu'
2026-09-29T06:40:09Z [46,850ms] [Warning] [omni.physx.tensors.plugin] Failed to find contact report API at '/World/envs/env_636/robot_b/joints/imu'
2026-09-29T06:40:09Z [46,850ms] [Warning] [omni.physx.tensors.plugin] Failed to find contact report API at '/World/envs/env_637/robot_b/joints/imu'
2026-09-29T06:40:09Z [46,850ms] [Warning] [omni.physx.tensors.plugin] Failed to find contact report API at '/World/envs/env_638/robot_b/joints/imu'
2026-09-29T06:40:09Z [46,850ms] [Warning] [omni.physx.tensors.plugin] Failed to find contact report API at '/World/envs/env_639/robot_b/joints/imu'
2026-09-29T06:40:09Z [46,850ms] [Warning] [omni.physx.tensors.plugin] Failed to find contact report API at '/World/envs/env_640/robot_b/joints/imu'
2026-09-29T06:40:09Z [46,851ms] [Warning] [omni.physx.tensors.plugin] Failed to find contact report API at '/World/envs/env_641/robot_b/joints/imu'
2026-09-29T06:40:09Z [46,851ms] [Warning] [omni.physx.tensors.plugin] Failed to find contact report API at '/World/envs/env_642/robot_b/joints/imu'
2026-09-29T06:40:09Z [46,851ms] [Warning] [omni.physx.tensors.plugin] Failed to find contact report API at '/World/envs/env_643/robot_b/joints/imu'
2026-09-29T06:40:09Z [46,851ms] [Warning] [omni.physx.tensors.plugin] Failed to find contact report API at '/World/envs/env_644/robot_b/joints/imu'
2026-09-29T06:40:09Z [46,851ms] [Warning] [omni.physx.tensors.plugin] Failed to find contact report API at '/World/envs/env_645/robot_b/joints/imu'
2026-09-29T06:40:09Z [46,851ms] [Warning] [omni.physx.tensors.plugin] Failed to find contact report API at '/World/envs/env_646/robot_b/joints/imu'
2026-09-29T06:40:09Z [46,851ms] [Warning] [omni.physx.tensors.plugin] Failed to find contact report API at '/World/envs/env_647/robot_b/joints/imu'
2026-09-29T06:40:09Z [46,851ms] [Warning] [omni.physx.tensors.plugin] Failed to find contact report API at '/World/envs/env_648/robot_b/joints/imu'
2026-09-29T06:40:09Z [46,851ms] [Warning] [omni.physx.tensors.plugin] Failed to find contact report API at '/World/envs/env_649/robot_b/joints/imu'
2026-09-29T06:40:09Z [46,851ms] [Warning] [omni.physx.tensors.plugin] Failed to find contact report API at '/World/envs/env_650/robot_b/joints/imu'
2026-09-29T06:40:09Z [46,851ms] [Warning] [omni.physx.tensors.plugin] Failed to find contact report API at '/World/envs/env_651/robot_b/joints/imu'
2026-09-29T06:40:09Z [46,851ms] [Warning] [omni.physx.tensors.plugin] Failed to find contact report API at '/World/envs/env_652/robot_b/joints/imu'
2026-09-29T06:40:09Z [46,851ms] [Warning] [omni.physx.tensors.plugin] Failed to find contact report API at '/World/envs/env_653/robot_b/joints/imu'
2026-09-29T06:40:09Z [46,851ms] [Warning] [omni.physx.tensors.plugin] Failed to find contact report API at '/World/envs/env_654/robot_b/joints/imu'
2026-09-29T06:40:09Z [46,851ms] [Warning] [omni.physx.tensors.plugin] Failed to find contact report API at '/World/envs/env_655/robot_b/joints/imu'
2026-09-29T06:40:09Z [46,851ms] [Warning] [omni.physx.tensors.plugin] Failed to find contact report API at '/World/envs/env_656/robot_b/joints/imu'
2026-09-29T06:40:09Z [46,851ms] [Warning] [omni.physx.tensors.plugin] Failed to find contact report API at '/World/envs/env_657/robot_b/joints/imu'
2026-09-29T06:40:09Z [46,851ms] [Warning] [omni.physx.tensors.plugin] Failed to find contact report API at '/World/envs/env_658/robot_b/joints/imu'
2026-09-29T06:40:09Z [46,851ms] [Warning] [omni.physx.tensors.plugin] Failed to find contact report API at '/World/envs/env_659/robot_b/joints/imu'
2026-09-29T06:40:09Z [46,851ms] [Warning] [omni.physx.tensors.plugin] Failed to find contact report API at '/World/envs/env_660/robot_b/joints/imu'
2026-09-29T06:40:09Z [46,851ms] [Warning] [omni.physx.tensors.plugin] Failed to find contact report API at '/World/envs/env_661/robot_b/joints/imu'
2026-09-29T06:40:09Z [46,851ms] [Warning] [omni.physx.tensors.plugin] Failed to find contact report API at '/World/envs/env_662/robot_b/joints/imu'
2026-09-29T06:40:09Z [46,851ms] [Warning] [omni.physx.tensors.plugin] Failed to find contact report API at '/World/envs/env_663/robot_b/joints/imu'
2026-09-29T06:40:09Z [46,851ms] [Warning] [omni.physx.tensors.plugin] Failed to find contact report API at '/World/envs/env_664/robot_b/joints/imu'
2026-09-29T06:40:09Z [46,851ms] [Warning] [omni.physx.tensors.plugin] Failed to find contact report API at '/World/envs/env_665/robot_b/joints/imu'
2026-09-29T06:40:09Z [46,851ms] [Warning] [omni.physx.tensors.plugin] Failed to find contact report API at '/World/envs/env_666/robot_b/joints/imu'
2026-09-29T06:40:09Z [46,851ms] [Warning] [omni.physx.tensors.plugin] Failed to find contact report API at '/World/envs/env_667/robot_b/joints/imu'
2026-09-29T06:40:09Z [46,851ms] [Warning] [omni.physx.tensors.plugin] Failed to find contact report API at '/World/envs/env_668/robot_b/joints/imu'
2026-09-29T06:40:09Z [46,851ms] [Warning] [omni.physx.tensors.plugin] Failed to find contact report API at '/World/envs/env_669/robot_b/joints/imu'
2026-09-29T06:40:09Z [46,851ms] [Warning] [omni.physx.tensors.plugin] Failed to find contact report API at '/World/envs/env_670/robot_b/joints/imu'
2026-09-29T06:40:09Z [46,851ms] [Warning] [omni.physx.tensors.plugin] Failed to find contact report API at '/World/envs/env_671/robot_b/joints/imu'
2026-09-29T06:40:09Z [46,851ms] [Warning] [omni.physx.tensors.plugin] Failed to find contact report API at '/World/envs/env_672/robot_b/joints/imu'
2026-09-29T06:40:09Z [46,852ms] [Warning] [omni.physx.tensors.plugin] Failed to find contact report API at '/World/envs/env_673/robot_b/joints/imu'
2026-09-29T06:40:09Z [46,852ms] [Warning] [omni.physx.tensors.plugin] Failed to find contact report API at '/World/envs/env_674/robot_b/joints/imu'
2026-09-29T06:40:09Z [46,852ms] [Warning] [omni.physx.tensors.plugin] Failed to find contact report API at '/World/envs/env_675/robot_b/joints/imu'
2026-09-29T06:40:09Z [46,852ms] [Warning] [omni.physx.tensors.plugin] Failed to find contact report API at '/World/envs/env_676/robot_b/joints/imu'
2026-09-29T06:40:09Z [46,852ms] [Warning] [omni.physx.tensors.plugin] Failed to find contact report API at '/World/envs/env_677/robot_b/joints/imu'
2026-09-29T06:40:09Z [46,852ms] [Warning] [omni.physx.tensors.plugin] Failed to find contact report API at '/World/envs/env_678/robot_b/joints/imu'
2026-09-29T06:40:09Z [46,852ms] [Warning] [omni.physx.tensors.plugin] Failed to find contact report API at '/World/envs/env_679/robot_b/joints/imu'
2026-09-29T06:40:09Z [46,852ms] [Warning] [omni.physx.tensors.plugin] Failed to find contact report API at '/World/envs/env_680/robot_b/joints/imu'
2026-09-29T06:40:09Z [46,852ms] [Warning] [omni.physx.tensors.plugin] Failed to find contact report API at '/World/envs/env_681/robot_b/joints/imu'
2026-09-29T06:40:09Z [46,852ms] [Warning] [omni.physx.tensors.plugin] Failed to find contact report API at '/World/envs/env_682/robot_b/joints/imu'
2026-09-29T06:40:09Z [46,852ms] [Warning] [omni.physx.tensors.plugin] Failed to find contact report API at '/World/envs/env_683/robot_b/joints/imu'
2026-09-29T06:40:09Z [46,852ms] [Warning] [omni.physx.tensors.plugin] Failed to find contact report API at '/World/envs/env_684/robot_b/joints/imu'
2026-09-29T06:40:09Z [46,852ms] [Warning] [omni.physx.tensors.plugin] Failed to find contact report API at '/World/envs/env_685/robot_b/joints/imu'
2026-09-29T06:40:09Z [46,852ms] [Warning] [omni.physx.tensors.plugin] Failed to find contact report API at '/World/envs/env_686/robot_b/joints/imu'
2026-09-29T06:40:09Z [46,852ms] [Warning] [omni.physx.tensors.plugin] Failed to find contact report API at '/World/envs/env_687/robot_b/joints/imu'
2026-09-29T06:40:09Z [46,852ms] [Warning] [omni.physx.tensors.plugin] Failed to find contact report API at '/World/envs/env_688/robot_b/joints/imu'
2026-09-29T06:40:09Z [46,852ms] [Warning] [omni.physx.tensors.plugin] Failed to find contact report API at '/World/envs/env_689/robot_b/joints/imu'
2026-09-29T06:40:09Z [46,852ms] [Warning] [omni.physx.tensors.plugin] Failed to find contact report API at '/World/envs/env_690/robot_b/joints/imu'
2026-09-29T06:40:09Z [46,852ms] [Warning] [omni.physx.tensors.plugin] Failed to find contact report API at '/World/envs/env_691/robot_b/joints/imu'
2026-09-29T06:40:09Z [46,852ms] [Warning] [omni.physx.tensors.plugin] Failed to find contact report API at '/World/envs/env_692/robot_b/joints/imu'
2026-09-29T06:40:09Z [46,852ms] [Warning] [omni.physx.tensors.plugin] Failed to find contact report API at '/World/envs/env_693/robot_b/joints/imu'
2026-09-29T06:40:09Z [46,852ms] [Warning] [omni.physx.tensors.plugin] Failed to find contact report API at '/World/envs/env_694/robot_b/joints/imu'
2026-09-29T06:40:09Z [46,852ms] [Warning] [omni.physx.tensors.plugin] Failed to find contact report API at '/World/envs/env_695/robot_b/joints/imu'
2026-09-29T06:40:09Z [46,852ms] [Warning] [omni.physx.tensors.plugin] Failed to find contact report API at '/World/envs/env_696/robot_b/joints/imu'
2026-09-29T06:40:09Z [46,852ms] [Warning] [omni.physx.tensors.plugin] Failed to find contact report API at '/World/envs/env_697/robot_b/joints/imu'
2026-09-29T06:40:09Z [46,852ms] [Warning] [omni.physx.tensors.plugin] Failed to find contact report API at '/World/envs/env_698/robot_b/joints/imu'
2026-09-29T06:40:09Z [46,852ms] [Warning] [omni.physx.tensors.plugin] Failed to find contact report API at '/World/envs/env_699/robot_b/joints/imu'
2026-09-29T06:40:09Z [46,852ms] [Warning] [omni.physx.tensors.plugin] Failed to find contact report API at '/World/envs/env_700/robot_b/joints/imu'
2026-09-29T06:40:09Z [46,852ms] [Warning] [omni.physx.tensors.plugin] Failed to find contact report API at '/World/envs/env_701/robot_b/joints/imu'
2026-09-29T06:40:09Z [46,853ms] [Warning] [omni.physx.tensors.plugin] Failed to find contact report API at '/World/envs/env_702/robot_b/joints/imu'
2026-09-29T06:40:09Z [46,853ms] [Warning] [omni.physx.tensors.plugin] Failed to find contact report API at '/World/envs/env_703/robot_b/joints/imu'
2026-09-29T06:40:09Z [46,853ms] [Warning] [omni.physx.tensors.plugin] Failed to find contact report API at '/World/envs/env_704/robot_b/joints/imu'
2026-09-29T06:40:09Z [46,853ms] [Warning] [omni.physx.tensors.plugin] Failed to find contact report API at '/World/envs/env_705/robot_b/joints/imu'
2026-09-29T06:40:09Z [46,853ms] [Warning] [omni.physx.tensors.plugin] Failed to find contact report API at '/World/envs/env_706/robot_b/joints/imu'
2026-09-29T06:40:09Z [46,853ms] [Warning] [omni.physx.tensors.plugin] Failed to find contact report API at '/World/envs/env_707/robot_b/joints/imu'
2026-09-29T06:40:09Z [46,853ms] [Warning] [omni.physx.tensors.plugin] Failed to find contact report API at '/World/envs/env_708/robot_b/joints/imu'
2026-09-29T06:40:09Z [46,853ms] [Warning] [omni.physx.tensors.plugin] Failed to find contact report API at '/World/envs/env_709/robot_b/joints/imu'
2026-09-29T06:40:09Z [46,853ms] [Warning] [omni.physx.tensors.plugin] Failed to find contact report API at '/World/envs/env_710/robot_b/joints/imu'
2026-09-29T06:40:09Z [46,853ms] [Warning] [omni.physx.tensors.plugin] Failed to find contact report API at '/World/envs/env_711/robot_b/joints/imu'
2026-09-29T06:40:09Z [46,853ms] [Warning] [omni.physx.tensors.plugin] Failed to find contact report API at '/World/envs/env_712/robot_b/joints/imu'
2026-09-29T06:40:09Z [46,853ms] [Warning] [omni.physx.tensors.plugin] Failed to find contact report API at '/World/envs/env_713/robot_b/joints/imu'
2026-09-29T06:40:09Z [46,853ms] [Warning] [omni.physx.tensors.plugin] Failed to find contact report API at '/World/envs/env_714/robot_b/joints/imu'
2026-09-29T06:40:09Z [46,853ms] [Warning] [omni.physx.tensors.plugin] Failed to find contact report API at '/World/envs/env_715/robot_b/joints/imu'
2026-09-29T06:40:09Z [46,853ms] [Warning] [omni.physx.tensors.plugin] Failed to find contact report API at '/World/envs/env_716/robot_b/joints/imu'
2026-09-29T06:40:09Z [46,853ms] [Warning] [omni.physx.tensors.plugin] Failed to find contact report API at '/World/envs/env_717/robot_b/joints/imu'
2026-09-29T06:40:09Z [46,853ms] [Warning] [omni.physx.tensors.plugin] Failed to find contact report API at '/World/envs/env_718/robot_b/joints/imu'
2026-09-29T06:40:09Z [46,853ms] [Warning] [omni.physx.tensors.plugin] Failed to find contact report API at '/World/envs/env_719/robot_b/joints/imu'
2026-09-29T06:40:09Z [46,853ms] [Warning] [omni.physx.tensors.plugin] Failed to find contact report API at '/World/envs/env_720/robot_b/joints/imu'
2026-09-29T06:40:09Z [46,853ms] [Warning] [omni.physx.tensors.plugin] Failed to find contact report API at '/World/envs/env_721/robot_b/joints/imu'
2026-09-29T06:40:09Z [46,853ms] [Warning] [omni.physx.tensors.plugin] Failed to find contact report API at '/World/envs/env_722/robot_b/joints/imu'
2026-09-29T06:40:09Z [46,853ms] [Warning] [omni.physx.tensors.plugin] Failed to find contact report API at '/World/envs/env_723/robot_b/joints/imu'
2026-09-29T06:40:09Z [46,853ms] [Warning] [omni.physx.tensors.plugin] Failed to find contact report API at '/World/envs/env_724/robot_b/joints/imu'
2026-09-29T06:40:09Z [46,853ms] [Warning] [omni.physx.tensors.plugin] Failed to find contact report API at '/World/envs/env_725/robot_b/joints/imu'
2026-09-29T06:40:09Z [46,853ms] [Warning] [omni.physx.tensors.plugin] Failed to find contact report API at '/World/envs/env_726/robot_b/joints/imu'
2026-09-29T06:40:09Z [46,853ms] [Warning] [omni.physx.tensors.plugin] Failed to find contact report API at '/World/envs/env_727/robot_b/joints/imu'
2026-09-29T06:40:09Z [46,853ms] [Warning] [omni.physx.tensors.plugin] Failed to find contact report API at '/World/envs/env_728/robot_b/joints/imu'
2026-09-29T06:40:09Z [46,853ms] [Warning] [omni.physx.tensors.plugin] Failed to find contact report API at '/World/envs/env_729/robot_b/joints/imu'
2026-09-29T06:40:09Z [46,853ms] [Warning] [omni.physx.tensors.plugin] Failed to find contact report API at '/World/envs/env_730/robot_b/joints/imu'
2026-09-29T06:40:09Z [46,853ms] [Warning] [omni.physx.tensors.plugin] Failed to find contact report API at '/World/envs/env_731/robot_b/joints/imu'
2026-09-29T06:40:09Z [46,853ms] [Warning] [omni.physx.tensors.plugin] Failed to find contact report API at '/World/envs/env_732/robot_b/joints/imu'
2026-09-29T06:40:09Z [46,854ms] [Warning] [omni.physx.tensors.plugin] Failed to find contact report API at '/World/envs/env_733/robot_b/joints/imu'
2026-09-29T06:40:09Z [46,854ms] [Warning] [omni.physx.tensors.plugin] Failed to find contact report API at '/World/envs/env_734/robot_b/joints/imu'
2026-09-29T06:40:09Z [46,854ms] [Warning] [omni.physx.tensors.plugin] Failed to find contact report API at '/World/envs/env_735/robot_b/joints/imu'
2026-09-29T06:40:09Z [46,854ms] [Warning] [omni.physx.tensors.plugin] Failed to find contact report API at '/World/envs/env_736/robot_b/joints/imu'
2026-09-29T06:40:09Z [46,854ms] [Warning] [omni.physx.tensors.plugin] Failed to find contact report API at '/World/envs/env_737/robot_b/joints/imu'
2026-09-29T06:40:09Z [46,854ms] [Warning] [omni.physx.tensors.plugin] Failed to find contact report API at '/World/envs/env_738/robot_b/joints/imu'
2026-09-29T06:40:09Z [46,854ms] [Warning] [omni.physx.tensors.plugin] Failed to find contact report API at '/World/envs/env_739/robot_b/joints/imu'
2026-09-29T06:40:09Z [46,854ms] [Warning] [omni.physx.tensors.plugin] Failed to find contact report API at '/World/envs/env_740/robot_b/joints/imu'
2026-09-29T06:40:09Z [46,854ms] [Warning] [omni.physx.tensors.plugin] Failed to find contact report API at '/World/envs/env_741/robot_b/joints/imu'
2026-09-29T06:40:09Z [46,854ms] [Warning] [omni.physx.tensors.plugin] Failed to find contact report API at '/World/envs/env_742/robot_b/joints/imu'
2026-09-29T06:40:09Z [46,854ms] [Warning] [omni.physx.tensors.plugin] Failed to find contact report API at '/World/envs/env_743/robot_b/joints/imu'
2026-09-29T06:40:09Z [46,854ms] [Warning] [omni.physx.tensors.plugin] Failed to find contact report API at '/World/envs/env_744/robot_b/joints/imu'
2026-09-29T06:40:09Z [46,854ms] [Warning] [omni.physx.tensors.plugin] Failed to find contact report API at '/World/envs/env_745/robot_b/joints/imu'
2026-09-29T06:40:09Z [46,854ms] [Warning] [omni.physx.tensors.plugin] Failed to find contact report API at '/World/envs/env_746/robot_b/joints/imu'
2026-09-29T06:40:09Z [46,854ms] [Warning] [omni.physx.tensors.plugin] Failed to find contact report API at '/World/envs/env_747/robot_b/joints/imu'
2026-09-29T06:40:09Z [46,854ms] [Warning] [omni.physx.tensors.plugin] Failed to find contact report API at '/World/envs/env_748/robot_b/joints/imu'
2026-09-29T06:40:09Z [46,854ms] [Warning] [omni.physx.tensors.plugin] Failed to find contact report API at '/World/envs/env_749/robot_b/joints/imu'
2026-09-29T06:40:09Z [46,854ms] [Warning] [omni.physx.tensors.plugin] Failed to find contact report API at '/World/envs/env_750/robot_b/joints/imu'
2026-09-29T06:40:09Z [46,854ms] [Warning] [omni.physx.tensors.plugin] Failed to find contact report API at '/World/envs/env_751/robot_b/joints/imu'
2026-09-29T06:40:09Z [46,854ms] [Warning] [omni.physx.tensors.plugin] Failed to find contact report API at '/World/envs/env_752/robot_b/joints/imu'
2026-09-29T06:40:09Z [46,854ms] [Warning] [omni.physx.tensors.plugin] Failed to find contact report API at '/World/envs/env_753/robot_b/joints/imu'
2026-09-29T06:40:09Z [46,854ms] [Warning] [omni.physx.tensors.plugin] Failed to find contact report API at '/World/envs/env_754/robot_b/joints/imu'
2026-09-29T06:40:09Z [46,854ms] [Warning] [omni.physx.tensors.plugin] Failed to find contact report API at '/World/envs/env_755/robot_b/joints/imu'
2026-09-29T06:40:09Z [46,854ms] [Warning] [omni.physx.tensors.plugin] Failed to find contact report API at '/World/envs/env_756/robot_b/joints/imu'
2026-09-29T06:40:09Z [46,854ms] [Warning] [omni.physx.tensors.plugin] Failed to find contact report API at '/World/envs/env_757/robot_b/joints/imu'
2026-09-29T06:40:09Z [46,854ms] [Warning] [omni.physx.tensors.plugin] Failed to find contact report API at '/World/envs/env_758/robot_b/joints/imu'
2026-09-29T06:40:09Z [46,854ms] [Warning] [omni.physx.tensors.plugin] Failed to find contact report API at '/World/envs/env_759/robot_b/joints/imu'
2026-09-29T06:40:09Z [46,854ms] [Warning] [omni.physx.tensors.plugin] Failed to find contact report API at '/World/envs/env_760/robot_b/joints/imu'
2026-09-29T06:40:09Z [46,854ms] [Warning] [omni.physx.tensors.plugin] Failed to find contact report API at '/World/envs/env_761/robot_b/joints/imu'
2026-09-29T06:40:09Z [46,854ms] [Warning] [omni.physx.tensors.plugin] Failed to find contact report API at '/World/envs/env_762/robot_b/joints/imu'
2026-09-29T06:40:09Z [46,855ms] [Warning] [omni.physx.tensors.plugin] Failed to find contact report API at '/World/envs/env_763/robot_b/joints/imu'
2026-09-29T06:40:09Z [46,855ms] [Warning] [omni.physx.tensors.plugin] Failed to find contact report API at '/World/envs/env_764/robot_b/joints/imu'
2026-09-29T06:40:09Z [46,855ms] [Warning] [omni.physx.tensors.plugin] Failed to find contact report API at '/World/envs/env_765/robot_b/joints/imu'
2026-09-29T06:40:09Z [46,855ms] [Warning] [omni.physx.tensors.plugin] Failed to find contact report API at '/World/envs/env_766/robot_b/joints/imu'
2026-09-29T06:40:09Z [46,855ms] [Warning] [omni.physx.tensors.plugin] Failed to find contact report API at '/World/envs/env_767/robot_b/joints/imu'
2026-09-29T06:40:09Z [46,855ms] [Warning] [omni.physx.tensors.plugin] Failed to find contact report API at '/World/envs/env_768/robot_b/joints/imu'
2026-09-29T06:40:09Z [46,855ms] [Warning] [omni.physx.tensors.plugin] Failed to find contact report API at '/World/envs/env_769/robot_b/joints/imu'
2026-09-29T06:40:09Z [46,855ms] [Warning] [omni.physx.tensors.plugin] Failed to find contact report API at '/World/envs/env_770/robot_b/joints/imu'
2026-09-29T06:40:09Z [46,855ms] [Warning] [omni.physx.tensors.plugin] Failed to find contact report API at '/World/envs/env_771/robot_b/joints/imu'
2026-09-29T06:40:09Z [46,855ms] [Warning] [omni.physx.tensors.plugin] Failed to find contact report API at '/World/envs/env_772/robot_b/joints/imu'
2026-09-29T06:40:09Z [46,855ms] [Warning] [omni.physx.tensors.plugin] Failed to find contact report API at '/World/envs/env_773/robot_b/joints/imu'
2026-09-29T06:40:09Z [46,855ms] [Warning] [omni.physx.tensors.plugin] Failed to find contact report API at '/World/envs/env_774/robot_b/joints/imu'
2026-09-29T06:40:09Z [46,855ms] [Warning] [omni.physx.tensors.plugin] Failed to find contact report API at '/World/envs/env_775/robot_b/joints/imu'
2026-09-29T06:40:09Z [46,855ms] [Warning] [omni.physx.tensors.plugin] Failed to find contact report API at '/World/envs/env_776/robot_b/joints/imu'
2026-09-29T06:40:09Z [46,855ms] [Warning] [omni.physx.tensors.plugin] Failed to find contact report API at '/World/envs/env_777/robot_b/joints/imu'
2026-09-29T06:40:09Z [46,855ms] [Warning] [omni.physx.tensors.plugin] Failed to find contact report API at '/World/envs/env_778/robot_b/joints/imu'
2026-09-29T06:40:09Z [46,855ms] [Warning] [omni.physx.tensors.plugin] Failed to find contact report API at '/World/envs/env_779/robot_b/joints/imu'
2026-09-29T06:40:09Z [46,855ms] [Warning] [omni.physx.tensors.plugin] Failed to find contact report API at '/World/envs/env_780/robot_b/joints/imu'
2026-09-29T06:40:09Z [46,855ms] [Warning] [omni.physx.tensors.plugin] Failed to find contact report API at '/World/envs/env_781/robot_b/joints/imu'
2026-09-29T06:40:09Z [46,855ms] [Warning] [omni.physx.tensors.plugin] Failed to find contact report API at '/World/envs/env_782/robot_b/joints/imu'
2026-09-29T06:40:09Z [46,855ms] [Warning] [omni.physx.tensors.plugin] Failed to find contact report API at '/World/envs/env_783/robot_b/joints/imu'
2026-09-29T06:40:09Z [46,855ms] [Warning] [omni.physx.tensors.plugin] Failed to find contact report API at '/World/envs/env_784/robot_b/joints/imu'
2026-09-29T06:40:09Z [46,855ms] [Warning] [omni.physx.tensors.plugin] Failed to find contact report API at '/World/envs/env_785/robot_b/joints/imu'
2026-09-29T06:40:09Z [46,855ms] [Warning] [omni.physx.tensors.plugin] Failed to find contact report API at '/World/envs/env_786/robot_b/joints/imu'
2026-09-29T06:40:09Z [46,855ms] [Warning] [omni.physx.tensors.plugin] Failed to find contact report API at '/World/envs/env_787/robot_b/joints/imu'
2026-09-29T06:40:09Z [46,855ms] [Warning] [omni.physx.tensors.plugin] Failed to find contact report API at '/World/envs/env_788/robot_b/joints/imu'
2026-09-29T06:40:09Z [46,855ms] [Warning] [omni.physx.tensors.plugin] Failed to find contact report API at '/World/envs/env_789/robot_b/joints/imu'
2026-09-29T06:40:09Z [46,855ms] [Warning] [omni.physx.tensors.plugin] Failed to find contact report API at '/World/envs/env_790/robot_b/joints/imu'
2026-09-29T06:40:09Z [46,855ms] [Warning] [omni.physx.tensors.plugin] Failed to find contact report API at '/World/envs/env_791/robot_b/joints/imu'
2026-09-29T06:40:09Z [46,855ms] [Warning] [omni.physx.tensors.plugin] Failed to find contact report API at '/World/envs/env_792/robot_b/joints/imu'
2026-09-29T06:40:09Z [46,855ms] [Warning] [omni.physx.tensors.plugin] Failed to find contact report API at '/World/envs/env_793/robot_b/joints/imu'
2026-09-29T06:40:09Z [46,855ms] [Warning] [omni.physx.tensors.plugin] Failed to find contact report API at '/World/envs/env_794/robot_b/joints/imu'
2026-09-29T06:40:09Z [46,856ms] [Warning] [omni.physx.tensors.plugin] Failed to find contact report API at '/World/envs/env_795/robot_b/joints/imu'
2026-09-29T06:40:09Z [46,856ms] [Warning] [omni.physx.tensors.plugin] Failed to find contact report API at '/World/envs/env_796/robot_b/joints/imu'
2026-09-29T06:40:09Z [46,856ms] [Warning] [omni.physx.tensors.plugin] Failed to find contact report API at '/World/envs/env_797/robot_b/joints/imu'
2026-09-29T06:40:09Z [46,856ms] [Warning] [omni.physx.tensors.plugin] Failed to find contact report API at '/World/envs/env_798/robot_b/joints/imu'
2026-09-29T06:40:09Z [46,856ms] [Warning] [omni.physx.tensors.plugin] Failed to find contact report API at '/World/envs/env_799/robot_b/joints/imu'
2026-09-29T06:40:09Z [46,856ms] [Warning] [omni.physx.tensors.plugin] Failed to find contact report API at '/World/envs/env_800/robot_b/joints/imu'
2026-09-29T06:40:09Z [46,856ms] [Warning] [omni.physx.tensors.plugin] Failed to find contact report API at '/World/envs/env_801/robot_b/joints/imu'
2026-09-29T06:40:09Z [46,856ms] [Warning] [omni.physx.tensors.plugin] Failed to find contact report API at '/World/envs/env_802/robot_b/joints/imu'
2026-09-29T06:40:09Z [46,856ms] [Warning] [omni.physx.tensors.plugin] Failed to find contact report API at '/World/envs/env_803/robot_b/joints/imu'
2026-09-29T06:40:09Z [46,856ms] [Warning] [omni.physx.tensors.plugin] Failed to find contact report API at '/World/envs/env_804/robot_b/joints/imu'
2026-09-29T06:40:09Z [46,856ms] [Warning] [omni.physx.tensors.plugin] Failed to find contact report API at '/World/envs/env_805/robot_b/joints/imu'
2026-09-29T06:40:09Z [46,856ms] [Warning] [omni.physx.tensors.plugin] Failed to find contact report API at '/World/envs/env_806/robot_b/joints/imu'
2026-09-29T06:40:09Z [46,856ms] [Warning] [omni.physx.tensors.plugin] Failed to find contact report API at '/World/envs/env_807/robot_b/joints/imu'
2026-09-29T06:40:09Z [46,856ms] [Warning] [omni.physx.tensors.plugin] Failed to find contact report API at '/World/envs/env_808/robot_b/joints/imu'
2026-09-29T06:40:09Z [46,856ms] [Warning] [omni.physx.tensors.plugin] Failed to find contact report API at '/World/envs/env_809/robot_b/joints/imu'
2026-09-29T06:40:09Z [46,856ms] [Warning] [omni.physx.tensors.plugin] Failed to find contact report API at '/World/envs/env_810/robot_b/joints/imu'
2026-09-29T06:40:09Z [46,856ms] [Warning] [omni.physx.tensors.plugin] Failed to find contact report API at '/World/envs/env_811/robot_b/joints/imu'
2026-09-29T06:40:09Z [46,856ms] [Warning] [omni.physx.tensors.plugin] Failed to find contact report API at '/World/envs/env_812/robot_b/joints/imu'
2026-09-29T06:40:09Z [46,856ms] [Warning] [omni.physx.tensors.plugin] Failed to find contact report API at '/World/envs/env_813/robot_b/joints/imu'
2026-09-29T06:40:09Z [46,856ms] [Warning] [omni.physx.tensors.plugin] Failed to find contact report API at '/World/envs/env_814/robot_b/joints/imu'
2026-09-29T06:40:09Z [46,856ms] [Warning] [omni.physx.tensors.plugin] Failed to find contact report API at '/World/envs/env_815/robot_b/joints/imu'
2026-09-29T06:40:09Z [46,856ms] [Warning] [omni.physx.tensors.plugin] Failed to find contact report API at '/World/envs/env_816/robot_b/joints/imu'
2026-09-29T06:40:09Z [46,856ms] [Warning] [omni.physx.tensors.plugin] Failed to find contact report API at '/World/envs/env_817/robot_b/joints/imu'
2026-09-29T06:40:09Z [46,856ms] [Warning] [omni.physx.tensors.plugin] Failed to find contact report API at '/World/envs/env_818/robot_b/joints/imu'
2026-09-29T06:40:09Z [46,856ms] [Warning] [omni.physx.tensors.plugin] Failed to find contact report API at '/World/envs/env_819/robot_b/joints/imu'
2026-09-29T06:40:09Z [46,856ms] [Warning] [omni.physx.tensors.plugin] Failed to find contact report API at '/World/envs/env_820/robot_b/joints/imu'
2026-09-29T06:40:09Z [46,856ms] [Warning] [omni.physx.tensors.plugin] Failed to find contact report API at '/World/envs/env_821/robot_b/joints/imu'
2026-09-29T06:40:09Z [46,856ms] [Warning] [omni.physx.tensors.plugin] Failed to find contact report API at '/World/envs/env_822/robot_b/joints/imu'
2026-09-29T06:40:09Z [46,856ms] [Warning] [omni.physx.tensors.plugin] Failed to find contact report API at '/World/envs/env_823/robot_b/joints/imu'
2026-09-29T06:40:09Z [46,856ms] [Warning] [omni.physx.tensors.plugin] Failed to find contact report API at '/World/envs/env_824/robot_b/joints/imu'
2026-09-29T06:40:09Z [46,856ms] [Warning] [omni.physx.tensors.plugin] Failed to find contact report API at '/World/envs/env_825/robot_b/joints/imu'
2026-09-29T06:40:09Z [46,857ms] [Warning] [omni.physx.tensors.plugin] Failed to find contact report API at '/World/envs/env_826/robot_b/joints/imu'
2026-09-29T06:40:09Z [46,857ms] [Warning] [omni.physx.tensors.plugin] Failed to find contact report API at '/World/envs/env_827/robot_b/joints/imu'
2026-09-29T06:40:09Z [46,857ms] [Warning] [omni.physx.tensors.plugin] Failed to find contact report API at '/World/envs/env_828/robot_b/joints/imu'
2026-09-29T06:40:09Z [46,857ms] [Warning] [omni.physx.tensors.plugin] Failed to find contact report API at '/World/envs/env_829/robot_b/joints/imu'
2026-09-29T06:40:09Z [46,857ms] [Warning] [omni.physx.tensors.plugin] Failed to find contact report API at '/World/envs/env_830/robot_b/joints/imu'
2026-09-29T06:40:09Z [46,857ms] [Warning] [omni.physx.tensors.plugin] Failed to find contact report API at '/World/envs/env_831/robot_b/joints/imu'
2026-09-29T06:40:09Z [46,857ms] [Warning] [omni.physx.tensors.plugin] Failed to find contact report API at '/World/envs/env_832/robot_b/joints/imu'
2026-09-29T06:40:09Z [46,857ms] [Warning] [omni.physx.tensors.plugin] Failed to find contact report API at '/World/envs/env_833/robot_b/joints/imu'
2026-09-29T06:40:09Z [46,857ms] [Warning] [omni.physx.tensors.plugin] Failed to find contact report API at '/World/envs/env_834/robot_b/joints/imu'
2026-09-29T06:40:09Z [46,857ms] [Warning] [omni.physx.tensors.plugin] Failed to find contact report API at '/World/envs/env_835/robot_b/joints/imu'
2026-09-29T06:40:09Z [46,857ms] [Warning] [omni.physx.tensors.plugin] Failed to find contact report API at '/World/envs/env_836/robot_b/joints/imu'
2026-09-29T06:40:09Z [46,857ms] [Warning] [omni.physx.tensors.plugin] Failed to find contact report API at '/World/envs/env_837/robot_b/joints/imu'
2026-09-29T06:40:09Z [46,857ms] [Warning] [omni.physx.tensors.plugin] Failed to find contact report API at '/World/envs/env_838/robot_b/joints/imu'
2026-09-29T06:40:09Z [46,857ms] [Warning] [omni.physx.tensors.plugin] Failed to find contact report API at '/World/envs/env_839/robot_b/joints/imu'
2026-09-29T06:40:09Z [46,857ms] [Warning] [omni.physx.tensors.plugin] Failed to find contact report API at '/World/envs/env_840/robot_b/joints/imu'
2026-09-29T06:40:09Z [46,857ms] [Warning] [omni.physx.tensors.plugin] Failed to find contact report API at '/World/envs/env_841/robot_b/joints/imu'
2026-09-29T06:40:09Z [46,857ms] [Warning] [omni.physx.tensors.plugin] Failed to find contact report API at '/World/envs/env_842/robot_b/joints/imu'
2026-09-29T06:40:09Z [46,857ms] [Warning] [omni.physx.tensors.plugin] Failed to find contact report API at '/World/envs/env_843/robot_b/joints/imu'
2026-09-29T06:40:09Z [46,857ms] [Warning] [omni.physx.tensors.plugin] Failed to find contact report API at '/World/envs/env_844/robot_b/joints/imu'
2026-09-29T06:40:09Z [46,857ms] [Warning] [omni.physx.tensors.plugin] Failed to find contact report API at '/World/envs/env_845/robot_b/joints/imu'
2026-09-29T06:40:09Z [46,857ms] [Warning] [omni.physx.tensors.plugin] Failed to find contact report API at '/World/envs/env_846/robot_b/joints/imu'
2026-09-29T06:40:09Z [46,857ms] [Warning] [omni.physx.tensors.plugin] Failed to find contact report API at '/World/envs/env_847/robot_b/joints/imu'
2026-09-29T06:40:09Z [46,857ms] [Warning] [omni.physx.tensors.plugin] Failed to find contact report API at '/World/envs/env_848/robot_b/joints/imu'
2026-09-29T06:40:09Z [46,857ms] [Warning] [omni.physx.tensors.plugin] Failed to find contact report API at '/World/envs/env_849/robot_b/joints/imu'
2026-09-29T06:40:09Z [46,857ms] [Warning] [omni.physx.tensors.plugin] Failed to find contact report API at '/World/envs/env_850/robot_b/joints/imu'
2026-09-29T06:40:09Z [46,857ms] [Warning] [omni.physx.tensors.plugin] Failed to find contact report API at '/World/envs/env_851/robot_b/joints/imu'
2026-09-29T06:40:09Z [46,857ms] [Warning] [omni.physx.tensors.plugin] Failed to find contact report API at '/World/envs/env_852/robot_b/joints/imu'
2026-09-29T06:40:09Z [46,857ms] [Warning] [omni.physx.tensors.plugin] Failed to find contact report API at '/World/envs/env_853/robot_b/joints/imu'
2026-09-29T06:40:09Z [46,857ms] [Warning] [omni.physx.tensors.plugin] Failed to find contact report API at '/World/envs/env_854/robot_b/joints/imu'
2026-09-29T06:40:09Z [46,857ms] [Warning] [omni.physx.tensors.plugin] Failed to find contact report API at '/World/envs/env_855/robot_b/joints/imu'
2026-09-29T06:40:09Z [46,857ms] [Warning] [omni.physx.tensors.plugin] Failed to find contact report API at '/World/envs/env_856/robot_b/joints/imu'
2026-09-29T06:40:09Z [46,857ms] [Warning] [omni.physx.tensors.plugin] Failed to find contact report API at '/World/envs/env_857/robot_b/joints/imu'
2026-09-29T06:40:09Z [46,858ms] [Warning] [omni.physx.tensors.plugin] Failed to find contact report API at '/World/envs/env_858/robot_b/joints/imu'
2026-09-29T06:40:09Z [46,858ms] [Warning] [omni.physx.tensors.plugin] Failed to find contact report API at '/World/envs/env_859/robot_b/joints/imu'
2026-09-29T06:40:09Z [46,858ms] [Warning] [omni.physx.tensors.plugin] Failed to find contact report API at '/World/envs/env_860/robot_b/joints/imu'
2026-09-29T06:40:09Z [46,858ms] [Warning] [omni.physx.tensors.plugin] Failed to find contact report API at '/World/envs/env_861/robot_b/joints/imu'
2026-09-29T06:40:09Z [46,858ms] [Warning] [omni.physx.tensors.plugin] Failed to find contact report API at '/World/envs/env_862/robot_b/joints/imu'
2026-09-29T06:40:09Z [46,858ms] [Warning] [omni.physx.tensors.plugin] Failed to find contact report API at '/World/envs/env_863/robot_b/joints/imu'
2026-09-29T06:40:09Z [46,858ms] [Warning] [omni.physx.tensors.plugin] Failed to find contact report API at '/World/envs/env_864/robot_b/joints/imu'
2026-09-29T06:40:09Z [46,858ms] [Warning] [omni.physx.tensors.plugin] Failed to find contact report API at '/World/envs/env_865/robot_b/joints/imu'
2026-09-29T06:40:09Z [46,858ms] [Warning] [omni.physx.tensors.plugin] Failed to find contact report API at '/World/envs/env_866/robot_b/joints/imu'
2026-09-29T06:40:09Z [46,858ms] [Warning] [omni.physx.tensors.plugin] Failed to find contact report API at '/World/envs/env_867/robot_b/joints/imu'
2026-09-29T06:40:09Z [46,858ms] [Warning] [omni.physx.tensors.plugin] Failed to find contact report API at '/World/envs/env_868/robot_b/joints/imu'
2026-09-29T06:40:09Z [46,858ms] [Warning] [omni.physx.tensors.plugin] Failed to find contact report API at '/World/envs/env_869/robot_b/joints/imu'
2026-09-29T06:40:09Z [46,858ms] [Warning] [omni.physx.tensors.plugin] Failed to find contact report API at '/World/envs/env_870/robot_b/joints/imu'
2026-09-29T06:40:09Z [46,858ms] [Warning] [omni.physx.tensors.plugin] Failed to find contact report API at '/World/envs/env_871/robot_b/joints/imu'
2026-09-29T06:40:09Z [46,858ms] [Warning] [omni.physx.tensors.plugin] Failed to find contact report API at '/World/envs/env_872/robot_b/joints/imu'
2026-09-29T06:40:09Z [46,858ms] [Warning] [omni.physx.tensors.plugin] Failed to find contact report API at '/World/envs/env_873/robot_b/joints/imu'
2026-09-29T06:40:09Z [46,858ms] [Warning] [omni.physx.tensors.plugin] Failed to find contact report API at '/World/envs/env_874/robot_b/joints/imu'
2026-09-29T06:40:09Z [46,858ms] [Warning] [omni.physx.tensors.plugin] Failed to find contact report API at '/World/envs/env_875/robot_b/joints/imu'
2026-09-29T06:40:09Z [46,858ms] [Warning] [omni.physx.tensors.plugin] Failed to find contact report API at '/World/envs/env_876/robot_b/joints/imu'
2026-09-29T06:40:09Z [46,858ms] [Warning] [omni.physx.tensors.plugin] Failed to find contact report API at '/World/envs/env_877/robot_b/joints/imu'
2026-09-29T06:40:09Z [46,858ms] [Warning] [omni.physx.tensors.plugin] Failed to find contact report API at '/World/envs/env_878/robot_b/joints/imu'
2026-09-29T06:40:09Z [46,858ms] [Warning] [omni.physx.tensors.plugin] Failed to find contact report API at '/World/envs/env_879/robot_b/joints/imu'
2026-09-29T06:40:09Z [46,858ms] [Warning] [omni.physx.tensors.plugin] Failed to find contact report API at '/World/envs/env_880/robot_b/joints/imu'
2026-09-29T06:40:09Z [46,858ms] [Warning] [omni.physx.tensors.plugin] Failed to find contact report API at '/World/envs/env_881/robot_b/joints/imu'
2026-09-29T06:40:09Z [46,858ms] [Warning] [omni.physx.tensors.plugin] Failed to find contact report API at '/World/envs/env_882/robot_b/joints/imu'
2026-09-29T06:40:09Z [46,858ms] [Warning] [omni.physx.tensors.plugin] Failed to find contact report API at '/World/envs/env_883/robot_b/joints/imu'
2026-09-29T06:40:09Z [46,858ms] [Warning] [omni.physx.tensors.plugin] Failed to find contact report API at '/World/envs/env_884/robot_b/joints/imu'
2026-09-29T06:40:09Z [46,858ms] [Warning] [omni.physx.tensors.plugin] Failed to find contact report API at '/World/envs/env_885/robot_b/joints/imu'
2026-09-29T06:40:09Z [46,858ms] [Warning] [omni.physx.tensors.plugin] Failed to find contact report API at '/World/envs/env_886/robot_b/joints/imu'
2026-09-29T06:40:09Z [46,858ms] [Warning] [omni.physx.tensors.plugin] Failed to find contact report API at '/World/envs/env_887/robot_b/joints/imu'
2026-09-29T06:40:09Z [46,858ms] [Warning] [omni.physx.tensors.plugin] Failed to find contact report API at '/World/envs/env_888/robot_b/joints/imu'
2026-09-29T06:40:09Z [46,858ms] [Warning] [omni.physx.tensors.plugin] Failed to find contact report API at '/World/envs/env_889/robot_b/joints/imu'
2026-09-29T06:40:09Z [46,859ms] [Warning] [omni.physx.tensors.plugin] Failed to find contact report API at '/World/envs/env_890/robot_b/joints/imu'
2026-09-29T06:40:09Z [46,859ms] [Warning] [omni.physx.tensors.plugin] Failed to find contact report API at '/World/envs/env_891/robot_b/joints/imu'
2026-09-29T06:40:09Z [46,859ms] [Warning] [omni.physx.tensors.plugin] Failed to find contact report API at '/World/envs/env_892/robot_b/joints/imu'
2026-09-29T06:40:09Z [46,859ms] [Warning] [omni.physx.tensors.plugin] Failed to find contact report API at '/World/envs/env_893/robot_b/joints/imu'
2026-09-29T06:40:09Z [46,859ms] [Warning] [omni.physx.tensors.plugin] Failed to find contact report API at '/World/envs/env_894/robot_b/joints/imu'
2026-09-29T06:40:09Z [46,859ms] [Warning] [omni.physx.tensors.plugin] Failed to find contact report API at '/World/envs/env_895/robot_b/joints/imu'
2026-09-29T06:40:09Z [46,859ms] [Warning] [omni.physx.tensors.plugin] Failed to find contact report API at '/World/envs/env_896/robot_b/joints/imu'
2026-09-29T06:40:09Z [46,859ms] [Warning] [omni.physx.tensors.plugin] Failed to find contact report API at '/World/envs/env_897/robot_b/joints/imu'
2026-09-29T06:40:09Z [46,859ms] [Warning] [omni.physx.tensors.plugin] Failed to find contact report API at '/World/envs/env_898/robot_b/joints/imu'
2026-09-29T06:40:09Z [46,859ms] [Warning] [omni.physx.tensors.plugin] Failed to find contact report API at '/World/envs/env_899/robot_b/joints/imu'
2026-09-29T06:40:09Z [46,859ms] [Warning] [omni.physx.tensors.plugin] Failed to find contact report API at '/World/envs/env_900/robot_b/joints/imu'
2026-09-29T06:40:09Z [46,859ms] [Warning] [omni.physx.tensors.plugin] Failed to find contact report API at '/World/envs/env_901/robot_b/joints/imu'
2026-09-29T06:40:09Z [46,859ms] [Warning] [omni.physx.tensors.plugin] Failed to find contact report API at '/World/envs/env_902/robot_b/joints/imu'
2026-09-29T06:40:09Z [46,859ms] [Warning] [omni.physx.tensors.plugin] Failed to find contact report API at '/World/envs/env_903/robot_b/joints/imu'
2026-09-29T06:40:09Z [46,859ms] [Warning] [omni.physx.tensors.plugin] Failed to find contact report API at '/World/envs/env_904/robot_b/joints/imu'
2026-09-29T06:40:09Z [46,859ms] [Warning] [omni.physx.tensors.plugin] Failed to find contact report API at '/World/envs/env_905/robot_b/joints/imu'
2026-09-29T06:40:09Z [46,859ms] [Warning] [omni.physx.tensors.plugin] Failed to find contact report API at '/World/envs/env_906/robot_b/joints/imu'
2026-09-29T06:40:09Z [46,859ms] [Warning] [omni.physx.tensors.plugin] Failed to find contact report API at '/World/envs/env_907/robot_b/joints/imu'
2026-09-29T06:40:09Z [46,859ms] [Warning] [omni.physx.tensors.plugin] Failed to find contact report API at '/World/envs/env_908/robot_b/joints/imu'
2026-09-29T06:40:09Z [46,859ms] [Warning] [omni.physx.tensors.plugin] Failed to find contact report API at '/World/envs/env_909/robot_b/joints/imu'
2026-09-29T06:40:09Z [46,859ms] [Warning] [omni.physx.tensors.plugin] Failed to find contact report API at '/World/envs/env_910/robot_b/joints/imu'
2026-09-29T06:40:09Z [46,859ms] [Warning] [omni.physx.tensors.plugin] Failed to find contact report API at '/World/envs/env_911/robot_b/joints/imu'
2026-09-29T06:40:09Z [46,859ms] [Warning] [omni.physx.tensors.plugin] Failed to find contact report API at '/World/envs/env_912/robot_b/joints/imu'
2026-09-29T06:40:09Z [46,859ms] [Warning] [omni.physx.tensors.plugin] Failed to find contact report API at '/World/envs/env_913/robot_b/joints/imu'
2026-09-29T06:40:09Z [46,859ms] [Warning] [omni.physx.tensors.plugin] Failed to find contact report API at '/World/envs/env_914/robot_b/joints/imu'
2026-09-29T06:40:09Z [46,859ms] [Warning] [omni.physx.tensors.plugin] Failed to find contact report API at '/World/envs/env_915/robot_b/joints/imu'
2026-09-29T06:40:09Z [46,859ms] [Warning] [omni.physx.tensors.plugin] Failed to find contact report API at '/World/envs/env_916/robot_b/joints/imu'
2026-09-29T06:40:09Z [46,859ms] [Warning] [omni.physx.tensors.plugin] Failed to find contact report API at '/World/envs/env_917/robot_b/joints/imu'
2026-09-29T06:40:09Z [46,859ms] [Warning] [omni.physx.tensors.plugin] Failed to find contact report API at '/World/envs/env_918/robot_b/joints/imu'
2026-09-29T06:40:09Z [46,859ms] [Warning] [omni.physx.tensors.plugin] Failed to find contact report API at '/World/envs/env_919/robot_b/joints/imu'
2026-09-29T06:40:09Z [46,859ms] [Warning] [omni.physx.tensors.plugin] Failed to find contact report API at '/World/envs/env_920/robot_b/joints/imu'
2026-09-29T06:40:09Z [46,859ms] [Warning] [omni.physx.tensors.plugin] Failed to find contact report API at '/World/envs/env_921/robot_b/joints/imu'
2026-09-29T06:40:09Z [46,860ms] [Warning] [omni.physx.tensors.plugin] Failed to find contact report API at '/World/envs/env_922/robot_b/joints/imu'
2026-09-29T06:40:09Z [46,860ms] [Warning] [omni.physx.tensors.plugin] Failed to find contact report API at '/World/envs/env_923/robot_b/joints/imu'
2026-09-29T06:40:09Z [46,860ms] [Warning] [omni.physx.tensors.plugin] Failed to find contact report API at '/World/envs/env_924/robot_b/joints/imu'
2026-09-29T06:40:09Z [46,860ms] [Warning] [omni.physx.tensors.plugin] Failed to find contact report API at '/World/envs/env_925/robot_b/joints/imu'
2026-09-29T06:40:09Z [46,860ms] [Warning] [omni.physx.tensors.plugin] Failed to find contact report API at '/World/envs/env_926/robot_b/joints/imu'
2026-09-29T06:40:09Z [46,860ms] [Warning] [omni.physx.tensors.plugin] Failed to find contact report API at '/World/envs/env_927/robot_b/joints/imu'
2026-09-29T06:40:09Z [46,860ms] [Warning] [omni.physx.tensors.plugin] Failed to find contact report API at '/World/envs/env_928/robot_b/joints/imu'
2026-09-29T06:40:09Z [46,860ms] [Warning] [omni.physx.tensors.plugin] Failed to find contact report API at '/World/envs/env_929/robot_b/joints/imu'
2026-09-29T06:40:09Z [46,860ms] [Warning] [omni.physx.tensors.plugin] Failed to find contact report API at '/World/envs/env_930/robot_b/joints/imu'
2026-09-29T06:40:09Z [46,860ms] [Warning] [omni.physx.tensors.plugin] Failed to find contact report API at '/World/envs/env_931/robot_b/joints/imu'
2026-09-29T06:40:09Z [46,860ms] [Warning] [omni.physx.tensors.plugin] Failed to find contact report API at '/World/envs/env_932/robot_b/joints/imu'
2026-09-29T06:40:09Z [46,860ms] [Warning] [omni.physx.tensors.plugin] Failed to find contact report API at '/World/envs/env_933/robot_b/joints/imu'
2026-09-29T06:40:09Z [46,860ms] [Warning] [omni.physx.tensors.plugin] Failed to find contact report API at '/World/envs/env_934/robot_b/joints/imu'
2026-09-29T06:40:09Z [46,860ms] [Warning] [omni.physx.tensors.plugin] Failed to find contact report API at '/World/envs/env_935/robot_b/joints/imu'
2026-09-29T06:40:09Z [46,860ms] [Warning] [omni.physx.tensors.plugin] Failed to find contact report API at '/World/envs/env_936/robot_b/joints/imu'
2026-09-29T06:40:09Z [46,860ms] [Warning] [omni.physx.tensors.plugin] Failed to find contact report API at '/World/envs/env_937/robot_b/joints/imu'
2026-09-29T06:40:09Z [46,860ms] [Warning] [omni.physx.tensors.plugin] Failed to find contact report API at '/World/envs/env_938/robot_b/joints/imu'
2026-09-29T06:40:09Z [46,860ms] [Warning] [omni.physx.tensors.plugin] Failed to find contact report API at '/World/envs/env_939/robot_b/joints/imu'
2026-09-29T06:40:09Z [46,860ms] [Warning] [omni.physx.tensors.plugin] Failed to find contact report API at '/World/envs/env_940/robot_b/joints/imu'
2026-09-29T06:40:09Z [46,860ms] [Warning] [omni.physx.tensors.plugin] Failed to find contact report API at '/World/envs/env_941/robot_b/joints/imu'
2026-09-29T06:40:09Z [46,860ms] [Warning] [omni.physx.tensors.plugin] Failed to find contact report API at '/World/envs/env_942/robot_b/joints/imu'
2026-09-29T06:40:09Z [46,860ms] [Warning] [omni.physx.tensors.plugin] Failed to find contact report API at '/World/envs/env_943/robot_b/joints/imu'
2026-09-29T06:40:09Z [46,860ms] [Warning] [omni.physx.tensors.plugin] Failed to find contact report API at '/World/envs/env_944/robot_b/joints/imu'
2026-09-29T06:40:09Z [46,860ms] [Warning] [omni.physx.tensors.plugin] Failed to find contact report API at '/World/envs/env_945/robot_b/joints/imu'
2026-09-29T06:40:09Z [46,860ms] [Warning] [omni.physx.tensors.plugin] Failed to find contact report API at '/World/envs/env_946/robot_b/joints/imu'
2026-09-29T06:40:09Z [46,860ms] [Warning] [omni.physx.tensors.plugin] Failed to find contact report API at '/World/envs/env_947/robot_b/joints/imu'
2026-09-29T06:40:09Z [46,860ms] [Warning] [omni.physx.tensors.plugin] Failed to find contact report API at '/World/envs/env_948/robot_b/joints/imu'
2026-09-29T06:40:09Z [46,860ms] [Warning] [omni.physx.tensors.plugin] Failed to find contact report API at '/World/envs/env_949/robot_b/joints/imu'
2026-09-29T06:40:09Z [46,860ms] [Warning] [omni.physx.tensors.plugin] Failed to find contact report API at '/World/envs/env_950/robot_b/joints/imu'
2026-09-29T06:40:09Z [46,860ms] [Warning] [omni.physx.tensors.plugin] Failed to find contact report API at '/World/envs/env_951/robot_b/joints/imu'
2026-09-29T06:40:09Z [46,861ms] [Warning] [omni.physx.tensors.plugin] Failed to find contact report API at '/World/envs/env_952/robot_b/joints/imu'
2026-09-29T06:40:09Z [46,861ms] [Warning] [omni.physx.tensors.plugin] Failed to find contact report API at '/World/envs/env_953/robot_b/joints/imu'
2026-09-29T06:40:09Z [46,861ms] [Warning] [omni.physx.tensors.plugin] Failed to find contact report API at '/World/envs/env_954/robot_b/joints/imu'
2026-09-29T06:40:09Z [46,861ms] [Warning] [omni.physx.tensors.plugin] Failed to find contact report API at '/World/envs/env_955/robot_b/joints/imu'
2026-09-29T06:40:09Z [46,861ms] [Warning] [omni.physx.tensors.plugin] Failed to find contact report API at '/World/envs/env_956/robot_b/joints/imu'
2026-09-29T06:40:09Z [46,861ms] [Warning] [omni.physx.tensors.plugin] Failed to find contact report API at '/World/envs/env_957/robot_b/joints/imu'
2026-09-29T06:40:09Z [46,861ms] [Warning] [omni.physx.tensors.plugin] Failed to find contact report API at '/World/envs/env_958/robot_b/joints/imu'
2026-09-29T06:40:09Z [46,861ms] [Warning] [omni.physx.tensors.plugin] Failed to find contact report API at '/World/envs/env_959/robot_b/joints/imu'
2026-09-29T06:40:09Z [46,861ms] [Warning] [omni.physx.tensors.plugin] Failed to find contact report API at '/World/envs/env_960/robot_b/joints/imu'
2026-09-29T06:40:09Z [46,861ms] [Warning] [omni.physx.tensors.plugin] Failed to find contact report API at '/World/envs/env_961/robot_b/joints/imu'
2026-09-29T06:40:09Z [46,861ms] [Warning] [omni.physx.tensors.plugin] Failed to find contact report API at '/World/envs/env_962/robot_b/joints/imu'
2026-09-29T06:40:09Z [46,861ms] [Warning] [omni.physx.tensors.plugin] Failed to find contact report API at '/World/envs/env_963/robot_b/joints/imu'
2026-09-29T06:40:09Z [46,861ms] [Warning] [omni.physx.tensors.plugin] Failed to find contact report API at '/World/envs/env_964/robot_b/joints/imu'
2026-09-29T06:40:09Z [46,861ms] [Warning] [omni.physx.tensors.plugin] Failed to find contact report API at '/World/envs/env_965/robot_b/joints/imu'
2026-09-29T06:40:09Z [46,861ms] [Warning] [omni.physx.tensors.plugin] Failed to find contact report API at '/World/envs/env_966/robot_b/joints/imu'
2026-09-29T06:40:09Z [46,861ms] [Warning] [omni.physx.tensors.plugin] Failed to find contact report API at '/World/envs/env_967/robot_b/joints/imu'
2026-09-29T06:40:09Z [46,861ms] [Warning] [omni.physx.tensors.plugin] Failed to find contact report API at '/World/envs/env_968/robot_b/joints/imu'
2026-09-29T06:40:09Z [46,861ms] [Warning] [omni.physx.tensors.plugin] Failed to find contact report API at '/World/envs/env_969/robot_b/joints/imu'
2026-09-29T06:40:09Z [46,861ms] [Warning] [omni.physx.tensors.plugin] Failed to find contact report API at '/World/envs/env_970/robot_b/joints/imu'
2026-09-29T06:40:09Z [46,861ms] [Warning] [omni.physx.tensors.plugin] Failed to find contact report API at '/World/envs/env_971/robot_b/joints/imu'
2026-09-29T06:40:09Z [46,861ms] [Warning] [omni.physx.tensors.plugin] Failed to find contact report API at '/World/envs/env_972/robot_b/joints/imu'
2026-09-29T06:40:09Z [46,861ms] [Warning] [omni.physx.tensors.plugin] Failed to find contact report API at '/World/envs/env_973/robot_b/joints/imu'
2026-09-29T06:40:09Z [46,861ms] [Warning] [omni.physx.tensors.plugin] Failed to find contact report API at '/World/envs/env_974/robot_b/joints/imu'
2026-09-29T06:40:09Z [46,861ms] [Warning] [omni.physx.tensors.plugin] Failed to find contact report API at '/World/envs/env_975/robot_b/joints/imu'
2026-09-29T06:40:09Z [46,861ms] [Warning] [omni.physx.tensors.plugin] Failed to find contact report API at '/World/envs/env_976/robot_b/joints/imu'
2026-09-29T06:40:09Z [46,861ms] [Warning] [omni.physx.tensors.plugin] Failed to find contact report API at '/World/envs/env_977/robot_b/joints/imu'
2026-09-29T06:40:09Z [46,861ms] [Warning] [omni.physx.tensors.plugin] Failed to find contact report API at '/World/envs/env_978/robot_b/joints/imu'
2026-09-29T06:40:09Z [46,861ms] [Warning] [omni.physx.tensors.plugin] Failed to find contact report API at '/World/envs/env_979/robot_b/joints/imu'
2026-09-29T06:40:09Z [46,861ms] [Warning] [omni.physx.tensors.plugin] Failed to find contact report API at '/World/envs/env_980/robot_b/joints/imu'
2026-09-29T06:40:09Z [46,862ms] [Warning] [omni.physx.tensors.plugin] Failed to find contact report API at '/World/envs/env_981/robot_b/joints/imu'
2026-09-29T06:40:09Z [46,862ms] [Warning] [omni.physx.tensors.plugin] Failed to find contact report API at '/World/envs/env_982/robot_b/joints/imu'
2026-09-29T06:40:09Z [46,862ms] [Warning] [omni.physx.tensors.plugin] Failed to find contact report API at '/World/envs/env_983/robot_b/joints/imu'
2026-09-29T06:40:09Z [46,862ms] [Warning] [omni.physx.tensors.plugin] Failed to find contact report API at '/World/envs/env_984/robot_b/joints/imu'
2026-09-29T06:40:09Z [46,862ms] [Warning] [omni.physx.tensors.plugin] Failed to find contact report API at '/World/envs/env_985/robot_b/joints/imu'
2026-09-29T06:40:09Z [46,862ms] [Warning] [omni.physx.tensors.plugin] Failed to find contact report API at '/World/envs/env_986/robot_b/joints/imu'
2026-09-29T06:40:09Z [46,862ms] [Warning] [omni.physx.tensors.plugin] Failed to find contact report API at '/World/envs/env_987/robot_b/joints/imu'
2026-09-29T06:40:09Z [46,862ms] [Warning] [omni.physx.tensors.plugin] Failed to find contact report API at '/World/envs/env_988/robot_b/joints/imu'
2026-09-29T06:40:09Z [46,862ms] [Warning] [omni.physx.tensors.plugin] Failed to find contact report API at '/World/envs/env_989/robot_b/joints/imu'
2026-09-29T06:40:09Z [46,862ms] [Warning] [omni.physx.tensors.plugin] Failed to find contact report API at '/World/envs/env_990/robot_b/joints/imu'
2026-09-29T06:40:09Z [46,862ms] [Warning] [omni.physx.tensors.plugin] Failed to find contact report API at '/World/envs/env_991/robot_b/joints/imu'
2026-09-29T06:40:09Z [46,862ms] [Warning] [omni.physx.tensors.plugin] Failed to find contact report API at '/World/envs/env_992/robot_b/joints/imu'
2026-09-29T06:40:09Z [46,862ms] [Warning] [omni.physx.tensors.plugin] Failed to find contact report API at '/World/envs/env_993/robot_b/joints/imu'
2026-09-29T06:40:09Z [46,862ms] [Warning] [omni.physx.tensors.plugin] Failed to find contact report API at '/World/envs/env_994/robot_b/joints/imu'
2026-09-29T06:40:09Z [46,862ms] [Warning] [omni.physx.tensors.plugin] Failed to find contact report API at '/World/envs/env_995/robot_b/joints/imu'
2026-09-29T06:40:09Z [46,862ms] [Warning] [omni.physx.tensors.plugin] Failed to find contact report API at '/World/envs/env_996/robot_b/joints/imu'
2026-09-29T06:40:09Z [46,862ms] [Warning] [omni.physx.tensors.plugin] Failed to find contact report API at '/World/envs/env_997/robot_b/joints/imu'
2026-09-29T06:40:09Z [46,862ms] [Warning] [omni.physx.tensors.plugin] Failed to find contact report API at '/World/envs/env_998/robot_b/joints/imu'
2026-09-29T06:40:09Z [46,862ms] [Warning] [omni.physx.tensors.plugin] Failed to find contact report API at '/World/envs/env_999/robot_b/joints/imu'
2026-09-29T06:40:09Z [46,862ms] [Warning] [omni.physx.tensors.plugin] Failed to find contact report API at '/World/envs/env_1000/robot_b/joints/imu'
2026-09-29T06:40:09Z [46,862ms] [Warning] [omni.physx.tensors.plugin] Failed to find contact report API at '/World/envs/env_1001/robot_b/joints/imu'
2026-09-29T06:40:09Z [46,862ms] [Warning] [omni.physx.tensors.plugin] Failed to find contact report API at '/World/envs/env_1002/robot_b/joints/imu'
2026-09-29T06:40:09Z [46,862ms] [Warning] [omni.physx.tensors.plugin] Failed to find contact report API at '/World/envs/env_1003/robot_b/joints/imu'
2026-09-29T06:40:09Z [46,862ms] [Warning] [omni.physx.tensors.plugin] Failed to find contact report API at '/World/envs/env_1004/robot_b/joints/imu'
2026-09-29T06:40:09Z [46,862ms] [Warning] [omni.physx.tensors.plugin] Failed to find contact report API at '/World/envs/env_1005/robot_b/joints/imu'
2026-09-29T06:40:09Z [46,862ms] [Warning] [omni.physx.tensors.plugin] Failed to find contact report API at '/World/envs/env_1006/robot_b/joints/imu'
2026-09-29T06:40:09Z [46,862ms] [Warning] [omni.physx.tensors.plugin] Failed to find contact report API at '/World/envs/env_1007/robot_b/joints/imu'
[INFO]: Time taken for simulation start Last: 32.407451 s, Mean: 32.407451 s, Std: 0.000000 s, N: 1
[INFO] Command Manager:  <CommandManager> contains 0 active terms.
+------------------------+
|  Active Command Terms  |
+--------+-------+-------+
| Index  | Name  |  Type |
+--------+-------+-------+
+--------+-------+-------+

[INFO] Event Manager:  <EventManager> contains 1 active terms.
+-----------------------------------+
| Active Event Terms in Mode: 'reset' |
+----------+------------------------+
|  Index   | Name                   |
+----------+------------------------+
|    0     | reset_joints_a         |
|    1     | reset_joints_b         |
|    2     | reset_root_a           |
|    3     | reset_root_b           |
|    4     | reset_object           |
+----------+------------------------+

[INFO] Recorder Manager:  <RecorderManager> contains 0 active terms.
+---------------------+
| Active Recorder Terms |
+-----------+---------+
|   Index   | Name    |
+-----------+---------+
+-----------+---------+

[INFO]: Resolved joint names for the action term JointPositionAction: ['arm_left_shoulder_pitch_joint', 'arm_left_shoulder_roll_joint', 'arm_left_shoulder_yaw_joint', 'arm_left_elbow_pitch_joint', 'arm_left_elbow_roll_joint', 'arm_right_shoulder_pitch_joint', 'arm_right_shoulder_roll_joint', 'arm_right_shoulder_yaw_joint', 'arm_right_elbow_pitch_joint', 'arm_right_elbow_roll_joint', 'leg_left_hip_roll_joint', 'leg_left_hip_yaw_joint', 'leg_left_hip_pitch_joint', 'leg_left_knee_pitch_joint', 'leg_left_ankle_pitch_joint', 'leg_left_ankle_roll_joint', 'leg_right_hip_roll_joint', 'leg_right_hip_yaw_joint', 'leg_right_hip_pitch_joint', 'leg_right_knee_pitch_joint', 'leg_right_ankle_pitch_joint', 'leg_right_ankle_roll_joint'] [[0, 4, 8, 12, 16, 1, 5, 9, 13, 17, 2, 6, 10, 14, 18, 20, 3, 7, 11, 15, 19, 21]]
[INFO]: Resolved joint names for the action term JointPositionAction: ['arm_left_shoulder_pitch_joint', 'arm_left_shoulder_roll_joint', 'arm_left_shoulder_yaw_joint', 'arm_left_elbow_pitch_joint', 'arm_left_elbow_roll_joint', 'arm_right_shoulder_pitch_joint', 'arm_right_shoulder_roll_joint', 'arm_right_shoulder_yaw_joint', 'arm_right_elbow_pitch_joint', 'arm_right_elbow_roll_joint', 'leg_left_hip_roll_joint', 'leg_left_hip_yaw_joint', 'leg_left_hip_pitch_joint', 'leg_left_knee_pitch_joint', 'leg_left_ankle_pitch_joint', 'leg_left_ankle_roll_joint', 'leg_right_hip_roll_joint', 'leg_right_hip_yaw_joint', 'leg_right_hip_pitch_joint', 'leg_right_knee_pitch_joint', 'leg_right_ankle_pitch_joint', 'leg_right_ankle_roll_joint'] [[0, 4, 8, 12, 16, 1, 5, 9, 13, 17, 2, 6, 10, 14, 18, 20, 3, 7, 11, 15, 19, 21]]
/nfs/hpc/share/sanchej7/Humanoid_Lite/venv-isaac60/lib/python3.12/site-packages/rsl_rl/utils/utils.py:251: UserWarning: The observation configuration dictionary 'obs_groups' does not contain the 'actor' key. As an observation group with the name 'policy' was found, this is assumed to be the appropriate observation. Consider adding the 'actor' key to the 'obs_groups' dictionary for clarity. This behavior will be removed in a future version.
  warnings.warn(
[INFO] Action Manager:  <ActionManager> contains 2 active terms.
+------------------------------------+
|  Active Action Terms (shape: 44)   |
+--------+--------------+------------+
| Index  | Name         |  Dimension |
+--------+--------------+------------+
|   0    | joint_pos_a  |         22 |
|   1    | joint_pos_b  |         22 |
+--------+--------------+------------+

[INFO] Observation Manager: <ObservationManager> contains 2 groups.
+-----------------------------------------------------------+
| Active Observation Terms in Group: 'policy' (shape: (194,)) |
+-----------+-----------------------------------+-----------+
|   Index   | Name                              |   Shape   |
+-----------+-----------------------------------+-----------+
|     0     | projected_gravity_a               |    (3,)   |
|     1     | projected_gravity_b               |    (3,)   |
|     2     | base_ang_vel_a                    |    (3,)   |
|     3     | base_ang_vel_b                    |    (3,)   |
|     4     | joint_pos_a                       |   (22,)   |
|     5     | joint_pos_b                       |   (22,)   |
|     6     | joint_vel_a                       |   (22,)   |
|     7     | joint_vel_b                       |   (22,)   |
|     8     | object_pos_a                      |    (3,)   |
|     9     | object_pos_b                      |    (3,)   |
|     10    | track_err_a                       |   (22,)   |
|     11    | track_err_b                       |   (22,)   |
|     12    | actions                           |   (44,)   |
+-----------+-----------------------------------+-----------+
+-----------------------------------------------------------+
| Active Observation Terms in Group: 'critic' (shape: (206,)) |
+-----------+-----------------------------------+-----------+
|   Index   | Name                              |   Shape   |
+-----------+-----------------------------------+-----------+
|     0     | projected_gravity_a               |    (3,)   |
|     1     | projected_gravity_b               |    (3,)   |
|     2     | base_ang_vel_a                    |    (3,)   |
|     3     | base_ang_vel_b                    |    (3,)   |
|     4     | joint_pos_a                       |   (22,)   |
|     5     | joint_pos_b                       |   (22,)   |
|     6     | joint_vel_a                       |   (22,)   |
|     7     | joint_vel_b                       |   (22,)   |
|     8     | object_pos_a                      |    (3,)   |
|     9     | object_pos_b                      |    (3,)   |
|     10    | track_err_a                       |   (22,)   |
|     11    | track_err_b                       |   (22,)   |
|     12    | actions                           |   (44,)   |
|     13    | base_lin_vel_a                    |    (3,)   |
|     14    | base_lin_vel_b                    |    (3,)   |
|     15    | object_lin_vel                    |    (3,)   |
|     16    | object_ang_vel                    |    (3,)   |
+-----------+-----------------------------------+-----------+

[INFO] Termination Manager:  <TerminationManager> contains 3 active terms.
+-----------------------------+
|   Active Termination Terms  |
+-------+----------+----------+
| Index | Name     | Time Out |
+-------+----------+----------+
|   0   | time_out |   True   |
|   1   | fallen   |  False   |
|   2   | success  |  False   |
+-------+----------+----------+

[INFO] Reward Manager:  <RewardManager> contains 18 active terms.
+--------------------------------------+
|         Active Reward Terms          |
+-------+---------------------+--------+
| Index | Name                | Weight |
+-------+---------------------+--------+
|   0   | reaching_coarse     |    1.0 |
|   1   | reaching_fine       |    1.0 |
|   2   | opposing_clamp      |    1.5 |
|   3   | lift_progress       |    2.0 |
|   4   | lifting_object      |   15.0 |
|   5   | object_vel          |  -0.05 |
|   6   | object_tilt         |   -1.5 |
|   7   | still_alive         |    1.0 |
|   8   | flat_a              |   -1.0 |
|   9   | flat_b              |   -1.0 |
|   10  | torques_a           | -2e-05 |
|   11  | torques_b           | -2e-05 |
|   12  | base_contact_a      |   -1.0 |
|   13  | base_contact_b      |   -1.0 |
|   14  | placed              | 5000.0 |
|   15  | fall_penalty        | -500.0 |
|   16  | deck_progress       |    3.0 |
|   17  | action_rate_clipped |  -0.01 |
+-------+---------------------+--------+

[INFO] Curriculum Manager:  <CurriculumManager> contains 10 active terms.
+--------------------------+
| Active Curriculum Terms  |
+-------+------------------+
| Index | Name             |
+-------+------------------+
|   0   | lift_height      |
|   1   | stage_lift       |
|   2   | base_height      |
|   3   | upright_gate     |
|   4   | fell_a           |
|   5   | fell_b           |
|   6   | over_deck        |
|   7   | cube_abs_x       |
|   8   | cube_tilted      |
|   9   | tipped_over_deck |
+-------+------------------+

[INFO]: Completed setting up the environment...
--------------------------------------------------------------------------------
Resolved observation sets: 
	 policy :  ['policy']
	 critic :  ['critic']
	 actor :  ['policy']
--------------------------------------------------------------------------------
Actor Model: MLPModel(
  (obs_normalizer): Identity()
  (distribution): GaussianDistribution()
  (mlp): MLP(
    (0): Linear(in_features=194, out_features=256, bias=True)
    (1): ELU(alpha=1.0)
    (2): Linear(in_features=256, out_features=256, bias=True)
    (3): ELU(alpha=1.0)
    (4): Linear(in_features=256, out_features=128, bias=True)
    (5): ELU(alpha=1.0)
    (6): Linear(in_features=128, out_features=44, bias=True)
  )
)
Critic Model: MLPModel(
  (obs_normalizer): Identity()
  (mlp): MLP(
    (0): Linear(in_features=206, out_features=256, bias=True)
    (1): ELU(alpha=1.0)
    (2): Linear(in_features=256, out_features=256, bias=True)
    (3): ELU(alpha=1.0)
    (4): Linear(in_features=256, out_features=128, bias=True)
    (5): ELU(alpha=1.0)
    (6): Linear(in_features=128, out_features=1, bias=True)
  )
)
Could not find git repository in /nfs/hpc/share/sanchej7/Humanoid_Lite/venv-isaac60/lib/python3.12/site-packages/rsl_rl/__init__.py. Skipping.
Storing git diff for 'bhl-robustness-ladder' in: /nfs/hpc/share/sanchej7/Humanoid_Lite/bhl-robustness-ladder/external/Berkeley-Humanoid-Lite/logs/rsl_rl/task_v2/2026-09-28_23-39-39_quatfix-smoke-stand3-blind-s100-j21463685/git/bhl-robustness-ladder.diff
################################################################################
[1m                            Learning iteration 0/20                             [0m 

                               Run name: quatfix-smoke-stand3-blind-s100-j21463685
                            Total steps: 24576 
                       Steps per second: 3867 
                        Collection time: 5.908s 
                          Learning time: 0.447s 
                        Mean value loss: 5.6226
                    Mean surrogate loss: -0.0118
                      Mean entropy loss: 62.4323
                            Mean reward: -9.76
                    Mean episode length: 16.84
                        Mean action std: 1.00
         Episode_Reward/reaching_coarse: 0.0123
           Episode_Reward/reaching_fine: 0.0037
          Episode_Reward/opposing_clamp: 0.0051
           Episode_Reward/lift_progress: 0.0000
          Episode_Reward/lifting_object: 0.0000
              Episode_Reward/object_vel: -0.0000
             Episode_Reward/object_tilt: -0.0000
             Episode_Reward/still_alive: 0.0244
                  Episode_Reward/flat_a: -0.0013
                  Episode_Reward/flat_b: -0.0013
               Episode_Reward/torques_a: -0.0001
               Episode_Reward/torques_b: -0.0001
          Episode_Reward/base_contact_a: -0.0004
          Episode_Reward/base_contact_b: -0.0006
                  Episode_Reward/placed: 0.0000
            Episode_Reward/fall_penalty: -0.2290
           Episode_Reward/deck_progress: 0.0045
     Episode_Reward/action_rate_clipped: -0.0216
                 Curriculum/lift_height: 0.0400
                  Curriculum/stage_lift: 1.0000
                 Curriculum/base_height: -0.0427
                Curriculum/upright_gate: 0.6199
                      Curriculum/fell_a: 0.1335
                      Curriculum/fell_b: 0.0955
                   Curriculum/over_deck: 0.0000
                  Curriculum/cube_abs_x: 0.0075
                 Curriculum/cube_tilted: 0.0001
            Curriculum/tipped_over_deck: 0.0000
           Episode_Termination/time_out: 0.0224
             Episode_Termination/fallen: 0.0045
            Episode_Termination/success: 0.0000
--------------------------------------------------------------------------------
                         Iteration time: 6.35s
                           Time elapsed: 00:00:06
                                    ETA: 00:02:00

################################################################################
[1m                            Learning iteration 1/20                             [0m 

                               Run name: quatfix-smoke-stand3-blind-s100-j21463685
                            Total steps: 49152 
                       Steps per second: 6234 
                        Collection time: 3.849s 
                          Learning time: 0.093s 
                        Mean value loss: 58.1255
                    Mean surrogate loss: -0.0169
                      Mean entropy loss: 62.4310
                            Mean reward: -19.65
                    Mean episode length: 44.26
                        Mean action std: 1.00
         Episode_Reward/reaching_coarse: 0.0205
           Episode_Reward/reaching_fine: 0.0066
          Episode_Reward/opposing_clamp: 0.0087
           Episode_Reward/lift_progress: 0.0001
          Episode_Reward/lifting_object: 0.0000
              Episode_Reward/object_vel: -0.0001
             Episode_Reward/object_tilt: -0.0005
             Episode_Reward/still_alive: 0.0702
                  Episode_Reward/flat_a: -0.0091
                  Episode_Reward/flat_b: -0.0091
               Episode_Reward/torques_a: -0.0002
               Episode_Reward/torques_b: -0.0002
          Episode_Reward/base_contact_a: -0.0129
          Episode_Reward/base_contact_b: -0.0138
                  Episode_Reward/placed: 0.0000
            Episode_Reward/fall_penalty: -0.9542
           Episode_Reward/deck_progress: 0.0074
     Episode_Reward/action_rate_clipped: -0.0631
                 Curriculum/lift_height: 0.0400
                  Curriculum/stage_lift: 1.0000
                 Curriculum/base_height: -0.0392
                Curriculum/upright_gate: 0.3225
                      Curriculum/fell_a: 0.5014
                      Curriculum/fell_b: 0.4677
                   Curriculum/over_deck: 0.0075
                  Curriculum/cube_abs_x: 0.0179
                 Curriculum/cube_tilted: 0.0250
            Curriculum/tipped_over_deck: 0.0075
           Episode_Termination/time_out: 0.0520
             Episode_Termination/fallen: 0.3558
            Episode_Termination/success: 0.0000
--------------------------------------------------------------------------------
                         Iteration time: 3.94s
                           Time elapsed: 00:00:10
                                    ETA: 00:01:32

################################################################################
[1m                            Learning iteration 2/20                             [0m 

                               Run name: quatfix-smoke-stand3-blind-s100-j21463685
                            Total steps: 73728 
                       Steps per second: 6068 
                        Collection time: 3.957s 
                          Learning time: 0.092s 
                        Mean value loss: 44.2925
                    Mean surrogate loss: -0.0199
                      Mean entropy loss: 62.4279
                            Mean reward: -20.24
                    Mean episode length: 44.63
                        Mean action std: 1.00
         Episode_Reward/reaching_coarse: 0.0219
           Episode_Reward/reaching_fine: 0.0074
          Episode_Reward/opposing_clamp: 0.0094
           Episode_Reward/lift_progress: 0.0002
          Episode_Reward/lifting_object: 0.0000
              Episode_Reward/object_vel: -0.0002
             Episode_Reward/object_tilt: -0.0006
             Episode_Reward/still_alive: 0.0867
                  Episode_Reward/flat_a: -0.0119
                  Episode_Reward/flat_b: -0.0124
               Episode_Reward/torques_a: -0.0003
               Episode_Reward/torques_b: -0.0003
          Episode_Reward/base_contact_a: -0.0224
          Episode_Reward/base_contact_b: -0.0220
                  Episode_Reward/placed: 0.0000
            Episode_Reward/fall_penalty: -0.9803
           Episode_Reward/deck_progress: 0.0078
     Episode_Reward/action_rate_clipped: -0.0778
                 Curriculum/lift_height: 0.0400
                  Curriculum/stage_lift: 1.0000
                 Curriculum/base_height: -0.0393
                Curriculum/upright_gate: 0.3146
                      Curriculum/fell_a: 0.5046
                      Curriculum/fell_b: 0.4852
                   Curriculum/over_deck: 0.0061
                  Curriculum/cube_abs_x: 0.0166
                 Curriculum/cube_tilted: 0.0203
            Curriculum/tipped_over_deck: 0.0061
           Episode_Termination/time_out: 0.0497
             Episode_Termination/fallen: 0.7406
            Episode_Termination/success: 0.0000
--------------------------------------------------------------------------------
                         Iteration time: 4.05s
                           Time elapsed: 00:00:14
                                    ETA: 00:01:21

################################################################################
[1m                            Learning iteration 3/20                             [0m 

                               Run name: quatfix-smoke-stand3-blind-s100-j21463685
                            Total steps: 98304 
                       Steps per second: 6112 
                        Collection time: 3.929s 
                          Learning time: 0.092s 
                        Mean value loss: 44.7411
                    Mean surrogate loss: -0.0171
                      Mean entropy loss: 62.4299
                            Mean reward: -20.48
                    Mean episode length: 49.53
                        Mean action std: 1.00
         Episode_Reward/reaching_coarse: 0.0220
           Episode_Reward/reaching_fine: 0.0076
          Episode_Reward/opposing_clamp: 0.0096
           Episode_Reward/lift_progress: 0.0001
          Episode_Reward/lifting_object: 0.0000
              Episode_Reward/object_vel: -0.0002
             Episode_Reward/object_tilt: -0.0006
             Episode_Reward/still_alive: 0.0930
                  Episode_Reward/flat_a: -0.0138
                  Episode_Reward/flat_b: -0.0132
               Episode_Reward/torques_a: -0.0003
               Episode_Reward/torques_b: -0.0003
          Episode_Reward/base_contact_a: -0.0266
          Episode_Reward/base_contact_b: -0.0235
                  Episode_Reward/placed: 0.0000
            Episode_Reward/fall_penalty: -0.9964
           Episode_Reward/deck_progress: 0.0079
     Episode_Reward/action_rate_clipped: -0.0834
                 Curriculum/lift_height: 0.0400
                  Curriculum/stage_lift: 1.0000
                 Curriculum/base_height: -0.0398
                Curriculum/upright_gate: 0.3290
                      Curriculum/fell_a: 0.5044
                      Curriculum/fell_b: 0.5055
                   Curriculum/over_deck: 0.0052
                  Curriculum/cube_abs_x: 0.0162
                 Curriculum/cube_tilted: 0.0178
            Curriculum/tipped_over_deck: 0.0052
           Episode_Termination/time_out: 0.0296
             Episode_Termination/fallen: 0.8898
            Episode_Termination/success: 0.0000
--------------------------------------------------------------------------------
                         Iteration time: 4.02s
                           Time elapsed: 00:00:18
                                    ETA: 00:01:13

################################################################################
[1m                            Learning iteration 4/20                             [0m 

                               Run name: quatfix-smoke-stand3-blind-s100-j21463685
                            Total steps: 122880 
                       Steps per second: 6092 
                        Collection time: 3.944s 
                          Learning time: 0.090s 
                        Mean value loss: 40.1724
                    Mean surrogate loss: -0.0185
                      Mean entropy loss: 62.4362
                            Mean reward: -20.30
                    Mean episode length: 51.59
                        Mean action std: 1.00
         Episode_Reward/reaching_coarse: 0.0226
           Episode_Reward/reaching_fine: 0.0077
          Episode_Reward/opposing_clamp: 0.0097
           Episode_Reward/lift_progress: 0.0002
          Episode_Reward/lifting_object: 0.0000
              Episode_Reward/object_vel: -0.0002
             Episode_Reward/object_tilt: -0.0004
             Episode_Reward/still_alive: 0.0932
                  Episode_Reward/flat_a: -0.0131
                  Episode_Reward/flat_b: -0.0132
               Episode_Reward/torques_a: -0.0003
               Episode_Reward/torques_b: -0.0003
          Episode_Reward/base_contact_a: -0.0249
          Episode_Reward/base_contact_b: -0.0240
                  Episode_Reward/placed: 0.0000
            Episode_Reward/fall_penalty: -0.9965
           Episode_Reward/deck_progress: 0.0080
     Episode_Reward/action_rate_clipped: -0.0838
                 Curriculum/lift_height: 0.0400
                  Curriculum/stage_lift: 1.0000
                 Curriculum/base_height: -0.0403
                Curriculum/upright_gate: 0.3185
                      Curriculum/fell_a: 0.5227
                      Curriculum/fell_b: 0.4838
                   Curriculum/over_deck: 0.0048
                  Curriculum/cube_abs_x: 0.0167
                 Curriculum/cube_tilted: 0.0208
            Curriculum/tipped_over_deck: 0.0048
           Episode_Termination/time_out: 0.0169
             Episode_Termination/fallen: 0.9473
            Episode_Termination/success: 0.0000
--------------------------------------------------------------------------------
                         Iteration time: 4.03s
                           Time elapsed: 00:00:22
                                    ETA: 00:01:07

################################################################################
[1m                            Learning iteration 5/20                             [0m 

                               Run name: quatfix-smoke-stand3-blind-s100-j21463685
                            Total steps: 147456 
                       Steps per second: 5940 
                        Collection time: 4.051s 
                          Learning time: 0.086s 
                        Mean value loss: 38.5640
                    Mean surrogate loss: -0.0165
                      Mean entropy loss: 62.4496
                            Mean reward: -20.57
                    Mean episode length: 51.34
                        Mean action std: 1.00
         Episode_Reward/reaching_coarse: 0.0228
           Episode_Reward/reaching_fine: 0.0078
          Episode_Reward/opposing_clamp: 0.0098
           Episode_Reward/lift_progress: 0.0002
          Episode_Reward/lifting_object: 0.0000
              Episode_Reward/object_vel: -0.0002
             Episode_Reward/object_tilt: -0.0006
             Episode_Reward/still_alive: 0.1009
                  Episode_Reward/flat_a: -0.0150
                  Episode_Reward/flat_b: -0.0149
               Episode_Reward/torques_a: -0.0003
               Episode_Reward/torques_b: -0.0003
          Episode_Reward/base_contact_a: -0.0286
          Episode_Reward/base_contact_b: -0.0286
                  Episode_Reward/placed: 0.0000
            Episode_Reward/fall_penalty: -0.9977
           Episode_Reward/deck_progress: 0.0082
     Episode_Reward/action_rate_clipped: -0.0904
                 Curriculum/lift_height: 0.0400
                  Curriculum/stage_lift: 1.0000
                 Curriculum/base_height: -0.0403
                Curriculum/upright_gate: 0.3227
                      Curriculum/fell_a: 0.5415
                      Curriculum/fell_b: 0.4728
                   Curriculum/over_deck: 0.0054
                  Curriculum/cube_abs_x: 0.0172
                 Curriculum/cube_tilted: 0.0199
            Curriculum/tipped_over_deck: 0.0053
           Episode_Termination/time_out: 0.0072
             Episode_Termination/fallen: 0.9744
            Episode_Termination/success: 0.0000
--------------------------------------------------------------------------------
                         Iteration time: 4.14s
                           Time elapsed: 00:00:26
                                    ETA: 00:01:01

################################################################################
[1m                            Learning iteration 6/20                             [0m 

                               Run name: quatfix-smoke-stand3-blind-s100-j21463685
                            Total steps: 172032 
                       Steps per second: 5988 
                        Collection time: 4.015s 
                          Learning time: 0.089s 
                        Mean value loss: 35.6763
                    Mean surrogate loss: -0.0179
                      Mean entropy loss: 62.4664
                            Mean reward: -20.17
                    Mean episode length: 48.47
                        Mean action std: 1.00
         Episode_Reward/reaching_coarse: 0.0228
           Episode_Reward/reaching_fine: 0.0078
          Episode_Reward/opposing_clamp: 0.0098
           Episode_Reward/lift_progress: 0.0002
          Episode_Reward/lifting_object: 0.0000
              Episode_Reward/object_vel: -0.0002
             Episode_Reward/object_tilt: -0.0006
             Episode_Reward/still_alive: 0.0960
                  Episode_Reward/flat_a: -0.0136
                  Episode_Reward/flat_b: -0.0136
               Episode_Reward/torques_a: -0.0003
               Episode_Reward/torques_b: -0.0003
          Episode_Reward/base_contact_a: -0.0261
          Episode_Reward/base_contact_b: -0.0272
                  Episode_Reward/placed: 0.0000
            Episode_Reward/fall_penalty: -1.0000
           Episode_Reward/deck_progress: 0.0082
     Episode_Reward/action_rate_clipped: -0.0863
                 Curriculum/lift_height: 0.0400
                  Curriculum/stage_lift: 1.0000
                 Curriculum/base_height: -0.0408
                Curriculum/upright_gate: 0.3171
                      Curriculum/fell_a: 0.5405
                      Curriculum/fell_b: 0.4657
                   Curriculum/over_deck: 0.0070
                  Curriculum/cube_abs_x: 0.0178
                 Curriculum/cube_tilted: 0.0202
            Curriculum/tipped_over_deck: 0.0070
           Episode_Termination/time_out: 0.0018
             Episode_Termination/fallen: 0.9873
            Episode_Termination/success: 0.0000
--------------------------------------------------------------------------------
                         Iteration time: 4.10s
                           Time elapsed: 00:00:30
                                    ETA: 00:00:56

################################################################################
[1m                            Learning iteration 7/20                             [0m 

                               Run name: quatfix-smoke-stand3-blind-s100-j21463685
                            Total steps: 196608 
                       Steps per second: 5881 
                        Collection time: 4.086s 
                          Learning time: 0.092s 
                        Mean value loss: 31.2905
                    Mean surrogate loss: -0.0177
                      Mean entropy loss: 62.4785
                            Mean reward: -20.62
                    Mean episode length: 49.55
                        Mean action std: 1.00
         Episode_Reward/reaching_coarse: 0.0228
           Episode_Reward/reaching_fine: 0.0077
          Episode_Reward/opposing_clamp: 0.0097
           Episode_Reward/lift_progress: 0.0002
          Episode_Reward/lifting_object: 0.0000
              Episode_Reward/object_vel: -0.0002
             Episode_Reward/object_tilt: -0.0007
             Episode_Reward/still_alive: 0.0999
                  Episode_Reward/flat_a: -0.0150
                  Episode_Reward/flat_b: -0.0141
               Episode_Reward/torques_a: -0.0003
               Episode_Reward/torques_b: -0.0003
          Episode_Reward/base_contact_a: -0.0293
          Episode_Reward/base_contact_b: -0.0287
                  Episode_Reward/placed: 0.0000
            Episode_Reward/fall_penalty: -1.0000
           Episode_Reward/deck_progress: 0.0082
     Episode_Reward/action_rate_clipped: -0.0898
                 Curriculum/lift_height: 0.0400
                  Curriculum/stage_lift: 1.0000
                 Curriculum/base_height: -0.0415
                Curriculum/upright_gate: 0.3266
                      Curriculum/fell_a: 0.5381
                      Curriculum/fell_b: 0.4721
                   Curriculum/over_deck: 0.0067
                  Curriculum/cube_abs_x: 0.0175
                 Curriculum/cube_tilted: 0.0197
            Curriculum/tipped_over_deck: 0.0067
           Episode_Termination/time_out: 0.0010
             Episode_Termination/fallen: 0.9925
            Episode_Termination/success: 0.0000
--------------------------------------------------------------------------------
                         Iteration time: 4.18s
                           Time elapsed: 00:00:34
                                    ETA: 00:00:52

################################################################################
[1m                            Learning iteration 8/20                             [0m 

                               Run name: quatfix-smoke-stand3-blind-s100-j21463685
                            Total steps: 221184 
                       Steps per second: 5962 
                        Collection time: 4.030s 
                          Learning time: 0.092s 
                        Mean value loss: 30.8607
                    Mean surrogate loss: -0.0181
                      Mean entropy loss: 62.4901
                            Mean reward: -20.71
                    Mean episode length: 53.65
                        Mean action std: 1.00
         Episode_Reward/reaching_coarse: 0.0233
           Episode_Reward/reaching_fine: 0.0080
          Episode_Reward/opposing_clamp: 0.0100
           Episode_Reward/lift_progress: 0.0002
          Episode_Reward/lifting_object: 0.0001
              Episode_Reward/object_vel: -0.0002
             Episode_Reward/object_tilt: -0.0005
             Episode_Reward/still_alive: 0.1010
                  Episode_Reward/flat_a: -0.0138
                  Episode_Reward/flat_b: -0.0150
               Episode_Reward/torques_a: -0.0003
               Episode_Reward/torques_b: -0.0003
          Episode_Reward/base_contact_a: -0.0269
          Episode_Reward/base_contact_b: -0.0292
                  Episode_Reward/placed: 0.0000
            Episode_Reward/fall_penalty: -1.0000
           Episode_Reward/deck_progress: 0.0084
     Episode_Reward/action_rate_clipped: -0.0915
                 Curriculum/lift_height: 0.0400
                  Curriculum/stage_lift: 1.0000
                 Curriculum/base_height: -0.0415
                Curriculum/upright_gate: 0.3187
                      Curriculum/fell_a: 0.5069
                      Curriculum/fell_b: 0.4994
                   Curriculum/over_deck: 0.0055
                  Curriculum/cube_abs_x: 0.0177
                 Curriculum/cube_tilted: 0.0205
            Curriculum/tipped_over_deck: 0.0055
           Episode_Termination/time_out: 0.0010
             Episode_Termination/fallen: 0.9936
            Episode_Termination/success: 0.0000
--------------------------------------------------------------------------------
                         Iteration time: 4.12s
                           Time elapsed: 00:00:38
                                    ETA: 00:00:47

################################################################################
[1m                            Learning iteration 9/20                             [0m 

                               Run name: quatfix-smoke-stand3-blind-s100-j21463685
                            Total steps: 245760 
                       Steps per second: 6135 
                        Collection time: 3.912s 
                          Learning time: 0.093s 
                        Mean value loss: 27.9415
                    Mean surrogate loss: -0.0172
                      Mean entropy loss: 62.5008
                            Mean reward: -20.29
                    Mean episode length: 49.66
                        Mean action std: 1.00
         Episode_Reward/reaching_coarse: 0.0238
           Episode_Reward/reaching_fine: 0.0082
          Episode_Reward/opposing_clamp: 0.0101
           Episode_Reward/lift_progress: 0.0002
          Episode_Reward/lifting_object: 0.0000
              Episode_Reward/object_vel: -0.0002
             Episode_Reward/object_tilt: -0.0005
             Episode_Reward/still_alive: 0.1009
                  Episode_Reward/flat_a: -0.0146
                  Episode_Reward/flat_b: -0.0136
               Episode_Reward/torques_a: -0.0003
               Episode_Reward/torques_b: -0.0003
          Episode_Reward/base_contact_a: -0.0270
          Episode_Reward/base_contact_b: -0.0262
                  Episode_Reward/placed: 0.0000
            Episode_Reward/fall_penalty: -1.0000
           Episode_Reward/deck_progress: 0.0085
     Episode_Reward/action_rate_clipped: -0.0910
                 Curriculum/lift_height: 0.0400
                  Curriculum/stage_lift: 1.0000
                 Curriculum/base_height: -0.0420
                Curriculum/upright_gate: 0.3318
                      Curriculum/fell_a: 0.5540
                      Curriculum/fell_b: 0.4590
                   Curriculum/over_deck: 0.0055
                  Curriculum/cube_abs_x: 0.0170
                 Curriculum/cube_tilted: 0.0204
            Curriculum/tipped_over_deck: 0.0055
           Episode_Termination/time_out: 0.0010
             Episode_Termination/fallen: 0.9954
            Episode_Termination/success: 0.0000
--------------------------------------------------------------------------------
                         Iteration time: 4.01s
                           Time elapsed: 00:00:42
                                    ETA: 00:00:42

################################################################################
[1m                            Learning iteration 10/20                            [0m 

                               Run name: quatfix-smoke-stand3-blind-s100-j21463685
                            Total steps: 270336 
                       Steps per second: 5906 
                        Collection time: 4.055s 
                          Learning time: 0.105s 
                        Mean value loss: 25.2945
                    Mean surrogate loss: -0.0187
                      Mean entropy loss: 62.5185
                            Mean reward: -20.38
                    Mean episode length: 50.59
                        Mean action std: 1.00
         Episode_Reward/reaching_coarse: 0.0243
           Episode_Reward/reaching_fine: 0.0085
          Episode_Reward/opposing_clamp: 0.0104
           Episode_Reward/lift_progress: 0.0002
          Episode_Reward/lifting_object: 0.0000
              Episode_Reward/object_vel: -0.0002
             Episode_Reward/object_tilt: -0.0006
             Episode_Reward/still_alive: 0.1028
                  Episode_Reward/flat_a: -0.0145
                  Episode_Reward/flat_b: -0.0139
               Episode_Reward/torques_a: -0.0003
               Episode_Reward/torques_b: -0.0003
          Episode_Reward/base_contact_a: -0.0278
          Episode_Reward/base_contact_b: -0.0264
                  Episode_Reward/placed: 0.0000
            Episode_Reward/fall_penalty: -0.9985
           Episode_Reward/deck_progress: 0.0087
     Episode_Reward/action_rate_clipped: -0.0928
                 Curriculum/lift_height: 0.0400
                  Curriculum/stage_lift: 1.0000
                 Curriculum/base_height: -0.0419
                Curriculum/upright_gate: 0.3211
                      Curriculum/fell_a: 0.5231
                      Curriculum/fell_b: 0.4921
                   Curriculum/over_deck: 0.0053
                  Curriculum/cube_abs_x: 0.0166
                 Curriculum/cube_tilted: 0.0172
            Curriculum/tipped_over_deck: 0.0053
           Episode_Termination/time_out: 0.0017
             Episode_Termination/fallen: 0.9967
            Episode_Termination/success: 0.0000
--------------------------------------------------------------------------------
                         Iteration time: 4.16s
                           Time elapsed: 00:00:47
                                    ETA: 00:00:38

################################################################################
[1m                            Learning iteration 11/20                            [0m 

                               Run name: quatfix-smoke-stand3-blind-s100-j21463685
                            Total steps: 294912 
                       Steps per second: 5949 
                        Collection time: 4.043s 
                          Learning time: 0.088s 
                        Mean value loss: 23.4151
                    Mean surrogate loss: -0.0170
                      Mean entropy loss: 62.5318
                            Mean reward: -20.88
                    Mean episode length: 55.28
                        Mean action std: 1.00
         Episode_Reward/reaching_coarse: 0.0235
           Episode_Reward/reaching_fine: 0.0081
          Episode_Reward/opposing_clamp: 0.0100
           Episode_Reward/lift_progress: 0.0002
          Episode_Reward/lifting_object: 0.0000
              Episode_Reward/object_vel: -0.0002
             Episode_Reward/object_tilt: -0.0006
             Episode_Reward/still_alive: 0.1013
                  Episode_Reward/flat_a: -0.0147
                  Episode_Reward/flat_b: -0.0145
               Episode_Reward/torques_a: -0.0003
               Episode_Reward/torques_b: -0.0003
          Episode_Reward/base_contact_a: -0.0270
          Episode_Reward/base_contact_b: -0.0278
                  Episode_Reward/placed: 0.0000
            Episode_Reward/fall_penalty: -1.0000
           Episode_Reward/deck_progress: 0.0085
     Episode_Reward/action_rate_clipped: -0.0916
                 Curriculum/lift_height: 0.0400
                  Curriculum/stage_lift: 1.0000
                 Curriculum/base_height: -0.0424
                Curriculum/upright_gate: 0.3295
                      Curriculum/fell_a: 0.5217
                      Curriculum/fell_b: 0.4913
                   Curriculum/over_deck: 0.0055
                  Curriculum/cube_abs_x: 0.0171
                 Curriculum/cube_tilted: 0.0194
            Curriculum/tipped_over_deck: 0.0055
           Episode_Termination/time_out: 0.0020
             Episode_Termination/fallen: 0.9971
            Episode_Termination/success: 0.0000
--------------------------------------------------------------------------------
                         Iteration time: 4.13s
                           Time elapsed: 00:00:51
                                    ETA: 00:00:34

################################################################################
[1m                            Learning iteration 12/20                            [0m 

                               Run name: quatfix-smoke-stand3-blind-s100-j21463685
                            Total steps: 319488 
                       Steps per second: 5924 
                        Collection time: 4.057s 
                          Learning time: 0.091s 
                        Mean value loss: 20.8222
                    Mean surrogate loss: -0.0186
                      Mean entropy loss: 62.5436
                            Mean reward: -20.48
                    Mean episode length: 50.48
                        Mean action std: 1.00
         Episode_Reward/reaching_coarse: 0.0240
           Episode_Reward/reaching_fine: 0.0084
          Episode_Reward/opposing_clamp: 0.0103
           Episode_Reward/lift_progress: 0.0002
          Episode_Reward/lifting_object: 0.0000
              Episode_Reward/object_vel: -0.0002
             Episode_Reward/object_tilt: -0.0008
             Episode_Reward/still_alive: 0.1036
                  Episode_Reward/flat_a: -0.0149
                  Episode_Reward/flat_b: -0.0145
               Episode_Reward/torques_a: -0.0003
               Episode_Reward/torques_b: -0.0003
          Episode_Reward/base_contact_a: -0.0281
          Episode_Reward/base_contact_b: -0.0273
                  Episode_Reward/placed: 0.0000
            Episode_Reward/fall_penalty: -1.0000
           Episode_Reward/deck_progress: 0.0086
     Episode_Reward/action_rate_clipped: -0.0941
                 Curriculum/lift_height: 0.0400
                  Curriculum/stage_lift: 1.0000
                 Curriculum/base_height: -0.0427
                Curriculum/upright_gate: 0.3266
                      Curriculum/fell_a: 0.5486
                      Curriculum/fell_b: 0.4664
                   Curriculum/over_deck: 0.0061
                  Curriculum/cube_abs_x: 0.0176
                 Curriculum/cube_tilted: 0.0232
            Curriculum/tipped_over_deck: 0.0061
           Episode_Termination/time_out: 0.0012
             Episode_Termination/fallen: 0.9978
            Episode_Termination/success: 0.0000
--------------------------------------------------------------------------------
                         Iteration time: 4.15s
                           Time elapsed: 00:00:55
                                    ETA: 00:00:29

################################################################################
[1m                            Learning iteration 13/20                            [0m 

                               Run name: quatfix-smoke-stand3-blind-s100-j21463685
                            Total steps: 344064 
                       Steps per second: 5973 
                        Collection time: 4.020s 
                          Learning time: 0.094s 
                        Mean value loss: 19.0262
                    Mean surrogate loss: -0.0174
                      Mean entropy loss: 62.5461
                            Mean reward: -20.33
                    Mean episode length: 48.83
                        Mean action std: 1.00
         Episode_Reward/reaching_coarse: 0.0245
           Episode_Reward/reaching_fine: 0.0085
          Episode_Reward/opposing_clamp: 0.0106
           Episode_Reward/lift_progress: 0.0002
          Episode_Reward/lifting_object: 0.0001
              Episode_Reward/object_vel: -0.0002
             Episode_Reward/object_tilt: -0.0005
             Episode_Reward/still_alive: 0.1009
                  Episode_Reward/flat_a: -0.0140
                  Episode_Reward/flat_b: -0.0134
               Episode_Reward/torques_a: -0.0003
               Episode_Reward/torques_b: -0.0003
          Episode_Reward/base_contact_a: -0.0287
          Episode_Reward/base_contact_b: -0.0232
                  Episode_Reward/placed: 0.0000
            Episode_Reward/fall_penalty: -1.0000
           Episode_Reward/deck_progress: 0.0088
     Episode_Reward/action_rate_clipped: -0.0915
                 Curriculum/lift_height: 0.0400
                  Curriculum/stage_lift: 1.0000
                 Curriculum/base_height: -0.0429
                Curriculum/upright_gate: 0.3320
                      Curriculum/fell_a: 0.5132
                      Curriculum/fell_b: 0.5001
                   Curriculum/over_deck: 0.0048
                  Curriculum/cube_abs_x: 0.0168
                 Curriculum/cube_tilted: 0.0185
            Curriculum/tipped_over_deck: 0.0048
           Episode_Termination/time_out: 0.0010
             Episode_Termination/fallen: 0.9980
            Episode_Termination/success: 0.0000
--------------------------------------------------------------------------------
                         Iteration time: 4.11s
                           Time elapsed: 00:00:59
                                    ETA: 00:00:25

################################################################################
[1m                            Learning iteration 14/20                            [0m 

                               Run name: quatfix-smoke-stand3-blind-s100-j21463685
                            Total steps: 368640 
                       Steps per second: 6029 
                        Collection time: 3.982s 
                          Learning time: 0.094s 
                        Mean value loss: 17.5754
                    Mean surrogate loss: -0.0184
                      Mean entropy loss: 62.5502
                            Mean reward: -20.44
                    Mean episode length: 50.69
                        Mean action std: 1.00
         Episode_Reward/reaching_coarse: 0.0248
           Episode_Reward/reaching_fine: 0.0087
          Episode_Reward/opposing_clamp: 0.0105
           Episode_Reward/lift_progress: 0.0002
          Episode_Reward/lifting_object: 0.0001
              Episode_Reward/object_vel: -0.0002
             Episode_Reward/object_tilt: -0.0006
             Episode_Reward/still_alive: 0.1114
                  Episode_Reward/flat_a: -0.0157
                  Episode_Reward/flat_b: -0.0151
               Episode_Reward/torques_a: -0.0004
               Episode_Reward/torques_b: -0.0004
          Episode_Reward/base_contact_a: -0.0295
          Episode_Reward/base_contact_b: -0.0304
                  Episode_Reward/placed: 0.0000
            Episode_Reward/fall_penalty: -0.9978
           Episode_Reward/deck_progress: 0.0089
     Episode_Reward/action_rate_clipped: -0.1013
                 Curriculum/lift_height: 0.0400
                  Curriculum/stage_lift: 1.0000
                 Curriculum/base_height: -0.0430
                Curriculum/upright_gate: 0.3204
                      Curriculum/fell_a: 0.5660
                      Curriculum/fell_b: 0.4415
                   Curriculum/over_deck: 0.0052
                  Curriculum/cube_abs_x: 0.0171
                 Curriculum/cube_tilted: 0.0175
            Curriculum/tipped_over_deck: 0.0052
           Episode_Termination/time_out: 0.0004
             Episode_Termination/fallen: 0.9989
            Episode_Termination/success: 0.0000
--------------------------------------------------------------------------------
                         Iteration time: 4.08s
                           Time elapsed: 00:01:03
                                    ETA: 00:00:21

################################################################################
[1m                            Learning iteration 15/20                            [0m 

                               Run name: quatfix-smoke-stand3-blind-s100-j21463685
                            Total steps: 393216 
                       Steps per second: 6029 
                        Collection time: 3.969s 
                          Learning time: 0.107s 
                        Mean value loss: 16.0842
                    Mean surrogate loss: -0.0167
                      Mean entropy loss: 62.5471
                            Mean reward: -20.33
                    Mean episode length: 53.73
                        Mean action std: 1.00
         Episode_Reward/reaching_coarse: 0.0250
           Episode_Reward/reaching_fine: 0.0088
          Episode_Reward/opposing_clamp: 0.0108
           Episode_Reward/lift_progress: 0.0002
          Episode_Reward/lifting_object: 0.0001
              Episode_Reward/object_vel: -0.0002
             Episode_Reward/object_tilt: -0.0003
             Episode_Reward/still_alive: 0.1040
                  Episode_Reward/flat_a: -0.0142
                  Episode_Reward/flat_b: -0.0141
               Episode_Reward/torques_a: -0.0003
               Episode_Reward/torques_b: -0.0003
          Episode_Reward/base_contact_a: -0.0260
          Episode_Reward/base_contact_b: -0.0227
                  Episode_Reward/placed: 0.0000
            Episode_Reward/fall_penalty: -1.0000
           Episode_Reward/deck_progress: 0.0089
     Episode_Reward/action_rate_clipped: -0.0950
                 Curriculum/lift_height: 0.0400
                  Curriculum/stage_lift: 1.0000
                 Curriculum/base_height: -0.0436
                Curriculum/upright_gate: 0.3230
                      Curriculum/fell_a: 0.5149
                      Curriculum/fell_b: 0.4873
                   Curriculum/over_deck: 0.0026
                  Curriculum/cube_abs_x: 0.0170
                 Curriculum/cube_tilted: 0.0151
            Curriculum/tipped_over_deck: 0.0025
           Episode_Termination/time_out: 0.0010
             Episode_Termination/fallen: 0.9990
            Episode_Termination/success: 0.0000
--------------------------------------------------------------------------------
                         Iteration time: 4.08s
                           Time elapsed: 00:01:07
                                    ETA: 00:00:16

################################################################################
[1m                            Learning iteration 16/20                            [0m 

                               Run name: quatfix-smoke-stand3-blind-s100-j21463685
                            Total steps: 417792 
                       Steps per second: 5719 
                        Collection time: 4.203s 
                          Learning time: 0.094s 
                        Mean value loss: 13.5778
                    Mean surrogate loss: -0.0182
                      Mean entropy loss: 62.5339
                            Mean reward: -20.65
                    Mean episode length: 57.12
                        Mean action std: 1.00
         Episode_Reward/reaching_coarse: 0.0255
           Episode_Reward/reaching_fine: 0.0090
          Episode_Reward/opposing_clamp: 0.0110
           Episode_Reward/lift_progress: 0.0003
          Episode_Reward/lifting_object: 0.0000
              Episode_Reward/object_vel: -0.0002
             Episode_Reward/object_tilt: -0.0007
             Episode_Reward/still_alive: 0.1070
                  Episode_Reward/flat_a: -0.0147
                  Episode_Reward/flat_b: -0.0141
               Episode_Reward/torques_a: -0.0003
               Episode_Reward/torques_b: -0.0003
          Episode_Reward/base_contact_a: -0.0272
          Episode_Reward/base_contact_b: -0.0281
                  Episode_Reward/placed: 0.0000
            Episode_Reward/fall_penalty: -1.0000
           Episode_Reward/deck_progress: 0.0091
     Episode_Reward/action_rate_clipped: -0.0978
                 Curriculum/lift_height: 0.0400
                  Curriculum/stage_lift: 1.0000
                 Curriculum/base_height: -0.0439
                Curriculum/upright_gate: 0.3215
                      Curriculum/fell_a: 0.5685
                      Curriculum/fell_b: 0.4431
                   Curriculum/over_deck: 0.0059
                  Curriculum/cube_abs_x: 0.0173
                 Curriculum/cube_tilted: 0.0189
            Curriculum/tipped_over_deck: 0.0056
           Episode_Termination/time_out: 0.0002
             Episode_Termination/fallen: 0.9998
            Episode_Termination/success: 0.0000
--------------------------------------------------------------------------------
                         Iteration time: 4.30s
                           Time elapsed: 00:01:11
                                    ETA: 00:00:12

################################################################################
[1m                            Learning iteration 17/20                            [0m 

                               Run name: quatfix-smoke-stand3-blind-s100-j21463685
                            Total steps: 442368 
                       Steps per second: 5913 
                        Collection time: 4.070s 
                          Learning time: 0.085s 
                        Mean value loss: 13.3565
                    Mean surrogate loss: -0.0175
                      Mean entropy loss: 62.5289
                            Mean reward: -20.27
                    Mean episode length: 54.68
                        Mean action std: 1.00
         Episode_Reward/reaching_coarse: 0.0248
           Episode_Reward/reaching_fine: 0.0087
          Episode_Reward/opposing_clamp: 0.0106
           Episode_Reward/lift_progress: 0.0003
          Episode_Reward/lifting_object: 0.0001
              Episode_Reward/object_vel: -0.0002
             Episode_Reward/object_tilt: -0.0007
             Episode_Reward/still_alive: 0.1078
                  Episode_Reward/flat_a: -0.0144
                  Episode_Reward/flat_b: -0.0147
               Episode_Reward/torques_a: -0.0004
               Episode_Reward/torques_b: -0.0004
          Episode_Reward/base_contact_a: -0.0292
          Episode_Reward/base_contact_b: -0.0258
                  Episode_Reward/placed: 0.0000
            Episode_Reward/fall_penalty: -1.0000
           Episode_Reward/deck_progress: 0.0089
     Episode_Reward/action_rate_clipped: -0.0983
                 Curriculum/lift_height: 0.0400
                  Curriculum/stage_lift: 1.0000
                 Curriculum/base_height: -0.0443
                Curriculum/upright_gate: 0.3152
                      Curriculum/fell_a: 0.5334
                      Curriculum/fell_b: 0.4732
                   Curriculum/over_deck: 0.0059
                  Curriculum/cube_abs_x: 0.0178
                 Curriculum/cube_tilted: 0.0180
            Curriculum/tipped_over_deck: 0.0048
           Episode_Termination/time_out: 0.0000
             Episode_Termination/fallen: 1.0000
            Episode_Termination/success: 0.0000
--------------------------------------------------------------------------------
                         Iteration time: 4.16s
                           Time elapsed: 00:01:16
                                    ETA: 00:00:08

################################################################################
[1m                            Learning iteration 18/20                            [0m 

                               Run name: quatfix-smoke-stand3-blind-s100-j21463685
                            Total steps: 466944 
                       Steps per second: 5940 
                        Collection time: 4.044s 
                          Learning time: 0.093s 
                        Mean value loss: 13.1652
                    Mean surrogate loss: -0.0194
                      Mean entropy loss: 62.5219
                            Mean reward: -20.43
                    Mean episode length: 55.56
                        Mean action std: 1.00
         Episode_Reward/reaching_coarse: 0.0255
           Episode_Reward/reaching_fine: 0.0090
          Episode_Reward/opposing_clamp: 0.0109
           Episode_Reward/lift_progress: 0.0003
          Episode_Reward/lifting_object: 0.0001
              Episode_Reward/object_vel: -0.0002
             Episode_Reward/object_tilt: -0.0005
             Episode_Reward/still_alive: 0.1110
                  Episode_Reward/flat_a: -0.0151
                  Episode_Reward/flat_b: -0.0156
               Episode_Reward/torques_a: -0.0004
               Episode_Reward/torques_b: -0.0004
          Episode_Reward/base_contact_a: -0.0292
          Episode_Reward/base_contact_b: -0.0297
                  Episode_Reward/placed: 0.0000
            Episode_Reward/fall_penalty: -1.0000
           Episode_Reward/deck_progress: 0.0091
     Episode_Reward/action_rate_clipped: -0.1013
                 Curriculum/lift_height: 0.0400
                  Curriculum/stage_lift: 1.0000
                 Curriculum/base_height: -0.0444
                Curriculum/upright_gate: 0.3286
                      Curriculum/fell_a: 0.5461
                      Curriculum/fell_b: 0.4693
                   Curriculum/over_deck: 0.0059
                  Curriculum/cube_abs_x: 0.0182
                 Curriculum/cube_tilted: 0.0206
            Curriculum/tipped_over_deck: 0.0054
           Episode_Termination/time_out: 0.0000
             Episode_Termination/fallen: 1.0000
            Episode_Termination/success: 0.0000
--------------------------------------------------------------------------------
                         Iteration time: 4.14s
                           Time elapsed: 00:01:20
                                    ETA: 00:00:04

################################################################################
[1m                            Learning iteration 19/20                            [0m 

                               Run name: quatfix-smoke-stand3-blind-s100-j21463685
                            Total steps: 491520 
                       Steps per second: 5900 
                        Collection time: 4.072s 
                          Learning time: 0.093s 
                        Mean value loss: 12.0553
                    Mean surrogate loss: -0.0177
                      Mean entropy loss: 62.5148
                            Mean reward: -20.54
                    Mean episode length: 61.11
                        Mean action std: 1.00
         Episode_Reward/reaching_coarse: 0.0262
           Episode_Reward/reaching_fine: 0.0093
          Episode_Reward/opposing_clamp: 0.0112
           Episode_Reward/lift_progress: 0.0004
          Episode_Reward/lifting_object: 0.0003
              Episode_Reward/object_vel: -0.0002
             Episode_Reward/object_tilt: -0.0006
             Episode_Reward/still_alive: 0.1122
                  Episode_Reward/flat_a: -0.0147
                  Episode_Reward/flat_b: -0.0153
               Episode_Reward/torques_a: -0.0004
               Episode_Reward/torques_b: -0.0004
          Episode_Reward/base_contact_a: -0.0259
          Episode_Reward/base_contact_b: -0.0272
                  Episode_Reward/placed: 0.0000
            Episode_Reward/fall_penalty: -1.0000
           Episode_Reward/deck_progress: 0.0094
     Episode_Reward/action_rate_clipped: -0.1027
                 Curriculum/lift_height: 0.0400
                  Curriculum/stage_lift: 1.0000
                 Curriculum/base_height: -0.0450
                Curriculum/upright_gate: 0.3172
                      Curriculum/fell_a: 0.4903
                      Curriculum/fell_b: 0.5256
                   Curriculum/over_deck: 0.0047
                  Curriculum/cube_abs_x: 0.0173
                 Curriculum/cube_tilted: 0.0189
            Curriculum/tipped_over_deck: 0.0047
           Episode_Termination/time_out: 0.0000
             Episode_Termination/fallen: 1.0000
            Episode_Termination/success: 0.0000
--------------------------------------------------------------------------------
                         Iteration time: 4.16s
                           Time elapsed: 00:01:24
                                    ETA: 00:00:00

[INFO]: SimulationContext cleared
2026-09-29T06:40:09Z [46,862ms] [Warning] [omni.physx.tensors.plugin] Failed to find contact report API at '/World/envs/env_1008/robot_b/joints/imu'
2026-09-29T06:40:09Z [46,863ms] [Warning] [omni.physx.tensors.plugin] Failed to find contact report API at '/World/envs/env_1009/robot_b/joints/imu'
2026-09-29T06:40:09Z [46,863ms] [Warning] [omni.physx.tensors.plugin] Failed to find contact report API at '/World/envs/env_1010/robot_b/joints/imu'
2026-09-29T06:40:09Z [46,863ms] [Warning] [omni.physx.tensors.plugin] Failed to find contact report API at '/World/envs/env_1011/robot_b/joints/imu'
2026-09-29T06:40:09Z [46,863ms] [Warning] [omni.physx.tensors.plugin] Failed to find contact report API at '/World/envs/env_1012/robot_b/joints/imu'
2026-09-29T06:40:09Z [46,863ms] [Warning] [omni.physx.tensors.plugin] Failed to find contact report API at '/World/envs/env_1013/robot_b/joints/imu'
2026-09-29T06:40:09Z [46,863ms] [Warning] [omni.physx.tensors.plugin] Failed to find contact report API at '/World/envs/env_1014/robot_b/joints/imu'
2026-09-29T06:40:09Z [46,863ms] [Warning] [omni.physx.tensors.plugin] Failed to find contact report API at '/World/envs/env_1015/robot_b/joints/imu'
2026-09-29T06:40:09Z [46,863ms] [Warning] [omni.physx.tensors.plugin] Failed to find contact report API at '/World/envs/env_1016/robot_b/joints/imu'
2026-09-29T06:40:09Z [46,863ms] [Warning] [omni.physx.tensors.plugin] Failed to find contact report API at '/World/envs/env_1017/robot_b/joints/imu'
2026-09-29T06:40:09Z [46,863ms] [Warning] [omni.physx.tensors.plugin] Failed to find contact report API at '/World/envs/env_1018/robot_b/joints/imu'
2026-09-29T06:40:09Z [46,863ms] [Warning] [omni.physx.tensors.plugin] Failed to find contact report API at '/World/envs/env_1019/robot_b/joints/imu'
2026-09-29T06:40:09Z [46,863ms] [Warning] [omni.physx.tensors.plugin] Failed to find contact report API at '/World/envs/env_1020/robot_b/joints/imu'
2026-09-29T06:40:09Z [46,863ms] [Warning] [omni.physx.tensors.plugin] Failed to find contact report API at '/World/envs/env_1021/robot_b/joints/imu'
2026-09-29T06:40:09Z [46,863ms] [Warning] [omni.physx.tensors.plugin] Failed to find contact report API at '/World/envs/env_1022/robot_b/joints/imu'
2026-09-29T06:40:09Z [46,863ms] [Warning] [omni.physx.tensors.plugin] Failed to find contact report API at '/World/envs/env_1023/robot_b/joints/imu'
2026-09-29T06:41:48Z [146,561ms] [Warning] [omni.kit.material.library.material_extensions] Could not initialize context menu integration: No module named 'omni.kit.context_menu'
train.sh: mean episode length 61.11
train.sh: reached 20 logged iterations
