run,experiment,iterations,checkpoints,Curriculum/base_height|final,Curriculum/base_height|tail5,Curriculum/base_height|max,Curriculum/lift_height|final,Curriculum/lift_height|tail5,Curriculum/lift_height|max,Curriculum/push_levels|final,Curriculum/push_levels|tail5,Curriculum/push_levels|max,Curriculum/stage_lift|final,Curriculum/stage_lift|tail5,Curriculum/stage_lift|max,Curriculum/terrain_levels|final,Curriculum/terrain_levels|tail5,Curriculum/terrain_levels|max,Episode_Reward/action_rate|final,Episode_Reward/action_rate|tail5,Episode_Reward/action_rate|max,Episode_Reward/action_rate_l2|final,Episode_Reward/action_rate_l2|tail5,Episode_Reward/action_rate_l2|max,Episode_Reward/ang_vel_xy_l2|final,Episode_Reward/ang_vel_xy_l2|tail5,Episode_Reward/ang_vel_xy_l2|max,Episode_Reward/base_contact_a|final,Episode_Reward/base_contact_a|tail5,Episode_Reward/base_contact_a|max,Episode_Reward/base_contact_b|final,Episode_Reward/base_contact_b|tail5,Episode_Reward/base_contact_b|max,Episode_Reward/base_height|final,Episode_Reward/base_height|tail5,Episode_Reward/base_height|max,Episode_Reward/carry|final,Episode_Reward/carry|tail5,Episode_Reward/carry|max,Episode_Reward/dof_acc_l2|final,Episode_Reward/dof_acc_l2|tail5,Episode_Reward/dof_acc_l2|max,Episode_Reward/dof_pos_limits|final,Episode_Reward/dof_pos_limits|tail5,Episode_Reward/dof_pos_limits|max,Episode_Reward/dof_torques_l2|final,Episode_Reward/dof_torques_l2|tail5,Episode_Reward/dof_torques_l2|max,Episode_Reward/feet_air_time|final,Episode_Reward/feet_air_time|tail5,Episode_Reward/feet_air_time|max,Episode_Reward/feet_slide|final,Episode_Reward/feet_slide|tail5,Episode_Reward/feet_slide|max,Episode_Reward/flat_a|final,Episode_Reward/flat_a|tail5,Episode_Reward/flat_a|max,Episode_Reward/flat_b|final,Episode_Reward/flat_b|tail5,Episode_Reward/flat_b|max,Episode_Reward/flat_orientation_l2|final,Episode_Reward/flat_orientation_l2|tail5,Episode_Reward/flat_orientation_l2|max,Episode_Reward/joint_deviation_ankle_roll|final,Episode_Reward/joint_deviation_ankle_roll|tail5,Episode_Reward/joint_deviation_ankle_roll|max,Episode_Reward/joint_deviation_elbow|final,Episode_Reward/joint_deviation_elbow|tail5,Episode_Reward/joint_deviation_elbow|max,Episode_Reward/joint_deviation_hip|final,Episode_Reward/joint_deviation_hip|tail5,Episode_Reward/joint_deviation_hip|max,Episode_Reward/joint_deviation_shoulder|final,Episode_Reward/joint_deviation_shoulder|tail5,Episode_Reward/joint_deviation_shoulder|max,Episode_Reward/leaned|final,Episode_Reward/leaned|tail5,Episode_Reward/leaned|max,Episode_Reward/lift_progress|final,Episode_Reward/lift_progress|tail5,Episode_Reward/lift_progress|max,Episode_Reward/lifting_object|final,Episode_Reward/lifting_object|tail5,Episode_Reward/lifting_object|max,Episode_Reward/lin_vel_z_l2|final,Episode_Reward/lin_vel_z_l2|tail5,Episode_Reward/lin_vel_z_l2|max,Episode_Reward/object_tilt|final,Episode_Reward/object_tilt|tail5,Episode_Reward/object_tilt|max,Episode_Reward/object_vel|final,Episode_Reward/object_vel|tail5,Episode_Reward/object_vel|max,Episode_Reward/object_xy|final,Episode_Reward/object_xy|tail5,Episode_Reward/object_xy|max,Episode_Reward/opposing_clamp|final,Episode_Reward/opposing_clamp|tail5,Episode_Reward/opposing_clamp|max,Episode_Reward/placed|final,Episode_Reward/placed|tail5,Episode_Reward/placed|max,Episode_Reward/reaching|final,Episode_Reward/reaching|tail5,Episode_Reward/reaching|max,Episode_Reward/reaching_coarse|final,Episode_Reward/reaching_coarse|tail5,Episode_Reward/reaching_coarse|max,Episode_Reward/reaching_fine|final,Episode_Reward/reaching_fine|tail5,Episode_Reward/reaching_fine|max,Episode_Reward/scored|final,Episode_Reward/scored|tail5,Episode_Reward/scored|max,Episode_Reward/still_alive|final,Episode_Reward/still_alive|tail5,Episode_Reward/still_alive|max,Episode_Reward/termination_penalty|final,Episode_Reward/termination_penalty|tail5,Episode_Reward/termination_penalty|max,Episode_Reward/torques_a|final,Episode_Reward/torques_a|tail5,Episode_Reward/torques_a|max,Episode_Reward/torques_b|final,Episode_Reward/torques_b|tail5,Episode_Reward/torques_b|max,Episode_Reward/toward|final,Episode_Reward/toward|tail5,Episode_Reward/toward|max,Episode_Reward/track_ang_vel_z_exp|final,Episode_Reward/track_ang_vel_z_exp|tail5,Episode_Reward/track_ang_vel_z_exp|max,Episode_Reward/track_lin_vel_xy_exp|final,Episode_Reward/track_lin_vel_xy_exp|tail5,Episode_Reward/track_lin_vel_xy_exp|max,Episode_Reward/undesired_contacts|final,Episode_Reward/undesired_contacts|tail5,Episode_Reward/undesired_contacts|max,Episode_Termination/base_orientation|final,Episode_Termination/base_orientation|tail5,Episode_Termination/base_orientation|max,Episode_Termination/fallen|final,Episode_Termination/fallen|tail5,Episode_Termination/fallen|max,Episode_Termination/success|final,Episode_Termination/success|tail5,Episode_Termination/success|max,Episode_Termination/time_out|final,Episode_Termination/time_out|tail5,Episode_Termination/time_out|max,Loss/behavior|final,Loss/behavior|tail5,Loss/behavior|max,Loss/entropy|final,Loss/entropy|tail5,Loss/entropy|max,Loss/learning_rate|final,Loss/learning_rate|tail5,Loss/learning_rate|max,Loss/rnd|final,Loss/rnd|tail5,Loss/rnd|max,Loss/surrogate|final,Loss/surrogate|tail5,Loss/surrogate|max,Loss/symmetry|final,Loss/symmetry|tail5,Loss/symmetry|max,Loss/value|final,Loss/value|tail5,Loss/value|max,Loss/value_function|final,Loss/value_function|tail5,Loss/value_function|max,Metrics/base_velocity/error_vel_xy|final,Metrics/base_velocity/error_vel_xy|tail5,Metrics/base_velocity/error_vel_xy|max,Metrics/base_velocity/error_vel_yaw|final,Metrics/base_velocity/error_vel_yaw|tail5,Metrics/base_velocity/error_vel_yaw|max,Perf/collection time|final,Perf/collection time|tail5,Perf/collection time|max,Perf/collection_time|final,Perf/collection_time|tail5,Perf/collection_time|max,Perf/learning_time|final,Perf/learning_time|tail5,Perf/learning_time|max,Perf/total_fps|final,Perf/total_fps|tail5,Perf/total_fps|max,Policy/mean_noise_std|final,Policy/mean_noise_std|tail5,Policy/mean_noise_std|max,Policy/mean_std|final,Policy/mean_std|tail5,Policy/mean_std|max,Rnd/mean_extrinsic_reward|final,Rnd/mean_extrinsic_reward|tail5,Rnd/mean_extrinsic_reward|max,Rnd/mean_intrinsic_reward|final,Rnd/mean_intrinsic_reward|tail5,Rnd/mean_intrinsic_reward|max,Rnd/weight|final,Rnd/weight|tail5,Rnd/weight|max,Train/mean_episode_length|final,Train/mean_episode_length|tail5,Train/mean_episode_length|max,Train/mean_episode_length/time|final,Train/mean_episode_length/time|tail5,Train/mean_episode_length/time|max,Train/mean_reward|final,Train/mean_reward|tail5,Train/mean_reward|max,Train/mean_reward/time|final,Train/mean_reward/time|tail5,Train/mean_reward/time|max
2026-08-17_09-54-10_dr-default-s0,biped,6000,61,,,,,,,,,,,,,,,,,,,-0.0808314,-0.0834951,-0.00575761,-0.0250877,-0.0265255,-0.00528331,,,,,,,,,,,,,-0.0432278,-0.0464376,-0.00458459,-0.00644771,-0.00714865,-0.000438358,-0.168617,-0.17197,-0.00596086,0.0322141,0.0342672,0.0393944,-0.00970217,-0.0102756,-0.000440604,,,,,,,-0.016609,-0.0183747,-0.00663314,-0.0228969,-0.0237558,-0.000881736,,,,-0.0462658,-0.0484216,-0.00155938,,,,,,,,,,,,,-0.00188593,-0.00198663,-0.000138937,,,,,,,,,,,,,,,,,,,,,,,,,,,,,,,-0.00094246,-0.000927168,-7.57576e-05,,,,,,,,,,0.4497,0.442982,0.46517,1.59188,1.58972,1.64529,0,-7.58246e-06,0,0.0447286,0.0451675,1,,,,,,,0.955271,0.95485,0.964895,,,,1.53664,1.79277,16.9944,0.000173415,0.000310381,0.01,,,,-0.00492379,-0.00561129,-0.00194223,,,,,,,0.0527214,0.0463963,0.110167,0.203077,0.206188,0.309874,0.543582,0.55945,1.14562,1.60368,1.58096,3.45987,,,,0.132514,0.133888,0.279447,56620,57332.2,58354,0.294305,0.300592,0.994475,,,,,,,,,,,,,488.48,484.951,500,488.48,484.951,500,33.6986,32.61,34.4393,33.6986,32.61,34.4393
2026-08-17_09-54-10_dr-default-s1,biped,5495,55,,,,,,,,,,,,,,,,,,,-0.0744867,-0.0758322,-0.00565056,-0.0255578,-0.0254883,-0.00528872,,,,,,,,,,,,,-0.0408675,-0.0414636,-0.00455891,-0.0055633,-0.00542556,-0.000371574,-0.168162,-0.165315,-0.00588201,0.038013,0.0371776,0.0404753,-0.00968578,-0.00960684,-0.000440728,,,,,,,-0.00989327,-0.0108546,-0.00655874,-0.0222711,-0.0226814,-0.000877293,,,,-0.0456592,-0.046349,-0.00156155,,,,,,,,,,,,,-0.0015003,-0.00148017,-0.00013899,,,,,,,,,,,,,,,,,,,,,,,,,,,,,,,-0.000372995,-0.000754073,-5.95238e-05,,,,,,,,,,0.497397,0.482777,0.505763,1.62985,1.6061,1.65322,-4.6131e-05,-1.13003e-05,0,0.0414327,0.0372611,1,,,,,,,0.958567,0.962739,0.972229,,,,0.211386,0.42608,16.9988,1e-05,0.000280612,0.01,,,,0,-0.00497869,0,,,,,,,inf,inf,inf,0.200931,0.201821,0.321002,0.495947,0.504115,1.14962,1.57402,1.56229,3.44164,,,,0.132197,0.132674,0.31048,57615,57997.9,58207,0.268744,0.272164,0.995882,,,,,,,,,,,,,500,486.305,500,500,486.305,500,35.9185,34.4434,36.1762,35.9185,34.4434,36.1762
2026-08-17_09-54-10_dr-off-s2,biped,6000,61,,,,,,,,,,,,,,,,,,,-0.0370884,-0.0365127,-0.00575816,-0.00836352,-0.0087388,-0.00495267,,,,,,,,,,,,,-0.0174855,-0.0170226,-0.00448501,-0.007534,-0.00842749,-0.000498589,-0.148509,-0.148812,-0.00581396,0.138779,0.137474,0.144936,-0.00368146,-0.0037279,-0.000425902,,,,,,,-0.00374928,-0.00381752,-0.00340022,-0.0293002,-0.0289073,-0.000854306,,,,-0.0567992,-0.0567528,-0.00149068,,,,,,,,,,,,,-0.000749882,-0.000764416,-0.000138678,,,,,,,,,,,,,,,,,,,,,,,,,,,,,,,-0.000202381,-0.000318006,0,,,,,,,,,,0.777549,0.776358,0.792764,1.85837,1.85039,1.88083,0,-9.40266e-07,0,0.0164591,0.0164873,1,,,,,,,0.983541,0.983513,0.988047,,,,-6.74668,-6.85856,16.9974,0.00011561,0.000114533,0.01,,,,-0.00258274,-0.0026793,0.00113213,,,,,,,0.0195818,0.0181437,0.13769,0.109992,0.109779,0.362886,0.228695,0.226792,1.25487,1.54714,1.5533,3.40392,,,,0.132168,0.132761,0.291537,58538,58305.4,58675,0.166861,0.165961,0.995174,,,,,,,,,,,,,495.56,492.609,500,495.56,492.609,500,49.3218,48.9397,50.0714,49.3218,48.9397,50.0714
2026-08-17_09-54-11_dr-off-s0,biped,6000,61,,,,,,,,,,,,,,,,,,,-0.0355556,-0.0362407,-0.00584798,-0.00787535,-0.00793308,-0.00504303,,,,,,,,,,,,,-0.0173634,-0.0178861,-0.00467797,-0.00946566,-0.00938782,-0.000511315,-0.150418,-0.149769,-0.00587777,0.133721,0.136893,0.1471,-0.00376402,-0.00369824,-0.000425416,,,,,,,-0.00440835,-0.00437555,-0.00395965,-0.02873,-0.0290996,-0.000852868,,,,-0.0562131,-0.0565668,-0.00151385,,,,,,,,,,,,,-0.000843981,-0.000818392,-0.000134296,,,,,,,,,,,,,,,,,,,,,,,,,,,,,,,-0.000277778,-0.000290514,0,,,,,,,,,,0.787606,0.785846,0.801031,1.85783,1.8563,1.88521,-6.94444e-06,-2.47019e-06,0,0.014506,0.0142495,1,,,,,,,0.985494,0.985751,0.989512,,,,-7.41882,-7.21134,16.9851,0.00011561,0.000117099,0.01,,,,-0.00469644,-0.0026931,0.00171325,,,,,,,0.00738425,0.0166869,0.108004,0.108658,0.10769,0.320704,0.22007,0.219837,1.27076,1.64363,1.65104,3.65282,,,,0.137417,0.13752,0.321901,55194,54963.5,56100,0.158285,0.16139,0.993802,,,,,,,,,,,,,485.74,494.086,500,485.74,494.086,500,48.2165,49.3004,50.2539,48.2165,49.3004,50.2539
2026-08-17_09-54-11_dr-off-s1,biped,6000,61,,,,,,,,,,,,,,,,,,,-0.0384978,-0.0381105,-0.00577354,-0.00908437,-0.00912968,-0.00499862,,,,,,,,,,,,,-0.0178549,-0.0179972,-0.00451637,-0.00671234,-0.00708906,-0.000446014,-0.145451,-0.14593,-0.00579836,0.139343,0.140071,0.1492,-0.00385741,-0.00370801,-0.000426855,,,,,,,-0.00435192,-0.00481813,-0.00409308,-0.0323771,-0.0318734,-0.000856764,,,,-0.0616369,-0.0602206,-0.0015373,,,,,,,,,,,,,-0.000807191,-0.000799016,-0.000136357,,,,,,,,,,,,,,,,,,,,,,,,,,,,,,,-0.000104167,-0.000314771,0,,,,,,,,,,0.793479,0.77787,0.795857,1.87034,1.85207,1.8839,0,-6.14328e-07,0,0.0145671,0.0160724,1,,,,,,,0.985433,0.983928,0.989309,,,,-7.37411,-6.96542,16.9953,0.00011561,0.000123732,0.01,,,,-0.00305189,-0.00287376,0.00236528,,,,,,,0.00795635,0.0171089,0.11121,0.108835,0.108971,0.328602,0.219765,0.224658,1.2627,1.62766,1.62798,3.65329,,,,0.136202,0.136456,0.317726,55732,55714.3,56239,0.158943,0.1639,0.995948,,,,,,,,,,,,,500,493.263,500,500,493.263,500,49.9308,48.9995,50.1651,49.9308,48.9995,50.1651
2026-08-17_12-35-20_push-curriculum-s0,biped,6000,61,,,,,,,1.5,1.5,1.5,,,,,,,,,,-0.129573,-0.120937,-0.00569664,-0.0433922,-0.0411694,-0.00529501,,,,,,,,,,,,,-0.0566739,-0.0530597,-0.00446012,-0.0110599,-0.0105673,-0.000419236,-0.127703,-0.120112,-0.00593782,0.0160376,0.0146554,0.0334802,-0.00886243,-0.00808402,-0.000441373,,,,,,,-0.0173679,-0.0156791,-0.006666,-0.0173645,-0.0165636,-0.000889512,,,,-0.0398365,-0.0368288,-0.00154617,,,,,,,,,,,,,-0.00113517,-0.00104543,-0.00014252,,,,,,,,,,,,,,,,,,,,,,,,,,,,,,,-0.0180448,-0.018649,-0.000873407,,,,,,,,,,0.0570195,0.0550012,0.299473,0.547293,0.52402,1.48309,-4.16667e-06,-2.58757e-05,0,0.923157,0.929359,1,,,,,,,0.0773315,0.070983,0.899221,,,,14.8511,14.7511,16.9808,0.00057665,0.00056278,0.01,,,,-0.0149155,-0.0142352,-0.00177768,,,,,,,0.149302,0.154351,0.189534,0.223527,0.209992,0.329765,1.09538,1.0154,1.54752,2.65364,2.66122,4.89256,,,,0.139061,0.141127,0.462363,35200,35183.6,42164,0.836187,0.829823,0.993883,,,,,,,,,,,,,228.04,221.002,492.69,228.04,221.002,492.69,3.23321,2.9982,26.6598,3.23321,2.9982,26.6598
2026-08-17_12-47-28_dr-aggressive-s0,biped,6000,61,,,,,,,,,,,,,,,,,,,-0.0661105,-0.0648947,-0.00405928,-0.0252681,-0.024867,-0.00591666,,,,,,,,,,,,,-0.0290783,-0.0279991,-0.00468694,-0.00778858,-0.00788171,-0.000391231,-0.102752,-0.0993003,-0.00588605,0.0042188,0.0041475,0.00509199,-0.00551334,-0.00542828,-0.000449264,,,,,,,-0.0187459,-0.0183239,-0.0065951,-0.0207616,-0.0192257,-0.000913368,,,,-0.039639,-0.0377084,-0.00163082,,,,,,,,,,,,,-0.000622458,-0.000591431,-0.000146477,,,,,,,,,,,,,,,,,,,,,,,,,,,,,,,-0.0141071,-0.0144054,-0.0124835,,,,,,,,,,0.081718,0.0773139,0.0923679,0.474923,0.464184,0.564942,0,-1.41367e-06,0,0.692169,0.694183,1,,,,,,,0.308075,0.30606,0.349945,,,,10.4612,10.549,16.9813,0.000585277,0.000504566,0.01,,,,-0.0116932,-0.0117561,-0.00129934,,,,,,,0.0945236,0.0938228,0.127452,0.216674,0.203158,0.237832,0.769577,0.744579,0.903828,2.00655,1.94307,4.09807,,,,0.133044,0.133522,0.376157,45945,47392,52321,0.58184,0.585706,0.993502,,,,,,,,,,,,,239.5,221.475,294.05,239.5,221.475,294.05,4.62529,4.43422,7.09793,4.62529,4.43422,7.09793
2026-08-17_12-47-28_dr-default-s2,biped,6000,61,,,,,,,,,,,,,,,,,,,-0.0812193,-0.0814047,-0.00568195,-0.0264424,-0.0261196,-0.0052097,,,,,,,,,,,,,-0.04484,-0.0445224,-0.00455047,-0.00892245,-0.00781685,-0.000454629,-0.168205,-0.169644,-0.00588648,0.03471,0.0340539,0.0383033,-0.0101925,-0.0102622,-0.000446562,,,,,,,-0.0157723,-0.0160326,-0.00655593,-0.0240383,-0.0241121,-0.000893834,,,,-0.05157,-0.0528503,-0.00155651,,,,,,,,,,,,,-0.00184552,-0.00192402,-0.000141689,,,,,,,,,,,,,,,,,,,,,,,,,,,,,,,-0.000978103,-0.00080513,-8.33333e-05,,,,,,,,,,0.449722,0.458491,0.478817,1.57691,1.60054,1.65093,0,-6.32379e-06,0,0.0374858,0.0398599,1,,,,,,,0.962514,0.960157,0.969523,,,,1.32562,1.29488,16.9919,0.000260123,0.000314171,0.01,,,,-0.00509012,-0.00535739,-0.000989279,,,,,,,0.0497354,0.0425041,0.142418,0.208999,0.204995,0.301087,0.545187,0.539778,1.12956,1.8999,1.90165,4.05921,,,,0.132946,0.13329,0.415296,48357,48349.5,52624,0.290373,0.289405,0.99519,,,,,,,,,,,,,477.05,485.206,500,477.05,485.206,500,32.0532,33.0852,34.8605,32.0532,33.0852,34.8605
2026-08-17_12-52-12_push-curriculum-s1,biped,6000,61,,,,,,,1.5,1.5,1.5,,,,,,,,,,-0.119568,-0.118893,-0.0056859,-0.0392604,-0.0399858,-0.00522305,,,,,,,,,,,,,-0.0525332,-0.0526501,-0.00452364,-0.0110171,-0.0101574,-0.000420373,-0.118525,-0.119103,-0.00591226,0.0143037,0.0140023,0.0359778,-0.00791115,-0.00800077,-0.000444609,,,,,,,-0.0154121,-0.0155735,-0.00658826,-0.0162031,-0.0164105,-0.000875387,,,,-0.0366238,-0.036994,-0.0015586,,,,,,,,,,,,,-0.00114583,-0.00112798,-0.000140791,,,,,,,,,,,,,,,,,,,,,,,,,,,,,,,-0.0188141,-0.0187136,-0.000982652,,,,,,,,,,0.0522957,0.0542563,0.301774,0.518664,0.520392,1.48226,0,-1.4268e-05,0,0.926565,0.932539,1,,,,,,,0.0741679,0.0677759,0.909393,,,,14.7407,14.7041,16.9705,0.000390184,0.000568244,0.01,,,,-0.0148007,-0.014035,-0.00230247,,,,,,,0.151073,0.153511,0.192985,0.203541,0.207329,0.337187,1.01514,1.01165,1.48795,1.90368,1.92254,3.80882,,,,0.133461,0.133606,0.282255,48255,47851.6,51915,0.8296,0.826807,0.992812,,,,,,,,,,,,,238.09,219.942,493.4,238.09,219.942,493.4,3.28129,3.0261,27.5668,3.28129,3.0261,27.5668
2026-08-17_12-53-14_dr-aggressive-s1,biped,6000,61,,,,,,,,,,,,,,,,,,,-0.0656117,-0.065687,-0.0042139,-0.0253075,-0.0250645,-0.00592097,,,,,,,,,,,,,-0.0303139,-0.0282108,-0.004677,-0.00831714,-0.00715109,-0.000385467,-0.100755,-0.100996,-0.00583436,0.0039716,0.00398989,0.00528427,-0.00553029,-0.00528215,-0.000461094,,,,,,,-0.020219,-0.0199554,-0.00658515,-0.0188367,-0.0195408,-0.000913401,,,,-0.0393566,-0.038551,-0.00165697,,,,,,,,,,,,,-0.000624432,-0.000610316,-0.000148328,,,,,,,,,,,,,,,,,,,,,,,,,,,,,,,-0.0139738,-0.0140616,-0.012683,,,,,,,,,,0.0770461,0.0768324,0.088476,0.454508,0.465202,0.546653,0,-7.67336e-07,0,0.667531,0.676101,1,,,,,,,0.332713,0.324037,0.352325,,,,10.7421,10.7029,17.0011,0.00057665,0.000559173,0.01,,,,-0.012046,-0.0114154,-0.0022609,,,,,,,0.101551,0.0918588,0.132642,0.211971,0.214748,0.245814,0.769073,0.794322,0.919533,2.08744,1.99421,4.06532,,,,0.137619,0.137489,0.31362,44180,46167.3,50766,0.595311,0.593171,0.996404,,,,,,,,,,,,,228.37,229.56,293.35,228.37,229.56,293.35,3.88921,4.37132,6.61782,3.88921,4.37132,6.61782
2026-08-17_12-55-04_push-curriculum-s2,biped,6000,61,,,,,,,1.5,1.5,1.5,,,,,,,,,,-0.119475,-0.121065,-0.00569158,-0.0409489,-0.0414012,-0.00533129,,,,,,,,,,,,,-0.0536723,-0.0529866,-0.00452549,-0.0107845,-0.0102907,-0.000388431,-0.117851,-0.121156,-0.00596629,0.0149892,0.0150329,0.0334854,-0.00792196,-0.00821917,-0.000452757,,,,,,,-0.0159277,-0.0161955,-0.00669493,-0.0153172,-0.0162037,-0.000900094,,,,-0.0360923,-0.0371092,-0.00153157,,,,,,,,,,,,,-0.00112849,-0.00108905,-0.000139996,,,,,,,,,,,,,,,,,,,,,,,,,,,,,,,-0.0189357,-0.0186483,-0.00131446,,,,,,,,,,0.0528119,0.0549638,0.290995,0.506119,0.527416,1.45586,0,-1.23933e-05,0,0.932078,0.928693,1,,,,,,,0.0685018,0.0716304,0.905558,,,,14.7406,14.7046,16.9771,0.00057665,0.000556859,0.01,,,,-0.0141196,-0.0138142,-0.00147368,,,,,,,0.159574,0.154145,0.185923,0.206996,0.21006,0.323907,1.0153,1.03069,1.55641,2.6514,2.71615,4.80524,,,,0.140923,0.140805,0.316999,35205,34516.3,44012,0.828947,0.826586,0.993304,,,,,,,,,,,,,217.7,223.543,491.34,217.7,223.543,491.34,2.63094,3.06386,26.2567,2.63094,3.06386,26.2567
2026-08-17_13-16-11_dr-aggressive-s2,biped,6000,61,,,,,,,,,,,,,,,,,,,-0.070065,-0.0672348,-0.00388513,-0.0260503,-0.0258791,-0.0057517,,,,,,,,,,,,,-0.0296923,-0.0283918,-0.00450262,-0.00659058,-0.00704029,-0.000325554,-0.106668,-0.102886,-0.00582653,0.00449707,0.004454,0.00556273,-0.00592407,-0.00571683,-0.00045627,,,,,,,-0.0230376,-0.0212438,-0.0065341,-0.0194282,-0.0186191,-0.000926735,,,,-0.0378869,-0.0363817,-0.00164895,,,,,,,,,,,,,-0.000687715,-0.000649883,-0.0001483,,,,,,,,,,,,,,,,,,,,,,,,,,,,,,,-0.0142437,-0.0141883,-0.0127159,,,,,,,,,,0.080071,0.0769357,0.0866717,0.488633,0.473774,0.554554,0,-3.36915e-06,0,0.682383,0.683963,1,,,,,,,0.317861,0.316194,0.343292,,,,10.7665,10.6439,16.9991,0.000585277,0.000511503,0.01,,,,-0.0124952,-0.0116155,-0.00148636,,,,,,,0.0986187,0.0960671,0.163182,0.214783,0.211383,0.242633,0.795193,0.789438,0.928357,2.6558,2.7053,4.92035,,,,0.142741,0.141735,0.363528,35126,34649.8,43430,0.596223,0.589971,0.995814,,,,,,,,,,,,,265.81,231.057,289.35,265.81,231.057,289.35,5.56009,4.55137,6.76583,5.56009,4.55137,6.76583
2026-08-17_13-16-11_push-fixed-s0,biped,6000,61,,,,,,,,,,,,,,,,,,,-0.109151,-0.114196,-0.00569664,-0.0374578,-0.0386872,-0.00529501,,,,,,,,,,,,,-0.0456976,-0.0490468,-0.00446012,-0.00961059,-0.0103841,-0.000418945,-0.10749,-0.112884,-0.00593782,0.0125049,0.0138053,0.0157725,-0.00731508,-0.00761923,-0.000441373,,,,,,,-0.0140246,-0.014363,-0.006666,-0.0145652,-0.0157121,-0.000889512,,,,-0.0341639,-0.0360928,-0.00154617,,,,,,,,,,,,,-0.000936215,-0.000980038,-0.00014252,,,,,,,,,,,,,,,,,,,,,,,,,,,,,,,-0.0192886,-0.0190276,-0.0135357,,,,,,,,,,0.0486451,0.0511385,0.0556317,0.479418,0.500609,0.545371,-8.33333e-06,-9.12461e-06,0,0.949677,0.950095,1,,,,,,,0.0508423,0.0500528,0.059316,,,,14.6799,14.6986,16.9808,0.000170859,0.000543904,0.01,,,,-0.0151391,-0.014475,-0.00177768,,,,,,,0.148717,0.14802,0.166949,0.191769,0.199656,0.212018,0.948284,0.988368,1.06812,2.55711,2.76297,4.84114,,,,0.143803,0.141897,0.444716,36396,33937.3,40774,0.82445,0.826319,0.993883,,,,,,,,,,,,,217.01,211.453,253.71,217.01,211.453,253.71,3.05655,2.90892,3.95573,3.05655,2.90892,3.95573
2026-08-17_16-15-50_push-fixed-s1,biped,6000,61,,,,,,,,,,,,,,,,,,,-0.111303,-0.110167,-0.0056859,-0.0386426,-0.0377802,-0.00522305,,,,,,,,,,,,,-0.0471437,-0.0464221,-0.00451944,-0.00984381,-0.0100393,-0.000420373,-0.111142,-0.109192,-0.00591226,0.0127896,0.0124932,0.0142356,-0.00768927,-0.00747392,-0.000444609,,,,,,,-0.0140588,-0.0140841,-0.00658826,-0.0156173,-0.0153368,-0.000875387,,,,-0.0340841,-0.0345924,-0.0015586,,,,,,,,,,,,,-0.000974506,-0.000943396,-0.000140791,,,,,,,,,,,,,,,,,,,,,,,,,,,,,,,-0.019273,-0.0191813,-0.0134532,,,,,,,,,,0.0513252,0.0500255,0.0550802,0.498473,0.486058,0.529377,-1.6369e-05,-1.57875e-05,0,0.95694,0.957712,1,,,,,,,0.0430603,0.0424621,0.0516663,,,,14.6409,14.6821,16.9705,0.000585277,0.000552759,0.01,,,,-0.014941,-0.0144342,-0.00230247,,,,,,,0.145914,0.147942,0.171968,0.194892,0.194054,0.207829,0.965423,0.956528,1.03569,2.82403,2.73601,4.63496,,,,0.133451,0.137354,0.424723,33239,34314.3,41348,0.822603,0.82515,0.992812,,,,,,,,,,,,,218.26,206.038,242.01,218.26,206.038,242.01,3.44238,2.86781,3.85723,3.44238,2.86781,3.85723
2026-08-17_16-19-14_push-fixed-s2,biped,6000,61,,,,,,,,,,,,,,,,,,,-0.112561,-0.113739,-0.00569158,-0.0375175,-0.0387257,-0.00533129,,,,,,,,,,,,,-0.0462288,-0.047757,-0.00452549,-0.00938278,-0.00977132,-0.000388431,-0.109648,-0.110853,-0.00596629,0.0132494,0.0133712,0.0150645,-0.00731932,-0.00750042,-0.000452757,,,,,,,-0.0144138,-0.0145156,-0.00669493,-0.0151804,-0.015312,-0.000900094,,,,-0.0341508,-0.0346706,-0.00153157,,,,,,,,,,,,,-0.000993423,-0.000997849,-0.000139996,,,,,,,,,,,,,,,,,,,,,,,,,,,,,,,-0.0190375,-0.0190956,-0.0136671,,,,,,,,,,0.0495003,0.0497988,0.0540026,0.489769,0.493003,0.532684,-4.16667e-06,-1.33404e-05,0,0.948293,0.953348,1,,,,,,,0.0519511,0.0468752,0.0601196,,,,14.7393,14.7283,16.9771,0.000585277,0.000582085,0.01,,,,-0.0148633,-0.0146776,-0.00147368,,,,,,,0.148778,0.147736,0.169106,0.190856,0.194502,0.208452,0.965429,0.9769,1.07414,2.60355,2.72272,4.28911,,,,0.133157,0.136207,0.309562,35920,34513.2,45270,0.829306,0.828348,0.993304,,,,,,,,,,,,,192.12,206.952,245.8,192.12,206.952,245.8,2.50063,2.82677,3.80198,2.50063,2.82677,3.80198
2026-08-17_19-36-06_dr-s0.5-s0,biped,6000,61,,,,,,,,,,,,,,,,,,,-0.0467532,-0.04881,-0.00583717,-0.0130519,-0.0134988,-0.00520833,,,,,,,,,,,,,-0.0237895,-0.0260416,-0.00457217,-0.00611628,-0.00649549,-0.000438869,-0.144025,-0.144829,-0.0059372,0.0780715,0.0776884,0.0824213,-0.00592047,-0.00593578,-0.000439992,,,,,,,-0.00649328,-0.00656216,-0.00556262,-0.0272655,-0.0280696,-0.000859974,,,,-0.0501725,-0.0502727,-0.00152689,,,,,,,,,,,,,-0.0012201,-0.00119684,-0.0001354,,,,,,,,,,,,,,,,,,,,,,,,,,,,,,,-0.00041835,-0.000337266,0,,,,,,,,,,0.684826,0.680171,0.69643,1.76799,1.77185,1.80291,0,-1.32912e-06,0,0.0130107,0.0169738,1,,,,,,,0.986989,0.983026,0.989237,,,,-4.99688,-4.68308,16.9847,7.70735e-05,0.000173298,0.01,,,,-0.00348827,-0.00316826,0.00340587,,,,,,,0.0287864,0.0211126,0.108752,0.144882,0.148597,0.333232,0.293288,0.303914,1.20235,2.09096,2.12011,4.3654,,,,0.139309,0.139673,0.426544,44077,43559.8,48046,0.187042,0.192413,0.993555,,,,,,,,,,,,,485.94,492.871,500,485.94,492.871,500,43.3612,43.9327,44.9505,43.3612,43.9327,44.9505
2026-08-17_19-36-06_dr-s0.5-s1,biped,6000,61,,,,,,,,,,,,,,,,,,,-0.0468341,-0.0463364,-0.00573714,-0.0128206,-0.0128854,-0.00508814,,,,,,,,,,,,,-0.0223899,-0.0218324,-0.00452286,-0.00923312,-0.00839856,-0.000448313,-0.141949,-0.144284,-0.00585936,0.0761503,0.075997,0.080874,-0.00577858,-0.00599982,-0.000425136,,,,,,,-0.00518055,-0.00530589,-0.00454362,-0.0252532,-0.0247538,-0.000860132,,,,-0.0437789,-0.0429341,-0.00153191,,,,,,,,,,,,,-0.000960816,-0.00101091,-0.000136659,,,,,,,,,,,,,,,,,,,,,,,,,,,,,,,-0.000198413,-0.000271862,0,,,,,,,,,,0.700639,0.701511,0.715035,1.78229,1.77854,1.80627,0,-2.44297e-06,0,0.0166219,0.0136237,1,,,,,,,0.983378,0.986376,0.990641,,,,-5.42845,-5.62227,16.9879,0.000173415,0.000163653,0.01,,,,-0.00315104,-0.00303366,0.0015941,,,,,,,0.0283524,0.0187259,0.111245,0.147555,0.148527,0.338928,0.29212,0.288724,1.14235,2.01478,2.06316,4.32406,,,,0.13854,0.139528,0.46952,45652,44674.9,49267,0.182146,0.178595,0.995153,,,,,,,,,,,,,490.64,494.485,500,490.64,494.485,500,44.31,44.8381,45.7835,44.31,44.8381,45.7835
2026-08-17_19-36-06_dr-s0.5-s2,biped,6000,61,,,,,,,,,,,,,,,,,,,-0.0472529,-0.0481882,-0.00573183,-0.0133239,-0.0139286,-0.0050306,,,,,,,,,,,,,-0.0219719,-0.0226668,-0.00445691,-0.00937068,-0.00870873,-0.000450334,-0.140359,-0.14045,-0.00586944,0.0749399,0.0732229,0.0800767,-0.00649677,-0.00643381,-0.000428976,,,,,,,-0.00530188,-0.00540493,-0.00484773,-0.02589,-0.0252368,-0.000866478,,,,-0.0447176,-0.0433425,-0.00151117,,,,,,,,,,,,,-0.000988141,-0.00098611,-0.000139019,,,,,,,,,,,,,,,,,,,,,,,,,,,,,,,-0.00016835,-0.000318185,0,,,,,,,,,,0.698685,0.689361,0.708487,1.78158,1.77068,1.80075,0,-9.04552e-07,0,0.0174357,0.0160932,1,,,,,,,0.982564,0.983941,0.990448,,,,-5.25275,-4.99606,16.9997,7.70735e-05,0.000178093,0.01,,,,-0.00376843,-0.00326624,0.00179789,,,,,,,0.0371155,0.0201725,0.139203,0.149761,0.149831,0.333149,0.294288,0.296852,1.1814,2.15441,2.10874,4.34766,,,,0.139608,0.139959,0.444453,42852,43763.6,48839,0.184042,0.188339,0.995358,,,,,,,,,,,,,495.34,493.623,500,495.34,493.623,500,44.631,44.3531,45.3964,44.631,44.3531,45.3964
2026-08-17_19-36-06_dr-s1.5-s0,biped,6000,61,,,,,,,,,,,,,,,,,,,-0.125307,-0.124588,-0.00534616,-0.0444092,-0.0432999,-0.00559416,,,,,,,,,,,,,-0.0691169,-0.0685359,-0.00459753,-0.0169467,-0.0173343,-0.000400723,-0.193414,-0.189755,-0.00589028,0.0209895,0.0190194,0.0223237,-0.0128047,-0.0127112,-0.000483288,,,,,,,-0.0303545,-0.0311172,-0.00664826,-0.0304511,-0.0297821,-0.000900276,,,,-0.0649277,-0.0633195,-0.00159184,,,,,,,,,,,,,-0.00196633,-0.00193081,-0.00014137,,,,,,,,,,,,,,,,,,,,,,,,,,,,,,,-0.00481081,-0.00495442,-0.00290931,,,,,,,,,,0.192184,0.188018,0.212125,1.18274,1.14606,1.2539,0,-2.23359e-05,0,0.205485,0.232988,1,,,,,,,0.794515,0.767237,0.808502,,,,8.57297,8.85512,16.9892,0.000390184,0.000475339,0.01,,,,-0.00979808,-0.01027,-0.00196481,,,,,,,0.0923165,0.0965968,0.126076,0.266361,0.265275,0.296662,1.11191,1.0887,1.22437,1.98743,2.08971,4.37243,,,,0.138325,0.138565,0.41997,46244,44168,49466,0.498273,0.509648,0.99406,,,,,,,,,,,,,429.59,420.508,479.79,429.59,420.508,479.79,16.0092,15.3474,18.3171,16.0092,15.3474,18.3171
2026-08-17_20-32-36__val-terrain,biped,3,2,,,,,,,,,,,,,0.000651042,0.000651042,0.704427,,,,-0.00844145,-0.00844145,-0.00499253,-0.00701465,-0.00701465,-0.00583253,,,,,,,,,,,,,-0.00675273,-0.00675273,-0.0059835,-0.000977394,-0.000977394,-0.000439757,-0.00822432,-0.00822432,-0.00515537,0.000234574,0.000234574,0.000234574,-0.000734015,-0.000734015,-0.000545476,,,,,,,-0.00985158,-0.00985158,-0.00651528,-0.00152246,-0.00152246,-0.000926074,,,,-0.00228847,-0.00228847,-0.00150242,,,,,,,,,,,,,-0.000200618,-0.000200618,-0.000137429,,,,,,,,,,,,,,,,,,,,,,,,,,,,,,,-0.02,-0.02,-0.01375,,,,,,,,,,0.00414671,0.00414671,0.00414671,0.00671229,0.00671229,0.00738896,0,0,0,1,1,1,,,,,,,0,0,0.0110677,,,,17.0103,17.0103,17.0274,1.5e-05,1.5e-05,2.25e-05,,,,-0.0267461,-0.0267461,-0.0224345,,,,,,,0.0351567,0.0351567,0.133917,0.046477,0.046477,0.046477,0.0786664,0.0786664,0.085745,1.65432,1.65432,4.45136,,,,0.111042,0.111042,0.42436,870,870,870,0.997998,0.997998,0.999934,,,,,,,,,,,,,17.69,17.69,18.06,17.69,17.69,18.06,-1.1081,-1.1081,-1.08668,-1.1081,-1.1081,-1.08668
2026-08-17_20-34-04__val-adapt,biped,4,2,,,,,,,0,0,0.0108333,,,,,,,,,,-0.00885916,-0.00885916,-0.0052806,-0.00736589,-0.00736589,-0.00462516,,,,,,,,,,,,,-0.00677201,-0.00677201,-0.00400852,-0.000912632,-0.000912632,-0.00054259,-0.0086453,-0.0086453,-0.00565134,0.000175223,0.000175223,0.000177699,-0.000659104,-0.000659104,-0.00040003,,,,,,,-0.0102395,-0.0102395,-0.00632075,-0.0014254,-0.0014254,-0.000813204,,,,-0.00236749,-0.00236749,-0.00141161,,,,,,,,,,,,,-0.000159972,-0.000159972,-0.00010883,,,,,,,,,,,,,,,,,,,,,,,,,,,,,,,-0.02,-0.02,-0.0125,,,,,,,,,,0.00418502,0.00418502,0.00418502,0.00610728,0.00610728,0.00765194,0,0,0,1,1,1,,,,,,,0,0,0.015625,,,,17.0094,17.0094,17.0263,2.25e-05,2.25e-05,2.25e-05,,,,-0.0198832,-0.0198832,-0.0198832,,,,,,,0.0244262,0.0244262,0.130996,0.0492946,0.0492946,0.0492946,0.0889149,0.0889149,0.0889149,1.52798,1.52798,3.51047,,,,0.116004,0.116004,0.272125,934,934,934,0.998222,0.998222,0.999893,,,,,,,,,,,,,18.42,18.42,18.42,18.42,18.42,18.42,-1.13721,-1.13721,-1.06995,-1.13721,-1.13721,-1.06995
2026-08-17_20-59-38_push-c0.2-s0,biped,6000,61,,,,,,,0.2,0.2,0.2,,,,,,,,,,-0.0793873,-0.0805835,-0.00569664,-0.0266581,-0.0266369,-0.00529501,,,,,,,,,,,,,-0.0434042,-0.0460499,-0.00446012,-0.00660226,-0.00650733,-0.000416858,-0.170618,-0.174147,-0.00593782,0.037436,0.036834,0.0404368,-0.00928269,-0.00973684,-0.000441373,,,,,,,-0.0115573,-0.0130964,-0.006666,-0.0237939,-0.0235798,-0.000889512,,,,-0.0487722,-0.0484321,-0.00154617,,,,,,,,,,,,,-0.0018908,-0.00191415,-0.00014252,,,,,,,,,,,,,,,,,,,,,,,,,,,,,,,-0.000642256,-0.000810647,0,,,,,,,,,,0.455978,0.451587,0.470019,1.59504,1.5875,1.63838,0,-2.55352e-05,0,0.0400798,0.0394234,1,,,,,,,0.95992,0.960611,0.973796,,,,1.5332,1.49185,16.9808,0.000384434,0.000310489,0.01,,,,-0.00526062,-0.0053918,-0.00118624,,,,,,,0.0379075,0.0446633,0.109846,0.209434,0.210166,0.307185,0.546174,0.551637,1.1834,2.04168,2.08784,4.45674,,,,0.137471,0.137041,0.436239,45111,44233.7,48728,0.294961,0.293939,0.993883,,,,,,,,,,,,,487.77,487.206,500,487.77,487.206,500,33.1809,32.9231,34.6223,33.1809,32.9231,34.6223
2026-08-17_21-01-36_dr-s1.5-s1,biped,6000,61,,,,,,,,,,,,,,,,,,,-0.117512,-0.122345,-0.00507909,-0.0420292,-0.0423537,-0.00565441,,,,,,,,,,,,,-0.068603,-0.0686746,-0.0045087,-0.0139652,-0.0154699,-0.000372211,-0.18338,-0.191238,-0.00582955,0.0194254,0.0198721,0.0227762,-0.0122603,-0.0124469,-0.000493012,,,,,,,-0.030633,-0.0339345,-0.00656119,-0.0312192,-0.0311775,-0.000893004,,,,-0.0630296,-0.0657806,-0.00161575,,,,,,,,,,,,,-0.00199089,-0.00206776,-0.000144708,,,,,,,,,,,,,,,,,,,,,,,,,,,,,,,-0.00589294,-0.00458825,-0.00282843,,,,,,,,,,0.188725,0.195745,0.214192,1.11404,1.1726,1.27746,-4.58333e-05,-5.76888e-05,0,0.243093,0.21524,1,,,,,,,0.756907,0.784853,0.804799,,,,8.77712,8.67435,17.0022,0.000585277,0.000489248,0.01,,,,-0.0101234,-0.00993175,-0.00232857,,,,,,,0.0919245,0.0921469,0.122755,0.266355,0.266718,0.293499,1.04359,1.077,1.19411,2.04048,2.02984,3.94503,,,,0.137409,0.137593,0.295277,45137,45405.9,51163,0.506109,0.5023,0.995981,,,,,,,,,,,,,403.39,426.107,472.08,403.39,426.107,472.08,14.6299,15.9212,18.3535,14.6299,15.9212,18.3535
2026-08-17_21-04-24_push-c0.2-s1,biped,6000,61,,,,,,,0.2,0.2,0.2,,,,,,,,,,-0.0749383,-0.0751814,-0.0056859,-0.0251827,-0.0256451,-0.00522305,,,,,,,,,,,,,-0.0423462,-0.0424692,-0.00455465,-0.00589525,-0.00638375,-0.000420373,-0.163222,-0.165059,-0.00591226,0.0374545,0.0377721,0.0414146,-0.0094993,-0.00980055,-0.000444609,,,,,,,-0.0105724,-0.00998493,-0.00658826,-0.0235451,-0.0233011,-0.000875387,,,,-0.0458643,-0.0453206,-0.0015586,,,,,,,,,,,,,-0.00141204,-0.00147972,-0.000140791,,,,,,,,,,,,,,,,,,,,,,,,,,,,,,,-0.000961039,-0.000636624,-5.20833e-05,,,,,,,,,,0.487533,0.489236,0.505702,1.599,1.60293,1.6447,-5.55556e-06,-1.27341e-05,0,0.0324707,0.0313141,1,,,,,,,0.967529,0.968703,0.974721,,,,0.417792,0.335949,16.9705,0.000260123,0.000292863,0.01,,,,-0.00483171,-0.00516406,-7.4019e-05,,,,,,,0.0447071,0.0385566,0.115432,0.203757,0.207379,0.304234,0.495842,0.501921,1.16002,1.92398,2.03966,4.02148,,,,0.131876,0.13257,0.409566,47816,45335.2,51098,0.274081,0.271613,0.992812,,,,,,,,,,,,,483.58,489.115,500,483.58,489.115,500,34.4702,34.5041,35.9559,34.4702,34.5041,35.9559
2026-08-17_22-56-08_terrain-bumpy-s0,biped,6000,61,,,,,,,,,,,,,1.44306,1.43169,1.47184,,,,-0.138954,-0.139947,-0.00547221,-0.0470099,-0.0457507,-0.00532055,,,,,,,,,,,,,-0.0895092,-0.0857158,-0.00539519,-0.012719,-0.0125507,-0.000349961,-0.180611,-0.180629,-0.00567796,0.0350194,0.0332628,0.0374183,-0.0123775,-0.0125477,-0.000502452,,,,,,,-0.0186927,-0.0187377,-0.00658745,-0.0289734,-0.0282652,-0.000909944,,,,-0.0548624,-0.0544262,-0.00156828,,,,,,,,,,,,,-0.00137328,-0.00132353,-0.00016684,,,,,,,,,,,,,,,,,,,,,,,,,,,,,,,-0.00249206,-0.00223942,-0.000890873,,,,,,,,,,0.229403,0.229191,0.242168,1.23648,1.24011,1.32369,-1.04167e-05,-1.55086e-05,0,0.103231,0.0998996,1,,,,,,,0.896769,0.900191,0.91216,,,,7.70664,7.78155,16.9823,0.000390184,0.000537804,0.01,,,,-0.0102157,-0.0101647,-0.00106305,,,,,,,0.102299,0.0937632,0.14466,0.300498,0.303488,0.32991,1.07892,1.08882,1.26625,4.55866,4.55594,6.61637,,,,0.132522,0.133695,0.486612,20955,20967.3,23266,0.465443,0.468363,0.993833,,,,,,,,,,,,,473.77,467.072,497.19,473.77,467.072,497.19,18.3266,18.5613,20.533,18.3266,18.5613,20.533
2026-08-17_23-22-21_push-adaptive-s0,biped,6000,61,,,,,,,0.9575,0.865181,1,,,,,,,,,,-0.171278,-0.166104,-0.00569664,-0.0531715,-0.0529723,-0.00529501,,,,,,,,,,,,,-0.0808891,-0.0796628,-0.00446012,-0.0158462,-0.0142461,-0.000416858,-0.216755,-0.210761,-0.00593782,0.0325857,0.0312429,0.0402766,-0.013022,-0.0123805,-0.000441373,,,,,,,-0.0191919,-0.0181036,-0.006666,-0.0299788,-0.0276691,-0.000889512,,,,-0.0611441,-0.0587052,-0.00154617,,,,,,,,,,,,,-0.00206378,-0.00196608,-0.00014252,,,,,,,,,,,,,,,,,,,,,,,,,,,,,,,-0.0060086,-0.00559073,-0.000277778,,,,,,,,,,0.154342,0.150417,0.266695,1.20907,1.1822,1.49672,-7.4537e-05,-3.41454e-05,0,0.247864,0.264208,1,,,,,,,0.753357,0.73638,0.789225,,,,11.9025,11.742,16.9808,0.00057665,0.000485027,0.01,,,,-0.0107218,-0.0107561,-0.00117636,,,,,,,0.140868,0.129432,0.544461,0.299274,0.292252,0.320283,1.46344,1.44306,1.58078,2.23692,2.1049,4.34496,,,,0.138541,0.138912,0.446316,41383,43855.5,49695,0.655389,0.646485,0.993883,,,,,,,,,,,,,425.25,434.49,500,425.25,434.49,500,13.7045,14.2558,25.5238,13.7045,14.2558,25.5238
2026-08-17_23-24-43_dr-s1.5-s2,biped,6000,61,,,,,,,,,,,,,,,,,,,-0.119209,-0.119708,-0.00523733,-0.0422267,-0.0422803,-0.00541387,,,,,,,,,,,,,-0.0718308,-0.0690725,-0.00441521,-0.0202271,-0.0191283,-0.00041285,-0.189817,-0.191099,-0.00580767,0.0198845,0.0202563,0.0231026,-0.0129503,-0.0129142,-0.000506303,,,,,,,-0.03956,-0.036359,-0.00647895,-0.0297019,-0.0296463,-0.000912413,,,,-0.0610361,-0.0619574,-0.00160833,,,,,,,,,,,,,-0.00189903,-0.00192485,-0.000143491,,,,,,,,,,,,,,,,,,,,,,,,,,,,,,,-0.00466081,-0.00437303,-0.0022662,,,,,,,,,,0.198313,0.202817,0.222202,1.1628,1.18732,1.30308,-7.57576e-06,-3.43839e-05,0,0.210927,0.204093,1,,,,,,,0.789073,0.796018,0.831716,,,,8.40641,8.41653,16.9998,0.000384434,0.000458117,0.01,,,,-0.00946847,-0.00998756,-0.00163612,,,,,,,0.0972229,0.0961075,0.150298,0.264915,0.266147,0.289665,1.05055,1.05948,1.19785,2.03567,2.07799,4.14855,,,,0.137491,0.138005,0.298096,45235,44412.8,49392,0.491679,0.492145,0.995904,,,,,,,,,,,,,411.85,430.16,476.1,411.85,430.16,476.1,15.0141,16.4108,18.9461,15.0141,16.4108,18.9461
2026-08-17_23-25-33_push-c0.4-s0,biped,6000,61,,,,,,,0.4,0.4,0.4,,,,,,,,,,-0.0985484,-0.0971847,-0.00569664,-0.0312731,-0.0311516,-0.00529501,,,,,,,,,,,,,-0.0514179,-0.0522624,-0.00446012,-0.00724004,-0.00713501,-0.000416858,-0.179463,-0.18048,-0.00593782,0.0352482,0.0346316,0.0388982,-0.0109208,-0.0108746,-0.000441373,,,,,,,-0.0138497,-0.0143621,-0.006666,-0.0249126,-0.0250822,-0.000889512,,,,-0.051655,-0.0516093,-0.00154617,,,,,,,,,,,,,-0.00176497,-0.00180562,-0.00014252,,,,,,,,,,,,,,,,,,,,,,,,,,,,,,,-0.00100425,-0.00109972,-0.000132353,,,,,,,,,,0.377877,0.371013,0.43963,1.52424,1.51939,1.61039,-6.48148e-05,-2.10536e-05,0,0.0506287,0.0544903,1,,,,,,,0.949371,0.94559,0.970662,,,,4.22253,4.22393,16.9808,0.000384434,0.000392122,0.01,,,,-0.00625022,-0.00620346,-0.00177768,,,,,,,0.0639139,0.058697,0.109846,0.235205,0.232107,0.307185,0.682062,0.688703,1.1834,2.10633,2.10635,4.07748,,,,0.139261,0.139515,0.351964,43776,43823.6,48385,0.360776,0.361182,0.993883,,,,,,,,,,,,,490,484.236,500,490,484.236,500,29.5345,29.0333,32.9156,29.5345,29.0333,32.9156
2026-08-17_23-26-02_push-c0.4-s1,biped,3982,40,,,,,,,0.298152,0.288252,0.298152,,,,,,,,,,-0.0845711,-353.404,-0.0056859,-0.0267734,-0.0272853,-0.00522305,,,,,,,,,,,,,-0.0452356,-0.0470074,-0.00455465,-0.00656244,-0.00641062,-0.000420373,-0.170301,-0.170488,-0.00591226,0.0355768,0.0364951,0.0399587,-0.0100535,-0.010035,-0.000444609,,,,,,,-0.011734,-0.0112537,-0.00658826,-0.0236497,-0.0231709,-0.000875387,,,,-0.0455049,-0.0450936,-0.0015586,,,,,,,,,,,,,-0.00150486,-0.00154633,-0.000140791,,,,,,,,,,,,,,,,,,,,,,,,,,,,,,,-0.000589647,-0.000875651,-6.94444e-05,,,,,,,,,,0.45021,0.437899,0.45492,1.587,1.55828,1.62721,0,-3.63342e-05,0,0.0469869,0.0433732,1,,,,,,,0.953013,0.956652,0.968567,,,,1.81723,1.79631,16.9705,1e-05,0.0002553,0.01,,,,0,-0.0053572,0.000782924,,,,,,,inf,inf,inf,0.215289,0.216642,0.304234,0.560684,0.566405,1.16002,2.18791,2.13331,4.21445,,,,0.13926,0.14016,0.298083,42241,43290,48751,0.302112,0.301422,0.992812,,,,,,,,,,,,,487.84,483.92,500,487.84,483.92,500,32.8692,32.064,34.003,32.8692,32.064,34.003
2026-08-18_00-40-12_terrain-bumpy-s1,biped,6000,61,,,,,,,,,,,,,1.44649,1.43568,1.54917,,,,-0.144057,-0.139385,-0.00520423,-0.0460038,-0.045235,-0.00533402,,,,,,,,,,,,,-0.0951262,-0.0891222,-0.00544673,-0.0105302,-0.0103521,-0.000380133,-0.184364,-0.17978,-0.00558583,0.0334267,0.0330947,0.0389066,-0.012596,-0.0122854,-0.000498118,,,,,,,-0.0253303,-0.0220462,-0.00641305,-0.0287736,-0.0290089,-0.000908409,,,,-0.0608446,-0.0605149,-0.00158671,,,,,,,,,,,,,-0.00136942,-0.00137426,-0.000175074,,,,,,,,,,,,,,,,,,,,,,,,,,,,,,,-0.00169412,-0.00230906,-0.000721591,,,,,,,,,,0.239559,0.233151,0.250356,1.2893,1.24541,1.34329,-3.125e-05,-3.56577e-05,0,0.0961405,0.104163,1,,,,,,,0.904348,0.895902,0.92275,,,,7.78455,7.72485,16.982,0.00057665,0.00053725,0.01,,,,-0.0100828,-0.0100671,-0.00205528,,,,,,,0.086967,0.0930607,0.134586,0.296793,0.299427,0.326176,1.07692,1.06677,1.26927,4.49338,4.57248,6.65216,,,,0.13773,0.141731,0.463743,21226,20862,22319,0.469121,0.466296,0.993692,,,,,,,,,,,,,476.82,465.504,497.33,476.82,465.504,497.33,19.6497,18.4808,20.8459,19.6497,18.4808,20.8459
2026-08-18_00-46-24_push-adaptive-s1,biped,6000,61,,,,,,,0.998333,0.843947,1,,,,,,,,,,-0.17996,-0.165192,-0.0056859,-0.0562936,-0.0512496,-0.00522305,,,,,,,,,,,,,-0.0881962,-0.0797644,-0.00455465,-0.0148418,-0.0142568,-0.000420373,-0.224468,-0.207615,-0.00591226,0.0369076,0.0328213,0.0463712,-0.0129001,-0.0119667,-0.000444609,,,,,,,-0.0190506,-0.0195699,-0.00658826,-0.0290467,-0.0272528,-0.000875387,,,,-0.0632571,-0.058886,-0.0015586,,,,,,,,,,,,,-0.00200982,-0.00183406,-0.000140791,,,,,,,,,,,,,,,,,,,,,,,,,,,,,,,-0.00433905,-0.00561788,-0.000439987,,,,,,,,,,0.161126,0.1517,0.235826,1.27715,1.18685,1.4701,-2.27273e-05,-6.48269e-05,0,0.237539,0.253165,1,,,,,,,0.76295,0.747243,0.803955,,,,11.6442,11.5699,16.9705,0.000585277,0.000477544,0.01,,,,-0.0115055,-0.0105234,0.000473858,,,,,,,0.155413,0.133345,0.508341,0.306539,0.286819,0.322388,1.56484,1.42289,1.63809,2.09774,2.04995,4.06521,,,,0.132442,0.132497,0.437696,44078,45120.9,51874,0.641657,0.637568,0.992812,,,,,,,,,,,,,464.06,431.527,499.7,464.06,431.527,499.7,15.7894,14.4732,23.5978,15.7894,14.4732,23.5978
2026-08-18_00-46-24_push-c0.6-s0,biped,6000,61,,,,,,,0.6,0.6,0.6,,,,,,,,,,-0.13241,-0.132832,-0.00569664,-0.041684,-0.0412043,-0.00529501,,,,,,,,,,,,,-0.0677017,-0.0654465,-0.00446012,-0.0100382,-0.00952513,-0.000416858,-0.200336,-0.199084,-0.00593782,0.0365841,0.034651,0.0386449,-0.0117549,-0.0118479,-0.000441373,,,,,,,-0.0183748,-0.0173303,-0.006666,-0.0286842,-0.0276325,-0.000889512,,,,-0.0544165,-0.0537781,-0.00154617,,,,,,,,,,,,,-0.00179179,-0.00172848,-0.00014252,,,,,,,,,,,,,,,,,,,,,,,,,,,,,,,-0.00227311,-0.00213685,-0.000376684,,,,,,,,,,0.236368,0.232549,0.375848,1.39325,1.38872,1.5744,-1.66667e-05,-2.34721e-05,0,0.106283,0.105151,1,,,,,,,0.893717,0.895057,0.945058,,,,8.44996,8.65693,16.9808,0.000585277,0.000478217,0.01,,,,-0.00809235,-0.00815184,-0.00177768,,,,,,,0.079281,0.0814362,0.121601,0.269202,0.265957,0.307185,1.08416,1.09048,1.1834,2.2379,2.13059,4.31206,,,,0.13907,0.139243,0.301581,41356,43359.1,48350,0.495519,0.504103,0.993883,,,,,,,,,,,,,474.14,472.828,500,474.14,472.828,500,21.6065,21.8815,30.3708,21.6065,21.8815,30.3708
2026-08-18_01-58-49_terrain-bumpy-s2,biped,6000,61,,,,,,,,,,,,,1.41709,1.41859,1.49556,,,,-0.143168,-0.142141,-0.00548901,-0.0456568,-0.0457875,-0.00547418,,,,,,,,,,,,,-0.0914608,-0.0878053,-0.005054,-0.014102,-0.0122343,-0.000415369,-0.182796,-0.182302,-0.0056156,0.0328835,0.0310928,0.0368147,-0.0127631,-0.0129662,-0.000510469,,,,,,,-0.0162302,-0.0169844,-0.00655014,-0.0289081,-0.0288191,-0.000924153,,,,-0.0614065,-0.0593345,-0.00156121,,,,,,,,,,,,,-0.0013943,-0.00134949,-0.000172592,,,,,,,,,,,,,,,,,,,,,,,,,,,,,,,-0.00233024,-0.00233151,-0.000732372,,,,,,,,,,0.224656,0.225529,0.24168,1.24781,1.24039,1.32333,-1.38889e-05,-3.33374e-05,0,0.103058,0.104742,1,,,,,,,0.896942,0.895362,0.917094,,,,8.06463,7.97052,16.9912,0.000585277,0.000526267,0.01,,,,-0.00982615,-0.0102956,-0.00097421,,,,,,,0.106584,0.0978489,0.151877,0.300516,0.301552,0.32671,1.11938,1.1034,1.28234,4.53567,4.5643,6.76242,,,,0.138002,0.138187,0.431601,21033,20911.4,22342,0.479361,0.475455,0.995254,,,,,,,,,,,,,469.45,465.291,493.88,469.45,465.291,493.88,18.1484,18.2295,20.7928,18.1484,18.2295,20.7928
2026-08-18_03-10-12_terrain-smooth-s0,biped,6000,61,,,,,,,,,,,,,1.23353,1.22294,1.30516,,,,-0.139402,-0.14164,-0.00537788,-0.0467843,-0.0463495,-0.00531899,,,,,,,,,,,,,-0.0821559,-0.0873642,-0.00559016,-0.0113825,-0.0125648,-0.000340972,-0.175658,-0.178465,-0.00562244,0.0313872,0.032965,0.036694,-0.0128214,-0.0126634,-0.000505331,,,,,,,-0.0176825,-0.0181936,-0.00656442,-0.0305806,-0.0303085,-0.000917571,,,,-0.0606276,-0.0591144,-0.00157595,,,,,,,,,,,,,-0.00139878,-0.00137925,-0.000175543,,,,,,,,,,,,,,,,,,,,,,,,,,,,,,,-0.00246405,-0.00247503,-0.00115186,,,,,,,,,,0.219227,0.222304,0.237445,1.18833,1.209,1.29758,0,-2.31924e-05,0,0.110291,0.114135,1,,,,,,,0.889709,0.886033,0.90154,,,,8.10474,8.0502,16.9737,0.00057665,0.000548921,0.01,,,,-0.0100625,-0.0100401,-0.00184909,,,,,,,0.078985,0.0915823,0.166717,0.312873,0.309026,0.333855,1.10701,1.10979,1.28059,4.64987,4.60556,6.98012,,,,0.139072,0.136958,0.436509,20527,20736.2,22655,0.481116,0.478657,0.993067,,,,,,,,,,,,,454.01,462.734,492.22,454.01,462.734,492.22,17.783,17.5558,19.7323,17.783,17.5558,19.7323
2026-08-18_03-10-35_push-c0.6-s1,biped,6000,61,,,,,,,0.6,0.6,0.6,,,,,,,,,,-0.125723,-0.127088,-0.0056859,-0.0417015,-0.0418532,-0.00522305,,,,,,,,,,,,,-0.0623754,-0.0640709,-0.00455465,-0.0100879,-0.0105017,-0.000420373,-0.197113,-0.19578,-0.00591226,0.0340098,0.0340096,0.0398521,-0.0118431,-0.0118534,-0.000444609,,,,,,,-0.0143845,-0.0141834,-0.00658826,-0.0271768,-0.027081,-0.000875387,,,,-0.0529487,-0.0524414,-0.0015586,,,,,,,,,,,,,-0.00154113,-0.00157741,-0.000140791,,,,,,,,,,,,,,,,,,,,,,,,,,,,,,,-0.00190055,-0.001888,-0.000215618,,,,,,,,,,0.250949,0.248639,0.404227,1.417,1.40537,1.5887,-2.08333e-05,-1.77205e-05,0,0.092275,0.0932012,1,,,,,,,0.907969,0.906932,0.954865,,,,8.05757,8.12094,16.9705,0.000384434,0.000455621,0.01,,,,-0.00779785,-0.00773913,0.0012986,,,,,,,0.0936506,0.0805905,0.122688,0.264525,0.265504,0.304234,1.03442,1.03432,1.16002,2.06819,2.1408,4.13594,,,,0.139851,0.139776,0.327987,44520,43155.1,48284,0.481102,0.483535,0.992812,,,,,,,,,,,,,477.48,477.588,500,477.48,477.588,500,23.4139,22.8448,31.9135,23.4139,22.8448,31.9135
2026-08-18_03-13-20_terrain-smooth-s1,biped,6000,61,,,,,,,,,,,,,1.25375,1.25377,1.3075,,,,-0.144259,-0.142033,-0.00508771,-0.0448202,-0.0442405,-0.00531273,,,,,,,,,,,,,-0.0885981,-0.0899292,-0.00565885,-0.0114539,-0.0121097,-0.000314372,-0.185621,-0.181452,-0.00552092,0.0342395,0.0341018,0.0383913,-0.0123533,-0.0124148,-0.000507335,,,,,,,-0.0190136,-0.018252,-0.00634451,-0.0300981,-0.0293572,-0.000913399,,,,-0.0579792,-0.0576817,-0.00159417,,,,,,,,,,,,,-0.00140549,-0.0014101,-0.000182775,,,,,,,,,,,,,,,,,,,,,,,,,,,,,,,-0.0020816,-0.00254057,-0.00110095,,,,,,,,,,0.227109,0.221239,0.237679,1.23417,1.21568,1.29448,-4.62963e-05,-1.88263e-05,0,0.114227,0.117364,1,,,,,,,0.886017,0.882719,0.906677,,,,8.07201,8.07814,16.9913,0.000585277,0.000564503,0.01,,,,-0.00932063,-0.0101575,-0.00164812,,,,,,,0.0987268,0.0930222,0.138041,0.311879,0.305264,0.329486,1.11732,1.10995,1.28184,4.69718,4.62697,6.76595,,,,0.139339,0.138644,0.329311,20325,20634.2,22465,0.48012,0.479801,0.994466,,,,,,,,,,,,,477.85,461.74,491.97,477.85,461.74,491.97,18.2407,17.6451,19.6642,18.2407,17.6451,19.6642
2026-08-18_10-50-33_push-c0.4-s2,biped,6000,61,,,,,,,0.4,0.4,0.4,,,,,,,,,,-0.0959112,-0.0979,-0.00569158,-0.0305794,-0.0307519,-0.00533129,,,,,,,,,,,,,-0.0505343,-0.0520538,-0.00452549,-0.00792366,-0.00778692,-0.000388431,-0.177336,-0.181441,-0.00596629,0.0348213,0.0342652,0.0380198,-0.0103627,-0.010781,-0.000452757,,,,,,,-0.0167001,-0.0181218,-0.00669493,-0.0242856,-0.0244969,-0.000900094,,,,-0.0468736,-0.0490241,-0.00153157,,,,,,,,,,,,,-0.00193042,-0.00191528,-0.000139996,,,,,,,,,,,,,,,,,,,,,,,,,,,,,,,-0.00148435,-0.00119492,-0.000247253,,,,,,,,,,0.361055,0.357522,0.390866,1.51312,1.51755,1.59793,0,-9.72247e-06,0,0.0562337,0.0591658,1,,,,,,,0.943868,0.940885,0.953735,,,,4.28279,4.51154,16.9771,0.000390184,0.000405166,0.01,,,,-0.0066912,-0.00639671,0.00107116,,,,,,,0.0693864,0.0577283,0.143565,0.228967,0.229842,0.328582,0.698521,0.711468,1.15441,2.28714,2.18069,4.48678,,,,0.137696,0.139366,0.449803,40540,42429.1,47711,0.360975,0.367663,0.993304,,,,,,,,,,,,,486.67,482.017,500,486.67,482.017,500,29.3194,28.6944,31.2539,29.3194,28.6944,31.2539
2026-08-19_14-18-44_coll-convex-s0,biped,6000,61,,,,,,,,,,,,,,,,,,,-0.0851598,-0.0832059,-0.00576307,-0.0259454,-0.0256977,-0.0052847,,,,,,,,,,,,,-0.0474966,-0.0492626,-0.00455537,-0.00609389,-0.0062083,-0.000434817,-0.180817,-0.181848,-0.00596895,0.0326993,0.0338875,0.0385469,-0.0099214,-0.00994613,-0.000441067,,,,,,,-0.0168887,-0.0196196,-0.00663496,-0.0239601,-0.0246332,-0.000882887,,,,-0.0493037,-0.051184,-0.00156208,,,,,,,,,,,,,-0.00237461,-0.00241513,-0.000138925,,,,,,,,,,,,,,,,,,,,,,,,,,,,,,,-0.00146721,-0.0010127,-7.57576e-05,,,,,,,,,,0.418724,0.433218,0.458176,1.55774,1.58845,1.65172,0,-1.07218e-05,0,0.0538127,0.0487417,1,,,,,,,0.946187,0.951306,0.9646,,,,2.5412,2.11631,16.9946,0.000390184,0.000311184,0.01,,,,-0.00524599,-0.00562869,-0.00123659,,,,,,,0.0583182,0.0512897,0.110136,0.207249,0.206862,0.347819,0.577012,0.573906,1.12686,2.77748,2.82324,5.08402,,,,0.136231,0.136455,0.489851,33738,33312.6,41738,0.317683,0.307228,0.994702,,,,,,,,,,,,,468.89,483.726,500,468.89,483.726,500,30.6838,32.0353,33.8735,30.6838,32.0353,33.8735
2026-08-19_14-36-08_coll-convex-s1,biped,6000,61,,,,,,,,,,,,,,,,,,,-0.0780887,-0.0787038,-0.00564082,-0.025047,-0.0254379,-0.00529289,,,,,,,,,,,,,-0.046383,-0.0460665,-0.00438391,-0.00689176,-0.00710402,-0.000370022,-0.168612,-0.169989,-0.0058747,0.0354119,0.036336,0.0405517,-0.00969276,-0.00990207,-0.000440129,,,,,,,-0.013507,-0.0136318,-0.0065507,-0.0235061,-0.0239496,-0.000875742,,,,-0.0468965,-0.0480418,-0.00155943,,,,,,,,,,,,,-0.00195786,-0.00190174,-0.000139075,,,,,,,,,,,,,,,,,,,,,,,,,,,,,,,-0.000927258,-0.000758117,-6.94444e-05,,,,,,,,,,0.47714,0.474765,0.493371,1.60054,1.60783,1.65366,0,-9.48302e-06,0,0.0328878,0.0372504,1,,,,,,,0.967112,0.962784,0.971761,,,,0.524817,0.828451,16.9978,0.000390184,0.000300603,0.01,,,,-0.00570595,-0.00527371,-0.000881671,,,,,,,0.0409576,0.041803,0.115359,0.197162,0.203383,0.317654,0.506223,0.518528,1.19038,2.02327,2.13947,4.38023,,,,0.136656,0.13709,0.475354,45512,43235.8,47912,0.274589,0.280921,0.995253,,,,,,,,,,,,,490.25,486.963,500,490.25,486.963,500,34.7556,33.8463,35.6545,34.7556,33.8463,35.6545
2026-08-19_19-50-04_coll-convex-s0,biped,6000,61,,,,,,,,,,,,,,,,,,,-0.0851598,-0.0832059,-0.00576307,-0.0259454,-0.0256977,-0.0052847,,,,,,,,,,,,,-0.0474966,-0.0492626,-0.00455537,-0.00609389,-0.0062083,-0.000434817,-0.180817,-0.181848,-0.00596895,0.0326993,0.0338875,0.0385469,-0.0099214,-0.00994613,-0.000441067,,,,,,,-0.0168887,-0.0196196,-0.00663496,-0.0239601,-0.0246332,-0.000882887,,,,-0.0493037,-0.051184,-0.00156208,,,,,,,,,,,,,-0.00237461,-0.00241513,-0.000138925,,,,,,,,,,,,,,,,,,,,,,,,,,,,,,,-0.00146721,-0.0010127,-7.57576e-05,,,,,,,,,,0.418724,0.433218,0.458176,1.55774,1.58845,1.65172,0,-1.07218e-05,0,0.0538127,0.0487417,1,,,,,,,0.946187,0.951306,0.9646,,,,2.5412,2.11631,16.9946,0.000390184,0.000311184,0.01,,,,-0.00524599,-0.00562869,-0.00123659,,,,,,,0.0583182,0.0512897,0.110136,0.207249,0.206862,0.347819,0.577012,0.573906,1.12686,2.03606,2.13509,4.35187,,,,0.137222,0.137788,0.302167,45233,43292.9,48185,0.317683,0.307228,0.994702,,,,,,,,,,,,,468.89,483.726,500,468.89,483.726,500,30.6838,32.0353,33.8735,30.6838,32.0353,33.8735
2026-08-19_19-50-04_coll-convex-s1,biped,6000,61,,,,,,,,,,,,,,,,,,,-0.0780887,-0.0787038,-0.00564082,-0.025047,-0.0254379,-0.00529289,,,,,,,,,,,,,-0.046383,-0.0460665,-0.00438391,-0.00689176,-0.00710402,-0.000370022,-0.168612,-0.169989,-0.0058747,0.0354119,0.036336,0.0405517,-0.00969276,-0.00990207,-0.000440129,,,,,,,-0.013507,-0.0136318,-0.0065507,-0.0235061,-0.0239496,-0.000875742,,,,-0.0468965,-0.0480418,-0.00155943,,,,,,,,,,,,,-0.00195786,-0.00190174,-0.000139075,,,,,,,,,,,,,,,,,,,,,,,,,,,,,,,-0.000927258,-0.000758117,-6.94444e-05,,,,,,,,,,0.47714,0.474765,0.493371,1.60054,1.60783,1.65366,0,-9.48302e-06,0,0.0328878,0.0372504,1,,,,,,,0.967112,0.962784,0.971761,,,,0.524817,0.828451,16.9978,0.000390184,0.000300603,0.01,,,,-0.00570595,-0.00527371,-0.000881671,,,,,,,0.0409576,0.041803,0.115359,0.197162,0.203383,0.317654,0.506223,0.518528,1.19038,2.13755,2.15373,4.20322,,,,0.137159,0.136971,0.381722,43216,42965.6,48050,0.274589,0.280921,0.995253,,,,,,,,,,,,,490.25,486.963,500,490.25,486.963,500,34.7556,33.8463,35.6545,34.7556,33.8463,35.6545
2026-08-21_12-15-46_scan-teacher-s0,biped,6000,61,,,,,,,,,,,,,1.41251,1.33631,1.41251,,,,-0.132318,-0.133894,-0.00504678,-0.0420503,-0.0421368,-0.00536694,,,,,,,,,,,,,-0.0816986,-0.0833039,-0.00528425,-0.0091105,-0.0100072,-0.000344082,-0.178846,-0.182086,-0.00559367,0.0343232,0.0327104,0.0359005,-0.0120062,-0.0124443,-0.000491916,,,,,,,-0.0130057,-0.0139888,-0.0065012,-0.0277508,-0.028751,-0.00089427,,,,-0.0530487,-0.0538418,-0.00156732,,,,,,,,,,,,,-0.00124477,-0.00123823,-0.000169887,,,,,,,,,,,,,,,,,,,,,,,,,,,,,,,-0.00200245,-0.00216114,-0.00100797,,,,,,,,,,0.241323,0.236543,0.250507,1.29164,1.27498,1.34352,-2.60417e-05,-1.91351e-05,0,0.0914001,0.0980616,1,,,,,,,0.908712,0.902061,0.91629,,,,7.17062,7.32994,16.9844,0.000390184,0.000499039,0.01,,,,-0.0067165,-0.00884631,-0.000359223,,,,,,,0.07945,0.0822279,0.155031,0.289695,0.292137,0.34005,1.05105,1.06389,1.24157,4.77701,4.7484,6.78721,,,,0.143985,0.145059,0.498685,19976,20092.9,22142,0.445343,0.451742,0.993476,,,,,,,,,,,,,472.18,466.75,492.85,472.18,466.75,492.85,21.0727,19.6869,21.5138,21.0727,19.6869,21.5138
2026-08-21_12-15-47_push-adaptive-uncapped-s0,biped,6000,61,,,,,,,1.2825,0.611622,1.7875,,,,,,,,,,-0.116951,-0.102153,-0.00569664,-0.0378442,-0.0355635,-0.00529501,,,,,,,,,,,,,-0.0605311,-0.0588353,-0.00446012,-0.010136,-0.0117151,-0.000416858,-0.196241,-0.166415,-0.00593782,0.0354148,0.0301347,0.0465723,-0.0109122,-0.0095142,-0.000441373,,,,,,,-0.0131029,-0.0155814,-0.006666,-0.0272018,-0.0222007,-0.000889512,,,,-0.0528235,-0.0453333,-0.00154617,,,,,,,,,,,,,-0.00199574,-0.00173044,-0.00014252,,,,,,,,,,,,,,,,,,,,,,,,,,,,,,,-0.00423683,-0.00951911,0,,,,,,,,,,0.24149,0.194748,0.28219,1.44529,1.13493,1.60553,-3.6519e-05,-0.00010098,0,0.312063,0.284819,1,,,,,,,0.690572,0.717226,0.782135,,,,7.58999,7.6517,16.9808,0.000256289,0.000421218,0.01,,,,-0.00837863,-0.00781002,-0.000584266,,,,,,,0.527521,0.191383,0.693242,0.245624,0.222514,0.320283,1.0394,0.869994,1.32026,2.13575,1.96693,3.9425,,,,0.13388,0.133809,0.466007,43312,46891.6,53451,0.46202,0.463402,0.993883,,,,,,,,,,,,,473.35,348.342,500,473.35,348.342,500,24.0297,15.8989,26.2271,24.0297,15.8989,26.2271
2026-08-21_12-15-56_scan-teacher-s1,biped,6000,61,,,,,,,,,,,,,1.28841,1.29228,1.32474,,,,-0.133499,-0.136393,-0.00515593,-0.0414842,-0.0425774,-0.00558488,,,,,,,,,,,,,-0.0782465,-0.0835844,-0.00535985,-0.0103908,-0.0109351,-0.000376625,-0.177802,-0.182461,-0.00564015,0.03162,0.0329881,0.0384954,-0.0119495,-0.0123253,-0.000501165,,,,,,,-0.0127408,-0.0141378,-0.0066212,-0.0280311,-0.0281748,-0.000916365,,,,-0.0553006,-0.0562327,-0.00158126,,,,,,,,,,,,,-0.00117876,-0.00124097,-0.000173501,,,,,,,,,,,,,,,,,,,,,,,,,,,,,,,-0.00292501,-0.00253221,-0.00123877,,,,,,,,,,0.223179,0.225971,0.241498,1.25383,1.25805,1.32485,-5.51282e-05,-4.18069e-05,0,0.125641,0.113238,1,,,,,,,0.874603,0.886908,0.911621,,,,7.74738,7.75192,16.981,0.000585277,0.000497846,0.01,,,,-0.0108801,-0.00904692,0.000127942,,,,,,,0.0997755,0.0904896,0.150709,0.288873,0.290235,0.319358,1.08232,1.08978,1.27385,5.16168,5.18196,7.43146,,,,0.138862,0.140693,0.483609,18546,18506.9,21759,0.467031,0.46675,0.993307,,,,,,,,,,,,,471.35,462.311,492.6,471.35,462.311,492.6,19.6106,19.0485,21.2377,19.6106,19.0485,21.2377
2026-08-21_12-25-29_push-adaptive-uncapped-s1,biped,6000,61,,,,,,,0.0108333,0.609531,1.85917,,,,,,,,,,-0.0990004,-0.103722,-0.0056859,-0.0341891,-0.0358507,-0.00522305,,,,,,,,,,,,,-0.0669714,-0.0615948,-0.00455465,-0.0163801,-0.0120652,-0.000420373,-0.148453,-0.165358,-0.00591226,0.0248784,0.0310591,0.0478735,-0.00759175,-0.00940077,-0.000444609,,,,,,,-0.0164011,-0.0152648,-0.00658826,-0.0217397,-0.0218422,-0.000875387,,,,-0.0429568,-0.0440212,-0.0015586,,,,,,,,,,,,,-0.00136183,-0.00163152,-0.000140791,,,,,,,,,,,,,,,,,,,,,,,,,,,,,,,-0.01125,-0.00960272,0,,,,,,,,,,0.157703,0.190407,0.280811,0.937764,1.11615,1.66367,0,-0.000103501,0,0.28421,0.280834,1,,,,,,,0.717499,0.721348,0.785044,,,,7.7045,7.78951,16.9705,0.000864976,0.000490785,0.01,,,,-0.00851345,-0.00850125,-0.00023423,,,,,,,0.0413461,0.181924,0.711672,0.202896,0.226705,0.316054,0.784279,0.881954,1.30668,1.75806,1.89576,4.05838,,,,0.137781,0.139032,0.441503,51852,48376.7,53466,0.464883,0.468967,0.992812,,,,,,,,,,,,,238.8,340.069,500,238.8,340.069,500,9.04302,15.2398,25.9809,9.04302,15.2398,25.9809
2026-08-21_12-29-07_depth-bumpy-s0,biped,6000,61,,,,,,,,,,,,,1.60099,1.549,1.61946,,,,-0.122609,-0.12557,-0.00559153,-0.0394662,-0.0401172,-0.00541363,,,,,,,,,,,,,-0.0809826,-0.0782488,-0.00559549,-0.0114565,-0.0109509,-0.000402335,-0.173467,-0.17676,-0.00560828,0.0341828,0.0344557,0.0392438,-0.0117757,-0.0121756,-0.000495897,,,,,,,-0.0114106,-0.0114735,-0.00664054,-0.028321,-0.0283568,-0.000910919,,,,-0.053072,-0.0521883,-0.00156769,,,,,,,,,,,,,-0.00116609,-0.00114748,-0.00017134,,,,,,,,,,,,,,,,,,,,,,,,,,,,,,,-0.0024415,-0.00188522,-0.000710246,,,,,,,,,,0.266037,0.265507,0.280539,1.32267,1.33522,1.41376,-2.77778e-05,-2.84076e-05,0,0.0796712,0.0880639,1,,,,,,,0.920329,0.911974,0.935242,,,,6.18757,6.44593,16.999,0.000260123,0.000340306,0.01,,,,-0.00777433,-0.00723264,0.00926563,,,,,,,0.083072,0.0864433,0.154723,0.273303,0.278798,0.395099,0.93485,0.96226,1.16729,8.02961,7.975,9.48704,,,,0.158788,0.160842,0.461115,12005,12086.5,14243,0.414185,0.422224,0.994109,,,,,,,,,,,,,482.03,473.161,498.03,482.03,473.161,498.03,23.1528,22.0296,24.4348,23.1528,22.0296,24.4348
2026-08-21_12-36-54_terrain-flatfill-s0,biped,6000,61,,,,,,,,,,,,,1.39281,1.42461,1.50115,,,,-0.141749,-0.138902,-0.00553904,-0.0460491,-0.0453143,-0.00534834,,,,,,,,,,,,,-0.0873291,-0.0852242,-0.00543447,-0.0138117,-0.0131337,-0.000355732,-0.181276,-0.179593,-0.00568445,0.0316924,0.0319761,0.0359529,-0.0129349,-0.0127029,-0.000501588,,,,,,,-0.0165309,-0.0169776,-0.00660379,-0.0285286,-0.0287184,-0.000909805,,,,-0.056485,-0.0560558,-0.00156588,,,,,,,,,,,,,-0.00126502,-0.00126796,-0.00016683,,,,,,,,,,,,,,,,,,,,,,,,,,,,,,,-0.00260535,-0.00251061,-0.000893528,,,,,,,,,,0.222147,0.222535,0.237576,1.20244,1.22627,1.30434,-1.51515e-05,-3.02325e-05,0,0.104726,0.112393,1,,,,,,,0.895274,0.887725,0.908061,,,,7.97557,7.97032,16.972,0.000585277,0.000548859,0.01,,,,-0.00996142,-0.0104034,-0.00173278,,,,,,,0.0970611,0.0980642,0.139403,0.307398,0.301193,0.32537,1.10505,1.09933,1.27303,3.70071,3.69599,5.30764,,,,0.109236,0.102708,0.443681,25801,25889.5,27904,0.474886,0.475516,0.992315,,,,,,,,,,,,,442.88,461.605,493.54,442.88,461.605,493.54,16.3702,18.0928,20.4301,16.3702,18.0928,20.4301
2026-08-21_12-37-09_terrain-flatfill-s1,biped,6000,61,,,,,,,,,,,,,1.29036,1.30221,1.43613,,,,-0.138524,-0.142616,-0.00521176,-0.0450092,-0.0453538,-0.00534391,,,,,,,,,,,,,-0.0863906,-0.08838,-0.00554981,-0.0116791,-0.0129965,-0.000336537,-0.176409,-0.181538,-0.00558927,0.0315671,0.0316059,0.0369582,-0.0119292,-0.0122414,-0.000496188,,,,,,,-0.0187562,-0.0194464,-0.00641742,-0.0286112,-0.0287853,-0.000905854,,,,-0.0544282,-0.0569823,-0.00158493,,,,,,,,,,,,,-0.00135256,-0.00141107,-0.000174816,,,,,,,,,,,,,,,,,,,,,,,,,,,,,,,-0.00250978,-0.0026795,-0.00102354,,,,,,,,,,0.216113,0.218462,0.23795,1.216,1.22173,1.31784,0,-1.12585e-05,0,0.107859,0.119651,1,,,,,,,0.892385,0.880415,0.907023,,,,8.02952,8.18926,16.987,0.000390184,0.000546475,0.01,,,,-0.0097841,-0.0103752,-0.00207276,,,,,,,0.0920789,0.0965856,0.135361,0.290928,0.298088,0.323468,1.09819,1.10137,1.26723,3.63832,3.62012,5.43446,,,,0.104043,0.106682,0.461281,26267,26382.9,27811,0.477335,0.484099,0.994058,,,,,,,,,,,,,464.54,458.804,493.47,464.54,458.804,493.47,18.9237,17.7064,20.3764,18.9237,17.7064,20.3764
2026-08-21_12-38-17_sym-aug-s0,biped,3769,38,,,,,,,,,,,,,,,,,,,-0.0752977,-6.39174e+12,-0.00559283,-0.0267676,-0.0268646,-0.00528331,,,,,,,,,,,,,-0.013886,-0.0133454,-0.00417105,-0.0042244,-0.00349257,-0.000470999,-0.111166,-0.115669,-0.00596086,0.00103602,0.00104329,0.00175007,-0.00497304,-0.00504342,-0.000440604,,,,,,,-0.0123999,-0.0127713,-0.00663314,-0.0241614,-0.0241389,-0.000881736,,,,-0.0412468,-0.0428152,-0.00155938,,,,,,,,,,,,,-0.000291112,-0.000290417,-0.000138937,,,,,,,,,,,,,,,,,,,,,,,,,,,,,,,-0.0086381,-0.00759466,-0.00569255,,,,,,,,,,0.107546,0.115019,0.130453,0.504738,0.554978,0.632023,-6.21392e-05,-2.71061e-05,0,0.357422,0.360477,1,,,,,,,0.642578,0.639737,0.672353,,,,10.7641,10.3385,17.0361,1e-05,0.000433269,0.01,,,,0,-0.0057544,0.0374572,3.23481e+18,1.72112e+16,3.23481e+18,,,,inf,inf,inf,0.42052,0.440341,0.500521,1.16079,1.23376,1.37977,1.913,1.93522,4.37036,,,,0.323547,0.324905,0.68692,43953,43517.8,46671,0.596339,0.575668,1.00079,,,,,,,,,,,,,350.38,365.834,426.6,350.38,365.834,426.6,6.07723,-426170,9.42132,6.07723,-426170,9.42132
2026-08-21_16-00-03_depth-bumpy-s1,biped,6000,61,,,,,,,,,,,,,1.59832,1.62387,1.64831,,,,-0.12099,-0.123942,-0.00549115,-0.037043,-0.0385599,-0.00529174,,,,,,,,,,,,,-0.0787086,-0.0813806,-0.00546575,-0.00639388,-0.00785739,-0.00038965,-0.174499,-0.179891,-0.00553749,0.0336911,0.036088,0.0398146,-0.0112267,-0.0114824,-0.00048706,,,,,,,-0.0102742,-0.0110664,-0.00653742,-0.0277522,-0.02851,-0.000933686,,,,-0.0603893,-0.0598636,-0.00154453,,,,,,,,,,,,,-0.00136498,-0.00141772,-0.000171983,,,,,,,,,,,,,,,,,,,,,,,,,,,,,,,-0.00186912,-0.00172978,-0.000548951,,,,,,,,,,0.268974,0.274082,0.287557,1.34159,1.35629,1.42086,-1.66667e-05,-3.87835e-05,0,0.0875448,0.0817789,1,,,,,,,0.912455,0.91827,0.937988,,,,6.1633,6.18299,16.9975,0.000585277,0.000367857,0.01,,,,-0.00769755,-0.00683142,0.0082845,,,,,,,0.0979468,0.0813215,0.165677,0.269503,0.274836,0.410978,0.930968,0.941835,1.14465,8.73182,8.53824,10.2035,,,,0.162458,0.166713,0.40397,11052,11296.1,13754,0.413895,0.414121,0.993997,,,,,,,,,,,,,463.61,473.92,497.89,463.61,473.92,497.89,22.0481,22.4496,24.6775,22.0481,22.4496,24.6775
2026-08-21_18-20-44_sym-aug-s0,biped,2153,22,,,,,,,,,,,,,,,,,,,-0.0775256,-0.0816372,-0.00576571,-0.02636,-0.0271988,-0.00528188,,,,,,,,,,,,,-0.0450032,-0.0478968,-0.0045133,-0.00559642,-0.00629589,-0.000416054,-0.167991,-0.176551,-0.00597416,0.0329332,0.0358739,0.0389863,-0.00926444,-0.0097533,-0.000442065,,,,,,,-0.0183335,-0.0192319,-0.00663792,-0.0226553,-0.0237406,-0.000884124,,,,-0.0486408,-0.0505622,-0.00156404,,,,,,,,,,,,,-0.00182997,-0.00188137,-0.000138879,,,,,,,,,,,,,,,,,,,,,,,,,,,,,,,-0.0016534,-0.000763569,0,,,,,,,,,,0.398585,0.409828,0.42254,1.53675,1.58431,1.63767,0,-2.3713e-05,0,0.0366211,0.0369423,1,,,,,,,0.963379,0.963058,0.972738,,,,2.46076,2.53851,17.0296,1e-05,0.000359472,0.01,,,,0,0.00122779,0.0343988,8.12598e+22,7.59553e+20,8.12598e+22,,,,inf,inf,inf,0.204369,0.213229,0.34784,0.597295,0.623382,1.27008,1.48299,1.43978,3.34653,,,,0.113315,0.115932,0.590885,61582,63333.9,73634,0.312478,0.31418,1.00024,,,,,,,,,,,,,473.9,487.528,500,473.9,487.528,500,31.1416,31.6858,33.0225,31.1416,31.6858,33.0225
2026-08-21_18-24-23_sym-augloss-s0,biped,6000,61,,,,,,,,,,,,,,,,,,,-0.072584,-0.0699174,-0.00576571,-0.0232648,-0.0228192,-0.00528188,,,,,,,,,,,,,-0.0448148,-0.0435503,-0.0043701,-0.00582621,-0.00585977,-0.0003504,-0.171186,-0.169748,-0.00597416,0.0363483,0.0355051,0.0396402,-0.00982529,-0.00942273,-0.000442065,,,,,,,-0.0105616,-0.00986282,-0.00663792,-0.0246222,-0.0242091,-0.000884124,,,,-0.0521198,-0.0494505,-0.00156404,,,,,,,,,,,,,-0.00229523,-0.00208103,-0.000138879,,,,,,,,,,,,,,,,,,,,,,,,,,,,,,,-0.000289352,-0.000498942,0,,,,,,,,,,0.508168,0.507713,0.521743,1.63827,1.63714,1.67248,0,-2.30719e-05,0,0.0257975,0.0250532,1,,,,,,,0.974203,0.974947,0.981272,,,,0.0934693,-0.0161087,17.0293,0.000390184,0.000355164,0.01,,,,-0.00121537,-0.000269441,0.0342028,0.000164355,0.000183076,0.00336663,,,,0.0464205,0.0357559,0.115671,0.204797,0.200046,0.330274,0.488498,0.482201,1.2283,1.44726,1.4476,2.96186,,,,0.133263,0.125999,0.50492,62197,62591.8,73501,0.26525,0.262491,1.0002,,,,,,,,,,,,,493.71,491.71,500,493.71,491.71,500,35.358,35.4654,36.6427,35.358,35.4654,36.6427
2026-08-21_20-17-59_scan-student-s0,biped,3000,31,,,,,,,,,,,,,1.56965,1.55992,1.58113,,,,-0.0536604,-0.0546391,-5.77905e-05,-0.0219774,-0.0223477,-0.00300926,,,,,,,,,,,,,-0.056268,-0.0578588,-0.0045615,-0.00774793,-0.00770739,-0.000246634,-0.135632,-0.136024,-0.00343658,0.0307765,0.0313885,0.0359361,-0.0095637,-0.00964746,-0.00029161,,,,,,,-0.0116318,-0.0123553,-0.00657624,-0.0250747,-0.0253984,-0.000733065,,,,-0.0516083,-0.0507091,-0.000864383,,,,,,,,,,,,,-0.001005,-0.00101427,-0.000159468,,,,,,,,,,,,,,,,,,,,,,,,,,,,,,,-0.00254828,-0.00343566,-0.00139592,,,,,,,,,,0.383131,0.369699,0.407522,1.31235,1.25536,1.37184,-8.27228e-05,-3.91048e-05,0,0.154948,0.149338,1,,,,,,,0.845052,0.850702,0.867676,0.147546,0.147475,2.89194,,,,0.001,0.001,0.001,,,,,,,,,,,,,,,,0.262553,0.268637,0.290479,0.667243,0.661269,0.724775,4.66303,4.68758,6.85781,,,,0.0765538,0.0790911,0.376021,20741,20629.5,21598,0.1,0.1,0.1,,,,,,,,,,,,,446.58,447.022,486.61,446.58,447.022,486.61,26.4202,25.7111,28.8147,26.4202,25.7111,28.8147
2026-08-24_23-50-12__probe-stairs,biped,300,4,,,,,,,,,,,,,0,0,0.711426,,,,-0.0625602,-0.0708962,-0.005651,-0.0239356,-0.0243202,-0.00527199,,,,,,,,,,,,,-0.0215295,-0.0233692,-0.00473571,-0.00245056,-0.00239176,-0.000307509,-0.0886408,-0.100012,-0.00587352,0.00179739,0.0014699,0.00179739,-0.00461688,-0.00501443,-0.000467334,,,,,,,-0.0085007,-0.00798341,-0.00658211,-0.0125638,-0.0136495,-0.000890053,,,,-0.0264424,-0.0282266,-0.00152427,,,,,,,,,,,,,-0.00031082,-0.000304445,-0.000150902,,,,,,,,,,,,,,,,,,,,,,,,,,,,,,,-0.0108611,-0.00877941,-0.00466865,,,,,,,,,,0.0759255,0.0892869,0.117872,0.372136,0.391043,0.546036,-0.000222222,-8.08069e-05,0,0.440674,0.434912,1,,,,,,,0.559326,0.565088,0.651652,,,,11.5914,11.5365,17.0084,5.0625e-05,0.00033133,0.0050625,,,,-0.00521436,-0.0058412,0.00244786,,,,,,,0.0872113,0.0809375,0.122179,0.339272,0.391036,0.514025,1.03397,1.12593,1.46492,2.04513,2.03528,4.08237,,,,0.091507,0.0909918,0.347781,11502,11565.2,12053,0.639241,0.636446,0.997029,,,,,,,,,,,,,280.51,304.134,365.56,280.51,304.134,365.56,3.79634,4.06637,5.66768,3.79634,4.06637,5.66768
2026-08-27_13-15-31__probe-stairs,biped,300,4,,,,,,,,,,,,,0,0,0.711507,,,,-0.063355,-0.0654218,-0.00567745,-0.0215816,-0.0229606,-0.00524516,,,,,,,,,,,,,-0.0192325,-0.0208044,-0.00485966,-0.00159464,-0.00130686,-0.000492913,-0.0957196,-0.0950779,-0.00588083,0.00112005,0.00116706,0.00163403,-0.00440797,-0.00467274,-0.000465262,,,,,,,-0.00900926,-0.00843833,-0.00660162,-0.0141415,-0.0143771,-0.000885214,,,,-0.0275367,-0.0280804,-0.0015203,,,,,,,,,,,,,-0.000291757,-0.000303553,-0.000143875,,,,,,,,,,,,,,,,,,,,,,,,,,,,,,,-0.00993055,-0.00906603,-0.00575595,,,,,,,,,,0.0843571,0.0869224,0.114031,0.324626,0.377563,0.564592,0,-2.96429e-05,0,0.4257,0.426459,1,,,,,,,0.5743,0.573687,0.608968,,,,11.2607,11.3311,17.0096,0.000113906,0.000269631,0.0050625,,,,-0.00368404,-0.00532509,0.00357707,,,,,,,0.0657563,0.0789095,0.128154,0.389831,0.3809,0.484584,1.06078,1.0788,1.32183,2.26437,2.24203,4.57177,,,,0.0959487,0.0959668,0.370106,10412,10512.5,10740,0.621096,0.624603,0.996669,,,,,,,,,,,,,304.31,293.275,347.82,304.31,293.275,347.82,3.20294,3.73958,5.99174,3.20294,3.73958,5.99174
2026-08-27_13-53-41__probe-stairs,biped,2000,21,,,,,,,,,,,,,0.1073,0.0776229,0.711426,,,,-0.10743,-0.101962,-0.005651,-0.0388308,-0.038567,-0.00527199,,,,,,,,,,,,,-0.05564,-0.0519668,-0.00473571,-0.00905444,-0.00947005,-0.000307509,-0.15817,-0.148543,-0.00587352,0.0160169,0.0163054,0.023669,-0.0097735,-0.00932845,-0.000467334,,,,,,,-0.0083434,-0.00942747,-0.00627064,-0.0249054,-0.022476,-0.000890053,,,,-0.046448,-0.0433428,-0.00152427,,,,,,,,,,,,,-0.000621316,-0.00064451,-0.000150902,,,,,,,,,,,,,,,,,,,,,,,,,,,,,,,-0.00583333,-0.00747407,-0.00446825,,,,,,,,,,0.16822,0.155823,0.181788,1.00631,0.859217,1.02179,-4.16667e-05,-6.7001e-05,0,0.324015,0.367156,1,,,,,,,0.675985,0.632844,0.676717,,,,9.63245,9.82967,17.0084,0.000256289,0.000221453,0.0050625,,,,-0.0113278,-0.00968281,0.00244786,,,,,,,0.0985231,0.0863766,0.142567,0.282144,0.285791,0.514025,1.05209,0.967993,1.46492,1.95739,1.92024,3.53734,,,,0.0844426,0.0812995,0.349641,12036,12279.4,12969,0.546791,0.555737,0.997029,,,,,,,,,,,,,402.26,369.284,414.64,402.26,369.284,414.64,13.6425,11.7799,13.8311,13.6425,11.7799,13.8311
2026-08-27_15-00-36_ppo-slippery-depth-s0,biped,6000,61,,,,,,,,,,,,,0.658976,0.61375,0.669535,,,,-0.0973239,-0.09802,-0.00549559,-0.0343883,-0.0342337,-0.00555848,,,,,,,,,,,,,-0.0384124,-0.0373462,-0.00477269,-0.0129928,-0.012585,-0.00034018,-0.126393,-0.127361,-0.00489057,0.01427,0.0148009,0.0181361,-0.0235316,-0.0235467,-0.000953404,,,,,,,-0.0156714,-0.0158353,-0.00628385,-0.0195475,-0.0197089,-0.000864945,,,,-0.0457361,-0.0456339,-0.00162153,,,,,,,,,,,,,-0.000576411,-0.000572497,-0.000168319,,,,,,,,,,,,,,,,,,,,,,,,,,,,,,,-0.00867831,-0.00838212,-0.00583807,,,,,,,,,,0.145013,0.148214,0.167975,0.893599,0.889016,1.01715,-6.78581e-05,-5.5834e-05,0,0.319519,0.328856,1,,,,,,,0.680725,0.671365,0.709656,,,,8.18367,8.24058,16.981,0.000390184,0.000371843,0.00759375,,,,-0.00946418,-0.00875286,0.00573037,,,,,,,0.186847,0.183255,0.228181,0.263139,0.266344,0.36595,1.1338,1.11013,1.27144,5.09071,5.11826,6.58629,,,,0.104835,0.107505,0.318064,18920,18812.7,19994,0.483182,0.48524,0.992367,,,,,,,,,,,,,383.71,361.291,422.17,383.71,361.291,422.17,13.5083,12.9342,16.4958,13.5083,12.9342,16.4958
2026-08-27_15-28-14_ppo-slippery-depth-s1,biped,6000,61,,,,,,,,,,,,,0.707479,0.700168,0.722565,,,,-0.103688,-0.103765,-0.00550792,-0.0356763,-0.0355249,-0.00544491,,,,,,,,,,,,,-0.0413511,-0.0396876,-0.00478037,-0.016051,-0.0156181,-0.000382262,-0.136399,-0.135584,-0.00484161,0.016656,0.016867,0.0200324,-0.0244556,-0.0242621,-0.000947311,,,,,,,-0.0155318,-0.0162574,-0.0062289,-0.0213046,-0.0211768,-0.000898397,,,,-0.0516686,-0.0500178,-0.00160216,,,,,,,,,,,,,-0.000573831,-0.000585349,-0.000173577,,,,,,,,,,,,,,,,,,,,,,,,,,,,,,,-0.00710922,-0.00706865,-0.00445125,,,,,,,,,,0.155754,0.160859,0.184484,0.949568,0.956096,1.08963,0,-1.71184e-05,0,0.276204,0.283834,1,,,,,,,0.723796,0.716272,0.745565,,,,8.11422,7.98802,16.9999,0.000173415,0.000352362,0.01,,,,-0.00349899,-0.00825569,0.00789267,,,,,,,0.162738,0.17664,0.2573,0.276266,0.282232,0.347686,1.1661,1.17008,1.31402,7.11304,7.0961,9.20457,,,,0.15905,0.159649,0.428666,13517,13548.2,14517,0.48083,0.475981,0.995011,,,,,,,,,,,,,367.55,383.662,447.85,367.55,383.662,447.85,13.2426,13.8045,18.0654,13.2426,13.8045,18.0654
2026-08-27_15-38-23_ppo-slippery-blind-s0,biped,6000,61,,,,,,,,,,,,,0.30191,0.285562,0.683329,,,,-0.101815,-0.102382,-0.005448,-0.0334024,-0.0327313,-0.0053926,,,,,,,,,,,,,-0.0376356,-0.0380915,-0.00464031,-0.0116113,-0.0132466,-0.000299054,-0.117527,-0.118725,-0.00500442,0.0116146,0.0115424,0.0136489,-0.022382,-0.02277,-0.000950307,,,,,,,-0.0494745,-0.0513484,-0.00624634,-0.0182604,-0.0184107,-0.000878737,,,,-0.0463266,-0.0472343,-0.0015917,,,,,,,,,,,,,-0.000682313,-0.000685802,-0.000167962,,,,,,,,,,,,,,,,,,,,,,,,,,,,,,,-0.0104546,-0.01029,-0.00760818,,,,,,,,,,0.11318,0.113868,0.133046,0.749505,0.778782,0.918084,-1.28968e-05,-1.45424e-05,0,0.383118,0.388621,1,,,,,,,0.617126,0.611706,0.652944,,,,9.14367,9.24901,16.9781,0.000390184,0.00049315,0.01,,,,-0.0125516,-0.0131372,-0.00165785,,,,,,,0.163903,0.171252,0.197965,0.251021,0.246401,0.282301,1.14198,1.16098,1.39334,4.04697,4.02202,5.96775,,,,0.132917,0.132667,0.301787,23518,23660.8,24177,0.522124,0.526406,0.992832,,,,,,,,,,,,,314.79,324.657,392.75,314.79,324.657,392.75,8.78228,9.20337,12.9582,8.78228,9.20337,12.9582
2026-08-27_15-39-36_ppo-slippery-blind-s1,biped,6000,61,,,,,,,,,,,,,0.183167,0.174264,0.670044,,,,-0.109081,-0.108893,-0.00512711,-0.0317304,-0.0320281,-0.00537909,,,,,,,,,,,,,-0.0361018,-0.0370763,-0.00460545,-0.00586462,-0.00645499,-0.000299451,-0.125985,-0.125038,-0.00486732,0.0102174,0.0105426,0.0126088,-0.0250664,-0.0244711,-0.000942677,,,,,,,-0.0615111,-0.0606088,-0.00602809,-0.0195678,-0.0198358,-0.000874045,,,,-0.0665629,-0.0655352,-0.00163311,,,,,,,,,,,,,-0.00079291,-0.000798027,-0.000171988,,,,,,,,,,,,,,,,,,,,,,,,,,,,,,,-0.00969606,-0.00997361,-0.00807078,,,,,,,,,,0.112897,0.110881,0.127359,0.809495,0.802471,0.912639,0,-7.70796e-06,0,0.386169,0.382145,1,,,,,,,0.614563,0.618126,0.644267,,,,9.47001,9.541,16.9836,0.000585277,0.00048712,0.01,,,,-0.0124566,-0.0132639,-0.00181747,,,,,,,0.139325,0.152264,0.179962,0.25331,0.249272,0.276805,1.29099,1.27221,1.46936,4.16767,4.17684,6.08174,,,,0.134918,0.136214,0.31002,22847,22793.3,23841,0.5346,0.538492,0.993556,,,,,,,,,,,,,339.08,330.986,400.9,339.08,330.986,400.9,9.25814,8.89616,12.4947,9.25814,8.89616,12.4947
2026-08-27_16-19-46_ppo-stairs-depth-s0,biped,6000,61,,,,,,,,,,,,,2.68927,2.68295,2.70452,,,,-0.0977973,-0.0967407,-0.00561084,-0.0296325,-0.0302171,-0.00545944,,,,,,,,,,,,,-0.0705295,-0.0698294,-0.00500109,-0.0089241,-0.00999232,-0.000387471,-0.177271,-0.176463,-0.00576677,0.0379192,0.0378877,0.0423799,-0.0110798,-0.0107017,-0.000460242,,,,,,,-0.015844,-0.0158085,-0.00674561,-0.0286973,-0.0286821,-0.000891352,,,,-0.0489395,-0.0497273,-0.00155619,,,,,,,,,,,,,-0.00208419,-0.00210429,-0.000156011,,,,,,,,,,,,,,,,,,,,,,,,,,,,,,,-0.000939214,-0.00120795,-7.57576e-05,,,,,,,,,,0.380517,0.376546,0.394535,1.52052,1.50343,1.56409,0,-5.93501e-05,0,0.0568441,0.057365,1,,,,,,,0.9434,0.942758,0.955963,,,,3.72517,3.77536,16.9826,0.000256289,0.000280719,0.00666667,,,,-0.00602484,-0.00583641,0.0146188,,,,,,,0.0593256,0.0566298,0.123935,0.234882,0.236281,0.446611,0.683681,0.683618,1.30917,2.32976,2.29151,4.31337,,,,0.0916133,0.0892884,0.427282,40598,41350.3,50106,0.350443,0.351295,0.992007,,,,,,,,,,,,,480.95,483.085,500,480.95,483.085,500,28.1702,28.5685,30.8335,28.1702,28.5685,30.8335
2026-08-27_20-18-32_ppo-stairs-depth-s1,biped,6000,61,,,,,,,,,,,,,2.51876,2.51927,2.6513,,,,-0.0945199,-0.0954509,-0.00564923,-0.0300977,-0.0312508,-0.00537796,,,,,,,,,,,,,-0.0690181,-0.0688653,-0.00500465,-0.00758012,-0.00766815,-0.000430969,-0.173963,-0.172803,-0.00575898,0.0350472,0.0360432,0.0401013,-0.0113433,-0.0108997,-0.000454204,,,,,,,-0.0135814,-0.0133513,-0.00663576,-0.0287774,-0.0279084,-0.000918282,,,,-0.0530785,-0.0523087,-0.00151751,,,,,,,,,,,,,-0.00192097,-0.00196126,-0.000154719,,,,,,,,,,,,,,,,,,,,,,,,,,,,,,,-0.0012439,-0.00130313,-0.000318813,,,,,,,,,,0.378615,0.364859,0.387215,1.52312,1.49765,1.57387,-3.78788e-05,-3.22701e-05,0,0.0585632,0.0626566,1,,,,,,,0.941508,0.937423,0.947642,,,,3.75452,4.19742,17,0.000390184,0.00029312,0.01,,,,-0.00458619,-0.00584054,0.00809923,,,,,,,0.0508736,0.0575442,0.142467,0.229514,0.234622,0.425339,0.679738,0.701088,1.27988,3.08958,3.05482,5.11207,,,,0.0974302,0.0962546,1.55309,30845,31226.5,36539,0.350195,0.36215,0.994337,,,,,,,,,,,,,478.32,480.761,500,478.32,480.761,500,28.6518,28.3325,30.7255,28.6518,28.3325,30.7255
2026-08-28_00-39-41_ppo-stairs-blind-s0,biped,6000,61,,,,,,,,,,,,,2.21042,2.196,2.24669,,,,-0.112648,-0.114397,-0.00569949,-0.0369115,-0.0368479,-0.00525208,,,,,,,,,,,,,-0.0747108,-0.0750682,-0.004963,-0.00849818,-0.00783346,-0.000362867,-0.184632,-0.184097,-0.00586818,0.0327937,0.0304441,0.0343713,-0.0120118,-0.0120316,-0.000460611,,,,,,,-0.0146183,-0.0156175,-0.0066791,-0.0266829,-0.0271903,-0.000889621,,,,-0.0564144,-0.0579267,-0.00154598,,,,,,,,,,,,,-0.00213625,-0.00202464,-0.000154144,,,,,,,,,,,,,,,,,,,,,,,,,,,,,,,-0.00117618,-0.00167729,-0.000344276,,,,,,,,,,0.296005,0.287469,0.304907,1.42919,1.40288,1.47673,-6.41026e-06,-1.44062e-05,0,0.0814107,0.0807853,1,,,,,,,0.918589,0.91925,0.935913,,,,6.1612,6.40995,16.9746,0.000384434,0.000489933,0.01,,,,-0.00814092,-0.00828516,-0.00168164,,,,,,,0.0808589,0.0746138,0.112918,0.262246,0.259375,0.316511,0.886505,0.885788,1.17787,3.94635,3.9564,5.98988,,,,0.131794,0.132751,0.46726,24105,24040.5,25869,0.413756,0.422503,0.992744,,,,,,,,,,,,,482.12,475.256,500,482.12,475.256,500,25,23.7271,25.5162,25,23.7271,25.5162
2026-08-28_03-22-25_ppo-stairs-blind-s1,biped,6000,61,,,,,,,,,,,,,2.30236,2.30788,2.39442,,,,-0.114893,-0.114442,-0.00567285,-0.0357275,-0.0361271,-0.00522312,,,,,,,,,,,,,-0.0750602,-0.0778478,-0.0049543,-0.00865741,-0.00926487,-0.000369074,-0.192612,-0.189238,-0.00580127,0.0316162,0.0310509,0.0370741,-0.0115199,-0.0118151,-0.000455661,,,,,,,-0.0166108,-0.0180704,-0.00652111,-0.0275368,-0.02751,-0.000877704,,,,-0.0557614,-0.0548418,-0.00155822,,,,,,,,,,,,,-0.00243053,-0.00242418,-0.000156448,,,,,,,,,,,,,,,,,,,,,,,,,,,,,,,-0.000689815,-0.0013036,-0.000323362,,,,,,,,,,0.308619,0.300417,0.319515,1.45762,1.42962,1.49828,-0.000121528,-4.94979e-05,0,0.0567017,0.0622281,1,,,,,,,0.943542,0.93786,0.948975,,,,5.87729,6.00327,16.986,0.000384434,0.000449874,0.01,,,,-0.00725669,-0.00789887,0.00766877,,,,,,,0.070499,0.068989,0.121239,0.261985,0.260952,0.303515,0.870319,0.869594,1.16322,4.32125,3.96978,5.94608,,,,0.132195,0.132603,0.415347,22073,23963.9,25788,0.40445,0.408274,0.994061,,,,,,,,,,,,,493.77,482.424,499.67,493.77,482.424,499.67,25.5224,24.3868,26.3397,25.5224,24.3868,26.3397
2026-08-28_10-43-44_ppo-slippery-blind-s2,biped,6000,61,,,,,,,,,,,,,0.332815,0.323197,0.675456,,,,-0.116527,-0.112834,-0.00557212,-0.038723,-0.0386398,-0.00546134,,,,,,,,,,,,,-0.0449976,-0.0443104,-0.0044692,-0.0130723,-0.0115131,-0.000304324,-0.135129,-0.131138,-0.00493022,0.0136458,0.0140538,0.0162575,-0.0254256,-0.024547,-0.000971524,,,,,,,-0.053721,-0.0533776,-0.00616133,-0.0217295,-0.021125,-0.000890421,,,,-0.054928,-0.0516032,-0.00159954,,,,,,,,,,,,,-0.000941472,-0.000954302,-0.000172445,,,,,,,,,,,,,,,,,,,,,,,,,,,,,,,-0.00861328,-0.00910087,-0.00736309,,,,,,,,,,0.127601,0.117769,0.13112,0.922182,0.854036,0.960674,0,-1.62112e-05,0,0.368286,0.352314,1,,,,,,,0.631958,0.647864,0.663411,,,,9.28338,9.27681,16.9835,0.000390184,0.000510816,0.01,,,,-0.0126174,-0.0130764,-0.00123592,,,,,,,0.186296,0.172036,0.201176,0.263918,0.258815,0.282121,1.33179,1.29857,1.55838,4.04155,4.03814,6.066,,,,0.133161,0.133393,0.396677,23547,23567,24074,0.528128,0.527642,0.994207,,,,,,,,,,,,,341.94,348.87,414.32,341.94,348.87,414.32,10.3548,9.96118,12.8303,10.3548,9.96118,12.8303
2026-08-28_10-43-44_ppo-stairs-depth-s2,biped,6000,61,,,,,,,,,,,,,2.22474,2.33129,2.58561,,,,-0.104726,-0.102607,-0.00561706,-0.0321459,-0.0322251,-0.0051745,,,,,,,,,,,,,-0.0706331,-0.0711996,-0.00511059,-0.00840165,-0.00834288,-0.000441009,-0.181392,-0.179073,-0.00570139,0.0374608,0.0378293,0.0438717,-0.0109202,-0.010762,-0.000454108,,,,,,,-0.0143791,-0.0136564,-0.00653289,-0.0275894,-0.0273431,-0.00086553,,,,-0.0523648,-0.0505316,-0.0015418,,,,,,,,,,,,,-0.00184064,-0.00185506,-0.000153268,,,,,,,,,,,,,,,,,,,,,,,,,,,,,,,-0.00217736,-0.00181349,-0.000342953,,,,,,,,,,0.319064,0.334696,0.375293,1.44342,1.45939,1.55179,-7.11806e-05,-2.15306e-05,0,0.0959269,0.0854029,1,,,,,,,0.904073,0.914614,0.947805,,,,5.53094,4.99098,16.9944,0.000296296,0.000298107,0.0050625,,,,-0.00646048,-0.00609652,0.00647663,,,,,,,0.0791233,0.0714243,0.144189,0.241024,0.238707,0.440198,0.772637,0.747609,1.24996,5.85455,5.79289,7.57825,,,,0.164583,0.161228,0.27659,16331,16510.6,18753,0.400566,0.383808,0.994321,,,,,,,,,,,,,477.67,474.284,500,477.67,474.284,500,26.6796,26.6784,29.9074,26.6796,26.6784,29.9074
2026-08-28_10-43-48_ppo-slippery-depth-s2,biped,6000,61,,,,,,,,,,,,,0.661896,0.642976,0.665243,,,,-0.104919,-0.100709,-0.00550263,-0.0361859,-0.0344731,-0.00540873,,,,,,,,,,,,,-0.0405208,-0.0386733,-0.00485992,-0.011995,-0.0109939,-0.000367418,-0.136237,-0.131116,-0.00481013,0.0159194,0.0164817,0.0191192,-0.0253064,-0.0242188,-0.00095633,,,,,,,-0.0192575,-0.0161758,-0.00611986,-0.023055,-0.0213868,-0.000857305,,,,-0.0520517,-0.0496789,-0.00159242,,,,,,,,,,,,,-0.000667848,-0.000619873,-0.000171898,,,,,,,,,,,,,,,,,,,,,,,,,,,,,,,-0.00667586,-0.00745949,-0.00504428,,,,,,,,,,0.165094,0.155111,0.175264,0.97436,0.939275,1.04227,-3.44276e-05,-1.8911e-05,0,0.279124,0.303321,1,,,,,,,0.721364,0.696975,0.730031,,,,7.97224,8.10426,17.0031,0.000390184,0.000358079,0.01,,,,-0.00846899,-0.00891253,0.00573512,,,,,,,0.154682,0.165335,0.261832,0.300574,0.277345,0.352386,1.20813,1.16653,1.32302,6.9791,7.05498,9.01637,,,,0.158201,0.161364,0.500712,13773,13622.9,14773,0.47416,0.479286,0.994474,,,,,,,,,,,,,411.6,378.064,427.71,411.6,378.064,427.71,14.8556,13.6815,17.252,14.8556,13.6815,17.252
2026-08-28_11-41-31_ppo-stairs-blind-s2,biped,6000,61,,,,,,,,,,,,,2.25877,2.3237,2.36172,,,,-0.117221,-0.113947,-0.00567384,-0.0383547,-0.0375869,-0.00528381,,,,,,,,,,,,,-0.0765208,-0.0737762,-0.00499573,-0.00894821,-0.00816145,-0.000380347,-0.186158,-0.183231,-0.00582833,0.0322776,0.030333,0.0342297,-0.0126153,-0.0123115,-0.000461307,,,,,,,-0.0150144,-0.0147098,-0.00658087,-0.0282242,-0.0273267,-0.000903829,,,,-0.057022,-0.0563004,-0.00153559,,,,,,,,,,,,,-0.00184286,-0.00179286,-0.000151111,,,,,,,,,,,,,,,,,,,,,,,,,,,,,,,-0.00136575,-0.00144404,-0.000306548,,,,,,,,,,0.292422,0.294891,0.315553,1.40362,1.41019,1.47484,0,-3.32081e-05,0,0.0722758,0.068946,1,,,,,,,0.927724,0.931088,0.948802,,,,6.17194,6.13021,16.9924,0.000390184,0.000455039,0.01,,,,-0.00849962,-0.00819279,-0.00147397,,,,,,,0.0694707,0.0721315,0.146352,0.269809,0.263634,0.306325,0.896015,0.87687,1.13475,3.2648,3.26059,4.78033,,,,0.100708,0.0987242,0.364084,29209,29265.6,31953,0.414289,0.413269,0.994835,,,,,,,,,,,,,476.6,479.998,500,476.6,479.998,500,22.7268,24.1471,26.2157,22.7268,24.1471,26.2157
2026-08-30_11-19-21__smoke-ice-0,biped,3,2,,,,,,,,,,,,,0.000651042,0.000651042,0.704427,,,,-0.00844145,-0.00844145,-0.00499253,-0.00701465,-0.00701465,-0.00583253,,,,,,,,,,,,,-0.00675273,-0.00675273,-0.0059835,-0.000977394,-0.000977394,-0.000439757,-0.00822432,-0.00822432,-0.00515537,0.000234574,0.000234574,0.000234574,-0.000734015,-0.000734015,-0.000545476,,,,,,,-0.00985158,-0.00985158,-0.00651528,-0.00152246,-0.00152246,-0.000926074,,,,-0.00228847,-0.00228847,-0.00150242,,,,,,,,,,,,,-0.000200618,-0.000200618,-0.000137429,,,,,,,,,,,,,,,,,,,,,,,,,,,,,,,-0.02,-0.02,-0.01375,,,,,,,,,,0.00414671,0.00414671,0.00414671,0.00671229,0.00671229,0.00738896,0,0,0,1,1,1,,,,,,,0,0,0.0110677,,,,17.0103,17.0103,17.0274,1.5e-05,1.5e-05,2.25e-05,,,,-0.0267461,-0.0267461,-0.0224345,,,,,,,0.0351567,0.0351567,0.133917,0.046477,0.046477,0.046477,0.0786664,0.0786664,0.085745,1.25707,1.25707,3.80825,,,,0.100667,0.100667,0.357366,1131,1131,1131,0.997998,0.997998,0.999934,,,,,,,,,,,,,17.69,17.69,18.06,17.69,17.69,18.06,-1.1081,-1.1081,-1.08668,-1.1081,-1.1081,-1.08668
2026-08-30_11-19-21__smoke-ice-1,biped,3,2,,,,,,,,,,,,,0.014974,0.014974,0.721354,,,,-0.0096606,-0.0096606,-0.00531528,-0.00750447,-0.00750447,-0.004495,,,,,,,,,,,,,-0.00849647,-0.00849647,-0.00279552,-0.00110165,-0.00110165,-0.000707561,-0.00916934,-0.00916934,-0.00537804,0.00020793,0.00020793,0.00020793,-0.000805526,-0.000805526,-0.000425332,,,,,,,-0.0104299,-0.0104299,-0.00608016,-0.00166278,-0.00166278,-0.000914004,,,,-0.00287947,-0.00287947,-0.0014841,,,,,,,,,,,,,-0.00017748,-0.00017748,-0.000174019,,,,,,,,,,,,,,,,,,,,,,,,,,,,,,,-0.02,-0.02,-0.0120833,,,,,,,,,,0.00596446,0.00596446,0.00596446,0.00675244,0.00675244,0.00695925,0,0,0,1,1,1,,,,,,,0,0,0.0292969,,,,17.0276,17.0276,17.0287,0.000113906,0.000113906,0.000113906,,,,-0.0194101,-0.0194101,-0.00808144,,,,,,,0.0518512,0.0518512,0.134155,0.0564766,0.0564766,0.0564766,0.0933693,0.0933693,0.0933693,1.42771,1.42771,3.79025,,,,0.103285,0.103285,0.376193,1003,1003,1003,0.99992,0.99992,1.00013,,,,,,,,,,,,,19.8,19.8,19.8,19.8,19.8,19.8,-1.20111,-1.20111,-1.04098,-1.20111,-1.20111,-1.04098
2026-08-30_11-19-21__smoke-ice-2,biped,3,2,,,,,,,,,,,,,0.000651042,0.000651042,0.704427,,,,-0.00844145,-0.00844145,-0.00499253,-0.00701465,-0.00701465,-0.00583253,,,,,,,,,,,,,-0.00675273,-0.00675273,-0.0059835,-0.000977394,-0.000977394,-0.000439757,-0.00822432,-0.00822432,-0.00515537,0.000234574,0.000234574,0.000234574,-0.000734015,-0.000734015,-0.000545476,,,,,,,-0.00985158,-0.00985158,-0.00651528,-0.00152246,-0.00152246,-0.000926074,,,,-0.00228847,-0.00228847,-0.00150242,,,,,,,,,,,,,-0.000200618,-0.000200618,-0.000137429,,,,,,,,,,,,,,,,,,,,,,,,,,,,,,,-0.02,-0.02,-0.01375,,,,,,,,,,0.00414671,0.00414671,0.00414671,0.00671229,0.00671229,0.00738896,0,0,0,1,1,1,,,,,,,0,0,0.0110677,,,,17.0103,17.0103,17.0274,1.5e-05,1.5e-05,2.25e-05,,,,-0.0267461,-0.0267461,-0.0224345,,,,,,,0.0351567,0.0351567,0.133917,0.046477,0.046477,0.046477,0.0786664,0.0786664,0.085745,1.33199,1.33199,3.93293,,,,0.102192,0.102192,0.257616,1070,1070,1103,0.997998,0.997998,0.999934,,,,,,,,,,,,,17.69,17.69,18.06,17.69,17.69,18.06,-1.1081,-1.1081,-1.08668,-1.1081,-1.1081,-1.08668
2026-08-30_23-51-29_ppo-ice-blind-s0,biped,6000,61,,,,,,,,,,,,,1.39373,1.33919,1.40089,,,,-0.140022,-0.141841,-0.00560398,-0.0457163,-0.0452854,-0.00532144,,,,,,,,,,,,,-0.0853102,-0.0857669,-0.00552056,-0.0116856,-0.011871,-0.000377813,-0.177947,-0.180257,-0.00567818,0.0320812,0.0316927,0.036917,-0.0124607,-0.0127423,-0.000502501,,,,,,,-0.0177892,-0.018743,-0.00658749,-0.0286338,-0.0289794,-0.000909788,,,,-0.058816,-0.0600329,-0.0015688,,,,,,,,,,,,,-0.00133066,-0.00134807,-0.000166782,,,,,,,,,,,,,,,,,,,,,,,,,,,,,,,-0.00219585,-0.00226987,-0.000757305,,,,,,,,,,0.226046,0.22788,0.241035,1.24412,1.2434,1.30818,0,-7.80287e-05,0,0.112325,0.102049,1,,,,,,,0.887919,0.898026,0.909088,,,,7.81219,7.7785,16.9807,0.000585277,0.000557205,0.01,,,,-0.0100956,-0.0102039,-0.00191349,,,,,,,0.0967676,0.0931764,0.139039,0.295925,0.30147,0.329078,1.07771,1.09488,1.26484,4.00972,4.04638,6.14612,,,,0.132058,0.132726,0.45454,23734,23536.6,24562,0.469288,0.468001,0.993687,,,,,,,,,,,,,469.38,466.194,492.86,469.38,466.194,492.86,18.5746,18.3704,20.5704,18.5746,18.3704,20.5704
2026-08-31_05-31-03_ppo-ice-blind-s1,biped,6000,61,,,,,,,,,,,,,1.41044,1.40835,1.457,,,,-0.140861,-0.141691,-0.00526006,-0.0438478,-0.0439861,-0.00533402,,,,,,,,,,,,,-0.088689,-0.0892789,-0.00542891,-0.0118729,-0.011114,-0.000354195,-0.184588,-0.184178,-0.00558583,0.0341711,0.0336821,0.0375896,-0.0122981,-0.012324,-0.000498118,,,,,,,-0.0177734,-0.0177814,-0.00641305,-0.0284715,-0.0286375,-0.000908409,,,,-0.0573362,-0.0586977,-0.00158671,,,,,,,,,,,,,-0.0014684,-0.00145988,-0.000175074,,,,,,,,,,,,,,,,,,,,,,,,,,,,,,,-0.00211872,-0.00223017,-0.00101057,,,,,,,,,,0.232831,0.227652,0.244909,1.2709,1.24954,1.33932,-1.04167e-05,-0.000102151,0,0.10439,0.101196,1,,,,,,,0.89624,0.898957,0.912994,,,,7.72195,7.82867,16.982,0.000585277,0.000541417,0.01,,,,-0.00998225,-0.0101711,-0.00205528,,,,,,,0.10351,0.0944637,0.137669,0.305028,0.300777,0.33021,1.11868,1.10212,1.25628,4.07992,4.10932,6.41124,,,,0.136343,0.136435,0.46909,23315,23154.3,23741,0.465415,0.469889,0.993692,,,,,,,,,,,,,465.96,467.312,495.11,465.96,467.312,495.11,18.1141,18.5112,20.9893,18.1141,18.5112,20.9893
2026-08-31_06-56-03_ppo-ice-depth-s0,biped,6000,61,,,,,,,,,,,,,1.54177,1.51925,1.59354,,,,-0.121937,-0.121303,-0.00552948,-0.0392415,-0.0393392,-0.00541361,,,,,,,,,,,,,-0.0760358,-0.0767894,-0.00545728,-0.0105523,-0.0113652,-0.000312316,-0.176455,-0.175051,-0.00560881,0.0329892,0.03345,0.0403273,-0.0121835,-0.012286,-0.00049642,,,,,,,-0.0102034,-0.00999362,-0.00664059,-0.0283645,-0.0283996,-0.000910915,,,,-0.0516632,-0.0516028,-0.0015678,,,,,,,,,,,,,-0.00120591,-0.00114685,-0.000171309,,,,,,,,,,,,,,,,,,,,,,,,,,,,,,,-0.00159125,-0.00187127,-0.000698112,,,,,,,,,,0.27437,0.273643,0.285825,1.34142,1.33929,1.4016,-0.00095808,-0.000110129,0,0.0835571,0.0865513,1,,,,,,,0.916687,0.913536,0.931763,,,,6.42522,6.21076,17.0003,0.000390184,0.000355429,0.00759375,,,,-0.00684786,-0.0070619,0.00917936,,,,,,,0.0816269,0.0877384,0.144976,0.282087,0.278643,0.398898,0.934574,0.934235,1.16005,7.4628,7.48298,9.45299,,,,0.161324,0.162814,0.370458,12893,12857.5,14611,0.423309,0.415561,0.994064,,,,,,,,,,,,,472.36,473.54,497.74,472.36,473.54,497.74,22.1873,22.4708,24.6604,22.1873,22.4708,24.6604
2026-08-31_19-04-47_ppo-ice-depth-s1,biped,6000,61,,,,,,,,,,,,,1.53746,1.51877,1.55911,,,,-0.124784,-0.127001,-0.00560516,-0.0400614,-0.0402247,-0.00529174,,,,,,,,,,,,,-0.0756513,-0.0799296,-0.00550594,-0.00792571,-0.00928734,-0.000381606,-0.176821,-0.179949,-0.00553749,0.0335837,0.0358757,0.0392942,-0.0115013,-0.0116218,-0.00048706,,,,,,,-0.00997167,-0.0109842,-0.00653742,-0.0275891,-0.0288037,-0.000933686,,,,-0.0627991,-0.0643627,-0.00154453,,,,,,,,,,,,,-0.00118395,-0.00119832,-0.000173314,,,,,,,,,,,,,,,,,,,,,,,,,,,,,,,-0.00171011,-0.00193415,-0.000707702,,,,,,,,,,0.268109,0.264332,0.28071,1.33906,1.33854,1.40955,-6.31313e-05,-7.85552e-05,0,0.0827332,0.0894353,1,,,,,,,0.917267,0.910763,0.937378,,,,6.35827,6.49361,16.9971,0.000390184,0.000362221,0.00666667,,,,-0.00714424,-0.00724268,0.00826647,,,,,,,0.0939862,0.0876775,0.185981,0.27364,0.276457,0.402857,0.943737,0.96509,1.14774,7.51,7.49363,9.18951,,,,0.158878,0.159981,0.457423,12818,12844.2,14730,0.419735,0.423784,0.993935,,,,,,,,,,,,,486.14,471.023,495.62,486.14,471.023,495.62,23.8038,21.748,23.9286,23.8038,21.748,23.9286
2026-09-01_01-11-41_ppo-ice-visible-s0,biped,6000,61,,,,,,,,,,,,,1.39373,1.33919,1.40089,,,,-0.140022,-0.141841,-0.00560398,-0.0457163,-0.0452854,-0.00532144,,,,,,,,,,,,,-0.0853102,-0.0857669,-0.00552056,-0.0116856,-0.011871,-0.000377813,-0.177947,-0.180257,-0.00567818,0.0320812,0.0316927,0.036917,-0.0124607,-0.0127423,-0.000502501,,,,,,,-0.0177892,-0.018743,-0.00658749,-0.0286338,-0.0289794,-0.000909788,,,,-0.058816,-0.0600329,-0.0015688,,,,,,,,,,,,,-0.00133066,-0.00134807,-0.000166782,,,,,,,,,,,,,,,,,,,,,,,,,,,,,,,-0.00219585,-0.00226987,-0.000757305,,,,,,,,,,0.226046,0.22788,0.241035,1.24412,1.2434,1.30818,0,-7.80287e-05,0,0.112325,0.102049,1,,,,,,,0.887919,0.898026,0.909088,,,,7.81219,7.7785,16.9807,0.000585277,0.000557205,0.01,,,,-0.0100956,-0.0102039,-0.00191349,,,,,,,0.0967676,0.0931764,0.139039,0.295925,0.30147,0.329078,1.07771,1.09488,1.26484,4.02156,4.05671,6.07862,,,,0.13211,0.132798,0.414751,23666,23476.7,24448,0.469288,0.468001,0.993687,,,,,,,,,,,,,469.38,466.194,492.86,469.38,466.194,492.86,18.5746,18.3704,20.5704,18.5746,18.3704,20.5704
2026-09-01_11-56-33_ppo-ice-visible-s1,biped,6000,61,,,,,,,,,,,,,1.46697,1.44866,1.47592,,,,-0.137895,-0.141514,-0.00533428,-0.0437388,-0.044877,-0.00529017,,,,,,,,,,,,,-0.084809,-0.0895869,-0.00560112,-0.00976346,-0.0101109,-0.000324527,-0.176078,-0.181696,-0.00557369,0.0300915,0.0321282,0.0357762,-0.0122707,-0.012439,-0.000496303,,,,,,,-0.022542,-0.0219172,-0.00638697,-0.0285394,-0.0291217,-0.000907595,,,,-0.0602685,-0.0603002,-0.00158634,,,,,,,,,,,,,-0.00139819,-0.00142494,-0.000176253,,,,,,,,,,,,,,,,,,,,,,,,,,,,,,,-0.00257296,-0.00213537,-0.000949634,,,,,,,,,,0.232809,0.234346,0.247766,1.2336,1.25949,1.33181,-4.09091e-05,-5.99282e-05,0,0.0904846,0.097139,1,,,,,,,0.909515,0.90294,0.917216,,,,7.51968,7.70833,16.9899,0.000384434,0.000537032,0.01,,,,-0.00889591,-0.009982,-0.00243539,,,,,,,0.0948878,0.0917033,0.135549,0.294187,0.29843,0.330658,1.0335,1.06808,1.27976,2.23481,2.34622,5.46923,,,,0.0834298,0.076492,0.524047,42404,40610,44642,0.459232,0.466042,0.994416,,,,,,,,,,,,,447.21,467.971,498.13,447.21,467.971,498.13,17.4065,18.742,20.6345,17.4065,18.742,20.6345
2026-08-19_15-02-54_coop-ball-s0,coop_lift,4000,41,,,,0.04,0.04,0.04,,,,,,,,,,-0.00185705,-0.00186358,-0.00184646,,,,,,,0,0,0,0,0,0,,,,,,,,,,,,,,,,,,,,,,-0.00433456,-0.00434225,-0.00427847,-3.04512e-05,-3.03129e-05,-2.66902e-05,,,,,,,,,,,,,,,,,,,6.1956e-06,3.32912e-06,7.85774e-05,0,1.61098e-06,0.000416667,,,,,,,-4.73205e-07,-9.47476e-08,-9.54746e-15,-1.2169e-05,-1.20357e-05,-1.16611e-05,,,,,,,0.00146083,0.00146861,0.0048292,,,,,,,,,,,,,-0.05,-0.05,-0.0193123,-4.39488e-05,-4.38697e-05,-4.30846e-05,-2.71806e-05,-2.76172e-05,-2.63816e-05,,,,,,,,,,,,,,,,1,1,1,,,,0,0,0.0543213,,,,-7.2277,-7.27208,62.5413,1e-05,1.14875e-05,0.000384434,,,,-0.00293181,-0.00499467,0.0109907,,,,,,,1.62185e-05,2.04686e-05,0.117662,,,,,,,3.38663,3.36665,4.97749,,,,0.164434,0.166343,0.664903,6920,6956.3,7376,0.21125,0.211013,1.00252,,,,,,,,,,,,,5.02,5.02985,24.75,5.02,5.02985,24.75,-0.438728,-0.43873,-0.425416,-0.438728,-0.43873,-0.425416
2026-08-19_15-06-11_coop-cube-s0,coop_lift,4000,41,,,,0.04,0.04,0.04,,,,,,,,,,-0.00164538,-0.00163697,-0.00162335,,,,,,,0,0,0,0,0,0,,,,,,,,,,,,,,,,,,,,,,-0.00429705,-0.00432046,-0.00428814,-2.17052e-05,-2.21641e-05,-2.05706e-05,,,,,,,,,,,,,,,,,,,2.71967e-06,2.85725e-06,0.00017244,0,3.22135e-07,0.000520833,,,,,,,-6.95517e-11,-2.28874e-08,-6.62971e-11,-1.18427e-05,-1.17177e-05,-1.13358e-05,,,,,,,0.000194499,0.000195701,0.000850233,,,,,,,,,,,,,-0.05,-0.05,-0.0194917,-4.1874e-05,-4.21024e-05,-4.15204e-05,-2.34448e-05,-2.36648e-05,-2.3016e-05,,,,,,,,,,,,,,,,1,1,1,,,,0,0,0.054362,,,,-8.78785,-8.77295,62.5294,2.25e-05,1.17562e-05,0.000384434,,,,-0.00903684,-0.00656525,0.0113328,,,,,,,1.40769e-05,1.46492e-05,0.123504,,,,,,,2.74582,2.76292,3.94804,,,,0.105076,0.106531,0.312075,8620,8565.05,8799,0.204354,0.204445,1.00223,,,,,,,,,,,,,5.02,5.0256,24.2,5.02,5.0256,24.2,-0.446825,-0.446823,-0.433737,-0.446825,-0.446823,-0.433737
2026-08-19_15-11-02_coop-ladder-s0,coop_lift,4000,41,,,,0.218333,0.216875,0.22,,,,,,,,,,-2.94636,-2.95872,-0.0526457,,,,,,,-0.000147401,-0.000850994,0,-0.154902,-0.166633,0,,,,,,,,,,,,,,,,,,,,,,-0.058275,-0.0579149,-0.00443758,-0.0299415,-0.0305708,-0.0044147,,,,,,,,,,,,,,,,,,,0.559027,0.579501,0.767095,3.41065,3.58897,4.84807,,,,,,,-0.00254082,-0.00249783,-4.32243e-05,-0.0107557,-0.0114456,-2.55816e-05,,,,,,,1.49402e-10,1.14121e-10,3.13097e-09,,,,,,,,,,,,,-0.0376013,-0.0368331,-0.023713,-0.00323207,-0.00334862,-0.000179057,-0.00342817,-0.0035261,-0.000177296,,,,,,,,,,,,,,,,0.741252,0.730188,1,,,,0.258748,0.26998,0.344198,,,,108.023,107.533,108.023,1.5e-05,5.27262e-05,0.00129746,,,,-0.00124913,-0.00415145,0.0796108,,,,,,,20.4036,23.6079,78.7698,,,,,,,3.58244,3.61468,4.54587,,,,0.103422,0.103903,0.283148,6667,6608.65,7017,2.83449,2.80319,2.83449,,,,,,,,,,,,,80.25,78.4207,106.01,80.25,78.4207,106.01,7.92266,7.34906,22.392,7.92266,7.34906,22.392
2026-08-19_15-59-20_coop-ball-s0,coop_lift,4000,41,,,,0.04,0.04,0.04,,,,,,,,,,-0.00178101,-0.00179997,-0.001779,,,,,,,0,0,0,0,0,0,,,,,,,,,,,,,,,,,,,,,,-0.00438323,-0.00436155,-0.00432157,-3.10524e-05,-2.92779e-05,-2.70531e-05,,,,,,,,,,,,,,,,,,,2.64494e-06,3.03122e-06,0.000132498,0,6.0632e-07,0.000606142,,,,,,,-9.84928e-15,-4.71329e-08,-9.49975e-15,-1.21641e-05,-1.20389e-05,-1.16254e-05,,,,,,,0.00147028,0.00147366,0.00482577,,,,,,,,,,,,,-0.05,-0.05,-0.0193123,-4.43066e-05,-4.42674e-05,-4.36918e-05,-2.70671e-05,-2.73911e-05,-2.65475e-05,,,,,,,,,,,,,,,,1,1,1,,,,0,0,0.0543213,,,,-8.94747,-8.92896,62.5597,1e-05,1.12625e-05,0.000384434,,,,-0.00848251,-0.00479702,0.0165583,,,,,,,1.28119e-05,1.6415e-05,0.117662,,,,,,,2.80261,2.81152,4.22534,,,,0.105023,0.10619,0.475741,8452,8423.78,8661,0.203228,0.203515,1.0029,,,,,,,,,,,,,5.03,5.0322,24.33,5.03,5.0322,24.33,-0.4385,-0.438363,-0.425387,-0.4385,-0.438363,-0.425387
2026-08-19_19-50-04_coop-cube-pinch-s0,coop_lift,415,5,,,,0.04,0.04,0.04,,,,,,,,,,-0.57397,-0.564323,-0.0438619,,,,,,,0,0,0,0,-1.73611e-06,0,,,,,,,,,,,,,,,,,,,,,,-0.019426,-0.0188677,-0.00405622,-0.0111334,-0.011644,-0.0036473,,,,,,,,,,,,,,,,,,,7.90332e-06,6.11714e-06,0.000264659,0,0,0.001775,,,,,,,-9.78889e-07,-1.33592e-06,-1.45089e-10,-0.000469595,-0.000453732,-2.50354e-05,,,,,,,,,,0.377538,0.370611,0.379218,0.0165569,0.0162326,0.0169175,,,,0.986197,0.968534,0.996093,-0.00154514,-0.00235894,-0.000260417,-0.00405603,-0.00394077,-0.000192379,-0.00401807,-0.00390734,-0.000191646,,,,,,,,,,,,,,,,0.0487061,0.0484965,1,,,,0.951294,0.951504,0.961995,,,,56.4299,56.3862,62.4605,0.000113906,7.76953e-05,0.000170859,,,,-0.011971,-0.0120933,-0.00446486,,,,,,,0.0107607,0.0106781,0.0579479,,,,,,,2.92494,2.93576,4.19115,,,,0.105606,0.115512,0.482266,8109,8055.2,8538,0.876975,0.876035,1.0007,,,,,,,,,,,,,198.09,192.68,198.77,198.09,192.68,198.77,6.15682,5.96138,6.15682,6.15682,5.96138,6.15682
2026-08-19_20-17-27_coop-cube-pinch-s0,coop_lift,4000,41,,,,0.0466667,0.0500375,0.0683333,,,,,,,,,,-0.927248,-0.908707,-0.0440934,,,,,,,0,-5.71623e-05,0,-6.94444e-05,-0.000268658,0,,,,,,,,,,,,,,,,,,,,,,-0.0846863,-0.0904883,-0.00395678,-0.110601,-0.112869,-0.00378341,,,,,,,,,,,,,,,,,,,0.130067,0.113303,0.162619,0.657818,0.618013,0.959573,,,,-0.107591,-0.0967282,0,-0.00090402,-0.00080672,-1.48211e-10,-0.0151016,-0.0159002,-2.49545e-05,0.0572807,0.0577133,0.0768772,,,,,,,0.488962,0.467843,0.543903,0.0813002,0.0719485,0.0981963,,,,0.920678,0.903247,0.999999,-0.00632283,-0.00761916,0,-0.0085481,-0.00858671,-0.000193791,-0.00893662,-0.00904525,-0.000192392,,,,,,,,,,,,,,,,0.139567,0.150633,1,,,,0.860433,0.849672,0.989461,,,,68.7893,68.5891,68.7893,1e-05,1.12344e-05,0.000170859,,,,0.0209395,0.00795881,0.131564,,,,,,,0.648556,0.788899,10.5003,,,,,,,3.42143,3.41993,4.17842,,,,0.119058,0.109446,0.458063,6941,6964.46,8467,1.16231,1.15708,1.16231,,,,,,,,,,,,,185.38,181.255,200,185.38,181.255,200,9.1581,7.85981,11.6291,9.1581,7.85981,11.6291
2026-08-19_20-47-55_coop-ladder-pinch-s0,coop_lift,4000,41,,,,0.04,0.04,0.04,,,,,,,,,,-0.390288,-0.388824,-0.0445782,,,,,,,0,0,0,0,-1.99653e-06,0,,,,,,,,,,,,,,,,,,,,,,-0.00403263,-0.00462973,-0.00316759,-0.00664276,-0.00652033,-0.00339449,,,,,,,,,,,,,,,,,,,0,0,1.24176e-12,0,0,9.31323e-12,,,,-0.0435744,-0.00480828,-7.65754e-09,-0.000177253,-0.000162992,-3.64564e-05,-0.00213243,-0.00124962,-5.05378e-05,0,0,3.5005e-12,,,,,,,0.000158707,0.000176401,0.000219536,0,0,7.58605e-12,,,,0.988992,0.987527,0.999999,-0.000607639,-0.000703327,0,-0.00742281,-0.00783518,-0.000192926,-0.00743426,-0.00732343,-0.000192741,,,,,,,,,,,,,,,,0.0158691,0.0136127,1,,,,0.984131,0.986387,0.993652,,,,55.8419,55.7093,62.4436,1e-05,1.0075e-05,0.000170859,,,,-0.00539103,-0.00432845,-0.000202823,,,,,,,0.0123026,0.00669169,0.0815234,,,,,,,3.59368,3.58226,5.03461,,,,0.103286,0.105382,0.528433,6647,6664.51,6810,0.861448,0.858835,1.00034,,,,,,,,,,,,,198.13,197.593,200,198.13,197.593,200,4.15626,4.51533,4.71082,4.15626,4.51533,4.71082
2026-08-19_20-48-13_coop-ball-pinch-s0,coop_lift,4000,41,,,,0.0441667,0.0494917,0.110833,,,,,,,,,,-3.33286,-3.19492,-0.0439603,,,,,,,-0.00616061,-0.00894806,0,-0.0286518,-0.0234896,0,,,,,,,,,,,,,,,,,,,,,,-0.0524794,-0.0590798,-0.00390981,-0.117959,-0.107793,-0.00373458,,,,,,,,,,,,,,,,,,,0.304072,0.303389,0.382021,2.09203,2.10145,2.53787,,,,-0.237428,-0.228494,-5.95398e-07,-0.00921028,-0.010919,-4.55268e-06,-0.0131866,-0.0144847,-2.6587e-05,0.26978,0.267884,0.730525,,,,,,,0.461498,0.4465,0.807419,0.201655,0.198639,0.507372,,,,0.64663,0.623844,0.975915,-0.0327627,-0.0365336,-0.00311012,-0.00613817,-0.00580229,-0.000193313,-0.00580405,-0.00558344,-0.00019154,,,,,,,,,,,,,,,,0.683268,0.732031,1,,,,0.320638,0.270591,0.900391,,,,100.38,100.018,100.38,3.375e-05,9.31e-05,0.00057665,,,,-0.00430637,-0.00327459,0.0458062,,,,,,,3.26104,3.19473,7.03703,,,,,,,3.56087,3.56057,4.14007,,,,0.0945878,0.095326,0.490285,6723,6722.35,8277,2.38173,2.3618,2.38173,,,,,,,,,,,,,138.27,125.274,196.43,138.27,125.274,196.43,1.57112,1.83176,18.4922,1.57112,1.83176,18.4922
2026-08-19_23-36-03_coop-cube-ungated-s0,coop_lift,4000,41,,,,0.0666667,0.0766708,0.0908333,,,,1,1,1,,,,-3.09529,-3.15443,-0.0440934,,,,,,,-0.276209,-0.296036,0,-0.00739065,-0.00507289,0,,,,,,,,,,,,,,,,,,,,,,-0.122178,-0.13373,-0.00395678,-0.0237548,-0.0747544,-0.00378341,,,,,,,,,,,,,,,,,,,0.774227,0.852199,1.15272,2.77205,3.47634,5.24928,,,,-0.15046,-0.179882,0,-0.00232855,-0.00238649,-1.48211e-10,-0.0111672,-0.0155202,-2.49545e-05,0.000151377,0.000304994,0.00326903,,,,,,,0.212565,0.238372,0.376143,0.00815879,0.012442,0.0363737,,,,0.61856,0.653527,0.835932,-0.032023,-0.0285046,-0.0137742,-0.00508697,-0.00534217,-0.000193791,-0.00504644,-0.0051683,-0.000192392,,,,,,,,,,,,,,,,0.684733,0.566265,1,,,,0.31722,0.435233,0.656128,,,,98.6644,97.9219,98.6644,1e-05,0.000102991,0.0019462,,,,0.00465658,-0.00190373,0.303887,,,,,,,17.3007,26.4147,194.558,,,,,,,4.27145,4.21238,4.52118,,,,0.105455,0.107829,0.500673,5614,5689.44,8336,2.3015,2.26268,2.3015,,,,,,,,,,,,,125.27,131.741,171.77,125.27,131.741,171.77,5.49416,10.6723,42.4546,5.49416,10.6723,42.4546
2026-08-20_00-06-24_coop-cube-onesigma-s0,coop_lift,4000,41,,,,0.04,0.04,0.0408333,,,,1,1,1,,,,-0.367095,-0.367768,-0.0440934,,,,,,,0,0,0,0,0,0,,,,,,,,,,,,,,,,,,,,,,-0.00802478,-0.00723766,-0.00244299,-0.00453848,-0.00657015,-0.00194131,,,,,,,,,,,,,,,,,,,2.08505e-06,2.84786e-06,0.000894844,0,3.54489e-07,0.00656385,,,,-2.83529e-13,-1.29175e-08,0,-1.06099e-07,-2.49951e-07,-1.48211e-10,-0.000444764,-0.000453467,-2.49545e-05,0.00410112,0.00495176,0.00640249,,,,,,,0,0,0,0.0809185,0.0816409,0.0904629,,,,0.973163,0.978258,0.999999,-0.00173859,-0.00161265,0,-0.00876377,-0.00879943,-0.000193791,-0.00830318,-0.00857213,-0.000192392,,,,,,,,,,,,,,,,0.0307617,0.0316294,1,,,,0.969238,0.968411,0.994995,,,,53.2767,53.1549,62.4579,1e-05,1.14875e-05,0.000170859,,,,-0.00617092,-0.00541493,-0.00100924,,,,,,,0.00531072,0.00587342,0.0518385,,,,,,,2.93291,2.94157,4.3541,,,,0.105066,0.11139,0.499061,8089,8054.3,8535,0.821204,0.818986,1.00069,,,,,,,,,,,,,190.88,195.761,200,190.88,195.761,200,5.15042,5.31306,6.19401,5.15042,5.31306,6.19401
2026-08-20_00-51-54_coop-cube-notilt-s0,coop_lift,4000,41,,,,0.0525,0.0605292,0.09,,,,1,1,1,,,,-1.37417,-1.34219,-0.0440934,,,,,,,-0.025547,-0.0170669,0,-0.0133357,-0.0111329,0,,,,,,,,,,,,,,,,,,,,,,-0.152638,-0.152861,-0.00395678,-0.173484,-0.168577,-0.00378341,,,,,,,,,,,,,,,,,,,0.347509,0.33356,0.396085,1.82278,1.7452,2.26374,,,,0,0,0,-0.0110089,-0.0107264,-1.48211e-10,-0.0299042,-0.032222,-2.49545e-05,0.204188,0.196182,0.253679,,,,,,,0.571193,0.559406,0.632927,0.214984,0.207867,0.247464,,,,0.858481,0.857127,0.999999,-0.0154654,-0.0146404,0,-0.00735069,-0.00735474,-0.000193791,-0.00794681,-0.00785711,-0.000192392,,,,,,,,,,,,,,,,0.293864,0.296899,1,,,,0.706136,0.704921,0.978353,,,,75.9625,75.5707,75.9625,3.375e-05,2.65054e-05,0.000384434,,,,-0.00328872,0.00405136,0.107768,,,,,,,4.26634,4.29207,8.06664,,,,,,,3.67191,3.65173,4.1165,,,,0.0937524,0.0967776,0.425224,6526,6556.69,9019,1.36603,1.35394,1.36603,,,,,,,,,,,,,167.97,171.558,200,167.97,171.558,200,16.9636,17.0755,23.7194,16.9636,17.0755,23.7194
2026-08-20_00-58-44_coop-cube-noclamp-s0,coop_lift,4000,41,,,,0.04,0.04,0.0408333,,,,1,1,1,,,,-0.450807,-0.452482,-0.0440934,,,,,,,0,-2.82225e-05,0,0,0,0,,,,,,,,,,,,,,,,,,,,,,-0.00841691,-0.00812907,-0.00395678,-0.00678398,-0.00715331,-0.00239706,,,,,,,,,,,,,,,,,,,5.68101e-05,7.30569e-05,0.000975084,0,8.14586e-05,0.00597891,,,,-1.20778e-07,-0.000186835,0,-1.42448e-05,-1.55069e-05,-1.48211e-10,-0.000465612,-0.000473119,-2.49545e-05,0,0,0,,,,,,,0.386311,0.383085,0.398776,0.0187354,0.0178273,0.0200188,,,,0.977465,0.981982,0.999999,-0.00173611,-0.0016332,0,-0.00805301,-0.00800694,-0.000193791,-0.008638,-0.00854392,-0.000192392,,,,,,,,,,,,,,,,0.0346273,0.0310586,1,,,,0.965373,0.968986,0.994954,,,,57.0117,56.885,62.4587,1e-05,1.06e-05,0.000170859,,,,-0.00152561,-0.00412693,-0.000492294,,,,,,,0.0065445,0.00973497,0.067251,,,,,,,2.96625,2.99763,4.22837,,,,0.104261,0.105602,0.461409,8003,7921.32,8469,0.892628,0.890081,1.00071,,,,,,,,,,,,,197.36,196.47,200,197.36,196.47,200,7.24777,7.17372,7.9039,7.24777,7.17372,7.9039
2026-08-20_03-35-35_coop-cube-nodrift-s0,coop_lift,4000,41,,,,0.0516667,0.0473292,0.0533333,,,,1,1,1,,,,-0.981179,-0.952638,-0.0440934,,,,,,,-5.20833e-05,-0.00014627,0,-0.00592287,-0.0121851,0,,,,,,,,,,,,,,,,,,,,,,-0.0398233,-0.0316982,-0.00395678,-0.0342309,-0.0335772,-0.00378341,,,,,,,,,,,,,,,,,,,0.298547,0.258087,0.345107,1.30655,1.1131,1.54221,,,,-0.09464,-0.0881989,0,-0.00147352,-0.00142124,-1.48211e-10,0,0,0,0.316973,0.280745,0.340991,,,,,,,0.651083,0.635141,0.68906,0.235623,0.213346,0.257969,,,,0.957453,0.952369,0.999999,-0.00304563,-0.00329723,0,-0.00812063,-0.008125,-0.000193791,-0.0103934,-0.0102318,-0.000192392,,,,,,,,,,,,,,,,0.0480143,0.0661605,1,,,,0.951986,0.933962,0.988973,,,,70.63,70.2385,70.63,1e-05,3.4967e-05,0.000864976,,,,0.00880108,0.0050621,0.0989202,,,,,,,1.51277,1.86018,14.9039,,,,,,,4.07494,4.07498,4.3619,,,,0.123771,0.115305,0.517066,5853,5866.02,8220,1.21082,1.20024,1.21082,,,,,,,,,,,,,194.53,190.634,200,194.53,190.634,200,20.9438,18.5518,23.1479,20.9438,18.5518,23.1479
2026-08-20_03-40-55_coop-cube-pickfirst-s0,coop_lift,4000,41,,,,0.0408333,0.0405667,0.045,,,,1,1,1,,,,-0.949605,-0.938833,-0.0440934,,,,,,,-0.000848958,-0.00262855,0,-0.000104167,-5.84149e-05,0,,,,,,,,,,,,,,,,,,,,,,-0.0715389,-0.0715091,-0.00395678,-0.0434113,-0.042125,-0.00378341,,,,,,,,,,,,,,,,,,,0,0,0,0,0,0,,,,-0.0143941,-0.0188511,0,-0.00109125,-0.00104688,-1.48211e-10,-0.0140089,-0.0130803,-2.49545e-05,0.495674,0.484248,0.529815,,,,,,,0.775755,0.761526,0.783695,0.396458,0.381681,0.414921,,,,0.999999,0.989211,0.999999,0,-0.000767206,0,-0.00962548,-0.00965493,-0.000193791,-0.00895481,-0.00878209,-0.000192392,,,,,,,,,,,,,,,,0.00488281,0.0157619,1,,,,0.995117,0.984319,0.995565,,,,71.1435,70.9239,71.1435,3.375e-05,2.06844e-05,0.000170859,,,,-0.00509165,-0.00371719,0.0114962,,,,,,,0.0770594,0.0726041,0.786073,,,,,,,3.63082,3.60858,3.97833,,,,0.0953562,0.0955584,0.477388,6595,6634.73,8958,1.22594,1.21985,1.22594,,,,,,,,,,,,,200,197.787,200,200,197.787,200,12.5437,12.0524,12.9668,12.5437,12.0524,12.9668
2026-08-20_04-24-25_coop-cube-progressonly-s0,coop_lift,4000,41,,,,0.0416667,0.0411083,0.0458333,,,,1,1,1,,,,-0.856215,-0.834106,-0.0440934,,,,,,,0,-7.10426e-05,0,0,-4.43865e-05,0,,,,,,,,,,,,,,,,,,,,,,-0.0480688,-0.0510727,-0.00395678,-0.09962,-0.081557,-0.00378341,,,,,,,,,,,,,,,,,,,0.160552,0.144082,0.180063,0,0,0,,,,-0.0855099,-0.0341455,0,-0.00194086,-0.00190285,-1.48211e-10,-0.00635184,-0.00508329,-2.49545e-05,0.146351,0.142121,0.155026,,,,,,,0.640814,0.631917,0.652993,0.172695,0.168365,0.181722,,,,0.984895,0.976675,0.999999,-0.00104167,-0.00212448,0,-0.00904497,-0.00868966,-0.000193791,-0.00862033,-0.00840792,-0.000192392,,,,,,,,,,,,,,,,0.0458984,0.0412502,1,,,,0.956828,0.959028,0.996094,,,,70.0479,69.6627,70.0479,1.5e-05,2.89109e-05,0.000170859,,,,-0.00328849,-0.00541717,0.00386126,,,,,,,0.0691778,0.0528344,0.120401,,,,,,,3.74989,3.70543,4.26717,,,,0.112156,0.108287,0.461972,6363,6444.74,8353,1.19229,1.18205,1.19229,,,,,,,,,,,,,195.68,195.487,200,195.68,195.487,200,8.20197,8.2951,9.5337,8.20197,8.2951,9.5337
2026-08-20_04-26-39_coop-cube-coarseonly-s0,coop_lift,4000,41,,,,0.04,0.04,0.04,,,,1,1,1,,,,-0.381813,-0.387432,-0.0440934,,,,,,,0,0,0,0,0,0,,,,,,,,,,,,,,,,,,,,,,-0.00726451,-0.00720697,-0.00395678,-0.00776846,-0.0106247,-0.00378341,,,,,,,,,,,,,,,,,,,4.73272e-06,4.12424e-06,0.00116791,0,1.08992e-05,0.00868362,,,,-2.94332e-08,-5.83866e-07,0,-2.0727e-06,-5.4049e-07,-1.48211e-10,-0.000479382,-0.000464183,-2.49545e-05,0.00426859,0.00345019,0.00512358,,,,,,,0.36263,0.371632,0.384004,0,0,0,,,,0.964826,0.983564,0.999999,-0.00354167,-0.00127132,0,-0.00832723,-0.00859728,-0.000193791,-0.00834738,-0.00842699,-0.000192392,,,,,,,,,,,,,,,,0.0469157,0.0256323,1,,,,0.953084,0.97449,0.995605,,,,54.6629,54.5232,62.4592,1e-05,1.0725e-05,0.000170859,,,,-0.00278653,-0.00474503,-0.00184659,,,,,,,0.00792019,0.00737229,0.0596877,,,,,,,2.82353,2.85653,4.1573,,,,0.104515,0.106375,0.49165,8393,8297.52,8563,0.844294,0.841603,1.00072,,,,,,,,,,,,,194.42,196.651,200,194.42,196.651,200,7.38189,7.47283,8.00513,7.38189,7.47283,8.00513
2026-08-20_04-43-43_coop-cube-fixedh-s0,coop_lift,4000,41,,,,0.04,0.04,0.04,,,,1,1,1,,,,-1.10862,-1.09879,-0.0440934,,,,,,,-0.000607639,-0.000623422,0,0,-0.000177661,0,,,,,,,,,,,,,,,,,,,,,,-0.214079,-0.23347,-0.00395678,-0.0301659,-0.0287821,-0.00378341,,,,,,,,,,,,,,,,,,,0.20281,0.175595,0.211077,1.24214,1.06736,1.29984,,,,-0.134848,-0.191683,0,-0.0030279,-0.00317915,-1.48211e-10,-0.0160162,-0.0201232,-2.49545e-05,0.0875313,0.0771698,0.0933476,,,,,,,0.513665,0.502009,0.556027,0.125394,0.11193,0.130375,,,,0.85636,0.862429,0.999999,-0.0137153,-0.0132903,0,-0.00652145,-0.00659563,-0.000193791,-0.00781681,-0.00785856,-0.000192392,,,,,,,,,,,,,,,,0.246582,0.264776,1,,,,0.753418,0.7365,0.989461,,,,73.4125,73.0754,73.4125,1e-05,2.06907e-05,0.000384434,,,,-0.00149318,0.00137,0.068254,,,,,,,1.29035,1.2989,2.99718,,,,,,,3.73581,3.70769,4.08931,,,,0.109974,0.10187,0.421053,6390,6452.47,8678,1.29448,1.28466,1.29448,,,,,,,,,,,,,172.87,172.826,200,172.87,172.826,200,11.5115,9.53031,12.517,11.5115,9.53031,12.517
2026-08-20_07-25-09_coop-cube-bonusonly-s0,coop_lift,4000,41,,,,0.0458333,0.0422458,0.0483333,,,,1,1,1,,,,-0.7893,-0.816415,-0.0440934,,,,,,,-0.018474,-0.0173729,0,-0.00834949,-0.00776564,0,,,,,,,,,,,,,,,,,,,,,,-0.0545524,-0.0581858,-0.00395678,-0.21741,-0.195218,-0.00378341,,,,,,,,,,,,,,,,,,,0,0,0,1.28723,0.818556,1.31056,,,,-0.112847,-0.210053,0,-0.00354484,-0.00244041,-1.48211e-10,-0.0110821,-0.0156392,-2.49545e-05,0.179076,0.169829,0.230434,,,,,,,0.54452,0.564512,0.634211,0.184456,0.16849,0.205612,,,,0.829989,0.884122,0.999999,-0.015884,-0.0100099,0,-0.00746283,-0.00768994,-0.000193791,-0.00613129,-0.00656072,-0.000192392,,,,,,,,,,,,,,,,0.331991,0.197208,1,,,,0.672445,0.803594,0.993042,,,,69.0114,68.6458,69.0114,1e-05,2.16424e-05,0.000256289,,,,0.00143403,0.00165075,0.0261171,,,,,,,3.08352,1.64524,3.25111,,,,,,,4.22322,4.06395,4.29524,,,,0.10447,0.107125,0.54249,5678,5892.69,8426,1.16723,1.15767,1.16723,,,,,,,,,,,,,168.67,177.21,200,168.67,177.21,200,14.1014,10.0533,14.3352,14.1014,10.0533,14.3352
2026-08-20_07-44-22_coop-cube-noalive-s0,coop_lift,4000,41,,,,0.0758333,0.0773958,0.125833,,,,1,1,1,,,,-1.09349,-1.04533,-0.0249184,,,,,,,-0.00597718,-0.00586673,0,-0.0049993,-0.00574179,0,,,,,,,,,,,,,,,,,,,,,,-0.0596868,-0.0574209,-0.00166811,-0.0367263,-0.0413163,-0.00378341,,,,,,,,,,,,,,,,,,,0.151806,0.148891,0.414034,0.894677,0.881142,2.19113,,,,-0.27108,-0.243242,0,-0.00619914,-0.00578096,-1.48211e-10,-0.00711941,-0.00577559,-2.49545e-05,0.0835856,0.081644,0.252367,,,,,,,0.235873,0.232617,0.602807,0.0870874,0.0857483,0.246598,,,,0,0,0,-0.0470195,-0.0467489,-0.00158986,-0.00309916,-0.00303299,-0.000193791,-0.00288481,-0.00286697,-0.000192392,,,,,,,,,,,,,,,,0.940552,0.936222,1,,,,0.0602214,0.0648531,0.930339,,,,89.3918,88.728,89.3918,1.5e-05,6.92429e-05,0.00129746,,,,0.00105385,-0.00159735,0.108915,,,,,,,2.66529,2.57286,7.06681,,,,,,,4.04839,4.06101,4.31176,,,,0.127943,0.112796,0.484629,5884,5889.23,8178,1.85006,1.82231,1.85006,,,,,,,,,,,,,75.11,71.8255,193.09,75.11,71.8255,193.09,-0.928967,-0.252261,12.1577,-0.928967,-0.252261,12.1577
2026-08-20_07-49-43_coop-cube-clockh-s0,coop_lift,4000,41,,,,0.22,0.22,0.22,,,,1,1,1,,,,-0.486776,-0.486007,-0.0440934,,,,,,,0,0,0,0,-6.72495e-06,0,,,,,,,,,,,,,,,,,,,,,,-0.011769,-0.00737169,-0.00395678,-0.0128926,-0.0126706,-0.00378341,,,,,,,,,,,,,,,,,,,0.000203403,6.58405e-05,0.00112926,0,0,0.0036665,,,,-7.60549e-06,-0.000222548,0,-0.000126657,-5.05812e-05,-1.48211e-10,-0.000514734,-0.00047215,-2.49545e-05,0.0129246,0.0104121,0.0136274,,,,,,,0.406858,0.392487,0.417032,0.0244612,0.02078,0.0262775,,,,0.967469,0.970944,0.999999,-0.00203704,-0.00231659,0,-0.00828099,-0.00830638,-0.000193791,-0.0081148,-0.00809893,-0.000192392,,,,,,,,,,,,,,,,0.0552165,0.0443398,1,,,,0.944784,0.955903,0.99349,,,,58.6044,58.3978,62.4586,2.25e-05,1.415e-05,0.000170859,,,,-0.00673426,-0.00552797,-0.000943382,,,,,,,0.0139353,0.0138042,0.0608151,,,,,,,3.05848,3.08846,4.19552,,,,0.10689,0.107857,0.571074,7764,7692.67,8402,0.924645,0.920372,1.00071,,,,,,,,,,,,,197.22,194.514,200,197.22,194.514,200,7.23069,6.9638,7.80753,7.23069,6.9638,7.80753
2026-08-20_08-19-50_coop-cube-nopriv-s0,coop_lift,4000,41,,,,0.0466667,0.0500375,0.0683333,,,,1,1,1,,,,-0.927248,-0.908707,-0.0440934,,,,,,,0,-5.71623e-05,0,-6.94444e-05,-0.000268658,0,,,,,,,,,,,,,,,,,,,,,,-0.0846863,-0.0904883,-0.00395678,-0.110601,-0.112869,-0.00378341,,,,,,,,,,,,,,,,,,,0.130067,0.113303,0.162619,0.657818,0.618013,0.959573,,,,-0.107591,-0.0967282,0,-0.00090402,-0.00080672,-1.48211e-10,-0.0151016,-0.0159002,-2.49545e-05,0.0572807,0.0577133,0.0768772,,,,,,,0.488962,0.467843,0.543903,0.0813002,0.0719485,0.0981963,,,,0.920678,0.903247,0.999999,-0.00632283,-0.00761916,0,-0.0085481,-0.00858671,-0.000193791,-0.00893662,-0.00904525,-0.000192392,,,,,,,,,,,,,,,,0.139567,0.150633,1,,,,0.860433,0.849672,0.989461,,,,68.7893,68.5891,68.7893,1e-05,1.12344e-05,0.000170859,,,,0.0209395,0.00795881,0.131564,,,,,,,0.648556,0.788899,10.5003,,,,,,,3.45955,3.49668,4.3221,,,,0.110445,0.110292,0.456067,6884,6814.84,8376,1.16231,1.15708,1.16231,,,,,,,,,,,,,185.38,181.255,200,185.38,181.255,200,9.1581,7.85981,11.6291,9.1581,7.85981,11.6291
2026-08-20_08-32-16_coop-cube-notrack-s0,coop_lift,4000,41,,,,0.0466667,0.0500375,0.0683333,,,,1,1,1,,,,-0.927248,-0.908707,-0.0440934,,,,,,,0,-5.71623e-05,0,-6.94444e-05,-0.000268658,0,,,,,,,,,,,,,,,,,,,,,,-0.0846863,-0.0904883,-0.00395678,-0.110601,-0.112869,-0.00378341,,,,,,,,,,,,,,,,,,,0.130067,0.113303,0.162619,0.657818,0.618013,0.959573,,,,-0.107591,-0.0967282,0,-0.00090402,-0.00080672,-1.48211e-10,-0.0151016,-0.0159002,-2.49545e-05,0.0572807,0.0577133,0.0768772,,,,,,,0.488962,0.467843,0.543903,0.0813002,0.0719485,0.0981963,,,,0.920678,0.903247,0.999999,-0.00632283,-0.00761916,0,-0.0085481,-0.00858671,-0.000193791,-0.00893662,-0.00904525,-0.000192392,,,,,,,,,,,,,,,,0.139567,0.150633,1,,,,0.860433,0.849672,0.989461,,,,68.7893,68.5891,68.7893,1e-05,1.12344e-05,0.000170859,,,,0.0209395,0.00795881,0.131564,,,,,,,0.648556,0.788899,10.5003,,,,,,,3.21545,3.23314,3.89466,,,,0.0948737,0.0950814,0.431795,7424,7385.49,9085,1.16231,1.15708,1.16231,,,,,,,,,,,,,185.38,181.255,200,185.38,181.255,200,9.1581,7.85981,11.6291,9.1581,7.85981,11.6291
2026-08-20_11-21-43_coop-cube-absolute-s0,coop_lift,4000,41,,,,0.04,0.04,0.0408333,,,,1,1,1,,,,-0.416732,-0.41656,-0.0526906,,,,,,,0,0,0,0,0,0,,,,,,,,,,,,,,,,,,,,,,-0.00649391,-0.00669576,-0.00258219,-0.00807266,-0.00663731,-0.00273747,,,,,,,,,,,,,,,,,,,2.9029e-06,2.34162e-06,0.000323241,0,1.89318e-06,0.00222368,,,,-1.21691e-08,-9.56877e-08,0,-8.65014e-06,-7.38594e-07,-1.73571e-10,-0.000471823,-0.000455708,-3.0408e-05,0.00113962,0.000868185,0.00130804,,,,,,,0.309178,0.308645,0.319281,0.00754804,0.007488,0.00819577,,,,0.979906,0.98008,0.999999,-0.00151042,-0.00154666,0,-0.00712751,-0.0071987,-0.000186879,-0.00822887,-0.00790849,-0.000188192,,,,,,,,,,,,,,,,0.0257161,0.0307127,1,,,,0.974284,0.969287,0.998291,,,,55.6118,55.4993,62.4659,1.5e-05,1.62562e-05,0.000256289,,,,-0.00647664,-0.00599206,0.00264778,,,,,,,0.00893469,0.00828548,0.0481052,,,,,,,2.92101,2.91117,4.33354,,,,0.103856,0.105239,0.47875,8124,8151.22,8563,0.863303,0.860914,1.00087,,,,,,,,,,,,,196.76,195.965,200,196.76,195.965,200,6.83545,6.7977,7.94898,6.83545,6.7977,7.94898
2026-08-20_12-05-36_coop-cube-staged-s0,coop_lift,4000,41,,,,0.0466667,0.0500375,0.0683333,,,,1,1,1,,,,-0.927248,-0.908707,-0.0440934,,,,,,,0,-5.71623e-05,0,-6.94444e-05,-0.000268658,0,,,,,,,,,,,,,,,,,,,,,,-0.0846863,-0.0904883,-0.00395678,-0.110601,-0.112869,-0.00378341,,,,,,,,,,,,,,,,,,,0.130067,0.113303,0.162619,0.657818,0.618013,0.959573,,,,-0.107591,-0.0967282,0,-0.00090402,-0.00080672,-1.48211e-10,-0.0151016,-0.0159002,-2.49545e-05,0.0572807,0.0577133,0.0768772,,,,,,,0.488962,0.467843,0.543903,0.0813002,0.0719485,0.0981963,,,,0.920678,0.903247,0.999999,-0.00632283,-0.00761916,0,-0.0085481,-0.00858671,-0.000193791,-0.00893662,-0.00904525,-0.000192392,,,,,,,,,,,,,,,,0.139567,0.150633,1,,,,0.860433,0.849672,0.989461,,,,68.7893,68.5891,68.7893,1e-05,1.12344e-05,0.000170859,,,,0.0209395,0.00795881,0.131564,,,,,,,0.648556,0.788899,10.5003,,,,,,,3.29942,3.29182,3.90717,,,,0.0974498,0.0973019,0.47706,7234,7252.98,9065,1.16231,1.15708,1.16231,,,,,,,,,,,,,185.38,181.255,200,185.38,181.255,200,9.1581,7.85981,11.6291,9.1581,7.85981,11.6291
2026-08-21_15-04-38_coop-cube-nopriv-r2-s0,coop_lift,4000,41,,,,0.04,0.0400167,0.0416667,,,,1,1,1,,,,-0.543321,-0.537778,-0.0440934,,,,,,,0,0,0,0,0,0,,,,,,,,,,,,,,,,,,,,,,-0.0137782,-0.0102932,-0.00357891,-0.0476476,-0.0368046,-0.00254236,,,,,,,,,,,,,,,,,,,0.0199422,0.0108887,0.0232634,0.0890321,0.0282368,0.116932,,,,-0.00992085,-0.00146372,0,-0.000278036,-0.000247642,-1.48211e-10,-0.0014865,-0.000944754,-2.49545e-05,0.0204635,0.0223203,0.0284586,,,,,,,0.476314,0.469566,0.49448,0.050076,0.0450628,0.0517627,,,,0.953546,0.965958,0.999999,-0.00321181,-0.00242173,0,-0.00859494,-0.00870112,-0.000193791,-0.00888029,-0.0091121,-0.000192392,,,,,,,,,,,,,,,,0.0721436,0.0474211,1,,,,0.927856,0.95266,0.997111,,,,60.8683,60.5261,62.4788,1.5e-05,1.53125e-05,0.000170859,,,,-0.00353488,-0.00446031,0.000111116,,,,,,,0.0455687,0.0244531,0.0584904,,,,,,,3.18646,3.06628,4.1048,,,,0.0955706,0.0990649,0.441364,7488,7771.24,8755,0.974335,0.966944,1.00111,,,,,,,,,,,,,191.72,193.282,200,191.72,193.282,200,7.89154,7.48414,8.26948,7.89154,7.48414,8.26948
2026-08-21_15-46-55_coop-cube-staged-r2-s0,coop_lift,4000,41,,,,0.04,0.0408958,0.045,,,,1,0.3375,1,,,,-0.948543,-0.933278,-0.0440934,,,,,,,-0.00671114,-0.00283156,0,0,-0.000124292,0,,,,,,,,,,,,,,,,,,,,,,-0.110903,-0.084345,-0.00395678,-0.038944,-0.0413231,-0.00378341,,,,,,,,,,,,,,,,,,,0.223482,0.0829193,0.325432,0.932089,0.315273,1.41122,,,,-0.025164,-0.0220692,0,-0.00142005,-0.00119756,-1.48211e-10,-0.0155382,-0.0145526,-2.49545e-05,0.305181,0.452219,0.520091,,,,,,,0.714244,0.748157,0.778859,0.298354,0.365292,0.405944,,,,0.98566,0.980888,0.999999,-0.00116898,-0.00162776,0,-0.00906666,-0.0094631,-0.000193791,-0.00864439,-0.00869132,-0.000192392,,,,,,,,,,,,,,,,0.053182,0.032854,1,,,,0.946818,0.967268,0.994548,,,,71.2319,70.9393,71.2319,1e-05,2.4282e-05,0.000170859,,,,-0.00123166,-0.00239472,0.0149754,,,,,,,1.2225,0.496346,2.09415,,,,,,,3.73918,3.71014,4.15659,,,,0.0958607,0.0976613,0.509093,6408,6455,8716,1.2284,1.22028,1.2284,,,,,,,,,,,,,196.82,196.032,200,196.82,196.032,200,18.4557,14.5374,25.8605,18.4557,14.5374,25.8605
2026-08-21_17-19-04_coop-cube-control-s1,coop_lift,4000,41,,,,0.0575,0.0549542,0.0691667,,,,1,1,1,,,,-1.47178,-1.47877,-0.0439669,,,,,,,-0.00595932,-0.00613261,0,-0.0100784,-0.00986664,0,,,,,,,,,,,,,,,,,,,,,,-0.0721434,-0.065945,-0.00367686,-0.214552,-0.234185,-0.00414078,,,,,,,,,,,,,,,,,,,0.28856,0.292329,0.342148,1.52385,1.50349,1.87367,,,,-0.522012,-0.560127,0,-0.011419,-0.0117802,-1.48861e-10,-0.0158906,-0.0180271,-2.61581e-05,0.148062,0.149982,0.179297,,,,,,,0.532839,0.543704,0.627401,0.178702,0.183152,0.210389,,,,0.822068,0.836125,0.999999,-0.0184127,-0.0171797,0,-0.00712109,-0.00721456,-0.000194297,-0.00720716,-0.00729289,-0.00019281,,,,,,,,,,,,,,,,0.27771,0.345673,1,,,,0.72229,0.655986,0.983236,,,,79.9308,79.5236,79.9308,3.375e-05,2.60014e-05,0.000256289,,,,-0.00418162,0.0011776,0.0570717,,,,,,,2.59875,2.47127,3.15856,,,,,,,3.20027,3.24703,3.61084,,,,0.0710328,0.0761695,0.565841,7512,7397.77,11448,1.49857,1.48473,1.49857,,,,,,,,,,,,,171,167.668,200,171,167.668,200,9.90131,8.86016,13.281,9.90131,8.86016,13.281
2026-08-21_17-46-27_coop-cube-notrack-r2-s0,coop_lift,4000,41,,,,0.04,0.04,0.0408333,,,,1,1,1,,,,-0.419477,-0.425634,-0.0438619,,,,,,,0,-1.8967e-05,0,0,-3.47222e-07,0,,,,,,,,,,,,,,,,,,,,,,-0.00642853,-0.00845182,-0.00405622,-0.00857403,-0.00894496,-0.0036473,,,,,,,,,,,,,,,,,,,1.9539e-06,7.70462e-06,0.0010807,0,2.9373e-05,0.00759747,,,,-5.7618e-13,-2.79234e-06,0,-1.2498e-07,-8.80375e-07,-1.45089e-10,-0.000470545,-0.000461616,-2.50354e-05,0.00280426,0.00245649,0.00331123,,,,,,,0.351847,0.35369,0.370989,0.0126057,0.0126953,0.0149892,,,,0.981381,0.985036,0.999999,-0.00139716,-0.001109,0,-0.00764486,-0.00770716,-0.000192379,-0.00792826,-0.00811393,-0.000191646,,,,,,,,,,,,,,,,0.0154215,0.0220374,1,,,,0.984578,0.977963,0.98938,,,,56.8019,56.8867,62.4706,1e-05,1.1675e-05,0.000170859,,,,-0.00552228,-0.00494218,-0.00164751,,,,,,,0.00350797,0.00593822,0.0656838,,,,,,,2.84707,2.76782,4.23768,,,,0.0950227,0.0959404,0.466578,8353,8588.31,8969,0.886495,0.888297,1.001,,,,,,,,,,,,,195.95,196.994,200,195.95,196.994,200,7.15083,7.14627,7.32215,7.15083,7.14627,7.32215
2026-08-21_18-25-35_coop-cube-pickfirst-s1,coop_lift,4000,41,,,,0.04,0.04,0.0408333,,,,1,1,1,,,,-0.560483,-0.53903,-0.0439378,,,,,,,0,-0.000263536,0,0,-3.56481e-06,0,,,,,,,,,,,,,,,,,,,,,,-0.0543372,-0.0515689,-0.00366557,-0.0446153,-0.0475574,-0.00413557,,,,,,,,,,,,,,,,,,,0,0,0,0,0,0,,,,-0.000888444,-0.00298651,0,-0.000376293,-0.000312047,-1.48544e-10,-0.00236137,-0.00190658,-2.61706e-05,0.195273,0.195601,0.211708,,,,,,,0.668364,0.663564,0.687477,0.205153,0.203996,0.222392,,,,0.992728,0.98106,0.999999,-0.000416667,-0.00119407,0,-0.0086927,-0.00879073,-0.000194238,-0.00946208,-0.00923864,-0.000192721,,,,,,,,,,,,,,,,0.0332031,0.0233049,1,,,,0.966797,0.976695,0.998169,,,,61.256,60.9011,62.4931,3.375e-05,1.78562e-05,0.000256289,,,,-0.00439498,-0.00507053,0.00110406,,,,,,,0.0300888,0.0237942,0.0633209,,,,,,,3.28,3.23331,3.96478,,,,0.0956433,0.0957606,0.426165,7280,7382.83,8964,0.976695,0.968833,1.00139,,,,,,,,,,,,,196.53,196.373,200,196.53,196.373,200,10.8706,11.0558,11.5783,10.8706,11.0558,11.5783
2026-08-21_18-51-51_coop-cube-notilt-s1,coop_lift,4000,41,,,,0.0958333,0.0762083,0.104167,,,,1,1,1,,,,-2.71319,-2.60464,-0.0439124,,,,,,,-0.00681167,-0.0105261,0,-0.0049671,-0.00738734,0,,,,,,,,,,,,,,,,,,,,,,-0.09139,-0.0969012,-0.00365838,-0.143875,-0.147016,-0.00411744,,,,,,,,,,,,,,,,,,,0.376598,0.385719,0.478851,1.79422,1.95106,2.77748,,,,0,0,0,-0.0141024,-0.0149313,-1.49511e-10,-0.016824,-0.0206164,-2.61938e-05,0.240047,0.242355,0.315085,,,,,,,0.605496,0.586863,0.652134,0.240488,0.237163,0.287429,,,,0.883241,0.865249,0.999999,-0.0125876,-0.0141841,0,-0.00761778,-0.00745436,-0.000194185,-0.00750207,-0.00731285,-0.000192788,,,,,,,,,,,,,,,,0.324178,0.282947,1,,,,0.677775,0.718929,0.973185,,,,90.1434,89.3867,90.1434,1e-05,8.5355e-05,0.000864976,,,,0.00872241,-0.00238576,0.0550567,,,,,,,3.15636,3.89352,9.08024,,,,,,,3.75078,3.75749,4.25262,,,,0.0918515,0.0926098,0.489605,6395,6385.76,9261,1.88628,1.85416,1.88628,,,,,,,,,,,,,173.9,173.446,200,173.9,173.446,200,9.72005,10.6913,24.2193,9.72005,10.6913,24.2193
2026-08-21_18-56-30_coop-cube-nodrift-s1,coop_lift,4000,41,,,,0.0666667,0.069675,0.0958333,,,,1,1,1,,,,-1.6747,-1.60417,-0.0439124,,,,,,,-0.00514253,-0.00336088,0,-0.0167559,-0.0161167,0,,,,,,,,,,,,,,,,,,,,,,-0.0847866,-0.0807723,-0.00365838,-0.126301,-0.134177,-0.00411744,,,,,,,,,,,,,,,,,,,0.296833,0.282035,0.345393,1.58404,1.5586,2.03104,,,,-0.85469,-0.84217,0,-0.0112454,-0.0105302,-1.49511e-10,0,0,0,0.156756,0.145112,0.184769,,,,,,,0.534783,0.520839,0.609177,0.178358,0.168251,0.201382,,,,0.835351,0.825909,0.999999,-0.0162963,-0.0176161,0,-0.0074695,-0.00736583,-0.000194185,-0.00695623,-0.00683738,-0.000192788,,,,,,,,,,,,,,,,0.386393,0.352694,1,,,,0.613607,0.648979,0.98112,,,,80.9382,80.4684,80.9382,5.0625e-05,2.87107e-05,0.000384434,,,,-0.00547531,-0.000380344,0.148209,,,,,,,2.51628,2.5687,4.67308,,,,,,,3.89146,3.89787,4.2384,,,,0.091754,0.0909849,0.475013,6169,6163.1,9366,1.52881,1.51267,1.52881,,,,,,,,,,,,,169.23,165.927,200,169.23,165.927,200,5.76522,6.19593,13.541,5.76522,6.19593,13.541
2026-08-21_19-40-27_coop-cube-control-s2,coop_lift,4000,41,,,,0.04,0.04,0.0408333,,,,1,1,1,,,,-0.453738,-0.454619,-0.0446496,,,,,,,0,0,0,0,-3.22421e-07,0,,,,,,,,,,,,,,,,,,,,,,-0.00631193,-0.00685979,-0.00383158,-0.0155448,-0.0114621,-0.0039567,,,,,,,,,,,,,,,,,,,2.15667e-06,5.33333e-06,0.000960145,0,9.44054e-06,0.00714678,,,,0,-4.93263e-07,0,-3.05832e-09,-6.24349e-07,-1.50684e-10,-0.00043249,-0.000454982,-2.39382e-05,0.0046542,0.00421115,0.0059727,,,,,,,0.37294,0.370529,0.392531,0.016098,0.0155617,0.0189972,,,,0.979708,0.981902,0.999999,-0.00145833,-0.00146034,0,-0.00875952,-0.00888045,-0.000195207,-0.00803237,-0.00817872,-0.000194308,,,,,,,,,,,,,,,,0.0396322,0.0294668,1,,,,0.960368,0.970615,0.994832,,,,57.9007,57.8193,62.4717,1e-05,1.06375e-05,0.000256289,,,,-0.00436446,-0.00454735,-0.00139255,,,,,,,0.00568264,0.00809941,0.0674521,,,,,,,2.67821,2.75143,4.06706,,,,0.0960729,0.0965642,0.558244,8858,8632.38,8942,0.909365,0.90773,1.00104,,,,,,,,,,,,,197.58,196.3,200,197.58,196.3,200,7.07746,7.03744,7.44841,7.07746,7.03744,7.44841
2026-08-21_21-07-59_coop-cube-pickfirst-s2,coop_lift,4000,41,,,,0.04,0.0400042,0.0408333,,,,1,1,1,,,,-0.483352,-0.484768,-0.0446496,,,,,,,0,0,0,0,-0.000222617,0,,,,,,,,,,,,,,,,,,,,,,-0.0110594,-0.00795789,-0.00389004,-0.0380545,-0.0381973,-0.0039567,,,,,,,,,,,,,,,,,,,0,0,0,0,0,0,,,,-0.0167747,-0.0021682,0,-0.000256986,-0.000174635,-1.50684e-10,-0.00203047,-0.000795556,-2.39382e-05,0.0312473,0.027775,0.0353888,,,,,,,0.46265,0.459701,0.481784,0.044085,0.0405833,0.047056,,,,0.96381,0.974416,0.999999,-0.00258523,-0.00198216,0,-0.00939968,-0.0093661,-0.000195207,-0.00743103,-0.00743954,-0.000194308,,,,,,,,,,,,,,,,0.0450439,0.0390413,1,,,,0.954956,0.961121,0.992716,,,,58.2725,58.0833,62.4737,1e-05,1.10125e-05,0.000170859,,,,-0.00172976,-0.00422616,0.000514978,,,,,,,0.0178014,0.0155458,0.0595209,,,,,,,2.96001,2.88683,3.94378,,,,0.0935428,0.0947723,0.438277,8048,8248.05,9098,0.917349,0.913426,1.00104,,,,,,,,,,,,,191.77,195.027,200,191.77,195.027,200,7.50004,7.59898,8.145,7.50004,7.59898,8.145
2026-08-21_21-52-08_coop-cube-notilt-s2,coop_lift,4000,41,,,,0.0508333,0.0488958,0.0533333,,,,1,1,1,,,,-0.782618,-0.777717,-0.0446496,,,,,,,0,-0.000273947,0,0,-4.89481e-05,0,,,,,,,,,,,,,,,,,,,,,,-0.070519,-0.0862241,-0.00389004,-0.195325,-0.187189,-0.0039567,,,,,,,,,,,,,,,,,,,0.183897,0.17647,0.235398,0.742124,0.709876,0.948589,,,,0,0,0,-0.000918683,-0.00101519,-1.50684e-10,-0.00919902,-0.00866059,-2.39382e-05,0.108278,0.108573,0.142854,,,,,,,0.487446,0.503293,0.558712,0.11335,0.112034,0.142001,,,,0.812411,0.845859,0.999999,-0.0149631,-0.0126576,0,-0.00871574,-0.00888529,-0.000195207,-0.00895965,-0.00918963,-0.000194308,,,,,,,,,,,,,,,,0.326945,0.255859,1,,,,0.673055,0.744726,0.986491,,,,66.8147,66.6006,66.8147,5.0625e-05,1.65141e-05,0.000256289,,,,-0.00162848,0.0116456,0.12868,,,,,,,0.946603,1.00054,4.00646,,,,,,,3.51687,3.4384,3.99902,,,,0.0952687,0.0961821,0.43096,6803,6954.04,8926,1.11026,1.10492,1.11026,,,,,,,,,,,,,157.18,169.494,200,157.18,169.494,200,10.4177,10.8853,14.3076,10.4177,10.8853,14.3076
2026-08-21_22-55-40_coop-cube-nodrift-s2,coop_lift,4000,41,,,,0.0608333,0.0588458,0.0733333,,,,1,1,1,,,,-0.640836,-0.647523,-0.044657,,,,,,,-0.00264625,-0.00138145,0,-8.18452e-05,-0.000234087,0,,,,,,,,,,,,,,,,,,,,,,-0.0953693,-0.0873476,-0.00389909,-0.0330171,-0.0294396,-0.00395404,,,,,,,,,,,,,,,,,,,0.1903,0.165278,0.232113,0.990509,0.878179,1.36341,,,,-0.103814,-0.0996436,0,-0.00157915,-0.00162205,-1.51095e-10,0,0,0,0.0915492,0.0783757,0.128963,,,,,,,0.39346,0.376471,0.602537,0.112615,0.0987692,0.141574,,,,0.615039,0.605855,0.999999,-0.0319321,-0.0329024,0,-0.00640035,-0.00636222,-0.000195213,-0.0060368,-0.00594992,-0.000194434,,,,,,,,,,,,,,,,0.615479,0.657482,1,,,,0.384521,0.343589,0.990682,,,,66.7066,66.4681,66.7066,2.25e-05,1.21844e-05,0.000256289,,,,2.57617e-06,0.0130552,0.292407,,,,,,,2.44866,2.7301,14.9326,,,,,,,3.58926,3.64554,4.02614,,,,0.088439,0.0922851,0.522841,6682,6580.27,9505,1.10784,1.10189,1.10784,,,,,,,,,,,,,123.23,121.897,200,123.23,121.897,200,11.0818,10.3525,18.6331,11.0818,10.3525,18.6331
2026-08-22_12-23-11_coop-cube-depthswap-s0,coop_lift,211,3,,,,0.04,0.04,0.0408333,,,,0,0,0,,,,-0.585337,-0.587049,-0.0446361,,,,,,,-0.00135417,-0.000577455,0,0,-0.000347743,0,,,,,,,,,,,,,,,,,,,,,,-0.0102281,-0.00966349,-0.00380428,-0.0152485,-0.0158908,-0.00398901,,,,,,,,,,,,,,,,,,,0,0,0,0,0,0,,,,-0.000291329,-6.79036e-05,0,-2.32587e-05,-1.4823e-05,-1.43104e-10,-0.000483466,-0.000456888,-2.45654e-05,4.25693e-06,1.04695e-05,0.000138498,,,,,,,0.283417,0.28084,0.294817,0.00610919,0.00586431,0.00628116,,,,0.939102,0.941095,0.980191,-0.0055787,-0.00528481,-0.00203373,-0.00329962,-0.00330648,-0.0001955,-0.00338321,-0.00339113,-0.000195101,,,,,,,,,,,,,,,,0.0976969,0.124849,1,,,,0.902303,0.875712,0.902303,,,,56.0562,56.0363,62.4724,0.000113906,8.1e-05,0.000256289,,,,-0.0147731,-0.0147858,-0.00825162,,,,,,,0.0123574,0.0198123,0.0688333,,,,,,,3.71547,3.66252,4.59453,,,,0.101313,0.0989441,0.363499,6438,6537.5,7426,0.867733,0.867258,1.00107,,,,,,,,,,,,,189.65,189.014,194.36,189.65,189.014,194.36,4.88501,4.83839,5.01696,4.88501,4.83839,5.01696
2026-08-22_12-43-02_coop-cube-depthswap-s0,coop_lift,215,3,,,,0.04,0.04,0.0408333,,,,0,0,0,,,,-0.598236,-0.593853,-0.0446361,,,,,,,-0.000208333,-0.000569585,0,-0.000166667,-0.000371478,0,,,,,,,,,,,,,,,,,,,,,,-0.00905115,-0.00949567,-0.00380428,-0.0162889,-0.0156968,-0.00398901,,,,,,,,,,,,,,,,,,,0,0,0,0,0,0,,,,-3.48655e-06,-5.95652e-05,0,-6.54945e-06,-1.39008e-05,-1.43104e-10,-0.000452674,-0.000455459,-2.45654e-05,3.06724e-06,7.7238e-06,0.000138498,,,,,,,0.291053,0.285644,0.294817,0.00640703,0.00607143,0.00640703,,,,0.956717,0.951106,0.980191,-0.00331845,-0.00446551,-0.00198317,-0.00336569,-0.00334096,-0.0001955,-0.00342731,-0.00342467,-0.000195101,,,,,,,,,,,,,,,,0.0763753,0.101835,1,,,,0.923625,0.898336,0.923625,,,,56.0582,56.048,62.4724,5.0625e-05,8.1e-05,0.000256289,,,,-0.0153549,-0.0148074,-0.00825162,,,,,,,0.0195986,0.0179848,0.0688333,,,,,,,3.74263,3.68327,4.61296,,,,0.0996618,0.102503,0.40171,6396,6493.4,7343,0.867915,0.867563,1.00107,,,,,,,,,,,,,192.2,190.123,194.7,192.2,190.123,194.7,4.97781,4.88498,5.02114,4.97781,4.88498,5.02114
2026-08-22_12-58-19_coop-cube-depthswap-s0,coop_lift,4000,41,,,,0.04,0.04,0.0408333,,,,0,0,0,,,,-0.491391,-0.49233,-0.0446334,,,,,,,0,-2.97619e-07,0,0,0,0,,,,,,,,,,,,,,,,,,,,,,-0.0438902,-0.043164,-0.00384097,-0.0443941,-0.0433728,-0.00396862,,,,,,,,,,,,,,,,,,,0,0,0,0,0,0,,,,-3.81672e-06,-0.000220842,0,-0.000152494,-0.000169153,-1.43026e-10,-0.000595957,-0.000661211,-2.44952e-05,0.155411,0.155728,0.164128,,,,,,,0.642574,0.639599,0.65325,0.163715,0.162319,0.173402,,,,0.996666,0.992185,0.999999,-0.000260417,-0.00056933,0,-0.00902106,-0.00887829,-0.000195521,-0.00976696,-0.0095513,-0.000195157,,,,,,,,,,,,,,,,0.00764974,0.0112813,1,,,,0.99235,0.988841,0.998372,,,,58.3661,58.413,62.4719,1e-05,1.37812e-05,0.000256289,,,,-0.00227223,-0.00351133,0.00200034,,,,,,,0.00696867,0.00963816,0.063305,,,,,,,3.74051,3.73483,4.73594,,,,0.100433,0.100364,0.426641,6398,6408.23,7233,0.916052,0.917156,1.00093,,,,,,,,,,,,,200,198.495,200,200,198.495,200,10.9731,10.8111,11.119,10.9731,10.8111,11.119
2026-08-22_17-11-35_coop-cube-depthboth-s0,coop_lift,4000,41,,,,0.04,0.04,0.04,,,,0,0,0,,,,-0.495475,-0.49767,-0.0442261,,,,,,,0,-5.29101e-07,0,0,0,0,,,,,,,,,,,,,,,,,,,,,,-0.00709361,-0.00671551,-0.00369796,-0.0073877,-0.00763311,-0.00350253,,,,,,,,,,,,,,,,,,,0,0,0,0,0,0,,,,-2.08455e-10,-1.05329e-06,0,-4.98248e-07,-1.44991e-06,-1.40533e-10,-0.000469213,-0.000453205,-2.45651e-05,0.00416565,0.00457951,0.00618102,,,,,,,0.371716,0.377221,0.394089,0.0166158,0.0172062,0.0195674,,,,0.964279,0.972075,0.999999,-0.00251736,-0.00201143,0,-0.00930211,-0.00937667,-0.000194678,-0.00884657,-0.00896954,-0.000194263,,,,,,,,,,,,,,,,0.0486247,0.0391905,1,,,,0.951375,0.96085,0.989461,,,,60.0611,59.9435,62.4797,1e-05,1.03625e-05,0.000256289,,,,-0.00412105,-0.00482367,-0.000383459,,,,,,,0.0119431,0.0111702,0.0692074,,,,,,,3.3908,3.35936,4.92897,,,,0.0963125,0.0968878,0.389112,7047,7111.5,7328,0.957993,0.955429,1.00117,,,,,,,,,,,,,192.45,194.437,200,192.45,194.437,200,6.58432,6.70578,7.44315,6.58432,6.70578,7.44315
2026-08-22_20-19-14_coop-ball-staged-s0,coop_lift,4000,41,,,,0.209167,0.201554,0.22,,,,1,1,1,,,,-0.969405,-0.940693,-0.0439603,,,,,,,-0.000278705,-0.000365774,0,-0.000132184,-0.000272883,0,,,,,,,,,,,,,,,,,,,,,,-0.0274907,-0.0280361,-0.00390981,-0.00888894,-0.00909617,-0.00373458,,,,,,,,,,,,,,,,,,,0.100056,0.090416,0.382711,0.512728,0.484487,2.49733,,,,-0.00559088,-0.00451217,-5.95398e-07,-0.00363876,-0.0036983,-4.55268e-06,-0.00205335,-0.00198903,-2.6587e-05,0.0881202,0.0801803,0.686512,,,,,,,0.135731,0.130097,0.786579,0.0631339,0.0578221,0.478814,,,,0.184302,0.178771,0.958345,-0.05,-0.05,-0.00506366,-0.00164823,-0.00158433,-0.000193313,-0.00175619,-0.00168694,-0.00019154,,,,,,,,,,,,,,,,1,1,1,,,,0,0,0.858643,,,,99.6902,99.7505,100.007,0.000113906,9.10861e-05,0.000864976,,,,-0.00549429,-0.0028502,0.020648,,,,,,,1.27266,1.23037,5.83052,,,,,,,3.51335,3.53952,4.04994,,,,0.0960846,0.0960821,0.431078,6808,6759.5,8349,2.35755,2.35984,2.37209,,,,,,,,,,,,,38.46,36.7672,192.56,38.46,36.7672,192.56,0.46113,-0.147954,19.657,0.46113,-0.147954,19.657
2026-08-22_20-19-14_coop-ladder-staged-s0,coop_lift,4000,41,,,,0.04,0.04,0.04,,,,0,0,0,,,,-0.416583,-0.414765,-0.0445782,,,,,,,0,0,0,0,-2.43056e-06,0,,,,,,,,,,,,,,,,,,,,,,-0.00502361,-0.00523679,-0.00337688,-0.00636713,-0.00533664,-0.00283466,,,,,,,,,,,,,,,,,,,0,0,0,0,0,0,,,,-4.08984e-05,-0.0046251,-1.21466e-08,-0.000155677,-0.000160238,-4.47439e-05,-0.00167348,-0.00130518,-5.05378e-05,0,0,3.5005e-12,,,,,,,0.000138801,0.000162518,0.000231244,0,0,7.58605e-12,,,,0.991141,0.988653,0.999999,-0.000558036,-0.000645172,0,-0.00745512,-0.00747147,-0.000192926,-0.00839705,-0.00794592,-0.000192741,,,,,,,,,,,,,,,,0.0183512,0.0128355,1,,,,0.981649,0.987165,0.994751,,,,57.3179,57.3992,62.4436,1e-05,1.05625e-05,0.000170859,,,,-0.00355278,-0.00461131,-0.00149535,,,,,,,0.0169087,0.00621279,0.0688147,,,,,,,3.37779,3.43226,4.57671,,,,0.0965803,0.102706,0.415064,7073,6952.77,7117,0.890829,0.892446,1.00034,,,,,,,,,,,,,198.6,197.744,200,198.6,197.744,200,4.36946,4.33613,4.46168,4.36946,4.33613,4.46168
2026-08-23_20-17-33__gate-rnd,coop_lift,2,2,,,,0.04,0.04,0.04,,,,0,0,0,,,,-0.0671649,-0.0671649,-0.0340853,,,,,,,0,0,0,0,0,0,,,,,,,,,,,,,,,,,,,,,,-0.00774521,-0.00774521,-0.00311425,-0.00865023,-0.00865023,-0.00402652,,,,,,,,,,,,,,,,,,,0,0,0,0,0,0,,,,0,0,0,-2.11815e-10,-2.11815e-10,-9.4272e-11,-3.58479e-05,-3.58479e-05,-2.32211e-05,9.51882e-05,9.51882e-05,9.51882e-05,,,,,,,0.0220634,0.0220634,0.0220634,0.000440457,0.000440457,0.000440457,,,,0.0735417,0.0735417,0.0735417,-0.05,-0.05,-0.0263889,-0.000290795,-0.000290795,-0.000150063,-0.000296882,-0.000296882,-0.000153375,,,,,,,,,,,,,,,,0.984375,0.984375,0.984375,,,,0.015625,0.015625,0.0572917,,,,62.4763,62.4763,62.4763,1.5e-05,1.5e-05,1.5e-05,,,,-0.0932938,-0.0932938,-0.0866392,,,,,,,0.0297536,0.0297536,0.0414138,,,,,,,1.89787,1.89787,3.24604,,,,0.103383,0.103383,0.516359,95,95,95,1.00102,1.00102,1.00102,,,,,,,,,,,,,14.4783,14.4783,14.4783,14.4783,14.4783,14.4783,-0.288738,-0.288738,-0.225073,-0.288738,-0.288738,-0.225073
2026-08-23_20-17-33_coop-staged16k-s0,coop_lift,14400,144,,,,0.04,0.0522442,0.129167,,,,1,1,1,,,,-4.83784e+21,-6.71939e+18,-0.0440934,,,,,,,-0.0116744,-0.0555711,0,-0.00221604,-0.0160415,0,,,,,,,,,,,,,,,,,,,,,,-0.0244074,-0.037972,-0.00395678,-0.0386946,-0.0928732,-0.00378341,,,,,,,,,,,,,,,,,,,0.0348687,0.173782,0.660921,0.214047,0.862781,3.15256,,,,-0.0696769,-0.170821,0,-0.000526958,-0.0014215,-1.48211e-10,-0.00419642,-0.00836592,-2.49545e-05,0.0206342,0.114612,0.520091,,,,,,,0.118226,0.308253,0.778859,0.0209875,0.103813,0.405944,,,,0.254466,0.511838,0.999999,-0.0405072,-0.0273344,0,-0.0029955,-0.00589011,-0.000193791,-0.00298229,-0.00579371,-0.000192392,,,,,,,,,,,,,,,,0.906087,0.684029,1,,,,0.0939128,0.315971,0.994548,,,,91.9235,91.8687,91.9235,1e-05,1.04933e-05,0.00057665,,,,0,0.0486584,1.57593,,,,,,,inf,inf,inf,,,,,,,3.85909,3.99291,4.80693,,,,0.105135,0.108853,0.631279,6199,5994.81,8348,1.96086,1.95844,1.96086,,,,,,,,,,,,,50.58,103.157,200,50.58,103.157,200,-1.8368e+18,-4.80185e+15,34.5616,-1.8368e+18,-4.80185e+15,34.5616
2026-08-23_20-17-33_coop-staged16k-s1,coop_lift,16000,161,,,,0.04,0.0400167,0.0416667,,,,0,0,0,,,,-1.11621,-1.11952,-0.0439378,,,,,,,0,-0.000532586,0,-3.47222e-05,-0.000223442,0,,,,,,,,,,,,,,,,,,,,,,-0.0512059,-0.053935,-0.00366557,-0.0426891,-0.0434228,-0.00413557,,,,,,,,,,,,,,,,,,,0,0,0,0,0,0,,,,-0.0111825,-0.0050582,0,-0.000833467,-0.000799598,-1.48544e-10,-0.00285318,-0.00333938,-2.61706e-05,0.278317,0.274006,0.308436,,,,,,,0.693434,0.695924,0.73789,0.285562,0.282782,0.314215,,,,0.949616,0.956239,0.999999,-0.00394345,-0.00296883,0,-0.00884352,-0.00879318,-0.000194238,-0.00979421,-0.00978282,-0.000192721,,,,,,,,,,,,,,,,0.0662842,0.0588947,1,,,,0.933716,0.941146,0.998169,,,,78.6645,78.5931,78.6645,1e-05,1.40531e-05,0.000256289,,,,-0.00420383,-0.00491611,0.00711053,,,,,,,0.0750453,0.0520148,0.236652,,,,,,,3.69043,3.65054,3.98683,,,,0.0952582,0.0954751,0.47954,6491,6561.28,9029,1.45321,1.45081,1.45321,,,,,,,,,,,,,189.08,191.331,200,189.08,191.331,200,7.61903,7.68333,11.5783,7.61903,7.68333,11.5783
2026-08-23_20-17-33_coop-staged16k-s2,coop_lift,16000,161,,,,0.04,0.0400021,0.0408333,,,,0,0,0,,,,-1.04828,-1.04704,-0.0446496,,,,,,,-0.000104167,-8.65474e-06,0,-0.0102714,-0.00983981,0,,,,,,,,,,,,,,,,,,,,,,-0.0583479,-0.0593992,-0.00389004,-0.247174,-0.253563,-0.0039567,,,,,,,,,,,,,,,,,,,0,0,0,0,0,0,,,,-1.34321e-05,-0.00186817,0,-0.00057372,-0.000624422,-1.50684e-10,-0.00247253,-0.0028786,-2.39382e-05,0.374934,0.400385,0.451322,,,,,,,0.705013,0.726926,0.767196,0.32039,0.341249,0.375932,,,,0.937718,0.957025,0.999999,-0.00416005,-0.00345787,0,-0.00891707,-0.00927278,-0.000195207,-0.00857401,-0.0089855,-0.000194308,,,,,,,,,,,,,,,,0.0811361,0.0692159,1,,,,0.918864,0.930888,0.992716,,,,77.115,76.7132,77.115,3.375e-05,1.72969e-05,0.000170859,,,,-0.00533491,-0.00409452,0.0086845,,,,,,,0.0658361,0.0622567,0.235211,,,,,,,3.56208,3.54512,3.98825,,,,0.0959382,0.0958002,0.478489,6718,6750.58,9209,1.40657,1.3935,1.40657,,,,,,,,,,,,,190.24,191.469,200,190.24,191.469,200,7.67658,8.23564,10.4934,7.67658,8.23564,10.4934
2026-08-23_20-17-36_coop-tilt050-s0,coop_lift,16000,161,,,,0.04,0.0400052,0.0408333,,,,0,0,0,,,,-0.777899,-0.746062,-0.044117,,,,,,,0,-9.58126e-06,0,0,-0.000410218,0,,,,,,,,,,,,,,,,,,,,,,-0.0564026,-0.0560858,-0.00393993,-0.0483066,-0.0487307,-0.00379378,,,,,,,,,,,,,,,,,,,0,0,0,0,0,0,,,,-0.00678826,-0.0033393,0,-0.000641504,-0.000583047,-1.4804e-10,-0.00301919,-0.0026246,-2.50818e-05,0.21085,0.204967,0.229757,,,,,,,0.670079,0.668304,0.697035,0.22302,0.219798,0.24631,,,,0.972315,0.971339,0.999999,-0.00250248,-0.00180893,0,-0.00864915,-0.00900596,-0.000193839,-0.00855409,-0.00867917,-0.000192401,,,,,,,,,,,,,,,,0.036377,0.035935,1,,,,0.963623,0.964075,0.997518,,,,69.8364,69.152,69.8364,2.25e-05,1.70109e-05,0.000256289,,,,-0.00569505,-0.00498745,0.00214728,,,,,,,0.0404659,0.0322257,0.0819282,,,,,,,3.38587,3.21386,3.71129,,,,0.0832548,0.0848187,0.503945,7084,7453.17,10148,1.18642,1.1681,1.18642,,,,,,,,,,,,,193.2,194.304,200,193.2,194.304,200,9.35684,9.49458,10.4404,9.35684,9.49458,10.4404
2026-08-23_20-18-44_coop-tilt000-s0,coop_lift,16000,161,,,,0.04,0.0400031,0.0408333,,,,0,0,0,,,,-0.798995,-0.810034,-0.0440934,,,,,,,0,-1.96757e-05,0,-6.94444e-05,-0.000139798,0,,,,,,,,,,,,,,,,,,,,,,-0.0664254,-0.0702446,-0.00395678,-0.0481729,-0.0517618,-0.00378341,,,,,,,,,,,,,,,,,,,0,0,0,0,0,0,,,,0,0,0,-0.00064366,-0.000683349,-1.48211e-10,-0.00236972,-0.0026544,-2.49545e-05,0.253924,0.257379,0.281774,,,,,,,0.69467,0.706055,0.729162,0.273419,0.274054,0.294783,,,,0.956651,0.978096,0.999999,-0.00267857,-0.00140813,0,-0.00875038,-0.00889647,-0.000193791,-0.00932775,-0.00943752,-0.000192392,,,,,,,,,,,,,,,,0.0359294,0.0282459,1,,,,0.964071,0.971785,0.995158,,,,71.3506,71.18,71.3506,1e-05,1.42891e-05,0.000170859,,,,-0.00482467,-0.00484647,0.00352152,,,,,,,0.0461262,0.0256714,0.069918,,,,,,,3.62999,3.79569,4.36589,,,,0.102836,0.105161,0.633735,6583,6301.94,8623,1.22975,1.22489,1.22975,,,,,,,,,,,,,195.34,195.589,200,195.34,195.589,200,10.1657,10.0812,11.1615,10.1657,10.0812,11.1615
2026-08-23_20-30-07__gate-rnd,coop_lift,2,2,,,,0.04,0.04,0.04,,,,0,0,0,,,,-0.0671647,-0.0671647,-0.0340867,,,,,,,0,0,0,0,0,0,,,,,,,,,,,,,,,,,,,,,,-0.00774422,-0.00774422,-0.00311407,-0.00864256,-0.00864256,-0.00402771,,,,,,,,,,,,,,,,,,,0,0,0,0,0,0,,,,0,0,0,-2.11815e-10,-2.11815e-10,-9.4272e-11,-3.58479e-05,-3.58479e-05,-2.32211e-05,9.52269e-05,9.52269e-05,9.52269e-05,,,,,,,0.0220651,0.0220651,0.0220651,0.00044055,0.00044055,0.00044055,,,,0.0735417,0.0735417,0.0735417,-0.05,-0.05,-0.0263889,-0.000290668,-0.000290668,-0.000150062,-0.000297051,-0.000297051,-0.000153391,,,,,,,,,,,,,,,,0.984375,0.984375,0.984375,,,,0.015625,0.015625,0.0572917,,,,62.4763,62.4763,62.4763,1.5e-05,1.5e-05,1.5e-05,,,,-0.0932504,-0.0932504,-0.0865624,,,,,,,0.0297947,0.0297947,0.0414051,,,,,,,1.65425,1.65425,2.62447,,,,0.0829101,0.0829101,0.424866,110,110,110,1.00101,1.00101,1.00101,,,,,,,,,,,,,14.4783,14.4783,14.4783,14.4783,14.4783,14.4783,-0.288692,-0.288692,-0.225077,-0.288692,-0.288692,-0.225077
2026-08-23_20-30-30__gate-occ,coop_lift,2,2,,,,0.04,0.04,0.04,,,,0,0,0,,,,-0.067166,-0.067166,-0.0340836,,,,,,,0,0,0,0,0,0,,,,,,,,,,,,,,,,,,,,,,-0.0077536,-0.0077536,-0.00311185,-0.00863132,-0.00863132,-0.00402627,,,,,,,,,,,,,,,,,,,0,0,0,0,0,0,,,,0,0,0,-1.42545e-10,-1.42545e-10,-8.62207e-11,-0.000267579,-0.000267579,-0.000168596,8.03679e-05,8.03679e-05,8.03679e-05,,,,,,,0.0216174,0.0216174,0.0216174,0.000404769,0.000404769,0.000404769,,,,0.0735417,0.0735417,0.0735417,-0.05,-0.05,-0.0263889,-0.000290969,-0.000290969,-0.000150111,-0.000295732,-0.000295732,-0.000153308,,,,,,,,,,,,,,,,0.984375,0.984375,0.984375,,,,0.015625,0.015625,0.0572917,,,,62.4761,62.4761,62.4761,1.5e-05,1.5e-05,1.5e-05,,,,-0.0932929,-0.0932929,-0.0870404,,,,,,,0.0299728,0.0299728,0.0416532,,,,,,,1.65579,1.65579,2.42574,,,,0.0844951,0.0844951,0.227663,110,110,110,1.00099,1.00099,1.00099,,,,,,,,,,,,,14.4783,14.4783,14.4783,14.4783,14.4783,14.4783,-0.29376,-0.29376,-0.231634,-0.29376,-0.29376,-0.231634
2026-08-23_20-30-51__gate-occd,coop_lift,2,2,,,,0.04,0.04,0.04,,,,0,0,0,,,,-0.0605868,-0.0605868,-0.0302143,,,,,,,0,0,0,0,0,0,,,,,,,,,,,,,,,,,,,,,,-0.00531856,-0.00531856,-0.00283838,-0.0072478,-0.0072478,-0.00416034,,,,,,,,,,,,,,,,,,,0,0,0,0,0,0,,,,0,0,0,-1.3264e-10,-1.3264e-10,-5.76915e-11,-0.000313184,-0.000313184,-4.81321e-05,7.57868e-05,7.57868e-05,7.57868e-05,,,,,,,0.0193252,0.0193252,0.0193252,0.000346502,0.000346502,0.000346502,,,,0.0660417,0.0660417,0.0660417,-0.05,-0.05,-0.0270833,-0.00026389,-0.00026389,-0.00015623,-0.000260839,-0.000260839,-0.000143405,,,,,,,,,,,,,,,,1,1,1,,,,0,0,0,,,,62.4457,62.4457,62.4457,1.5e-05,1.5e-05,1.5e-05,,,,-0.0959018,-0.0959018,-0.0959018,,,,,,,0.0222859,0.0222859,0.030373,,,,,,,1.86555,1.86555,2.8069,,,,0.0830419,0.0830419,0.162681,98,98,98,1.00043,1.00043,1.00043,,,,,,,,,,,,,14,14,14,14,14,14,-0.291097,-0.291097,-0.276195,-0.291097,-0.291097,-0.276195
2026-08-24_00-45-41_coop-randpayload-s0,coop_lift,16000,161,,,,0.04,0.0400031,0.0408333,,,,0,0,0,,,,-0.903815,-0.909436,-0.0443308,,,,,,,0,-2.53951e-05,0,0,-0.000178919,0,,,,,,,,,,,,,,,,,,,,,,-0.0639288,-0.0683808,-0.00399717,-0.0454243,-0.0460058,-0.00395902,,,,,,,,,,,,,,,,,,,0,0,0,0,0,0,,,,-2.9866e-06,-0.0022965,0,-0.000575383,-0.000618249,-1.57469e-10,-0.00190844,-0.00223496,-2.57244e-05,0.248229,0.242704,0.270007,,,,,,,0.677309,0.68637,0.717028,0.253555,0.252058,0.277839,,,,0.949469,0.967091,0.999999,-0.00351521,-0.00219595,0,-0.00905779,-0.00908792,-0.000194368,-0.00913717,-0.00923506,-0.000192626,,,,,,,,,,,,,,,,0.0609538,0.0439728,1,,,,0.939046,0.956058,0.995931,,,,74.0072,73.7075,74.0072,1e-05,1.3075e-05,0.000256289,,,,-0.00326361,-0.00421542,0.00491448,,,,,,,0.0416413,0.0387005,0.221742,,,,,,,3.05818,3.08556,3.45003,,,,0.0760415,0.0774911,0.561043,7841,7775.2,11548,1.3061,1.29719,1.3061,,,,,,,,,,,,,189.69,193.412,200,189.69,193.412,200,8.74372,8.78923,11.022,8.74372,8.78923,11.022
2026-08-24_02-01-51_coop-occluded-blind-s0,coop_lift,16000,161,,,,0.04,0.0400021,0.0408333,,,,0,0,0,,,,-0.748865,-0.758556,-0.0443088,,,,,,,0,-3.1064e-07,0,0,-4.56368e-07,0,,,,,,,,,,,,,,,,,,,,,,-0.0537368,-0.052191,-0.00383039,-0.0538107,-0.0535126,-0.00357435,,,,,,,,,,,,,,,,,,,0,0,0,0,0,0,,,,-8.38351e-06,-0.00134403,0,-0.000284919,-0.000304634,-1.60374e-10,-0.00297144,-0.00280398,-0.000187946,0.13018,0.123929,0.140319,,,,,,,0.60893,0.601656,0.633578,0.146878,0.137857,0.156745,,,,0.962013,0.965537,0.999999,-0.00232819,-0.00214604,0,-0.00957049,-0.00969662,-0.00019385,-0.0097969,-0.00939317,-0.00019258,,,,,,,,,,,,,,,,0.053833,0.042593,1,,,,0.946167,0.957427,0.992147,,,,69.9885,70.0093,70.0669,1e-05,1.455e-05,0.000256289,,,,-0.00369781,-0.00462366,0.000837351,,,,,,,0.0206131,0.0181001,0.0879963,,,,,,,3.12177,3.07237,4.08215,,,,0.0943642,0.0963599,0.507751,7641,7757.85,8945,1.19274,1.19384,1.19603,,,,,,,,,,,,,188.98,193.236,200,188.98,193.236,200,7.50186,7.51779,8.06465,7.50186,7.51779,8.06465
2026-08-24_08-17-01_coop-occluded-depth-s0,coop_lift,16000,161,,,,0.04,0.040001,0.0416667,,,,0,0,0,,,,-0.617388,-0.586562,-0.0439228,,,,,,,0,0,0,0,-7.8125e-07,0,,,,,,,,,,,,,,,,,,,,,,-0.00567489,-0.00607224,-0.00338228,-0.00540288,-0.00610272,-0.0031567,,,,,,,,,,,,,,,,,,,0,0,0,0,0,0,,,,-1.03595e-12,-5.05918e-05,0,-4.76316e-07,-8.21051e-06,-1.4422e-10,-0.00332552,-0.00328644,-0.000174063,0.00640422,0.00632383,0.00931695,,,,,,,0.398798,0.38153,0.412596,0.0203537,0.018865,0.0229714,,,,0.994027,0.961122,0.999999,-0.000347222,-0.0032368,0,-0.00980059,-0.00947238,-0.000195136,-0.00981228,-0.00965099,-0.000192794,,,,,,,,,,,,,,,,0.0563151,0.0648939,1,,,,0.943685,0.935269,0.987467,,,,64.2494,63.9927,64.2505,1e-05,1.00062e-05,0.000170859,,,,-0.00584245,-0.00438091,0.0025662,,,,,,,0.00724853,0.0147241,0.0711394,,,,,,,3.00316,3.13165,4.82224,,,,0.0861845,0.090231,0.515059,3977,3815.87,4427,1.05081,1.04474,1.05084,,,,,,,,,,,,,196.68,192.266,200,196.68,192.266,200,6.07417,5.94541,6.83898,6.07417,5.94541,6.83898
2026-08-24_08-59-17_coop-tilt050-s0,coop_lift,16000,161,,,,0.04,0.0400052,0.0408333,,,,0,0,0,,,,-0.777899,-0.746062,-0.044117,,,,,,,0,-9.58126e-06,0,0,-0.000410218,0,,,,,,,,,,,,,,,,,,,,,,-0.0564026,-0.0560858,-0.00393993,-0.0483066,-0.0487307,-0.00379378,,,,,,,,,,,,,,,,,,,0,0,0,0,0,0,,,,-0.00678826,-0.0033393,0,-0.000641504,-0.000583047,-1.4804e-10,-0.00301919,-0.0026246,-2.50818e-05,0.21085,0.204967,0.229757,,,,,,,0.670079,0.668304,0.697035,0.22302,0.219798,0.24631,,,,0.972315,0.971339,0.999999,-0.00250248,-0.00180893,0,-0.00864915,-0.00900596,-0.000193839,-0.00855409,-0.00867917,-0.000192401,,,,,,,,,,,,,,,,0.036377,0.035935,1,,,,0.963623,0.964075,0.997518,,,,69.8364,69.152,69.8364,2.25e-05,1.70109e-05,0.000256289,,,,-0.00569505,-0.00498745,0.00214728,,,,,,,0.0404659,0.0322257,0.0819282,,,,,,,3.55083,3.3708,3.73369,,,,0.0972638,0.0965273,0.482749,6736,7090.36,10126,1.18642,1.1681,1.18642,,,,,,,,,,,,,193.2,194.304,200,193.2,194.304,200,9.35684,9.49458,10.4404,9.35684,9.49458,10.4404
2026-08-24_10-42-42_coop-staged16k-s2,coop_lift,16000,161,,,,0.04,0.0400021,0.0408333,,,,0,0,0,,,,-1.04828,-1.04704,-0.0446496,,,,,,,-0.000104167,-8.65474e-06,0,-0.0102714,-0.00983981,0,,,,,,,,,,,,,,,,,,,,,,-0.0583479,-0.0593992,-0.00389004,-0.247174,-0.253563,-0.0039567,,,,,,,,,,,,,,,,,,,0,0,0,0,0,0,,,,-1.34321e-05,-0.00186817,0,-0.00057372,-0.000624422,-1.50684e-10,-0.00247253,-0.0028786,-2.39382e-05,0.374934,0.400385,0.451322,,,,,,,0.705013,0.726926,0.767196,0.32039,0.341249,0.375932,,,,0.937718,0.957025,0.999999,-0.00416005,-0.00345787,0,-0.00891707,-0.00927278,-0.000195207,-0.00857401,-0.0089855,-0.000194308,,,,,,,,,,,,,,,,0.0811361,0.0692159,1,,,,0.918864,0.930888,0.992716,,,,77.115,76.7132,77.115,3.375e-05,1.72969e-05,0.000170859,,,,-0.00533491,-0.00409452,0.0086845,,,,,,,0.0658361,0.0622567,0.235211,,,,,,,3.52519,3.51644,4.02755,,,,0.0953679,0.0956031,0.40236,6787,6804.76,9179,1.40657,1.3935,1.40657,,,,,,,,,,,,,190.24,191.469,200,190.24,191.469,200,7.67658,8.23564,10.4934,7.67658,8.23564,10.4934
2026-08-24_12-01-55_coop-staged16k-s1,coop_lift,14685,147,,,,0.04,0.0400057,0.0416667,,,,0,0,0,,,,-1.10197,-1.10051,-0.0439378,,,,,,,0,-0.000576072,0,-0.00262235,-0.000149232,0,,,,,,,,,,,,,,,,,,,,,,-0.0519938,-0.0539372,-0.00366557,-0.0457081,-0.0435005,-0.00413557,,,,,,,,,,,,,,,,,,,0,0,0,0,0,0,,,,-0.0146513,-0.00540922,0,-0.000801649,-0.000785073,-1.48544e-10,-0.00417328,-0.00337679,-2.61706e-05,0.265039,0.269707,0.302393,,,,,,,0.689089,0.693924,0.73789,0.278282,0.279702,0.312601,,,,0.952174,0.955792,0.999999,-0.00326058,-0.002969,0,-0.00877113,-0.00869537,-0.000194238,-0.00961465,-0.00969133,-0.000192721,,,,,,,,,,,,,,,,0.0677083,0.0602445,1,,,,0.932292,0.93977,0.998169,,,,78.3373,78.1631,78.3373,1e-05,1.48825e-05,0.000256289,,,,-0.00459219,-0.00529437,0.00711053,,,,,,,0.0634764,0.0529651,0.236652,,,,,,,3.6309,3.62137,4.09956,,,,0.095288,0.0954788,0.433928,6595,6612.93,9009,1.44224,1.43653,1.44224,,,,,,,,,,,,,190.43,191.256,200,190.43,191.256,200,7.70572,7.75855,11.5783,7.70572,7.75855,11.5783
2026-08-24_12-09-13_coop-tilt000-s0,coop_lift,14828,149,,,,0.04,0.0400022,0.0408333,,,,0,0,0,,,,-0.811758,-0.801158,-0.0440934,,,,,,,0,-1.81358e-05,0,0,-0.000127715,0,,,,,,,,,,,,,,,,,,,,,,-0.0685352,-0.0696514,-0.00395678,-0.0514371,-0.0523474,-0.00378341,,,,,,,,,,,,,,,,,,,0,0,0,0,0,0,,,,0,0,0,-0.000579314,-0.000628135,-1.48211e-10,-0.00292291,-0.00245763,-2.49545e-05,0.252395,0.256142,0.277775,,,,,,,0.707785,0.703843,0.72844,0.267388,0.270922,0.289612,,,,0.987333,0.976939,0.999999,-0.00109375,-0.00148509,0,-0.00883582,-0.00869647,-0.000193791,-0.00969866,-0.00929722,-0.000192392,,,,,,,,,,,,,,,,0.0253906,0.0297384,1,,,,0.974609,0.970262,0.995158,,,,70.9423,70.7963,70.9425,1.5e-05,1.56056e-05,0.000170859,,,,-0.00634837,-0.00495158,0.00352152,,,,,,,0.026553,0.0258024,0.069918,,,,,,,3.72528,3.72724,4.15289,,,,0.103204,0.102863,0.493552,6419,6417.32,8662,1.21817,1.2141,1.21817,,,,,,,,,,,,,196.36,195.39,200,196.36,195.39,200,10.0201,10.0939,11.1615,10.0201,10.0939,11.1615
2026-08-24_14-22-28__gate-rnd,coop_lift,2,2,,,,0.04,0.04,0.04,,,,0,0,0,,,,-0.065447,-0.065447,-0.0338775,,,,,,,0,0,0,0,0,0,,,,,,,,,,,,,,,,,,,,,,-0.00804369,-0.00804369,-0.00336303,-0.00804914,-0.00804914,-0.00384734,,,,,,,,,,,,,,,,,,,0,0,0,0,0,0,,,,0,0,0,-1.88812e-10,-1.88812e-10,-9.82556e-11,-3.51844e-05,-3.51844e-05,-2.32035e-05,8.67325e-05,8.67325e-05,8.67325e-05,,,,,,,0.021701,0.021701,0.021701,0.000434966,0.000434966,0.000434966,,,,0.0719444,0.0719444,0.0719444,-0.05,-0.05,-0.0263889,-0.000284127,-0.000284127,-0.000149104,-0.000290761,-0.000290761,-0.000157862,,,,,,,,,,,,,,,,0.989583,0.989583,0.989583,,,,0.0104167,0.0104167,0.0572917,,,,62.4794,62.4794,62.4794,1.5e-05,1.5e-05,1.5e-05,0.00848942,0.00848942,0.0455263,-0.0925311,-0.0925311,-0.0791371,,,,,,,0.0199659,0.0199659,0.0297244,,,,,,,1.57251,1.57251,2.85297,,,,0.100018,0.100018,0.674229,114,114,114,1.00102,1.00102,1.00108,,,,-0.287605,-0.287605,-0.223401,0.000422862,0.000422862,0.000547445,0.00012,0.00012,0.00012,14.2609,14.2609,14.2609,14.2609,14.2609,14.2609,-0.287183,-0.287183,-0.222853,-0.287183,-0.287183,-0.222853
2026-08-24_14-22-55__gate-lstm,coop_lift,2,2,,,,0.04,0.04,0.04,,,,0,0,0,,,,-0.0640172,-0.0640172,-0.0349024,,,,,,,0,0,0,0,0,0,,,,,,,,,,,,,,,,,,,,,,-0.00739985,-0.00739985,-0.00391418,-0.0071477,-0.0071477,-0.00444182,,,,,,,,,,,,,,,,,,,0,0,0,0,0,0,,,,0,0,0,-1.65776e-10,-1.65776e-10,-8.92389e-11,-0.000148022,-0.000148022,-0.000148022,0.000113537,0.000113537,0.000113537,,,,,,,0.0218405,0.0218405,0.0218405,0.000459629,0.000459629,0.000459629,,,,0.0710417,0.0710417,0.0710417,-0.05,-0.05,-0.0255208,-0.000280147,-0.000280147,-0.000154342,-0.0002939,-0.0002939,-0.000161845,,,,,,,,,,,,,,,,0.984375,0.984375,0.984375,,,,0.015625,0.015625,0.0572917,,,,62.4673,62.4673,62.4673,2.25e-05,2.25e-05,2.25e-05,,,,-0.073401,-0.073401,-0.073401,,,,,,,0.0357667,0.0357667,0.0379319,,,,,,,1.65546,1.65546,2.51735,,,,0.160171,0.160171,0.40273,105,105,105,1.0009,1.0009,1.0009,,,,,,,,,,,,,14.5,14.5,14.5,14.5,14.5,14.5,-0.26662,-0.26662,-0.23443,-0.26662,-0.26662,-0.23443
2026-08-24_14-23-20__gate-lstmdepth,coop_lift,2,2,,,,0.04,0.04,0.04,,,,0,0,0,,,,-0.0612447,-0.0612447,-0.0323215,,,,,,,0,0,0,0,0,0,,,,,,,,,,,,,,,,,,,,,,-0.00539966,-0.00539966,-0.00261969,-0.00616419,-0.00616419,-0.00478183,,,,,,,,,,,,,,,,,,,0,0,0,0,0,0,,,,0,0,0,-1.44971e-10,-1.44971e-10,-4.78695e-11,-0.000217579,-0.000217579,-4.82674e-05,8.74144e-05,8.74144e-05,8.74144e-05,,,,,,,0.0196349,0.0196349,0.0196349,0.000388977,0.000388977,0.000388977,,,,0.0648958,0.0648958,0.0648958,-0.05,-0.05,-0.0270833,-0.000256492,-0.000256492,-0.000159345,-0.000257496,-0.000257496,-0.000144928,,,,,,,,,,,,,,,,1,1,1,,,,0,0,0,,,,62.4692,62.4692,62.4692,3.375e-05,3.375e-05,3.375e-05,,,,-0.0801041,-0.0801041,-0.0801041,,,,,,,0.0242394,0.0242394,0.0280723,,,,,,,1.80385,1.80385,2.70484,,,,0.185956,0.185956,0.286405,96,96,96,1.00094,1.00094,1.00094,,,,,,,,,,,,,13.7917,13.7917,14,13.7917,13.7917,14,-0.288784,-0.288784,-0.275333,-0.288784,-0.288784,-0.275333
2026-08-24_15-18-00_coop-rnd003-s0,coop_lift,8000,81,,,,0.04,0.04,0.0408333,,,,0,0,0,,,,-0.686593,-0.673859,-0.0440934,,,,,,,0,-9.95597e-06,0,0,-0.000292603,0,,,,,,,,,,,,,,,,,,,,,,-0.0425172,-0.043484,-0.00395678,-0.0515394,-0.0498838,-0.00378341,,,,,,,,,,,,,,,,,,,0,0,0,0,0,0,,,,-2.77612e-05,-0.00136498,0,-0.000460126,-0.000478565,-1.48211e-10,-0.00239875,-0.00280278,-2.49545e-05,0.19624,0.193989,0.211648,,,,,,,0.666244,0.661333,0.688142,0.20715,0.204293,0.226163,,,,0.984309,0.978386,0.999999,-0.00152447,-0.00135713,0,-0.00968683,-0.00959899,-0.000193791,-0.00930613,-0.0091765,-0.000192392,,,,,,,,,,,,,,,,0.0227458,0.0271746,1,,,,0.977254,0.972886,0.999023,,,,66.8171,66.492,66.8171,1.5e-05,1.69031e-05,0.000170859,0.000102717,0.000142586,0.0306157,-0.0044413,-0.00492689,0.0025925,,,,,,,0.0165211,0.025837,0.0634418,,,,,,,3.23063,3.26287,3.86824,,,,0.115428,0.115263,0.498717,7344,7275.78,8915,1.10784,1.09973,1.10784,,,,10.0566,9.95471,11.7482,0.000195289,0.000199254,0.000530481,0.00012,0.00012,0.00012,198.37,195.643,200,198.37,195.643,200,10.0568,9.95491,11.7484,10.0568,9.95491,11.7484
2026-08-24_18-39-44_coop-rnd010-s0,coop_lift,8000,81,,,,0.04,0.0400104,0.0408333,,,,0,0,0,,,,-0.538444,-0.534821,-0.0440934,,,,,,,0,0,0,0,0,0,,,,,,,,,,,,,,,,,,,,,,-0.00680084,-0.00685033,-0.00395678,-0.0385065,-0.0379803,-0.00378341,,,,,,,,,,,,,,,,,,,0,0,0,0,0,0,,,,-0.000298176,-0.00393666,0,-0.000273881,-0.00030581,-1.48211e-10,-0.000929487,-0.00114644,-2.49545e-05,0.029999,0.0300061,0.0345429,,,,,,,0.477531,0.478106,0.498514,0.0475257,0.0473799,0.053067,,,,0.970923,0.975207,0.999999,-0.00282903,-0.00204739,0,-0.00903752,-0.00933998,-0.000193791,-0.00897704,-0.00894318,-0.000192392,,,,,,,,,,,,,,,,0.0226644,0.0411966,1,,,,0.977336,0.958925,0.992554,,,,62.3706,62.1222,62.4587,1e-05,1.05437e-05,0.000170859,0.000114964,0.000144308,0.0306157,-0.00488141,-0.00413925,-0.000246215,,,,,,,0.025072,0.0148458,0.0631282,,,,,,,3.02229,3.02735,3.96364,,,,0.116622,0.11968,0.588344,7829,7816.66,8909,1.00329,0.997662,1.00352,,,,7.28426,7.40552,8.28638,0.000587373,0.000674289,0.00245185,0.0004,0.0004,0.0004,192.6,195.119,200,192.6,195.119,200,7.28485,7.4062,8.28743,7.28485,7.4062,8.28743
2026-08-24_22-25-46_coop-occ-lstm-s0,coop_lift,1435,15,,,,0.04,0.04,0.0408333,,,,0,0,0,,,,-0.887665,-0.886188,-0.0436519,,,,,,,-0.005509,-0.00912599,0,-0.02393,-0.00884084,0,,,,,,,,,,,,,,,,,,,,,,-0.058224,-0.0615188,-0.00387886,-0.0639523,-0.0423201,-0.00374872,,,,,,,,,,,,,,,,,,,0,0,0,0,0,0,,,,-5.84686e-05,-0.0312869,0,-0.000763069,-0.00078091,-1.81275e-10,-0.00783856,-0.0094909,-0.000180291,0.397495,0.340608,0.397495,,,,,,,0.692981,0.672316,0.693812,0.301448,0.261022,0.301448,,,,0.955756,0.962661,0.991855,-0.0039549,-0.00320386,-0.000644841,-0.00615729,-0.00611574,-0.000192351,-0.00626798,-0.00635439,-0.000192198,,,,,,,,,,,,,,,,0.0950928,0.0619372,1,,,,0.904907,0.938089,0.957804,,,,64.577,64.4015,64.577,1.5e-05,4.25539e-05,0.001,,,,-0.00455006,-0.00763664,0.0192432,,,,,,,0.163506,0.127767,0.209322,,,,,,,3.54557,3.52537,4.14982,,,,0.271888,0.276948,0.71554,6437,6464.28,8098,1.05723,1.05256,1.05723,,,,,,,,,,,,,187.85,192.463,200,187.85,192.463,200,10.2618,9.40826,10.327,10.2618,9.40826,10.327
2026-08-24_22-31-38_coop-occd-lstm-s0,coop_lift,8000,81,,,,0.04,0.0400187,0.0416667,,,,0,0,0,,,,-1.00088,-0.984952,-0.0457866,,,,,,,-5.20833e-05,-6.39757e-06,0,0,-0.000265419,0,,,,,,,,,,,,,,,,,,,,,,-0.056457,-0.0575771,-0.00372371,-0.0869672,-0.0746721,-0.00417859,,,,,,,,,,,,,,,,,,,0,0,0,0,0,0,,,,-3.01935e-05,-0.0026436,0,-0.000635748,-0.000618597,-1.35967e-10,-0.00473385,-0.00430124,-0.000182993,0.255129,0.24764,0.292396,,,,,,,0.685374,0.674333,0.723172,0.254285,0.250701,0.290276,,,,0.965919,0.950433,0.999999,-0.00243056,-0.00320799,0,-0.00764666,-0.00716976,-0.000202707,-0.00804557,-0.0078291,-0.000201344,,,,,,,,,,,,,,,,0.0503744,0.0642991,1,,,,0.949626,0.935782,0.991292,,,,67.6541,67.5136,67.6541,2.25e-05,2.10031e-05,0.000296296,,,,-0.0105185,-0.00978857,0.0025871,,,,,,,0.0568268,0.0467263,0.129906,,,,,,,3.69871,3.75123,4.77408,,,,0.187279,0.192182,0.776013,3162,3117.05,3812,1.13013,1.1265,1.13013,,,,,,,,,,,,,190.49,190.232,200,190.49,190.232,200,7.86407,7.84609,9.32152,7.86407,7.84609,9.32152
2026-08-24_23-55-08_coop-occluded-blind-s0,coop_lift,16000,161,,,,0.125,0.131286,0.210833,,,,1,1,1,,,,-1.09314,-1.29261,-0.0438108,,,,,,,-0.00081456,-0.00189149,0,-0.00118628,-0.00165742,0,,,,,,,,,,,,,,,,,,,,,,-0.0439928,-0.0514545,-0.0039216,-0.0278193,-0.0330847,-0.00380604,,,,,,,,,,,,,,,,,,,0.0793859,0.0987449,0.39972,0.528761,0.670628,2.31801,,,,-0.052539,-0.0908284,0,-0.00273923,-0.00283991,-1.36834e-10,-0.00147721,-0.00258547,-0.000181417,0.0455912,0.0533848,0.480895,,,,,,,0.126121,0.155227,0.765469,0.0448081,0.0547583,0.397296,,,,0.201504,0.251318,0.999999,-0.0472356,-0.0450534,0,-0.00211446,-0.00266864,-0.000191552,-0.00209442,-0.00263183,-0.000190725,,,,,,,,,,,,,,,,0.951457,0.896604,1,,,,0.0503744,0.103689,0.986043,,,,106.796,106.118,106.796,7.59375e-05,3.99498e-05,0.000864976,,,,-0.000165445,-0.00016368,0.221815,,,,,,,6.09074,5.76348,130.907,,,,,,,3.74423,3.81851,4.44395,,,,0.11666,0.108505,0.470372,6365,6259.47,8418,2.763,2.72103,2.763,,,,,,,,,,,,,46.53,51.3348,200,46.53,51.3348,200,-2.62364,-1.8753,18.6069,-2.62364,-1.8753,18.6069
2026-08-25_01-03-03_coop-occ-lstm-s0,coop_lift,8000,81,,,,0.04,0.0519146,0.115,,,,1,1,1,,,,-0.0756263,-0.935159,-0.0439309,,,,,,,0,-0.0147943,0,0,-0.00504493,0,,,,,,,,,,,,,,,,,,,,,,-0.0058025,-0.0146788,-0.00402108,-0.00047841,-0.0362604,-0.00047235,,,,,,,,,,,,,,,,,,,2.09637e-06,0.0896591,0.628677,7.17837e-06,0.514941,3.18793,,,,-6.10051e-05,-0.0242939,0,-4.01409e-06,-0.00106309,-1.40418e-10,-8.93563e-05,-0.00141281,-8.67291e-05,9.86207e-05,0.0626646,0.53361,,,,,,,0.00801781,0.108605,0.772134,0.000217947,0.052957,0.407842,,,,0.0211273,0.150704,0.999999,-0.05,-0.0476902,0,-0.000146986,-0.00143624,-0.000146986,-0.00013453,-0.00143994,-0.000134098,,,,,,,,,,,,,,,,1,0.952198,1,,,,0,0.048212,0.974976,,,,94.6461,101.939,104.803,7.59375e-05,7.20013e-05,0.00057665,,,,-0.0185672,-0.0151355,0.0704911,,,,,,,0.00746211,1.35978,24.8292,,,,,,,3.15606,3.58528,4.60476,,,,0.731467,0.56856,1.19035,6321,5929.86,7422,2.0871,2.46816,2.62677,,,,,,,,,,,,,5.23,31.2132,200,5.23,31.2132,200,-0.817479,-0.814563,22.6682,-0.817479,-0.814563,22.6682
2026-08-27_17-42-26_coop-occluded-depth-s0,coop_lift,16000,161,,,,0.04,0.04,0.0416667,,,,0,0,0,,,,-0.565142,-0.571493,-0.0439233,,,,,,,0,0,0,0,-0.000154554,0,,,,,,,,,,,,,,,,,,,,,,-0.00680597,-0.00574456,-0.00342484,-0.00893066,-0.00857509,-0.00350011,,,,,,,,,,,,,,,,,,,0,0,0,0,0,0,,,,-5.25664e-09,-3.82469e-05,0,-6.88462e-06,-7.53027e-06,-1.42198e-10,-0.00342452,-0.00328776,-0.000174063,0.00325185,0.00322604,0.00496415,,,,,,,0.362595,0.368176,0.388385,0.0154435,0.0157965,0.0188429,,,,0.958145,0.971233,0.999999,-0.00395833,-0.00251806,0,-0.00909313,-0.00903374,-0.000195162,-0.00863555,-0.00866053,-0.00019281,,,,,,,,,,,,,,,,0.0476074,0.0502825,1,,,,0.954346,0.949823,0.988119,,,,63.7028,63.6156,63.7114,1e-05,1e-05,0.000170859,,,,-0.0020466,-0.00521097,-0.000769385,,,,,,,0.00672121,0.0117241,0.0747555,,,,,,,3.1431,3.20002,5.0591,,,,0.0935585,0.095596,0.444106,3796,3729.91,4076,1.03989,1.0379,1.04013,,,,,,,,,,,,,193.98,194.229,200,193.98,194.229,200,5.99822,5.98987,6.5543,5.99822,5.98987,6.5543
2026-08-27_23-37-38_coop-occluded-blind-s1,coop_lift,16000,161,,,,0.04,0.0400031,0.0408333,,,,0,0,0,,,,-0.687717,-0.71784,-0.0443013,,,,,,,0,0,0,0,-4.73203e-07,0,,,,,,,,,,,,,,,,,,,,,,-0.0505405,-0.0513141,-0.00372694,-0.0543338,-0.0544144,-0.00256294,,,,,,,,,,,,,,,,,,,0,0,0,0,0,0,,,,-1.21048e-05,-0.00279216,0,-0.000298083,-0.000283264,-1.68659e-10,-0.00274133,-0.00291842,-0.000192181,0.119671,0.117777,0.133708,,,,,,,0.590921,0.599792,0.627177,0.13248,0.131903,0.149346,,,,0.953098,0.974589,0.999999,-0.00286458,-0.00157097,0,-0.010016,-0.0101975,-0.000194437,-0.00943544,-0.00962828,-0.000195253,,,,,,,,,,,,,,,,0.0262858,0.0308888,1,,,,0.973714,0.969111,0.992594,,,,68.4704,68.5792,68.7449,1.5e-05,1.24422e-05,0.000170859,,,,-0.00437559,-0.00350107,0.00663914,,,,,,,0.019152,0.014176,0.0616448,,,,,,,2.85198,2.84284,3.53354,,,,0.0839622,0.083092,0.423019,8370,8404.28,10165,1.15474,1.15854,1.16496,,,,,,,,,,,,,193.14,195.115,200,193.14,195.115,200,7.8559,7.79525,8.42969,7.8559,7.79525,8.42969
2026-08-28_00-31-40_coop-occluded-blind-s2,coop_lift,16000,161,,,,0.04,0.0400083,0.0408333,,,,0,0,0,,,,-0.712076,-0.679923,-0.044669,,,,,,,0,-9.83426e-06,0,0,-1.71266e-05,0,,,,,,,,,,,,,,,,,,,,,,-0.0699996,-0.0671966,-0.0041453,-0.0466464,-0.0478743,-0.00377248,,,,,,,,,,,,,,,,,,,0,0,0,0,0,0,,,,-0.00549012,-0.00303823,0,-0.000506724,-0.000537235,-2.71812e-10,-0.00306592,-0.0032301,-0.000173469,0.196819,0.180532,0.204036,,,,,,,0.665876,0.652375,0.681283,0.215958,0.196079,0.221418,,,,0.974454,0.974418,0.999999,-0.00176091,-0.00173827,0,-0.00910736,-0.00910113,-0.000194104,-0.0093655,-0.00911483,-0.000194645,,,,,,,,,,,,,,,,0.0412191,0.0342867,1,,,,0.958781,0.965744,0.996379,,,,68.1607,67.2482,68.1607,2.25e-05,1.62734e-05,0.000170859,,,,-0.006385,-0.00442597,0.00327612,,,,,,,0.0414403,0.0340143,0.0789494,,,,,,,3.44813,3.46732,4.27643,,,,0.103685,0.100395,0.515785,6919,6890.63,8751,1.142,1.11852,1.142,,,,,,,,,,,,,194.75,194.938,200,194.75,194.938,200,9.52613,9.45242,10.2006,9.52613,9.45242,10.2006
2026-08-28_11-15-35__probe-height,coop_lift,1319,14,,,,0.04,0.04,0.04,,,,0,0,0,,,,-0.410975,-0.410723,-0.044117,,,,,,,0,0,0,0,0,0,0,0,0,,,,,,,,,,,,,,,,,,,-0.0109283,-0.0120508,-0.00393993,-0.0147939,-0.0152019,-0.00379378,,,,,,,,,,,,,,,,,,,0,0,0,0,0,0,,,,-1.5162e-10,-0.000133554,0,-2.33764e-07,-1.68612e-06,-1.4804e-10,-0.0004655,-0.000468961,-2.50818e-05,0.00391345,0.00354013,0.00445009,,,,,,,0.376486,0.37444,0.385424,0.0161743,0.0159917,0.0172292,,,,0.989062,0.985499,0.999999,-0.00112847,-0.00110381,0,-0.00678121,-0.00676454,-0.000193839,-0.00628397,-0.0062103,-0.000192401,,,,,,,,,,,,,,,,0.0260417,0.022886,1,,,,0.973958,0.977114,0.992961,,,,54.0016,53.9541,62.4601,5.0625e-05,2.31154e-05,0.000170859,,,,-0.00954427,-0.0070293,-0.00437779,,,,,,,0.0228005,0.00638829,0.0620945,,,,,,,2.82205,2.77156,3.8142,,,,0.0948594,0.0965142,0.438233,8425,8572.6,9239,0.831599,0.830609,1.00075,,,,,,,,,,,,,197.4,196.794,200,197.4,196.794,200,7.45006,7.40136,7.58138,7.45006,7.40136,7.58138
2026-08-28_15-35-46__probe-height,coop_lift,1500,16,-0.166525,-0.157979,-0.103735,0.04,0.04,0.04,,,,0,0,0,,,,-0.543818,-0.53277,-0.0440934,,,,,,,-0.00454166,-0.00285067,0,0,-0.000159048,0,,,,,,,,,,,,,,,,,,,,,,-0.0121913,-0.0125905,-0.00395678,-0.00988642,-0.0131723,-0.00378341,,,,,,,,,,,,,,,,,,,0,0,0,0,0,0,,,,-0.00120911,-0.00172852,0,-0.000111574,-0.000104426,-1.48211e-10,-0.000612873,-0.000627758,-2.49545e-05,0.0123414,0.0108884,0.0127371,,,,,,,0.384904,0.384909,0.40179,0.0208723,0.0208663,0.0227906,,,,0.955614,0.95295,0.999999,-0.00341849,-0.0038043,0,-0.00676811,-0.00649506,-0.000193791,-0.00565503,-0.00562775,-0.000192392,,,,,,,,,,,,,,,,0.0847575,0.0751128,1,,,,0.915243,0.924903,0.985229,,,,59.4087,59.1163,62.4586,2.25e-05,3.23667e-05,0.000170859,,,,-0.00825507,-0.00956665,-0.0039442,,,,,,,0.0319242,0.0249031,0.0586055,,,,,,,3.28263,3.309,4.2149,,,,0.0985646,0.110135,0.440912,7268,7190.8,8621,0.940934,0.934652,1.00071,,,,,,,,,,,,,192.57,190.304,200,192.57,190.304,200,6.29624,6.2982,7.28443,6.29624,6.2982,7.28443
2026-08-28_22-18-07__probe-height,coop_lift,5102,52,-0.229826,-0.22988,-0.103422,0.04,0.0400033,0.0408333,,,,0,0,0,,,,-0.580717,-0.55566,-0.044117,,,,,,,0,-3.3701e-06,0,0,-2.00912e-06,0,,,,,,,,,,,,,,,,,,,,,,-0.054903,-0.0547193,-0.00393993,-0.0783506,-0.0730005,-0.00379378,,,,,,,,,,,,,,,,,,,0,0,0,0,0,0,,,,-3.36077e-06,-0.000373654,0,-0.000614039,-0.000417892,-1.4804e-10,-0.00349447,-0.00200152,-2.50818e-05,0.204269,0.192263,0.206627,,,,,,,0.685516,0.666559,0.68948,0.226292,0.206408,0.230312,,,,0.99243,0.981971,0.999999,-0.000529101,-0.0014554,0,-0.00863174,-0.00860964,-0.000193839,-0.00770009,-0.00762867,-0.000192401,,,,,,,,,,,,,,,,0.0275472,0.0283211,1,,,,0.972453,0.971842,0.994263,,,,62.1124,61.6217,62.4601,2.25e-05,1.83113e-05,0.000170859,,,,-0.00476538,-0.00510866,-0.000804176,,,,,,,0.0367825,0.0253405,0.0620945,,,,,,,3.43466,3.24015,3.8326,,,,0.0754831,0.0829156,0.470805,7001,7406.23,10052,0.99507,0.984081,1.00075,,,,,,,,,,,,,199.08,196.326,200,199.08,196.326,200,10.8827,10.7334,11.2937,10.8827,10.7334,11.2937
2026-08-29_13-42-42__probe-height,coop_lift,6000,61,-0.228499,-0.229359,-0.103422,0.04,0.0400056,0.0408333,,,,0,0,0,,,,-0.682234,-0.659,-0.044117,,,,,,,0,-3.37136e-06,0,-0.000238095,-2.22523e-05,0,,,,,,,,,,,,,,,,,,,,,,-0.0572792,-0.0549972,-0.00393993,-0.0814537,-0.0772289,-0.00379378,,,,,,,,,,,,,,,,,,,0,0,0,0,0,0,,,,-3.58262e-06,-0.000976735,0,-0.000966731,-0.000873612,-1.4804e-10,-0.00793643,-0.00695801,-2.50818e-05,0.229242,0.220249,0.243872,,,,,,,0.694281,0.687234,0.709501,0.248014,0.244749,0.262049,,,,0.984733,0.974985,0.999999,-0.00105587,-0.0017988,0,-0.00905709,-0.00897712,-0.000193839,-0.00802655,-0.00783249,-0.000192401,,,,,,,,,,,,,,,,0.0352376,0.0361754,1,,,,0.964762,0.963852,0.994263,,,,65.8707,65.2991,65.8707,2.25e-05,2.15458e-05,0.000170859,,,,-0.00648549,-0.00560506,-0.000804176,,,,,,,0.0402581,0.0324594,0.0803609,,,,,,,3.44878,3.52135,3.87218,,,,0.0877533,0.0834703,0.467967,6949,6818.36,10156,1.08391,1.06989,1.08391,,,,,,,,,,,,,196.1,194.891,200,196.1,194.891,200,10.4649,10.4662,11.2937,10.4649,10.4662,11.2937
2026-08-18_20-56-14__val-arms,humanoid,3,2,,,,,,,0,0,0.0141667,,,,,,,,,,-0.00151183,-0.00151183,-0.000869433,-0.00593628,-0.00593628,-0.00437275,,,,,,,,,,,,,-0.000748197,-0.000748197,-0.000460753,-0.00359215,-0.00359215,-0.00212207,-0.000112185,-0.000112185,-6.7177e-05,0.000127194,0.000127194,0.000127194,-0.00048391,-0.00048391,-0.000395653,,,,,,,-0.00462322,-0.00462322,-0.00308181,-0.00648517,-0.00648517,-0.00388633,-0.00830114,-0.00830114,-0.00496682,-0.010654,-0.010654,-0.00705679,-0.0131833,-0.0131833,-0.00704942,,,,,,,,,,-0.000162509,-0.000162509,-0.00013609,,,,,,,,,,,,,,,,,,,,,,,,,,,,,,,-0.02,-0.02,-0.0141667,,,,,,,,,,0.00996475,0.00996475,0.00996475,0.0239875,0.0239875,0.0239875,-8.61111e-05,-8.61111e-05,-8.61111e-05,1,1,1,,,,,,,0,0,0.03125,,,,31.242,31.242,31.242,1.5e-05,1.5e-05,3.375e-05,,,,-0.0607005,-0.0607005,-0.0506235,,,,,,,0.0460863,0.0460863,0.153736,0.0476479,0.0476479,0.0550267,0.0633509,0.0633509,0.0701508,1.85711,1.85711,4.51195,,,,0.111195,0.111195,0.509558,390,390,390,1.00145,1.00145,1.00145,,,,,,,,,,,,,17,17,17,17,17,17,-1.03172,-1.03172,-1.03172,-1.03172,-1.03172,-1.03172
2026-08-18_20-56-46__val-arms,humanoid,3,2,,,,,,,,,,,,,0,0,0.665365,,,,-0.00148539,-0.00148539,-0.000870489,-0.00589169,-0.00589169,-0.00319707,,,,,,,,,,,,,-0.000878312,-0.000878312,-0.000573534,-0.00409352,-0.00409352,-0.00222966,-0.000109783,-0.000109783,-6.38127e-05,0.0001762,0.0001762,0.0001762,-0.000706246,-0.000706246,-0.000345151,,,,,,,-0.00491564,-0.00491564,-0.00253045,-0.00724483,-0.00724483,-0.00371595,-0.00788371,-0.00788371,-0.00531267,-0.0124417,-0.0124417,-0.00708161,-0.0139619,-0.0139619,-0.00763187,,,,,,,,,,-0.000217723,-0.000217723,-0.000174966,,,,,,,,,,,,,,,,,,,,,,,,,,,,,,,-0.02,-0.02,-0.0108333,,,,,,,,,,0.00814052,0.00814052,0.00925649,0.0147048,0.0147048,0.0206554,-0.000752778,-0.000752778,-0.0002,1,1,1,,,,,,,0,0,0.0364583,,,,31.2187,31.2187,31.2357,1.5e-05,1.5e-05,2.25e-05,,,,-0.0544978,-0.0544978,-0.0473784,,,,,,,0.0512449,0.0512449,0.133694,0.0581025,0.0581025,0.0581025,0.0747295,0.0747295,0.0747295,2.73712,2.73712,4.42784,,,,0.147792,0.147792,0.361252,266,266,266,0.999858,0.999858,1.00094,,,,,,,,,,,,,17.45,17.45,17.45,17.45,17.45,17.45,-1.06199,-1.06199,-0.947168,-1.06199,-1.06199,-0.947168
2026-08-18_20-57-49_arms-dr0.0-s1,humanoid,6000,61,,,,,,,,,,,,,,,,,,,-0.13253,-0.135661,-0.00103301,-0.0396909,-0.0406942,-0.00409879,,,,,,,,,,,,,-0.0387643,-0.0370175,-0.000566982,-0.173631,-0.172984,-0.00259275,-0.00424752,-0.00425926,-7.8279e-05,0.142858,0.144746,0.153492,-0.0123654,-0.0120395,-0.000381399,,,,,,,-0.00787965,-0.00818698,-0.00311915,-0.104299,-0.10766,-0.0043927,-0.0863585,-0.0876346,-0.00501914,-0.170203,-0.171378,-0.00702651,-0.210709,-0.214671,-0.0082799,,,,,,,,,,-0.00146923,-0.00146608,-0.000147813,,,,,,,,,,,,,,,,,,,,,,,,,,,,,,,-0.00136607,-0.00104468,-0.000166667,,,,,,,,,,0.664984,0.671872,0.693485,1.70355,1.71144,1.76416,-5e-05,-7.26505e-05,0,0.0458984,0.0520579,1,,,,,,,0.954102,0.948054,0.957164,,,,28.5596,28.6809,38.7992,5.0625e-05,0.000109099,0.0050625,,,,-0.00383726,-0.00537164,-0.00053485,,,,,,,0.0500771,0.0452279,0.153075,0.299326,0.30985,0.379035,0.580657,0.586047,0.928471,2.81843,2.7058,4.85656,,,,0.142559,0.143615,0.460902,33199,34521.7,37397,1.14504,1.15041,1.54676,,,,,,,,,,,,,469.12,484.551,500,469.12,484.551,500,29.8761,30.6928,32.6633,29.8761,30.6928,32.6633
2026-08-18_20-57-49_arms-dr1.0-s1,humanoid,6000,61,,,,,,,,,,,,,,,,,,,-0.169079,-0.172701,-0.00101542,-0.0490151,-0.0506241,-0.00426304,,,,,,,,,,,,,-0.0344301,-0.035863,-0.000599838,-0.149943,-0.156045,-0.00260368,-0.00376219,-0.00390025,-7.83548e-05,0.0610248,0.0620962,0.0711132,-0.0145002,-0.0150081,-0.000386852,,,,,,,-0.0137504,-0.0138097,-0.00311808,-0.100911,-0.104439,-0.00446076,-0.128803,-0.133384,-0.00550002,-0.16997,-0.175844,-0.00685043,-0.243548,-0.249934,-0.00807723,,,,,,,,,,-0.00139868,-0.00144351,-0.000146982,,,,,,,,,,,,,,,,,,,,,,,,,,,,,,,-0.00762209,-0.00757544,-0.00569759,,,,,,,,,,0.383649,0.392061,0.427734,1.19175,1.22091,1.36315,-2.87296e-05,-8.74053e-05,0,0.377736,0.36766,1,,,,,,,0.622264,0.632601,0.653493,,,,36.0658,36.1148,38.7238,0.000260123,0.000198282,0.00759375,,,,-0.00916126,-0.00848045,-0.00203793,,,,,,,0.0909412,0.0934009,0.16362,0.338968,0.350015,0.383376,0.725078,0.749617,0.832359,2.83829,2.70919,4.83747,,,,0.144179,0.144293,0.460875,32960,34472.7,37325,1.52462,1.52398,1.59634,,,,,,,,,,,,,374.51,380.934,430.82,374.51,380.934,430.82,10.5925,10.9839,13.6324,10.5925,10.9839,13.6324
2026-08-18_20-57-50_arms-dr0.0-s0,humanoid,6000,61,,,,,,,,,,,,,,,,,,,-0.139541,-0.139596,-0.00103307,-0.041504,-0.04205,-0.00420822,,,,,,,,,,,,,-0.0374039,-0.0367688,-0.000553761,-0.168897,-0.170909,-0.00234112,-0.00423868,-0.00425775,-7.73405e-05,0.135719,0.139794,0.149008,-0.0122666,-0.012166,-0.000385823,,,,,,,-0.00897902,-0.0081795,-0.00309503,-0.104514,-0.10666,-0.00447769,-0.0878591,-0.0881872,-0.00523668,-0.170752,-0.173056,-0.00731531,-0.217665,-0.220543,-0.00854994,,,,,,,,,,-0.00149285,-0.00147718,-0.000142811,,,,,,,,,,,,,,,,,,,,,,,,,,,,,,,-0.00125423,-0.0012516,-0.000357639,,,,,,,,,,0.652516,0.655286,0.679053,1.69018,1.69764,1.76244,-4.05983e-05,-8.74699e-05,0,0.0567017,0.0629557,1,,,,,,,0.943298,0.937078,0.94813,,,,29.303,29.4012,38.767,0.000170859,0.00012592,0.0050625,,,,-0.0063506,-0.0059038,-0.000543177,,,,,,,0.0539454,0.0476861,0.138244,0.304272,0.308934,0.375099,0.595413,0.600514,0.894202,2.7226,2.71441,4.82613,,,,0.146327,0.145663,0.471708,34265,34390.8,37393,1.1814,1.18333,1.53889,,,,,,,,,,,,,472.47,480.425,500,472.47,480.425,500,29.2483,29.733,31.3665,29.2483,29.733,31.3665
2026-08-18_20-57-50_arms-dr1.0-s0,humanoid,6000,61,,,,,,,,,,,,,,,,,,,-0.169896,-0.172142,-0.00101388,-0.0512363,-0.0508905,-0.00424696,,,,,,,,,,,,,-0.0342606,-0.0350913,-0.00059437,-0.157084,-0.158442,-0.00232506,-0.00390263,-0.00394746,-7.72149e-05,0.0648137,0.0624955,0.0688195,-0.0148537,-0.0151052,-0.00039898,,,,,,,-0.0122082,-0.0130397,-0.00308297,-0.104201,-0.103934,-0.0043761,-0.133246,-0.134623,-0.00589363,-0.181667,-0.179644,-0.00685425,-0.249419,-0.252647,-0.00817353,,,,,,,,,,-0.00142802,-0.00146448,-0.000145278,,,,,,,,,,,,,,,,,,,,,,,,,,,,,,,-0.00756244,-0.00730366,-0.00564112,,,,,,,,,,0.394306,0.397189,0.431738,1.23341,1.23699,1.34454,-7.5e-05,-0.000138214,0,0.345072,0.356963,1,,,,,,,0.654928,0.643188,0.676208,,,,35.9451,36.0575,38.7222,0.000173415,0.000190832,0.00759375,,,,-0.00919941,-0.00848599,-0.00136242,,,,,,,0.0857617,0.0931446,0.144353,0.344473,0.350605,0.383323,0.747642,0.752906,0.828664,2.73898,2.80798,4.74532,,,,0.144181,0.148566,0.484562,34095,33273.6,36490,1.51209,1.51654,1.58035,,,,,,,,,,,,,386.39,387.823,435.11,386.39,387.823,435.11,11.7586,11.427,13.6624,11.7586,11.427,13.6624
2026-08-18_20-57-50_arms-push-s0,humanoid,6000,61,,,,,,,0.00416667,0.00788889,0.0633333,,,,,,,,,,-0.169703,-0.171926,-0.00101483,-0.049392,-0.0507596,-0.00428976,,,,,,,,,,,,,-0.0330569,-0.0346695,-0.000589517,-0.15524,-0.1559,-0.00235874,-0.00388286,-0.00391144,-7.7406e-05,0.0639733,0.0634635,0.0707808,-0.0146902,-0.0149286,-0.000393797,,,,,,,-0.0128561,-0.0132561,-0.00308541,-0.102008,-0.103112,-0.00441519,-0.130858,-0.13341,-0.00578457,-0.175544,-0.177943,-0.00695062,-0.251375,-0.252874,-0.00804075,,,,,,,,,,-0.00138238,-0.00138507,-0.00014408,,,,,,,,,,,,,,,,,,,,,,,,,,,,,,,-0.00761333,-0.0074268,-0.00577025,,,,,,,,,,0.39699,0.3963,0.432513,1.2215,1.23012,1.34656,-6.10888e-05,-8.71338e-05,0,0.353058,0.361909,1,,,,,,,0.647186,0.638579,0.665365,,,,35.8027,35.9097,38.6233,0.000131687,0.000182362,0.003375,,,,-0.00857586,-0.00846142,-0.00188223,,,,,,,0.100821,0.0935571,0.143662,0.351287,0.352602,0.392637,0.741133,0.752297,0.828818,2.60432,2.68365,4.76943,,,,0.143076,0.143639,0.506883,35780,34794.6,37235,1.51004,1.51206,1.58787,,,,,,,,,,,,,386.42,385.134,429.92,386.42,385.134,429.92,11.3846,11.3501,13.3382,11.3846,11.3501,13.3382
2026-08-18_20-58-05_arms-push-s1,humanoid,6000,61,,,,,,,0.0075,0.00345833,0.0525,,,,,,,,,,-0.170879,-0.170289,-0.00102189,-0.0491463,-0.0496009,-0.00426233,,,,,,,,,,,,,-0.035247,-0.0343548,-0.000613156,-0.157703,-0.153938,-0.00261572,-0.00394376,-0.00385995,-7.84752e-05,0.0618823,0.0618335,0.0692059,-0.0148171,-0.014347,-0.000387035,,,,,,,-0.0126643,-0.0128644,-0.00313166,-0.102713,-0.100456,-0.00438111,-0.131257,-0.129353,-0.00554198,-0.176582,-0.176776,-0.0068077,-0.253371,-0.248775,-0.00816992,,,,,,,,,,-0.00140889,-0.00140395,-0.000147277,,,,,,,,,,,,,,,,,,,,,,,,,,,,,,,-0.00759978,-0.00807033,-0.00650686,,,,,,,,,,0.380562,0.37282,0.408292,1.2205,1.19191,1.29893,-5.84402e-05,-0.000145258,0,0.394104,0.393003,1,,,,,,,0.605896,0.607276,0.628682,,,,36.4283,36.5025,38.7481,8.77915e-05,0.000184102,0.0050625,,,,-0.00846873,-0.0084986,-0.00240767,,,,,,,0.0893729,0.0936825,0.161205,0.344167,0.340268,0.373331,0.766843,0.754448,0.810344,2.81117,2.72283,4.8399,,,,0.140453,0.140166,0.830699,33305,34370,38135,1.53711,1.54114,1.58639,,,,,,,,,,,,,376.92,371.98,420.26,376.92,371.98,420.26,11.35,10.3787,12.6582,11.35,10.3787,12.6582
2026-08-19_01-44-36_arms-terrain-s0,humanoid,6000,61,,,,,,,,,,,,,0.763936,0.685472,0.763936,,,,-0.118427,-0.117047,-0.00101786,-0.0349682,-0.0344336,-0.00430437,,,,,,,,,,,,,-0.0235293,-0.0228697,-0.000755824,-0.0936319,-0.0920056,-0.00236811,-0.00230606,-0.00227441,-7.44311e-05,0.0364616,0.0353414,0.0393773,-0.00948736,-0.0093372,-0.000456496,,,,,,,-0.0092293,-0.00912436,-0.00307693,-0.072424,-0.0718522,-0.00443233,-0.0840818,-0.0833279,-0.00552182,-0.118967,-0.117569,-0.00671172,-0.16448,-0.163343,-0.00744834,,,,,,,,,,-0.00105472,-0.00105568,-0.000171907,,,,,,,,,,,,,,,,,,,,,,,,,,,,,,,-0.014737,-0.0151047,-0.0133362,,,,,,,,,,0.21803,0.218665,0.248676,0.682648,0.671366,0.770278,-0.000129884,-5.70085e-05,0,0.699544,0.704945,1,,,,,,,0.301188,0.29523,0.309336,,,,37.6103,37.5463,38.1786,0.000197531,0.000236281,0.0050625,,,,-0.0105464,-0.00954005,-0.00128852,,,,,,,0.125534,0.125163,0.147706,0.233942,0.235649,0.261175,0.475238,0.462836,0.515408,3.31598,3.32437,5.54306,,,,0.142667,0.143694,0.486454,28422,28366.2,31104,1.63513,1.62767,1.64265,,,,,,,,,,,,,240.25,227.042,294.72,240.25,227.042,294.72,4.55889,3.84007,6.11504,4.55889,3.84007,6.11504
2026-08-19_01-46-08_arms-terrain-s1,humanoid,6000,61,,,,,,,,,,,,,0.691315,0.66436,0.692688,,,,-0.11729,-0.115653,-0.00102013,-0.0342014,-0.0339493,-0.00436807,,,,,,,,,,,,,-0.0237884,-0.0229927,-0.000771337,-0.0935051,-0.0911278,-0.00264981,-0.00229897,-0.00224424,-7.5529e-05,0.0353787,0.0338573,0.038772,-0.00929823,-0.0091586,-0.000453124,,,,,,,-0.0090847,-0.00847375,-0.0031278,-0.0729493,-0.0710611,-0.00435415,-0.0837823,-0.0812439,-0.00546561,-0.118625,-0.115135,-0.00660115,-0.164197,-0.159109,-0.00760234,,,,,,,,,,-0.00103232,-0.00103099,-0.000175974,,,,,,,,,,,,,,,,,,,,,,,,,,,,,,,-0.0150913,-0.0153219,-0.0137436,,,,,,,,,,0.215695,0.209819,0.240554,0.667699,0.65557,0.749189,-1.10399e-05,-6.63339e-05,0,0.69573,0.71432,1,,,,,,,0.30427,0.285931,0.305674,,,,37.7829,37.8522,38.4736,0.000260123,0.000228796,0.00759375,,,,-0.0105776,-0.00942227,0.00300259,,,,,,,0.115459,0.123252,0.168907,0.237763,0.228109,0.255418,0.469602,0.459249,0.515563,3.34952,3.3425,8.31369,,,,0.138574,0.139086,0.456347,28182,28250.4,30433,1.6427,1.64575,1.65171,,,,,,,,,,,,,219.76,220.986,278.02,219.76,220.986,278.02,3.4854,3.56633,5.48775,3.4854,3.56633,5.48775
2026-08-29_14-59-34_marl-none-ppo-s0,humanoid,6000,61,,,,,,,,,,,,,0.763936,0.685472,0.763936,,,,-0.118427,-0.117047,-0.00101786,-0.0349682,-0.0344336,-0.00430437,,,,,,,,,,,,,-0.0235293,-0.0228697,-0.000755824,-0.0936319,-0.0920056,-0.00236811,-0.00230606,-0.00227441,-7.44311e-05,0.0364616,0.0353414,0.0393773,-0.00948736,-0.0093372,-0.000456496,,,,,,,-0.0092293,-0.00912436,-0.00307693,-0.072424,-0.0718522,-0.00443233,-0.0840818,-0.0833279,-0.00552182,-0.118967,-0.117569,-0.00671172,-0.16448,-0.163343,-0.00744834,,,,,,,,,,-0.00105472,-0.00105568,-0.000171907,,,,,,,,,,,,,,,,,,,,,,,,,,,,,,,-0.014737,-0.0151047,-0.0133362,,,,,,,,,,0.21803,0.218665,0.248676,0.682648,0.671366,0.770278,-0.000129884,-5.70085e-05,0,0.699544,0.704945,1,,,,,,,0.301188,0.29523,0.309336,,,,37.6103,37.5463,38.1786,0.000197531,0.000236281,0.0050625,,,,-0.0105464,-0.00954005,-0.00128852,,,,,,,0.125534,0.125163,0.147706,0.233942,0.235649,0.261175,0.475238,0.462836,0.515408,2.95834,2.96749,5.19559,,,,0.147328,0.147078,0.641105,31653,31567.1,33104,1.63513,1.62767,1.64265,,,,,,,,,,,,,240.25,227.042,294.72,240.25,227.042,294.72,4.55889,3.84007,6.11504,4.55889,3.84007,6.11504
2026-08-29_19-58-25__smoke-v2-blind,task_v2,3,2,-0.0292554,-0.0292554,-0.0292554,0.04,0.04,0.04,,,,1,1,1,,,,-0.000889644,-0.000889644,-0.000879297,,,,,,,-0.00176823,-0.00176823,-0.00172526,-0.0015638,-0.0015638,-0.0015638,,,,0,0,0,,,,,,,,,,,,,,,,-0.00199995,-0.00199995,-0.00199992,-0.00199993,-0.00199993,-0.00199993,,,,,,,,,,,,,,,,,,,0,0,0,0,0,0,,,,-1.64244e-17,-1.64244e-17,-1.42455e-17,-2.92728e-12,-2.92728e-12,-2.87356e-12,-9.56118e-07,-9.56118e-07,-9.20001e-07,2.27729e-10,2.27729e-10,2.27729e-10,0,0,0,,,,2.54214e-05,2.54214e-05,2.54214e-05,1.99381e-10,1.99381e-10,1.99381e-10,,,,0,0,0,-0.02,-0.02,-0.02,-1.09878e-05,-1.09878e-05,-1.07634e-05,-1.09548e-05,-1.09548e-05,-1.09548e-05,,,,,,,,,,,,,,,,1,1,1,0,0,0,0,0,0,,,,62.3489,62.3489,62.3924,1.5e-05,1.5e-05,3.375e-05,,,,-0.0657692,-0.0657692,-0.0499558,,,,0.000548679,0.000548679,0.107273,,,,,,,,,,,,,2.38631,2.38631,2.79719,0.105464,0.105464,0.400623,616,616,616,,,,0.997526,0.997526,0.998901,,,,,,,,,,1,1,1,1,1,1,-0.56389,-0.56389,-0.56389,-0.56389,-0.56389,-0.56389
2026-08-29_20-00-42__smoke-v2-rgb,task_v2,3,2,-0.0292698,-0.0292698,-0.0292698,0.04,0.04,0.04,,,,1,1,1,,,,-0.000891879,-0.000891879,-0.000881431,,,,,,,-0.00176432,-0.00176432,-0.00172005,-0.00152344,-0.00152344,-0.00152344,,,,0,0,0,,,,,,,,,,,,,,,,-0.00199995,-0.00199995,-0.00199992,-0.00199993,-0.00199993,-0.00199993,,,,,,,,,,,,,,,,,,,0,0,0,0,0,0,,,,-1.64244e-17,-1.64244e-17,-1.42455e-17,-2.92728e-12,-2.92728e-12,-2.87356e-12,-9.56118e-07,-9.56118e-07,-9.20001e-07,2.26997e-10,2.26997e-10,2.26997e-10,0,0,0,,,,2.54127e-05,2.54127e-05,2.54127e-05,1.9876e-10,1.9876e-10,1.9876e-10,,,,0,0,0,-0.02,-0.02,-0.02,-1.10387e-05,-1.10387e-05,-1.08185e-05,-1.10263e-05,-1.10263e-05,-1.09502e-05,,,,,,,,,,,,,,,,1,1,1,0,0,0,0,0,0,,,,62.3888,62.3888,62.4103,1e-05,1e-05,1e-05,,,,-0.0270378,-0.0270378,-0.0270378,,,,0.0105399,0.0105399,0.198911,,,,,,,,,,,,,3.46771,3.46771,3.87731,0.106159,0.106159,0.236727,429,429,429,,,,0.998869,0.998869,0.999379,,,,,,,,,,1,1,1,1,1,1,-0.56192,-0.56192,-0.56192,-0.56192,-0.56192,-0.56192
2026-08-29_20-01-29__smoke-v2-solo,task_v2,3,2,-0.0291886,-0.0291886,-0.0291886,0.04,0.04,0.04,,,,1,1,1,,,,-0.000448631,-0.000448631,-0.000444604,,,,,,,-0.00175781,-0.00175781,-0.00173047,-0.0018138,-0.0018138,-0.00180469,,,,0,0,0,,,,,,,,,,,,,,,,-0.00199995,-0.00199995,-0.0019999,-0.0019999,-0.0019999,-0.0019999,,,,,,,,,,,,,,,,,,,0,0,0,0,0,0,,,,-1.2184e-14,-1.2184e-14,-1.2184e-14,-4.09232e-09,-4.09232e-09,-4.09232e-09,-9.74904e-07,-9.74904e-07,-9.37384e-07,3.84974e-10,3.84974e-10,3.84974e-10,,,,,,,2.97337e-05,2.97337e-05,2.97337e-05,3.39079e-10,3.39079e-10,3.39079e-10,0,0,0,0,0,0,-0.02,-0.02,-0.02,-1.09411e-05,-1.09411e-05,-1.08723e-05,-1.40292e-05,-1.40292e-05,-1.40292e-05,0,0,0,,,,,,,,,,,,,1,1,1,0,0,0,0,0,0,,,,31.1728,31.1728,31.2041,1.5e-05,1.5e-05,2.25e-05,,,,-0.042892,-0.042892,-0.032427,,,,0.000390062,0.000390062,0.173562,,,,,,,,,,,,,2.34261,2.34261,2.52728,0.105801,0.105801,0.230969,627,627,627,,,,0.997492,0.997492,0.999329,,,,,,,,,,1,1,1,1,1,1,-0.55832,-0.55832,-0.556131,-0.55832,-0.55832,-0.556131
2026-08-29_20-01-53__smoke-v2-depth,task_v2,3,2,-0.0292427,-0.0292427,-0.0292427,0.04,0.04,0.04,,,,1,1,1,,,,-0.000893595,-0.000893595,-0.000883913,,,,,,,-0.00175781,-0.00175781,-0.00172656,-0.00154167,-0.00154167,-0.00154167,,,,0,0,0,,,,,,,,,,,,,,,,-0.00199995,-0.00199995,-0.00199992,-0.00199994,-0.00199994,-0.00199994,,,,,,,,,,,,,,,,,,,0,0,0,0,0,0,,,,-1.64244e-17,-1.64244e-17,-1.42455e-17,-2.92728e-12,-2.92728e-12,-2.87356e-12,-9.56118e-07,-9.56118e-07,-9.20001e-07,2.26464e-10,2.26464e-10,2.26464e-10,0,0,0,,,,2.53979e-05,2.53979e-05,2.53979e-05,1.98294e-10,1.98294e-10,1.98294e-10,,,,0,0,0,-0.02,-0.02,-0.02,-1.10272e-05,-1.10272e-05,-1.07965e-05,-1.09706e-05,-1.09706e-05,-1.09168e-05,,,,,,,,,,,,,,,,1,1,1,0,0,0,0,0,0,,,,62.3881,62.3881,62.4044,1e-05,1e-05,1e-05,,,,-0.027641,-0.027641,-0.0206354,,,,0.00561673,0.00561673,0.150508,,,,,,,,,,,,,3.44987,3.44987,3.81683,0.129145,0.129145,0.438714,429,429,431,,,,0.998829,0.998829,0.999249,,,,,,,,,,1,1,1,1,1,1,-0.562791,-0.562791,-0.562791,-0.562791,-0.562791,-0.562791
2026-08-29_20-42-44_v2-cubetoshelf-blind-s0,task_v2,8000,41,-0.0294612,-0.0294468,-0.029325,0.04,0.04,0.04,,,,1,1,1,,,,-0.000350458,-0.000353279,-0.000349935,,,,,,,-8.46354e-05,-8.19253e-05,-7.08822e-05,-2.81576e-05,-2.78389e-05,-2.10775e-05,,,,0,0,0,,,,,,,,,,,,,,,,-0.00199993,-0.00199993,-0.00199992,-0.00199993,-0.00199993,-0.00199992,,,,,,,,,,,,,,,,,,,3.39717e-19,4.09124e-19,7.44486e-19,0,0,0,,,,-1.6878e-17,-1.67199e-17,-1.56012e-17,-3.14499e-12,-3.15206e-12,-3.06788e-12,-9.38743e-07,-9.36416e-07,-9.20348e-07,2.23697e-10,2.2359e-10,2.26244e-10,0,0,0,,,,2.537e-05,2.53495e-05,2.54302e-05,1.95864e-10,1.95767e-10,1.98056e-10,,,,0,0,0,-0.02,-0.02,-0.02,-9.33417e-06,-9.35562e-06,-9.26079e-06,-7.28607e-06,-7.30927e-06,-7.25653e-06,,,,,,,,,,,,,,,,1,1,1,0,0,0,0,0,0.00012207,,,,-8.0205,-8.06641,62.3218,2.25e-05,1.23625e-05,0.00057665,,,,-0.0117079,-0.0106118,-0.00338472,,,,8.1595e-05,7.92275e-05,0.107659,,,,,,,,,,,,,3.31553,3.32621,4.8855,0.107993,0.106884,0.438779,7178,7160.82,7423,,,,0.212745,0.212616,0.99703,,,,,,,,,,1,1,1,1,1,1,-0.489333,-0.489201,-0.4867,-0.489333,-0.489201,-0.4867
2026-08-29_21-08-12_v2-cubetoshelf-depth-s0,task_v2,7383,37,-0.0294281,-0.0294481,-0.0293146,0.04,0.04,0.04,,,,1,1,1,,,,-0.000339348,-0.000340468,-0.000336985,,,,,,,-6.63249e-05,-6.85958e-05,-5.79427e-05,-1.9694e-05,-2.07762e-05,-1.57878e-05,,,,0,0,0,,,,,,,,,,,,,,,,-0.00199993,-0.00199993,-0.00199992,-0.00199993,-0.00199993,-0.00199992,,,,,,,,,,,,,,,,,,,4.55365e-19,4.16796e-19,7.44486e-19,0,0,0,,,,-1.6067e-17,-1.66873e-17,-1.56012e-17,-3.1207e-12,-3.15204e-12,-3.06933e-12,-9.30343e-07,-9.36159e-07,-9.20348e-07,2.232e-10,2.23823e-10,2.2573e-10,0,0,0,,,,2.53343e-05,2.53565e-05,2.54112e-05,1.95384e-10,1.95968e-10,1.97649e-10,,,,0,0,0,-0.02,-0.02,-0.02,-8.97009e-06,-8.94588e-06,-8.83897e-06,-7.10134e-06,-7.08793e-06,-7.04693e-06,,,,,,,,,,,,,,,,1,1,1,0,0,0,0,0,0.00012207,,,,-10.4774,-10.3814,62.3582,2.25e-05,1.55488e-05,0.00057665,,,,-0.00761815,-0.00869622,0.00104489,,,,6.31295e-05,6.64089e-05,0.150381,,,,,,,,,,,,,6.66085,6.66302,9.14857,0.140144,0.142731,0.45724,3613,3610.93,3726,,,,0.200651,0.200868,0.997992,,,,,,,,,,1,1,1,1,1,1,-0.488614,-0.488537,-0.486406,-0.488614,-0.488537,-0.486406
2026-08-29_21-12-48_v2-cubetoshelf-rgb-s0,task_v2,5592,28,-0.0294201,-0.0294508,-0.0293166,0.04,0.04,0.04,,,,1,1,1,,,,-0.000349716,-0.000345616,-0.000340373,,,,,,,-6.13607e-05,-6.7491e-05,-5.72103e-05,-1.9694e-05,-2.16075e-05,-1.48112e-05,,,,0,0,0,,,,,,,,,,,,,,,,-0.00199994,-0.00199993,-0.00199992,-0.00199993,-0.00199993,-0.00199992,,,,,,,,,,,,,,,,,,,4.26453e-19,4.09562e-19,7.44486e-19,0,0,0,,,,-1.6446e-17,-1.66704e-17,-1.56012e-17,-3.14397e-12,-3.15408e-12,-3.07476e-12,-9.43655e-07,-9.36005e-07,-9.20348e-07,2.24359e-10,2.23688e-10,2.26277e-10,0,0,0,,,,2.5365e-05,2.53524e-05,2.54259e-05,1.96446e-10,1.95847e-10,1.98066e-10,,,,0,0,0,-0.02,-0.02,-0.02,-9.11524e-06,-9.04207e-06,-8.88794e-06,-7.10599e-06,-7.0997e-06,-7.02086e-06,,,,,,,,,,,,,,,,1,1,1,0,0,0,0,0,0.00012207,,,,-10.2242,-10.1534,62.3529,1.5e-05,1.56989e-05,0.00057665,,,,-0.00811338,-0.00818942,0.00340271,,,,6.06568e-05,6.67585e-05,0.19899,,,,,,,,,,,,,8.89746,8.84168,13.0575,0.15239,0.141684,0.439895,2715,2735.43,2795,,,,0.201551,0.201715,0.99786,,,,,,,,,,1,1,1,1,1,1,-0.488949,-0.488686,-0.486517,-0.488949,-0.488686,-0.486517
2026-08-29_21-15-51_v2-balltonet-blind-s0,task_v2,8000,41,-0.0294626,-0.0294499,-0.0293278,0.04,0.04,0.04,,,,1,1,1,,,,-0.000342795,-0.000345536,-0.000342331,,,,,,,-8.58561e-05,-8.07725e-05,-6.88477e-05,-3.10872e-05,-2.76239e-05,-1.97754e-05,,,,0,0,0,,,,,,,,,,,,,,,,-0.00199993,-0.00199993,-0.00199992,-0.00199993,-0.00199993,-0.00199992,,,,,,,,,,,,,,,,,,,0,0,0,0,0,0,,,,-1.28327e-14,-1.28246e-14,-1.23961e-14,-4.09232e-09,-4.09232e-09,-4.09232e-09,-9.57127e-07,-9.54739e-07,-9.38518e-07,3.57211e-10,3.56535e-10,3.60355e-10,,,,,,,2.90839e-05,2.90608e-05,2.91473e-05,3.1436e-10,3.13745e-10,3.17052e-10,0,0,0,0,0,0,-0.02,-0.02,-0.02,-9.2935e-06,-9.31638e-06,-9.24926e-06,-7.22877e-06,-7.26648e-06,-7.21185e-06,0,0,0,,,,,,,,,,,,,1,1,1,0,0,0,0,0,0.00012207,,,,-8.13152,-8.14239,62.3274,1e-05,1.22437e-05,0.00057665,,,,-0.0113672,-0.0104299,-0.00498643,,,,8.38528e-05,7.84215e-05,0.107589,,,,,,,,,,,,,3.94079,3.95541,6.58943,0.124392,0.124117,0.318059,6045,6024.27,6151,,,,0.212281,0.212126,0.997164,,,,,,,,,,1,1,1,1,1,1,-0.488722,-0.488907,-0.486438,-0.488722,-0.488907,-0.486438
2026-08-30_02-36-53_v2-balltonet-depth-s0,task_v2,4760,24,-0.0294133,-0.0294562,-0.0293128,0.04,0.04,0.04,,,,1,1,1,,,,-0.000335364,-0.000336671,-0.000333596,,,,,,,-6.84408e-05,-6.69903e-05,-5.75358e-05,-1.98568e-05,-2.05817e-05,-1.52181e-05,,,,0,0,0,,,,,,,,,,,,,,,,-0.00199993,-0.00199993,-0.00199992,-0.00199994,-0.00199993,-0.00199992,,,,,,,,,,,,,,,,,,,0,0,0,0,0,0,,,,-1.27435e-14,-1.28298e-14,-1.23961e-14,-4.09232e-09,-4.09232e-09,-4.09232e-09,-9.57912e-07,-9.54136e-07,-9.4068e-07,3.57705e-10,3.56775e-10,3.5961e-10,,,,,,,2.9086e-05,2.90658e-05,2.91339e-05,3.14666e-10,3.13942e-10,3.1648e-10,0,0,0,0,0,0,-0.02,-0.02,-0.02,-8.914e-06,-8.94273e-06,-8.85471e-06,-7.07076e-06,-7.05903e-06,-7.02046e-06,0,0,0,,,,,,,,,,,,,1,1,1,0,0,0,0,0,0.00012207,,,,-10.0788,-10.0523,62.3591,2.25e-05,1.50105e-05,0.00057665,,,,-0.00922446,-0.00819474,0.00172389,,,,6.43119e-05,6.50462e-05,0.15009,,,,,,,,,,,,,6.34291,6.30178,8.6517,0.138099,0.138419,0.387794,3791,3815.69,3871,,,,0.201874,0.202023,0.998021,,,,,,,,,,1,1,1,1,1,1,-0.487771,-0.488329,-0.486357,-0.487771,-0.488329,-0.486357
2026-08-30_04-23-59_v2-balltonet-rgb-s0,task_v2,3799,19,-0.0294684,-0.0294591,-0.0293175,0.04,0.04,0.04,,,,1,1,1,,,,-0.000344614,-0.000343312,-0.000338418,,,,,,,-6.16048e-05,-6.43218e-05,-5.64779e-05,-2.27051e-05,-2.09548e-05,-1.52995e-05,,,,0,0,0,,,,,,,,,,,,,,,,-0.00199994,-0.00199993,-0.00199992,-0.00199993,-0.00199993,-0.00199992,,,,,,,,,,,,,,,,,,,0,0,0,0,0,0,,,,-1.27837e-14,-1.28237e-14,-1.23961e-14,-4.09232e-09,-4.09232e-09,-4.09232e-09,-9.48166e-07,-9.54293e-07,-9.4108e-07,3.55505e-10,3.56491e-10,3.60235e-10,,,,,,,2.90263e-05,2.90579e-05,2.91422e-05,3.12832e-10,3.13701e-10,3.16946e-10,0,0,0,0,0,0,-0.02,-0.02,-0.02,-9.06133e-06,-9.02467e-06,-8.91416e-06,-7.08435e-06,-7.0721e-06,-7.03278e-06,0,0,0,,,,,,,,,,,,,1,1,1,0,0,0,0,0,0.00012207,,,,-9.37177,-9.32748,62.3528,1e-05,1.50265e-05,0.00057665,,,,-0.00834903,-0.00740446,0.00764987,,,,6.48439e-05,6.42326e-05,0.198748,,,,,,,,,,,,,6.43644,6.3742,9.04442,0.101426,0.111691,0.32097,3759,3789.34,3886,,,,0.204854,0.205185,0.997859,,,,,,,,,,1,1,1,1,1,1,-0.488062,-0.488321,-0.486446,-0.488062,-0.488321,-0.486446
2026-08-30_06-28-19_v2-planktowall-blind-s0,task_v2,3559,18,-0.0595161,-0.0594923,-0.0588997,0.04,0.04,0.04,,,,1,1,1,,,,-0.000107041,-0.000107354,-0.000105862,,,,,,,-5.61523e-06,-6.01018e-06,-3.49935e-06,-0.000332275,-0.000329105,-0.000311361,,,,,,,,,,,,,,,,,,,,,,-7.15582e-08,-7.04088e-08,-4.51925e-08,-3.4096e-05,-3.40872e-05,-3.35651e-05,,,,,,,,,,,,,,,,0,0,0,0,0,0,0,0,0,,,,-2.04447e-10,-2.05933e-10,-1.82204e-10,-9.13844e-05,-9.20513e-05,-8.90298e-05,-8.98163e-07,-8.99645e-07,-8.86279e-07,0,0,0,,,,,,,5.83405e-07,5.83711e-07,5.8513e-07,0,0,0,,,,0,0,0,-0.02,-0.02,-0.02,-5.65929e-06,-5.65976e-06,-5.54585e-06,-1.21653e-05,-1.21807e-05,-1.21279e-05,,,,,,,,,,,,,,,,1,1,1,0,0,0,0,0,0.00012207,,,,12.0529,12.0413,62.3118,5.0625e-05,3.683e-05,0.000384434,,,,-0.0129436,-0.0131602,-0.0102756,,,,0.000211089,0.000211479,0.041963,,,,,,,,,,,,,4.71371,4.69629,6.67016,0.125381,0.126766,0.363999,5078,5095.2,5172,,,,0.319517,0.319458,0.996748,,,,,,,,,,1,1,1,1,1,1,-0.410999,-0.411911,-0.406578,-0.410999,-0.411911,-0.406578
2026-08-30_11-20-24__smoke-v2-blind,task_v2,3,2,-0.0292396,-0.0292396,-0.0292396,0.04,0.04,0.04,,,,1,1,1,,,,-0.000889724,-0.000889724,-0.000879104,,,,,,,-0.00176693,-0.00176693,-0.00172396,-0.00157031,-0.00157031,-0.00157031,,,,0,0,0,,,,,,,,,,,,,,,,-0.00199995,-0.00199995,-0.00199992,-0.00199994,-0.00199994,-0.00199994,,,,,,,,,,,,,,,,,,,0,0,0,0,0,0,,,,-1.64244e-17,-1.64244e-17,-1.42455e-17,-2.92728e-12,-2.92728e-12,-2.87356e-12,-9.56118e-07,-9.56118e-07,-9.20001e-07,2.27729e-10,2.27729e-10,2.27729e-10,0,0,0,,,,2.54236e-05,2.54236e-05,2.54236e-05,1.99381e-10,1.99381e-10,1.99381e-10,,,,0,0,0,-0.02,-0.02,-0.02,-1.0989e-05,-1.0989e-05,-1.07656e-05,-1.09477e-05,-1.09477e-05,-1.09477e-05,,,,,,,,,,,,,,,,1,1,1,0,0,0,0,0,0,,,,62.3505,62.3505,62.3902,1.5e-05,1.5e-05,3.375e-05,,,,-0.0657283,-0.0657283,-0.0499801,,,,0.000544083,0.000544083,0.107244,,,,,,,,,,,,,3.05886,3.05886,3.4614,0.136636,0.136636,0.368213,480,480,486,,,,0.997582,0.997582,0.998845,,,,,,,,,,1,1,1,1,1,1,-0.563894,-0.563894,-0.563894,-0.563894,-0.563894,-0.563894
2026-08-30_11-21-10__smoke-v2-rgb,task_v2,3,2,-0.029252,-0.029252,-0.029252,0.04,0.04,0.04,,,,1,1,1,,,,-0.000891643,-0.000891643,-0.0008812,,,,,,,-0.00175391,-0.00175391,-0.00171875,-0.00152344,-0.00152344,-0.00152344,,,,0,0,0,,,,,,,,,,,,,,,,-0.00199995,-0.00199995,-0.00199991,-0.00199994,-0.00199994,-0.00199994,,,,,,,,,,,,,,,,,,,0,0,0,0,0,0,,,,-1.64244e-17,-1.64244e-17,-1.42455e-17,-2.92728e-12,-2.92728e-12,-2.87356e-12,-9.56118e-07,-9.56118e-07,-9.20001e-07,2.27268e-10,2.27268e-10,2.27268e-10,0,0,0,,,,2.54169e-05,2.54169e-05,2.54169e-05,1.98993e-10,1.98993e-10,1.98993e-10,,,,0,0,0,-0.02,-0.02,-0.02,-1.1039e-05,-1.1039e-05,-1.0818e-05,-1.10222e-05,-1.10222e-05,-1.09571e-05,,,,,,,,,,,,,,,,1,1,1,0,0,0,0,0,0,,,,62.385,62.385,62.4081,1e-05,1e-05,1e-05,,,,-0.0268007,-0.0268007,-0.0268007,,,,0.0105744,0.0105744,0.198958,,,,,,,,,,,,,4.78651,4.78651,5.15993,0.140763,0.140763,0.306098,311,311,313,,,,0.998774,0.998774,0.999319,,,,,,,,,,1,1,1,1,1,1,-0.561911,-0.561911,-0.561911,-0.561911,-0.561911,-0.561911
2026-08-30_11-25-38__smoke-v2-solo,task_v2,3,2,-0.0291884,-0.0291884,-0.0291884,0.04,0.04,0.04,,,,1,1,1,,,,-0.000448685,-0.000448685,-0.000444604,,,,,,,-0.00176042,-0.00176042,-0.00173047,-0.0018138,-0.0018138,-0.00180469,,,,0,0,0,,,,,,,,,,,,,,,,-0.00199995,-0.00199995,-0.0019999,-0.0019999,-0.0019999,-0.0019999,,,,,,,,,,,,,,,,,,,0,0,0,0,0,0,,,,-1.2184e-14,-1.2184e-14,-1.2184e-14,-4.09232e-09,-4.09232e-09,-4.09232e-09,-9.74904e-07,-9.74904e-07,-9.37384e-07,3.84971e-10,3.84971e-10,3.84971e-10,,,,,,,2.97339e-05,2.97339e-05,2.97339e-05,3.39079e-10,3.39079e-10,3.39079e-10,0,0,0,0,0,0,-0.02,-0.02,-0.02,-1.09449e-05,-1.09449e-05,-1.08734e-05,-1.40292e-05,-1.40292e-05,-1.40292e-05,0,0,0,,,,,,,,,,,,,1,1,1,0,0,0,0,0,0,,,,31.1734,31.1734,31.2036,1.5e-05,1.5e-05,2.25e-05,,,,-0.0425871,-0.0425871,-0.0321747,,,,0.000385495,0.000385495,0.173567,,,,,,,,,,,,,2.4883,2.4883,3.04773,0.104806,0.104806,0.419838,592,592,592,,,,0.997525,0.997525,0.999307,,,,,,,,,,1,1,1,1,1,1,-0.55832,-0.55832,-0.556131,-0.55832,-0.55832,-0.556131
2026-08-30_11-27-15__smoke-v2-depth,task_v2,3,2,-0.0292444,-0.0292444,-0.0292444,0.04,0.04,0.04,,,,1,1,1,,,,-0.000893806,-0.000893806,-0.000883982,,,,,,,-0.00176042,-0.00176042,-0.00172266,-0.00153906,-0.00153906,-0.00153906,,,,0,0,0,,,,,,,,,,,,,,,,-0.00199995,-0.00199995,-0.00199992,-0.00199994,-0.00199994,-0.00199994,,,,,,,,,,,,,,,,,,,0,0,0,0,0,0,,,,-1.64244e-17,-1.64244e-17,-1.42455e-17,-2.92728e-12,-2.92728e-12,-2.87356e-12,-9.56118e-07,-9.56118e-07,-9.20001e-07,2.2646e-10,2.2646e-10,2.2646e-10,0,0,0,,,,2.5399e-05,2.5399e-05,2.5399e-05,1.98294e-10,1.98294e-10,1.98294e-10,,,,0,0,0,-0.02,-0.02,-0.02,-1.10239e-05,-1.10239e-05,-1.07972e-05,-1.09807e-05,-1.09807e-05,-1.09153e-05,,,,,,,,,,,,,,,,1,1,1,0,0,0,0,0,0,,,,62.3882,62.3882,62.4043,1e-05,1e-05,1e-05,,,,-0.0272909,-0.0272909,-0.0219667,,,,0.00562434,0.00562434,0.150448,,,,,,,,,,,,,4.53289,4.53289,5.41194,0.156795,0.156795,0.569661,327,327,327,,,,0.998825,0.998825,0.99925,,,,,,,,,,1,1,1,1,1,1,-0.562795,-0.562795,-0.562795,-0.562795,-0.562795,-0.562795
2026-08-30_23-21-35__smoke-v2-blind,task_v2,3,2,0.0523532,0.0523532,0.0617032,0.04,0.04,0.04,,,,1,1,1,,,,-0.0313354,-0.0313354,-0.0147429,,,,,,,-0.00941806,-0.00941806,-0.0039476,-0.00912361,-0.00912361,-0.00351394,,,,0,0,0,,,,,,,,,,,,,,,,-0.0349539,-0.0349539,-0.016841,-0.0349919,-0.0349919,-0.0168179,,,,,,,,,,,,,,,,,,,0,0,0,0,0,0,,,,-2.46266e-16,-2.46266e-16,0,-4.82804e-11,-4.82804e-11,-2.56997e-11,-1.63703e-05,-1.63703e-05,-1.02341e-05,2.27116e-08,2.27116e-08,2.55293e-08,0,0,0,,,,0.000679415,0.000679415,0.000749188,1.58398e-08,1.58398e-08,1.77772e-08,,,,0.033966,0.033966,0.0372657,-0.02,-0.02,-0.00916667,-0.000107258,-0.000107258,-5.1324e-05,-0.00010815,-0.00010815,-5.12116e-05,,,,,,,,,,,,,,,,1,1,1,0,0,0,0,0,0,,,,62.4639,62.4639,62.4639,1.5e-05,1.5e-05,2.25e-05,,,,-0.0611549,-0.0611549,-0.0470484,,,,0.123482,0.123482,0.343037,,,,,,,,,,,,,2.92513,2.92513,4.16532,0.127851,0.127851,0.406752,503,503,506,,,,1.00082,1.00082,1.00082,,,,,,,,,,17.6,17.6,18.36,17.6,17.6,18.36,-2.08439,-2.08439,-2.02519,-2.08439,-2.08439,-2.02519
2026-08-30_23-21-35__smoke-v2-depth,task_v2,3,2,0.0531986,0.0531986,0.0621326,0.04,0.04,0.04,,,,1,1,1,,,,-0.0301994,-0.0301994,-0.0147095,,,,,,,-0.00966628,-0.00966628,-0.00384468,-0.0090323,-0.0090323,-0.00300863,,,,0,0,0,,,,,,,,,,,,,,,,-0.0343681,-0.0343681,-0.0167812,-0.0345012,-0.0345012,-0.0168476,,,,,,,,,,,,,,,,,,,0,0,0,0,0,0,,,,-2.47812e-16,-2.47812e-16,0,-5.27354e-11,-5.27354e-11,-2.00357e-11,-1.5989e-05,-1.5989e-05,-1.09285e-05,2.26877e-08,2.26877e-08,2.6843e-08,0,0,0,,,,0.000667195,0.000667195,0.000756686,1.58004e-08,1.58004e-08,1.859e-08,,,,0.0333273,0.0333273,0.0371036,-0.02,-0.02,-0.00916667,-0.000106446,-0.000106446,-5.01653e-05,-0.000107641,-0.000107641,-4.96266e-05,,,,,,,,,,,,,,,,1,1,1,0,0,0,0,0,0,,,,62.476,62.476,62.476,0.000170859,0.000170859,0.000170859,,,,-0.0383067,-0.0383067,-0.0291696,,,,0.145719,0.145719,0.37518,,,,,,,,,,,,,3.56931,3.56931,4.80413,0.124407,0.124407,0.266968,415,415,426,,,,1.00091,1.00091,1.00099,,,,,,,,,,17.5,17.5,18.82,17.5,17.5,18.82,-2.0715,-2.0715,-2.01426,-2.0715,-2.0715,-2.01426
2026-08-30_23-21-35__smoke-v2-rgb,task_v2,3,2,0.0509442,0.0509442,0.0550869,0.04,0.04,0.04,,,,1,1,1,,,,-0.0309182,-0.0309182,-0.0145987,,,,,,,-0.00951369,-0.00951369,-0.00378401,-0.00901859,-0.00901859,-0.00343333,,,,0,0,0,,,,,,,,,,,,,,,,-0.034541,-0.034541,-0.0164038,-0.034649,-0.034649,-0.0163967,,,,,,,,,,,,,,,,,,,0,0,0,0,0,0,,,,-3.34742e-16,-3.34742e-16,0,-4.79569e-11,-4.79569e-11,-2.27035e-11,-1.81206e-05,-1.81206e-05,-8.28245e-06,2.43585e-08,2.43585e-08,2.43585e-08,0,0,0,,,,0.000689568,0.000689568,0.000689568,1.69864e-08,1.69864e-08,1.69864e-08,,,,0.0335392,0.0335392,0.0348139,-0.02,-0.02,-0.00916667,-0.00010657,-0.00010657,-4.93207e-05,-0.000108644,-0.000108644,-4.9195e-05,,,,,,,,,,,,,,,,1,1,1,0,0,0,0,0,0,,,,62.4648,62.4648,62.4648,5.0625e-05,5.0625e-05,5.0625e-05,,,,-0.0454614,-0.0454614,-0.0337128,,,,0.14724,0.14724,0.395621,,,,,,,,,,,,,4.67137,4.67137,6.4992,0.135664,0.135664,0.293315,319,319,321,,,,1.00071,1.00071,1.00072,,,,,,,,,,18.01,18.01,18.28,18.01,18.01,18.28,-2.10789,-2.10789,-1.9959,-2.10789,-2.10789,-1.9959
2026-08-30_23-21-42__smoke-v2-solo,task_v2,3,2,0.0592318,0.0592318,0.0592318,0.04,0.04,0.04,,,,1,1,1,,,,-0.0113578,-0.0113578,-0.00705946,,,,,,,-0.0098274,-0.0098274,-0.00499239,-0.00999167,-0.00999167,-0.00557537,,,,0,0,0,,,,,,,,,,,,,,,,-0.0259572,-0.0259572,-0.0157346,-0.0261999,-0.0261999,-0.015813,,,,,,,,,,,,,,,,,,,0,0,0,0,0,0,,,,-1.52122e-13,-1.52122e-13,-1.15028e-13,-5.45036e-08,-5.45036e-08,-3.29943e-08,-1.21506e-05,-1.21506e-05,-8.46859e-06,5.0626e-08,5.0626e-08,5.50163e-08,,,,,,,0.000677533,0.000677533,0.000711329,3.55258e-08,3.55258e-08,3.86311e-08,0,0,0,0.0246371,0.0246371,0.0255068,-0.02,-0.02,-0.0116667,-8.91284e-05,-8.91284e-05,-5.29789e-05,-8.40815e-05,-8.40815e-05,-5.05986e-05,0,0,0,,,,,,,,,,,,,1,1,1,0,0,0,0,0,0,,,,31.2181,31.2181,31.2287,1.5e-05,1.5e-05,1.5e-05,,,,-0.0318372,-0.0318372,-0.0229611,,,,0.0763164,0.0763164,0.224202,,,,,,,,,,,,,3.22731,3.22731,4.24997,0.125831,0.125831,0.306159,458,458,475,,,,0.999772,0.999772,1.00062,,,,,,,,,,13.45,13.45,13.57,13.45,13.45,13.57,-1.57031,-1.57031,-1.50499,-1.57031,-1.57031,-1.50499
2026-08-30_23-23-05_v2-cubetoshelf-blind-s0,task_v2,8000,41,0.0556087,0.0559471,0.0669915,0.04,0.04,0.04,,,,1,1,1,,,,-0.00178316,-0.0017835,-0.00176237,,,,,,,-0.000239213,-0.000227672,-0.000142104,-5.99561e-05,-5.49154e-05,-2.12965e-05,,,,0,0,0,,,,,,,,,,,,,,,,-0.015719,-0.0157184,-0.0156893,-0.0159988,-0.0159917,-0.0159623,,,,,,,,,,,,,,,,,,,1.24779e-17,1.2572e-17,8.2033e-17,0,0,0,,,,-1.48069e-16,-1.33774e-16,-1.79462e-18,-2.76606e-11,-2.6434e-11,-2.50545e-11,-7.61753e-06,-7.51659e-06,-7.19862e-06,7.86861e-09,8.06041e-09,2.61253e-08,0,0,0,,,,0.000285228,0.000286844,0.000732902,5.79852e-09,5.93389e-09,1.82052e-08,,,,0.01407,0.0140619,0.0357233,-0.02,-0.02,-0.0100822,-6.60414e-05,-6.57422e-05,-6.39378e-05,-8.02925e-05,-8.04423e-05,-7.76121e-05,,,,,,,,,,,,,,,,1,1,1,0,0,0,0,0,0.0188395,,,,-2.63131,-2.64097,62.4448,1.5e-05,1.94969e-05,0.000256289,,,,-0.0119772,-0.0109892,-0.00425587,,,,0.000105786,0.000104083,0.344122,,,,,,,,,,,,,4.01522,4.12239,7.35014,0.124371,0.125546,0.324442,5936,5786.2,5943,,,,0.23183,0.23186,1.00031,,,,,,,,,,8.06,8.03035,21.8,8.06,8.03035,21.8,-0.789555,-0.791509,-0.78525,-0.789555,-0.791509,-0.78525
2026-08-30_23-23-05_v2-cubetoshelf-depth-s0,task_v2,8000,41,0.0544548,0.0548741,0.0688647,0.04,0.04,0.04,,,,1,1,1,,,,-0.00172468,-0.00171807,-0.00169876,,,,,,,-0.000173854,-0.000155019,-0.000103754,-4.47282e-05,-4.72991e-05,-1.52919e-05,,,,0,0,0,,,,,,,,,,,,,,,,-0.0156866,-0.0156815,-0.0156558,-0.0160169,-0.0160085,-0.0159824,,,,,,,,,,,,,,,,,,,1.24928e-17,1.3104e-17,8.27697e-17,0,0,0,,,,-1.33547e-16,-1.34153e-16,-1.36482e-17,-2.67606e-11,-2.63943e-11,-2.4984e-11,-7.60257e-06,-7.52264e-06,-7.18487e-06,7.9851e-09,8.30536e-09,2.43222e-08,0,0,0,,,,0.000286507,0.00028901,0.000719418,5.88219e-09,6.11079e-09,1.69587e-08,,,,0.0140806,0.0140698,0.0359765,-0.02,-0.02,-0.0100838,-6.77042e-05,-6.73186e-05,-6.12584e-05,-7.64856e-05,-7.62229e-05,-7.44443e-05,,,,,,,,,,,,,,,,1,1,1,0,0,0,0,0,0.019043,,,,-5.12576,-5.06405,62.4633,1e-05,1.77406e-05,0.000384434,,,,-0.00684848,-0.00958811,-0.00381316,,,,9.1016e-05,8.48636e-05,0.375248,,,,,,,,,,,,,6.30808,6.14433,9.4469,0.129257,0.131269,0.309223,3817,3915.92,3975,,,,0.218777,0.21914,1.00075,,,,,,,,,,8.03,8.03585,21.76,8.03,8.03585,21.76,-0.790115,-0.787816,-0.782511,-0.790115,-0.787816,-0.782511
2026-08-30_23-23-05_v2-cubetoshelf-rgb-s0,task_v2,8000,41,0.0554418,0.0558936,0.0661793,0.04,0.04,0.04,,,,1,1,1,,,,-0.00171075,-0.00170491,-0.00167275,,,,,,,-0.00015758,-0.000159941,-9.16954e-05,-5.75291e-05,-4.91016e-05,-1.51536e-05,,,,0,0,0,,,,,,,,,,,,,,,,-0.0157178,-0.0157062,-0.0156817,-0.0160472,-0.0160235,-0.01599,,,,,,,,,,,,,,,,,,,8.28184e-18,1.30094e-17,6.32119e-17,0,0,0,,,,-1.32796e-16,-1.34521e-16,-2.35749e-18,-2.69806e-11,-2.64555e-11,-2.46747e-11,-7.60637e-06,-7.53017e-06,-7.18524e-06,8.18563e-09,8.23607e-09,2.45267e-08,0,0,0,,,,0.000288537,0.000288705,0.000709461,6.02739e-09,6.06237e-09,1.71086e-08,,,,0.014107,0.0140823,0.0350172,-0.02,-0.02,-0.0100929,-6.77322e-05,-6.68754e-05,-6.06122e-05,-7.45917e-05,-7.50865e-05,-7.42222e-05,,,,,,,,,,,,,,,,1,1,1,0,0,0,0,0,0.0191243,,,,-5.77177,-5.8104,62.4412,1.5e-05,1.64687e-05,0.000296296,,,,-0.00889659,-0.00866067,-0.00257071,,,,8.57936e-05,8.92661e-05,0.39416,,,,,,,,,,,,,8.72942,8.72886,12.0186,0.128405,0.128128,0.307082,2774,2774.37,2924,,,,0.215893,0.215753,1.00022,,,,,,,,,,8.04,8.03615,21.78,8.04,8.03615,21.78,-0.790258,-0.78831,-0.78314,-0.790258,-0.78831,-0.78314
2026-08-30_23-23-34_v2-balltonet-blind-s0,task_v2,8000,41,0.05501,0.0550771,0.0683875,0.04,0.04,0.04,,,,1,1,1,,,,-0.00181193,-0.00179699,-0.00177578,,,,,,,-0.000226048,-0.000220796,-0.000156303,-5.71626e-05,-4.86861e-05,-1.97664e-05,,,,0,0,0,,,,,,,,,,,,,,,,-0.0156996,-0.0157118,-0.0156848,-0.0159837,-0.0159936,-0.0159669,,,,,,,,,,,,,,,,,,,0,0,0,0,0,0,,,,-1.05518e-13,-1.03014e-13,-8.87992e-14,-3.28538e-08,-3.28745e-08,-3.28159e-08,-7.71364e-06,-7.66827e-06,-7.34382e-06,1.37401e-08,1.34994e-08,4.25449e-08,,,,,,,0.000334442,0.000333429,0.000844911,1.01188e-08,9.94765e-09,2.96689e-08,0,0,0,0.0140563,0.0140664,0.0356171,-0.02,-0.02,-0.00982409,-6.73965e-05,-6.66721e-05,-6.04097e-05,-8.17459e-05,-8.11134e-05,-7.93936e-05,0,0,0,,,,,,,,,,,,,1,1,1,0,0,0,0,0,0.0191243,,,,-2.5059,-2.43526,62.4483,2.25e-05,1.92438e-05,0.000256289,,,,-0.0115737,-0.0108383,-0.00542552,,,,9.7675e-05,0.000103192,0.343503,,,,,,,,,,,,,3.45166,3.48303,5.83958,0.100625,0.106001,0.418547,6918,6848.13,7042,,,,0.232502,0.232746,1.00038,,,,,,,,,,8.05,8.03343,21.76,8.05,8.03343,21.76,-0.796186,-0.790506,-0.784122,-0.796186,-0.790506,-0.784122
2026-08-30_23-39-09__smoke-grip-depth,task_v2,3,2,0.101898,0.101898,0.103369,0.04,0.04,0.04,,,,1,1,1,,,,-0.0132589,-0.0132589,-0.0117601,,,,,,,-0.000372799,-0.000372799,-0.000372799,-4.28571e-05,-4.28571e-05,-3.125e-05,,,,0,0,0,,,,,,,,,,,,,,,,-0.0139287,-0.0139287,-0.0120258,-0.0137904,-0.0137904,-0.0124453,,,,,,,,,,,,,,,,,,,0,0,0,0,0,0,,,,-1.50056e-16,-1.50056e-16,-5.2558e-17,-2.03046e-11,-2.03046e-11,-1.39571e-11,-6.8864e-06,-6.8864e-06,-6.87835e-06,1.93415e-08,1.93415e-08,1.93615e-08,0,0,0,,,,0.000325195,0.000325195,0.000328086,1.33148e-08,1.33148e-08,1.33148e-08,,,,0.0125331,0.0125331,0.0125847,-0.02,-0.02,-0.0158333,-4.15339e-05,-4.15339e-05,-3.79428e-05,-4.2514e-05,-4.2514e-05,-3.40326e-05,,,,,,,,,,,,,,,,1,1,1,0,0,0,0,0,0,,,,68.1126,68.1126,68.1126,2.25e-05,2.25e-05,2.25e-05,,,,-0.0351684,-0.0351684,0.0326602,,,,0.0730702,0.0730702,0.238198,,,,,,,,,,,,,3.39542,3.39542,4.55952,0.111403,0.111403,0.402327,438,438,448,,,,1.00013,1.00013,1.00013,,,,,,,,,,7.28,7.28,7.57,7.28,7.28,7.57,-0.971771,-0.971771,-0.971771,-0.971771,-0.971771,-0.971771
2026-08-30_23-39-13__smoke-grip-blind,task_v2,3,2,0.10256,0.10256,0.103893,0.04,0.04,0.04,,,,1,1,1,,,,-0.0133904,-0.0133904,-0.0110612,,,,,,,-0.000512103,-0.000512103,-0.000263881,-1.5625e-05,-1.5625e-05,0,,,,0,0,0,,,,,,,,,,,,,,,,-0.0140665,-0.0140665,-0.0116045,-0.0140063,-0.0140063,-0.0117277,,,,,,,,,,,,,,,,,,,0,0,0,0,0,0,,,,-1.24041e-16,-1.24041e-16,-4.53833e-17,-2.03453e-11,-2.03453e-11,-1.75619e-11,-7.2237e-06,-7.2237e-06,-6.23669e-06,1.99755e-08,1.99755e-08,1.99755e-08,0,0,0,,,,0.000333032,0.000333032,0.000334911,1.36973e-08,1.36973e-08,1.36973e-08,,,,0.0127068,0.0127068,0.0128808,-0.02,-0.02,-0.0158333,-4.18545e-05,-4.18545e-05,-3.3712e-05,-4.32765e-05,-4.32765e-05,-3.49719e-05,,,,,,,,,,,,,,,,1,1,1,0,0,0,0,0,0,,,,68.1198,68.1198,68.1232,1e-05,1e-05,1e-05,,,,-0.0435203,-0.0435203,-0.0171947,,,,0.0578065,0.0578065,0.252943,,,,,,,,,,,,,3.69523,3.69523,5.14506,0.141065,0.141065,0.479495,400,400,404,,,,1.00014,1.00014,1.0003,,,,,,,,,,7.36,7.36,7.61,7.36,7.36,7.61,-0.980406,-0.980406,-0.980406,-0.980406,-0.980406,-0.980406
2026-08-30_23-39-52__smoke-grip-rgb,task_v2,3,2,0.106446,0.106446,0.109459,0.04,0.04,0.04,,,,1,1,1,,,,-0.0130368,-0.0130368,-0.0110718,,,,,,,-0.000392479,-0.000392479,-0.000366319,0,0,0,,,,0,0,0,,,,,,,,,,,,,,,,-0.0138872,-0.0138872,-0.0118536,-0.0137642,-0.0137642,-0.0119348,,,,,,,,,,,,,,,,,,,0,0,0,0,0,0,,,,-1.04875e-16,-1.04875e-16,-5.56504e-17,-2.02561e-11,-2.02561e-11,-1.64552e-11,-6.67489e-06,-6.67489e-06,-6.67489e-06,1.96435e-08,1.96435e-08,1.96435e-08,0,0,0,,,,0.000325918,0.000325918,0.000326528,1.34871e-08,1.34871e-08,1.34871e-08,,,,0.0124473,0.0124473,0.0127312,-0.02,-0.02,-0.0158333,-4.04808e-05,-4.04808e-05,-3.4544e-05,-4.31338e-05,-4.31338e-05,-3.48956e-05,,,,,,,,,,,,,,,,1,1,1,0,0,0,0,0,0,,,,68.1155,68.1155,68.1155,1e-05,1e-05,1e-05,,,,-0.0257203,-0.0257203,0.0102453,,,,0.0763393,0.0763393,0.218009,,,,,,,,,,,,,3.95604,3.95604,4.90594,0.107761,0.107761,0.233304,377,377,377,,,,1.00012,1.00012,1.00017,,,,,,,,,,7.36,7.36,7.75,7.36,7.36,7.75,-0.976532,-0.976532,-0.976532,-0.976532,-0.976532,-0.976532
2026-08-31_07-25-26_v2-balltonet-depth-s0,task_v2,8000,41,0.0534447,0.053507,0.0692212,0.04,0.04,0.04,,,,1,1,1,,,,-0.00169411,-0.00168823,-0.0016675,,,,,,,-0.000149095,-0.00015449,-0.000102681,-4.42964e-05,-3.84871e-05,-1.17044e-05,,,,0,0,0,,,,,,,,,,,,,,,,-0.0156661,-0.0156606,-0.0156357,-0.0159827,-0.0159768,-0.0159541,,,,,,,,,,,,,,,,,,,0,0,0,0,0,0,,,,-1.01139e-13,-1.02987e-13,-9.23184e-14,-3.28538e-08,-3.28399e-08,-3.27949e-08,-7.70242e-06,-7.65945e-06,-7.32243e-06,1.37533e-08,1.39835e-08,4.01452e-08,,,,,,,0.000334689,0.000335896,0.000831215,1.01305e-08,1.02946e-08,2.79898e-08,0,0,0,0.0140563,0.0140495,0.0356506,-0.02,-0.02,-0.0100868,-6.67244e-05,-6.67221e-05,-6.01804e-05,-7.91165e-05,-7.86264e-05,-7.69489e-05,0,0,0,,,,,,,,,,,,,1,1,1,0,0,0,0,0,0.0190023,,,,-5.43245,-5.41977,62.4888,2.25e-05,1.625e-05,0.000384434,,,,-0.0097783,-0.00920591,-0.00403529,,,,7.54949e-05,7.87031e-05,0.37474,,,,,,,,,,,,,5.72293,5.69654,8.56696,0.129961,0.119913,0.388726,4198,4225.35,4364,,,,0.217104,0.217125,1.00127,,,,,,,,,,8.01,8.02413,21.77,8.01,8.02413,21.77,-0.785413,-0.785496,-0.780545,-0.785413,-0.785496,-0.780545
2026-08-31_13-37-09_grip-cubetoshelfgrip-blind-s0,task_v2,8000,41,-0.39229,-0.390739,0.105753,0.04,0.04,0.04,,,,1,1,1,,,,-0.401932,-0.40501,-0.00387574,,,,,,,0,-0.000363818,0,0,-1.32604e-05,0,,,,0,9.28867e-05,0.010221,,,,,,,,,,,,,,,,-0.0316836,-0.0358275,-0.00962703,-0.0305252,-0.0262821,-0.00863682,,,,,,,,,,,,,,,,,,,2.1952e-05,0.000113,0.00179569,0,8.8599e-05,0.0112044,,,,-0.000968175,-0.0247332,-7.70517e-17,-4.07443e-05,-0.000136632,-1.60062e-11,-0.00194087,-0.00720594,-4.64614e-06,0.017033,0.0145878,0.0239244,0,0,0,,,,0.323102,0.307903,0.367322,0.0148263,0.0124792,0.0204672,,,,0.884778,0.899598,1,-0.00266667,-0.00235379,0,-0.00653284,-0.00648736,-3.76229e-05,-0.00795298,-0.00797657,-3.51163e-05,,,,,,,,,,,,,,,,0.120728,0.116567,1,0,0,0,0.879272,0.883535,0.918254,,,,57.2549,57.0599,68.1162,1e-05,1.3825e-05,0.000256289,,,,-0.00609076,-0.00562169,0.0179534,,,,0.0375967,0.0420128,0.251565,,,,,,,,,,,,,5.10352,5.03835,9.11171,0.124706,0.125136,0.449006,4700,4760.07,5451,,,,0.799518,0.796307,1.00015,,,,,,,,,,447.41,449.891,491.13,447.41,449.891,491.13,14.476,14.3336,16.1749,14.476,14.3336,16.1749
2026-08-31_15-02-19_v2-balltonet-rgb-s0,task_v2,8000,41,0.0558865,0.056221,0.0696259,0.04,0.04,0.04,,,,1,1,1,,,,-0.00169188,-0.00168258,-0.00164257,,,,,,,-0.000179311,-0.000151929,-8.75104e-05,-4.42459e-05,-4.40094e-05,-9.69411e-06,,,,0,0,0,,,,,,,,,,,,,,,,-0.0157084,-0.0157135,-0.015687,-0.0160184,-0.0160159,-0.0159832,,,,,,,,,,,,,,,,,,,0,0,0,0,0,0,,,,-1.04313e-13,-1.0322e-13,-9.18116e-14,-3.28996e-08,-3.28926e-08,-3.28288e-08,-7.74026e-06,-7.67233e-06,-7.33855e-06,1.38606e-08,1.36342e-08,3.949e-08,,,,,,,0.000335271,0.000334342,0.000803937,1.02003e-08,1.00403e-08,2.75535e-08,0,0,0,0.0140787,0.0140753,0.0344888,-0.02,-0.02,-0.0100775,-6.69991e-05,-6.57285e-05,-6.11202e-05,-7.59018e-05,-7.59873e-05,-7.48373e-05,0,0,0,,,,,,,,,,,,,1,1,1,0,0,0,0,0,0.019165,,,,-5.97246,-5.88312,62.4798,2.25e-05,1.60125e-05,0.000296296,,,,-0.00956795,-0.0085091,-0.0028595,,,,9.18985e-05,8.36983e-05,0.391815,,,,,,,,,,,,,9.7495,9.65239,12.9022,0.133456,0.13813,0.469176,2486,2510.16,2696,,,,0.214838,0.215275,1.00116,,,,,,,,,,8.07,8.03395,21.7,8.07,8.03395,21.7,-0.790379,-0.78684,-0.781986,-0.790379,-0.78684,-0.781986
2026-08-31_20-24-45_grip-cubetoshelfgrip-depth-s0,task_v2,8000,41,-0.396071,-0.395443,0.109071,0.04,0.04,0.04,,,,1,1,1,,,,-0.312144,-0.318463,-0.0039625,,,,,,,0,-6.05164e-05,0,0,-3.6875e-06,0,,,,0,2.86779e-05,0.00233275,,,,,,,,,,,,,,,,-0.0182725,-0.033717,-0.00967657,-0.0200359,-0.0197442,-0.0086421,,,,,,,,,,,,,,,,,,,2.64369e-06,8.68446e-06,6.1258e-05,0,1.42447e-06,0.000300925,,,,-0.00061366,-0.0105579,-7.6457e-17,-1.64199e-05,-5.41955e-05,-1.6027e-11,-0.000709171,-0.00282964,-4.66105e-06,0.000777745,0.00105622,0.00190374,0,0,0,,,,0.137453,0.154183,0.186618,0.000618501,0.000851439,0.0015075,,,,0.862815,0.893132,1,-0.00280556,-0.00252564,0,-0.00664234,-0.00658681,-3.73118e-05,-0.00668817,-0.00711794,-3.42763e-05,,,,,,,,,,,,,,,,0.123169,0.127683,1,0,0,0,0.876831,0.872317,0.925496,,,,52.2976,52.1646,68.1007,1e-05,1.23469e-05,0.000384434,,,,-0.00621952,-0.00523244,0.00681774,,,,0.0101187,0.0211915,0.230528,,,,,,,,,,,,,6.13013,6.23712,10.0381,0.118756,0.120664,0.417998,3932,3865.87,4316,,,,0.720388,0.718411,0.999794,,,,,,,,,,446.68,446.309,491.66,446.68,446.309,491.66,13.1338,12.9301,15.3684,13.1338,12.9301,15.3684
2026-09-01_00-55-45_v2-planktowall-blind-s0,task_v2,8000,41,0.139441,0.137995,0.313103,0.04,0.04,0.04,,,,1,1,1,,,,-0.333443,-0.33266,-0.0212672,,,,,,,-0.0132602,-0.0132768,-0.00576429,-0.0293814,-0.0292294,-0.0211671,,,,,,,,,,,,,,,,,,,,,,-0.0015682,-0.00156705,-0.000205168,-0.00151268,-0.00149117,-0.000884571,,,,,,,,,,,,,,,,0.356268,0.348501,0.384969,0,0,0,0,0,0,,,,-0.0258881,-0.0258168,-0.00950455,-0.00603311,-0.00585369,-0.00214656,-0.00661226,-0.00583401,-0.00170587,0,0,0,,,,,,,1.25915e-05,1.2718e-05,0.000144808,0,0,0,,,,0.0426347,0.0426537,0.294733,-0.02,-0.02,-0.00535119,-0.000457,-0.00045688,-0.00013621,-0.000453313,-0.000456724,-0.000146709,,,,,,,,,,,,,,,,0.578328,0.572633,0.938436,0.426554,0.430196,0.46757,0,0,0.116618,,,,109.369,109.152,109.369,0.000113906,9.04922e-05,0.000256289,,,,-0.0205842,-0.022067,0.00566037,,,,6.16607,5.97952,7.49526,,,,,,,,,,,,,5.19751,5.17005,8.05507,0.127206,0.132866,0.508957,4615,4634.24,4771,,,,2.91115,2.89687,2.91115,,,,,,,,,,22.38,22.3712,140.92,22.38,22.3712,140.92,-0.852783,-1.03207,5.73273,-0.852783,-1.03207,5.73273
2026-09-01_08-09-58_grip-cubetoshelfgrip-rgb-s0,task_v2,8000,41,-0.394028,-0.396269,0.106172,0.04,0.04,0.04,,,,1,1,1,,,,-0.383772,-0.367954,-0.00419844,,,,,,,0,-3.09375e-06,0,0,-1.32292e-06,0,,,,0,3.25389e-05,0.0149048,,,,,,,,,,,,,,,,-0.0699634,-0.0679382,-0.00963899,-0.0321458,-0.0352849,-0.00857329,,,,,,,,,,,,,,,,,,,2.31975e-05,2.40981e-05,0.00123616,0,9.15812e-06,0.00524168,,,,-4.85144e-05,-0.00507451,-7.75655e-17,-1.50462e-05,-2.84692e-05,-1.59126e-11,-0.000501331,-0.00134171,-4.65618e-06,0.00890251,0.00852505,0.0153555,0,0,0,,,,0.27871,0.262878,0.320562,0.00678961,0.00662241,0.0117506,,,,0.923615,0.878566,1,-0.00173611,-0.00261338,0,-0.00741422,-0.00703673,-3.75503e-05,-0.00807599,-0.00780916,-3.5799e-05,,,,,,,,,,,,,,,,0.121867,0.131267,1,0,0,0,0.878133,0.868733,0.915771,,,,55.7069,55.7706,68.1209,1.5e-05,1.35719e-05,0.000384434,,,,-0.0074192,-0.00668158,0.00690712,,,,0.018497,0.0236993,0.207774,,,,,,,,,,,,,8.01764,8.02859,13.6311,0.129337,0.130517,0.454115,3016,3012.03,3148,,,,0.773884,0.77492,1.00024,,,,,,,,,,456.24,438.568,485.32,456.24,438.568,485.32,14.0223,13.1961,15.0437,14.0223,13.1961,15.0437
2026-09-01_08-14-37_v2-planktowall-rgb-s0,task_v2,8000,41,0.14224,0.142027,0.312447,0.04,0.04,0.04,,,,1,1,1,,,,-0.361984,-0.361931,-0.0210954,,,,,,,-0.0160832,-0.0159759,-0.0060204,-0.0286269,-0.0287638,-0.021054,,,,,,,,,,,,,,,,,,,,,,-0.00172824,-0.0017132,-0.000194386,-0.00154313,-0.00156163,-0.000890142,,,,,,,,,,,,,,,,0.364105,0.360989,0.399808,0,0,0,0,0,0,,,,-0.0272828,-0.0286778,-0.00919375,-0.00579212,-0.00578197,-0.00201267,-0.00634761,-0.00604319,-0.00199061,0,0,0,,,,,,,1.29611e-05,1.30228e-05,9.6021e-05,0,0,0,,,,0.043566,0.0437984,0.202421,-0.02,-0.0199999,-0.00568452,-0.000452677,-0.000456039,-0.000137149,-0.000455608,-0.00045929,-0.000145884,,,,,,,,,,,,,,,,0.54891,0.557052,0.947266,0.453532,0.446471,0.486003,0,2.54313e-06,0.113078,,,,110.586,110.344,110.588,7.59375e-05,9.53338e-05,0.000256289,,,,-0.0259579,-0.0244468,0.00163241,,,,7.12452,6.94759,10.7438,,,,,,,,,,,,,10.6807,10.7325,16.1071,0.140642,0.1344,0.465694,2271,2261.28,2305,,,,2.99401,2.9775,2.99406,,,,,,,,,,23.14,22.8828,105.41,23.14,22.8828,105.41,-1.083,-1.33897,6.48814,-1.083,-1.33897,6.48814
2026-09-01_10-09-04_v2-planktowall-depth-s0,task_v2,8000,41,0.145793,0.146092,0.315304,0.04,0.04,0.04,,,,1,1,1,,,,-0.358794,-0.360844,-0.021113,,,,,,,-0.0156811,-0.0161687,-0.00612781,-0.0293281,-0.0292584,-0.0212199,,,,,,,,,,,,,,,,,,,,,,-0.00162517,-0.00173337,-0.000251229,-0.00152035,-0.00152727,-0.000880065,,,,,,,,,,,,,,,,0.390083,0.378231,0.423392,0,0,0,0,0,0,,,,-0.0291624,-0.0296759,-0.00694002,-0.00596538,-0.00587664,-0.00190054,-0.00665725,-0.00647002,-0.00184593,0,0,0,,,,,,,1.34538e-05,1.38029e-05,0.000139025,0,0,0,,,,0.0442268,0.0448071,0.292057,-0.02,-0.0199999,-0.00549438,-0.000463363,-0.000468718,-0.000134506,-0.000464695,-0.000467429,-0.000150938,,,,,,,,,,,,,,,,0.529663,0.534448,0.934692,0.471191,0.467714,0.517171,0,4.37419e-06,0.113118,,,,109.967,109.65,109.967,0.000113906,0.000104419,0.000256289,,,,-0.0247145,-0.0239604,-0.00146459,,,,7.02003,6.93035,32.9989,,,,,,,,,,,,,7.15577,7.06099,10.0759,0.117635,0.121924,0.629332,3378,3421.54,3565,,,,2.95268,2.93137,2.95268,,,,,,,,,,21.94,23.3756,149.7,21.94,23.3756,149.7,0.455974,-0.984784,5.74618,0.455974,-0.984784,5.74618
2026-09-01_12-25-20_grip-balltonetgrip-depth-s0,task_v2,8000,41,-0.396216,-0.394744,0.109353,0.04,0.04,0.04,,,,1,1,1,,,,-0.439442,-0.464559,-0.00422515,,,,,,,0,-8.66887e-05,0,0,-1.05164e-05,0,,,,0,0,3.69191e-07,,,,,,,,,,,,,,,,-0.0179038,-0.0241272,-0.0096142,-0.0240648,-0.0234021,-0.00859001,,,,,,,,,,,,,,,,,,,0,5.30391e-10,1.7102e-06,0,0,1.0787e-05,,,,-1.24169e-10,-0.0103021,-6.11089e-14,-1.62368e-06,-7.57538e-05,-2.07269e-08,-0.000370594,-0.0463569,-4.74853e-06,0.000480742,0.000536517,0.00200977,,,,,,,0.112798,0.120646,0.193031,0.00038402,0.000414762,0.00155623,0,0,0,0.774487,0.833957,1,-0.00534127,-0.00414491,0,-0.0046753,-0.00489968,-3.77896e-05,-0.00437777,-0.00479925,-3.44568e-05,0,0,0.000575364,,,,,,,,,,,,,0.220662,0.205095,1,0,0,0,0.779338,0.794954,0.920939,,,,63.476,62.9471,68.0864,1e-05,1.27062e-05,0.000256289,,,,-0.00586222,-0.00495165,0.00870359,,,,0.0193935,0.754234,35.0364,,,,,,,,,,,,,6.8079,6.85618,11.4358,0.13876,0.139483,0.483979,3537,3513.48,3750,,,,0.908584,0.898677,0.999476,,,,,,,,,,408.09,416.809,485.41,408.09,416.809,485.41,8.20309,7.51447,12.9302,8.20309,7.51447,12.9302
2026-09-01_15-41-59_grip-balltonetgrip-blind-s0,task_v2,8000,41,-0.383559,-0.386587,0.10593,0.04,0.04,0.04,,,,1,1,1,,,,-0.50312,-0.435914,-0.00397655,,,,,,,-0.000175,-3.96066e-05,0,0,-1.02599e-05,0,,,,0,2.07132e-10,7.81516e-07,,,,,,,,,,,,,,,,-0.0736744,-0.0630443,-0.00960357,-0.0897004,-0.0670338,-0.00858316,,,,,,,,,,,,,,,,,,,0,9.59546e-08,8.20424e-06,0,1.42039e-08,4.71998e-05,,,,-0.00817405,-0.00928882,-6.10128e-14,-5.83777e-05,-5.92172e-05,-2.07339e-08,-0.00240084,-0.0035696,-4.77836e-06,0.028587,0.0260712,0.0382765,,,,,,,0.386274,0.334903,0.415159,0.0253604,0.0222865,0.0316178,0,0,0,0.938827,0.819216,1,-0.00185516,-0.00416668,0,-0.00703905,-0.00632067,-3.76453e-05,-0.00711315,-0.0062945,-3.52108e-05,0,0,0.000820719,,,,,,,,,,,,,0.210164,0.203868,1,0,0,0,0.789836,0.796183,0.881266,,,,62.4908,62.2344,68.1137,1e-05,1.48375e-05,0.000256289,,,,-0.00701207,-0.0070197,0.0062126,,,,0.0567085,0.0876292,8.17358,,,,,,,,,,,,,5.14642,5.14367,9.4476,0.123796,0.127736,0.470209,4663,4662.95,5217,,,,0.890903,0.886186,1.00007,,,,,,,,,,443.13,411.533,480.74,443.13,411.533,480.74,13.2282,12.2012,15.378,13.2282,12.2012,15.378
2026-09-02_01-12-31_grip-balltonetgrip-rgb-s0,task_v2,8000,41,-0.394879,-0.394363,0.106271,0.04,0.04,0.04,,,,1,1,1,,,,-0.437841,-0.428837,-0.00418346,,,,,,,0,-8.93973e-06,0,0,-7.05357e-06,0,,,,0,5.80897e-11,2.96295e-07,,,,,,,,,,,,,,,,-0.0400073,-0.0405105,-0.00963653,-0.0910629,-0.0894235,-0.00855239,,,,,,,,,,,,,,,,,,,4.351e-11,7.74538e-09,1.19808e-05,0,9.00651e-09,7.10906e-05,,,,-0.0127562,-0.00697021,-6.2445e-14,-0.000152315,-7.24596e-05,-2.07112e-08,-0.0462182,-0.103021,-4.7404e-06,0.0190851,0.0162779,0.0277879,,,,,,,0.285008,0.282217,0.365135,0.014835,0.0124452,0.0210408,0,0,0,0.798514,0.807811,1,-0.00505556,-0.00456424,0,-0.00544589,-0.00594816,-3.72853e-05,-0.00611724,-0.00628636,-3.55077e-05,0,0,0,,,,,,,,,,,,,0.219767,0.230351,1,0,0,0,0.780233,0.769852,0.884766,,,,62.7238,62.0548,68.1068,1e-05,1.13375e-05,0.000384434,,,,-0.00176804,-0.00456431,0.00352964,,,,2.1574,0.783774,49.1922,,,,,,,,,,,,,8.01928,8.06085,14.5628,0.1377,0.139745,0.385645,3012,2996.61,3078,,,,0.894809,0.882325,0.999936,,,,,,,,,,425.38,403.111,480.38,425.38,403.111,480.38,10.0975,8.73807,15.3535,10.0975,8.73807,15.3535
2026-09-02_03-08-37_grip-planktowallgrip-blind-s0,task_v2,8000,41,0.175496,0.173527,0.235541,0.04,0.04,0.04,,,,1,1,1,,,,-0.0241715,-0.0243764,-0.0234172,,,,,,,-0.00146806,-0.00141567,-0.00111956,-5.4825e-05,-5.95367e-05,-1.72973e-05,,,,,,,,,,,,,,,,,,,,,,-0.00297063,-0.00304696,-0.00284886,-0.000306907,-0.00028282,-0.000247729,,,,,,,,,,,,,,,,0,2.98761e-05,0.0292234,0,0,0,0,0,0,,,,-0.0113216,-0.0112116,-0.00946027,-0.00951963,-0.00943283,-0.00793919,-0.00156026,-0.00168025,-0.00125284,0,0,0,,,,,,,8.89504e-06,8.94989e-06,3.98404e-05,0,0,0,,,,0.0209672,0.0210574,0.0849866,-0.02,-0.02,-0.00905355,-0.000175041,-0.000175702,-9.37302e-05,-0.000229541,-0.000230823,-0.00021661,,,,,,,,,,,,,,,,1,0.999968,1,0,3.45866e-05,0.0140381,0,0,0.0367025,,,,80.6773,80.7818,81.3556,1e-05,3.06312e-05,0.000170859,,,,-0.00554498,-0.00793546,0.0239901,,,,0.589464,0.0963201,33.2684,,,,,,,,,,,,,6.4319,6.37127,10.1415,0.140227,0.136685,0.463889,3739,3776.59,4058,,,,1.30257,1.30537,1.32061,,,,,,,,,,11.53,11.5364,43.68,11.53,11.5364,43.68,-1.0983,-1.00903,-0.6844,-1.0983,-1.00903,-0.6844
2026-09-02_03-52-34_grip-planktowallgrip-depth-s0,task_v2,8000,41,0.190691,0.187623,0.234716,0.04,0.04,0.04,,,,1,1,1,,,,-0.0241515,-0.0241386,-0.0234029,,,,,,,-0.00112353,-0.00116786,-0.000869123,-7.96612e-05,-6.62479e-05,-1.63457e-05,,,,,,,,,,,,,,,,,,,,,,-0.0024948,-0.00245956,-0.00235577,-0.00030139,-0.000281102,-0.000246498,,,,,,,,,,,,,,,,0,2.43895e-05,0.0333428,0,0,0,0,0,0,,,,-0.0117405,-0.0114388,-0.00988991,-0.00965182,-0.00974802,-0.00774453,-0.00165504,-0.00174367,-0.00133693,0,0,0,,,,,,,9.46476e-06,9.36835e-06,3.38666e-05,0,0,0,,,,0.0218709,0.0217018,0.0724793,-0.02,-0.02,-0.00921356,-0.000180306,-0.000177299,-9.38768e-05,-0.000237953,-0.000236673,-0.00021564,,,,,,,,,,,,,,,,1,0.999974,1,0,3.03141e-05,0.0227458,0,0,0.0290934,,,,79.574,79.5838,79.8206,3.375e-05,2.25797e-05,0.000256289,,,,-0.00850733,-0.00692694,0.0270589,,,,0.0587698,0.0866103,14.6214,,,,,,,,,,,,,7.82146,7.80386,12.4028,0.137606,0.139522,0.500882,3087,3093.6,3133,,,,1.27273,1.27295,1.27862,,,,,,,,,,11.85,11.8473,40.27,11.85,11.8473,40.27,-1.09643,-0.980437,-0.702234,-1.09643,-0.980437,-0.702234
2026-09-02_06-52-58_grip-planktowallgrip-rgb-s0,task_v2,8000,41,0.175278,0.173894,0.234759,0.04,0.04,0.04,,,,1,1,1,,,,-0.023559,-0.0235639,-0.0232038,,,,,,,-0.00145205,-0.00148986,-0.00111584,-3.718e-05,-6.21712e-05,-1.86388e-05,,,,,,,,,,,,,,,,,,,,,,-0.00301917,-0.00302797,-0.00286004,-0.000309855,-0.000279286,-0.000245495,,,,,,,,,,,,,,,,0,2.30629e-05,0.0315543,0,0,0,0,0,0,,,,-0.011635,-0.0112126,-0.00963518,-0.00986155,-0.00946788,-0.00803542,-0.00173866,-0.00176737,-0.00126718,0,0,0,,,,,,,9.04736e-06,9.0257e-06,3.56075e-05,0,0,0,,,,0.0212162,0.0211482,0.0731968,-0.02,-0.02,-0.00920751,-0.000172924,-0.000174443,-9.4817e-05,-0.000232117,-0.000231138,-0.00021531,,,,,,,,,,,,,,,,1,0.999974,1,0,2.73641e-05,0.0185954,0,1.11898e-06,0.0345866,,,,79.6776,79.6285,79.7726,3.375e-05,2.29422e-05,0.000256289,,,,-0.00898472,-0.00731347,0.055624,,,,0.0648287,0.11085,10.2586,,,,,,,,,,,,,9.08778,8.90814,14.3855,0.219735,0.12133,0.63325,2640,2721.64,2839,,,,1.27593,1.27462,1.27831,,,,,,,,,,11.6,11.5781,38.28,11.6,11.5781,38.28,-1.04008,-0.993784,-0.730946,-1.04008,-0.993784,-0.730946
2026-09-03_15-20-43_v2b-planktowall-blind-s0,task_v2,8000,41,0.341439,0.344949,0.351973,0.04,0.04,0.04,,,,1,1,1,,,,-0.166815,-0.169126,-0.00773774,,,,,,,-0.0101639,-0.012807,-0.000291667,0,-8.44325e-05,0,,,,,,,,,,,,,,,,,,,,,,-0.0976887,-0.0953149,-3.9027e-08,-0.0033727,-0.00284969,-0.000387394,,,,,,,,,,,,,,,,0,0,0,0,0,0,0,0,0,,,,-1.71348e-07,-3.62911e-06,-2.12528e-11,-6.85047e-06,-1.39145e-05,-1.40192e-06,-0.000566285,-0.00058154,-1.25389e-05,0,0,0,,,,,,,0.000354618,0.000343547,0.000377328,0,0,0,,,,0.974729,0.976788,1,-0.000541667,-0.000556436,0,-0.00919683,-0.00922432,-0.000130679,-0.00712612,-0.00745027,-8.83513e-05,,,,,,,,,,,,,,,,0.0227458,0.0279171,1,0,0,0,0.977254,0.972083,0.992188,,,,31.786,31.8682,62.4367,1e-05,1.095e-05,0.000296296,,,,-0.00424039,-0.00420794,0.00217363,,,,0.00660086,0.00394817,0.0570237,,,,,,,,,,,,,4.21293,4.29306,7.44428,0.127073,0.13096,0.455627,5662,5555.45,5776,,,,0.50821,0.509249,1.00009,,,,,,,,,,486.02,488.3,500,486.02,488.3,500,13.53,13.5752,14.2367,13.53,13.5752,14.2367
2026-09-03_15-21-07_v2b-planktowall-depth-s0,task_v2,8000,41,0.309973,0.312538,0.34171,0.04,0.04,0.04,,,,1,1,1,,,,-0.151678,-0.153908,-0.00571031,,,,,,,-0.00816269,-0.0169435,-0.000618056,-0.000111111,-1.45412e-05,0,,,,,,,,,,,,,,,,,,,,,,-0.0828313,-0.088888,-3.0403e-08,-0.0122669,-0.0100139,-0.00015928,,,,,,,,,,,,,,,,0,0,0,0,0,0,0,0,0,,,,-1.33388e-07,-3.96159e-07,-4.96245e-14,-1.61439e-05,-1.53591e-05,-1.23901e-07,-0.000446865,-0.000504135,-1.30348e-05,0,0,0,,,,,,,0.000266164,0.000278414,0.000331348,0,0,0,,,,0.93917,0.966201,1,-0.00138889,-0.00114558,0,-0.00853441,-0.00891857,-0.000128139,-0.00722585,-0.00762097,-8.65604e-05,,,,,,,,,,,,,,,,0.0569255,0.0559429,1,0,0,0,0.943075,0.94421,0.965861,,,,27.1714,26.9268,62.4341,1e-05,1.02e-05,0.000444444,,,,-0.0035797,-0.00322229,0.0011865,,,,0.00649103,0.0068699,0.0550696,,,,,,,,,,,,,5.25075,5.25973,7.55591,0.107527,0.105729,0.426625,4586,4580.6,4858,,,,0.465302,0.462566,1.00002,,,,,,,,,,471.94,483.197,500,471.94,483.197,500,13.3964,13.5773,14.863,13.3964,13.5773,14.863
2026-09-03_15-21-43_v2b-planktowall-rgb-s0,task_v2,8000,41,0.338416,0.335402,0.350209,0.04,0.04,0.04,,,,1,1,1,,,,-0.182772,-0.159678,-0.00541533,,,,,,,-0.0455764,-0.0735922,-0.000927388,-8.33333e-05,-0.00021009,0,,,,,,,,,,,,,,,,,,,,,,-0.129754,-0.112974,-4.05027e-08,-0.00567765,-0.00918443,-0.000193006,,,,,,,,,,,,,,,,0,0,0,0,0,0,0,0,0,,,,-0.00015676,-0.000271186,-5.0453e-12,-5.53172e-05,-7.07482e-05,-5.15786e-07,-0.00153499,-0.00169005,-1.27784e-05,0,0,0,,,,,,,0.000245747,0.000215614,0.000324512,0,0,0,,,,0.802909,0.705199,1,-0.00604167,-0.00857376,0,-0.00498306,-0.00448754,-0.000129541,-0.0054217,-0.00473294,-8.7753e-05,,,,,,,,,,,,,,,,0.354411,0.425578,1,0,0,0,0.646566,0.574841,0.961873,,,,32.8607,32.276,62.4445,1.5e-05,1.34312e-05,0.000444444,,,,-0.005702,-0.00486858,0.00286921,,,,0.0313432,0.0403362,0.0805703,,,,,,,,,,,,,10.0813,10.0562,13.7014,0.130608,0.131211,0.457397,2406,2412.03,2680,,,,0.523163,0.516381,1.0003,,,,,,,,,,401.66,353.6,499.09,401.66,353.6,499.09,8.25722,6.61486,12.8974,8.25722,6.61486,12.8974
2026-09-03_15-23-44_v2b-planktowallgrip-blind-s0,task_v2,8000,41,0.354762,0.354308,0.360039,0.04,0.04,0.04,,,,1,1,1,,,,-0.177404,-0.174473,-0.00782434,,,,,,,-0.00986111,-0.0100387,-0.000749723,0,-4.58333e-07,0,,,,,,,,,,,,,,,,,,,,,,-0.070641,-0.0698093,-0.0001243,-0.00525248,-0.00566211,-0.000587533,,,,,,,,,,,,,,,,0,0,0,0,0,0,0,0,0,,,,-3.35432e-06,-3.88556e-05,-5.11727e-11,-3.08255e-05,-3.63218e-05,-1.01111e-06,-0.000891516,-0.00256032,-9.98356e-06,0,0,0,,,,,,,0.000283413,0.000278559,0.000330734,0,0,0,,,,0.977643,0.964423,1,-0.000555556,-0.000960259,0,-0.00530874,-0.00570053,-8.41976e-05,-0.00730268,-0.00712578,-7.03872e-05,,,,,,,,,,,,,,,,0.0339355,0.0481191,1,0,0,0,0.966064,0.951881,0.991211,,,,34.6238,34.6953,68.1163,1.5e-05,1.20031e-05,0.000256289,,,,-0.0061857,-0.00582589,0.00464371,,,,0.00431706,0.00479,0.120539,,,,,,,,,,,,,5.12708,5.10659,10.1119,0.138541,0.126464,0.651391,4667,4696.78,4882,,,,0.505199,0.50573,1.0002,,,,,,,,,,482.84,481.913,500,482.84,481.913,500,13.8083,13.7578,14.4124,13.8083,13.7578,14.4124
2026-09-03_15-58-19_v2b-planktowallgrip-depth-s0,task_v2,8000,41,0.359423,0.360132,0.365988,0.04,0.04,0.04,,,,1,1,1,,,,-0.146152,-0.145725,-0.00866465,,,,,,,-0.00576111,-0.00604482,-0.000236111,0,-1.73115e-06,0,,,,,,,,,,,,,,,,,,,,,,-0.0526895,-0.050127,-0.000103263,-0.00314863,-0.00433045,-0.000961317,,,,,,,,,,,,,,,,0,0,0,0,0,0,0,0,0,,,,-3.54006e-06,-0.000247744,-1.02067e-16,-7.19193e-06,-1.33546e-05,-5.45684e-10,-0.000642411,-0.00110982,-9.77892e-06,0,0,0,,,,,,,0.000301976,0.000294758,0.000410156,0,0,0,,,,0.991316,0.982318,1,-0.000208333,-0.00039849,0,-0.00672294,-0.00666489,-8.40076e-05,-0.00551707,-0.00542498,-7.17661e-05,,,,,,,,,,,,,,,,0.0187174,0.0188341,1,0,0,0,0.981283,0.981166,0.993856,,,,29.7928,29.752,68.1297,1e-05,1.10312e-05,0.000256289,,,,-0.00512778,-0.00471631,0.00221714,,,,0.00201145,0.00255587,0.154132,,,,,,,,,,,,,5.49583,5.58731,9.10089,0.10756,0.108073,0.453002,4385,4315.28,5104,,,,0.452338,0.452024,1.00046,,,,,,,,,,495.84,491.347,500,495.84,491.347,500,15.4206,15.2563,15.6942,15.4206,15.2563,15.6942
2026-09-03_20-46-14_v2b-planktowallgrip-rgb-s0,task_v2,8000,41,0.358725,0.359329,0.36312,0.04,0.04,0.04,,,,1,1,1,,,,-0.259776,-0.251411,-0.00893826,,,,,,,-0.0108819,-0.0410061,-0.000682994,0,-4.23289e-05,0,,,,,,,,,,,,,,,,,,,,,,-0.0589457,-0.0585743,-9.64794e-05,-0.00590931,-0.00550141,-0.000976821,,,,,,,,,,,,,,,,0,0,0,0,0,0,0,0,0,,,,-2.41066e-06,-4.00094e-05,-6.073e-10,-2.05445e-05,-3.44885e-05,-3.75294e-06,-0.00055918,-0.00113903,-9.72205e-06,0,0,0,,,,,,,0.000229141,0.000228352,0.000263428,0,0,0,,,,0.950358,0.939799,1,-0.00173611,-0.00166463,0,-0.00663627,-0.00638232,-8.39e-05,-0.00495277,-0.00532261,-7.03838e-05,,,,,,,,,,,,,,,,0.13265,0.0766836,1,0,0,0,0.86735,0.923326,0.976807,,,,44.1493,43.7717,68.1294,1.5e-05,1.08812e-05,0.000384434,,,,-0.00507371,-0.00522303,0.0055085,,,,0.0220973,0.0169168,0.130833,,,,,,,,,,,,,8.65691,8.86008,14.976,0.127661,0.131521,0.459302,2797,2733.24,2859,,,,0.61238,0.60745,1.00052,,,,,,,,,,463.68,471.093,500,463.68,471.093,500,11.4884,11.4009,13.831,11.4884,11.4009,13.831
2026-09-05_10-56-25_v2fix-cubetoshelf-blind-s0,task_v2,3914,20,0.0586934,0.0582255,0.146379,0.04,0.04,0.04,,,,1,1,1,,,,-0.00108386,-0.00108557,-0.00107447,,,,,,,0,0,0,0,0,0,,,,0,0,0,,,,,,,,,,,,,,,,-0.00908908,-0.00909458,-0.00907503,-0.00960203,-0.00961514,-0.00959219,,,,,,,,,,,,,,,,,,,1.66647e-17,9.99363e-18,5.93127e-17,0,0,0,,,,-8.34679e-17,-8.42609e-17,-1.30616e-17,-1.67118e-11,-1.63331e-11,-1.55358e-11,-4.76868e-06,-4.71218e-06,-4.56453e-06,7.24024e-09,7.33979e-09,2.52145e-08,0,0,0,,,,0.000202289,0.000203153,0.00064927,5.14627e-09,5.21533e-09,1.74252e-08,,,,0.00805782,0.008072,0.0290171,-0.02,-0.02,-0.0115058,-1.74097e-05,-1.75315e-05,-1.71824e-05,-1.61937e-05,-1.61602e-05,-1.59572e-05,,,,,,,,,,,,,,,,1,1,1,0,0,0,0,0,0.0152995,,,,-26.111,-25.9899,62.4368,1.5e-05,1.32949e-05,0.000256289,,,,-0.00895557,-0.00718972,0.00114575,,,,9.29665e-06,1.06197e-05,0.20977,,,,,,,,,,,,,4.25553,4.29731,7.64163,0.138358,0.140662,0.459981,5593,5537.66,5819,,,,0.135053,0.13543,1.00009,,,,,,,,,,5.02,5.03564,18.98,5.02,5.03564,18.98,-0.631075,-0.631137,-0.629513,-0.631075,-0.631137,-0.629513
2026-09-05_10-56-41_v2fix-cubetoshelf-depth-s0,task_v2,2721,14,0.0561665,0.0565024,0.137322,0.04,0.04,0.04,,,,1,1,1,,,,-0.00109488,-0.00109908,-0.001091,,,,,,,0,0,0,0,0,0,,,,0,0,0,,,,,,,,,,,,,,,,-0.00908685,-0.00908029,-0.0090585,-0.00959305,-0.0095831,-0.00956192,,,,,,,,,,,,,,,,,,,1.73454e-17,1.02049e-17,6.36431e-17,0,0,0,,,,-8.66646e-17,-8.37297e-17,-6.77215e-18,-1.66231e-11,-1.63232e-11,-1.55568e-11,-4.69653e-06,-4.70243e-06,-4.54886e-06,7.2534e-09,7.31447e-09,2.61954e-08,0,0,0,,,,0.000202325,0.000202615,0.000669776,5.14914e-09,5.1948e-09,1.81152e-08,,,,0.0080721,0.00805979,0.0298936,-0.02,-0.02,-0.0115576,-1.7588e-05,-1.75952e-05,-1.74903e-05,-1.64722e-05,-1.66895e-05,-1.64021e-05,,,,,,,,,,,,,,,,1,1,1,0,0,0,0,0,0.0151367,,,,-24.1013,-23.8168,62.4263,1e-05,1.16728e-05,0.000296296,,,,-0.00645513,-0.00553129,0.00269081,,,,1.06572e-05,9.8464e-06,0.231945,,,,,,,,,,,,,6.22937,6.17038,9.67717,0.12939,0.129977,0.460397,3864,3900.65,4024,,,,0.14133,0.142265,0.999825,,,,,,,,,,5.09,5.0286,19.51,5.09,5.0286,19.51,-0.631813,-0.630757,-0.629328,-0.631813,-0.630757,-0.629328
2026-09-05_10-56-41_v2fix-cubetoshelf-rgb-s0,task_v2,1995,10,0.057154,0.0575055,0.141535,0.04,0.04,0.04,,,,1,1,1,,,,-0.00112742,-0.00113445,-0.0011239,,,,,,,0,0,0,0,0,0,,,,0,0,0,,,,,,,,,,,,,,,,-0.00908572,-0.00908272,-0.0090626,-0.0095998,-0.00959616,-0.00957958,,,,,,,,,,,,,,,,,,,1.14168e-17,1.02024e-17,6.96111e-17,0,0,0,,,,-8.65331e-17,-8.41391e-17,-5.58412e-18,-1.63765e-11,-1.62892e-11,-1.55021e-11,-4.7552e-06,-4.70639e-06,-4.55969e-06,7.29829e-09,7.22198e-09,2.60226e-08,0,0,0,,,,0.000202616,0.000202053,0.000659519,5.18345e-09,5.12906e-09,1.79867e-08,,,,0.0080647,0.0080602,0.0293037,-0.02,-0.02,-0.011542,-1.77453e-05,-1.78141e-05,-1.75633e-05,-1.66138e-05,-1.67537e-05,-1.64303e-05,,,,,,,,,,,,,,,,1,1,1,0,0,0,0,0,0.0154622,,,,-18.0058,-17.4694,62.431,1.5e-05,1.22222e-05,0.000444444,,,,-0.00523846,-0.00505138,0.00277328,,,,1.05749e-05,9.8804e-06,0.257038,,,,,,,,,,,,,8.62333,8.54252,11.8281,0.129123,0.129874,0.289432,2807,2833.46,2985,,,,0.162267,0.164251,0.999882,,,,,,,,,,5.02,5.03212,19.64,5.02,5.03212,19.64,-0.631225,-0.631839,-0.6305,-0.631225,-0.631839,-0.6305
2026-09-05_10-56-42_v2fix-balltonet-blind-s0,task_v2,4382,22,0.0576889,0.0578158,0.146663,0.04,0.04,0.04,,,,1,1,1,,,,-0.00109932,-0.00109092,-0.00107786,,,,,,,0,0,0,0,0,0,,,,0,0,0,,,,,,,,,,,,,,,,-0.00907438,-0.00908467,-0.00906638,-0.00959708,-0.00960656,-0.0095867,,,,,,,,,,,,,,,,,,,0,0,0,0,0,0,,,,-6.5213e-14,-6.45725e-14,-5.9396e-14,-2.05796e-08,-2.05977e-08,-2.0553e-08,-4.82226e-06,-4.80688e-06,-4.65038e-06,1.18101e-08,1.19342e-08,4.11493e-08,,,,,,,0.000233876,0.000234695,0.000749491,8.40619e-09,8.49136e-09,2.84665e-08,0,0,0,0.00805767,0.00806653,0.0289453,-0.02,-0.02,-0.011522,-1.76929e-05,-1.7679e-05,-1.73075e-05,-1.65637e-05,-1.64675e-05,-1.5986e-05,0,0,0,,,,,,,,,,,,,1,1,1,0,0,0,0,0,0.0152995,,,,-26.698,-26.5885,62.4305,1e-05,1.32534e-05,0.000256289,,,,-0.00785075,-0.00703009,0.00223824,,,,8.88499e-06,9.85515e-06,0.209277,,,,,,,,,,,,,3.85544,3.81919,6.85314,0.119242,0.121102,0.393701,6183,6242.6,6935,,,,0.133259,0.13361,0.999932,,,,,,,,,,5.04,5.03498,18.6,5.04,5.03498,18.6,-0.630362,-0.630417,-0.62839,-0.630362,-0.630417,-0.62839
2026-09-05_10-57-41_gripfix-cubetoshelfgrip-blind-s0,task_v2,3909,20,0.0780435,0.077954,0.151909,0.04,0.04,0.04,,,,1,1,1,,,,-0.00107944,-0.00107706,-0.00105734,,,,,,,0,0,0,0,0,0,,,,0,0,0,,,,,,,,,,,,,,,,-0.00932111,-0.00932367,-0.00930133,-0.00974861,-0.0097581,-0.00972771,,,,,,,,,,,,,,,,,,,1.09134e-17,8.76686e-18,6.04424e-17,0,0,0,,,,-8.02037e-17,-8.41686e-17,-2.12583e-17,-1.62039e-11,-1.63189e-11,-1.56792e-11,-4.65624e-06,-4.71054e-06,-4.55748e-06,6.03737e-09,6.05627e-09,2.57207e-08,0,0,0,,,,0.000193543,0.000193753,0.000631,4.30922e-09,4.32123e-09,1.78172e-08,,,,0.00806034,0.00806716,0.0276336,-0.02,-0.02,-0.0119895,-1.46562e-05,-1.49511e-05,-1.46562e-05,-1.46016e-05,-1.46372e-05,-1.44002e-05,,,,,,,,,,,,,,,,1,1,1,0,0,0,0,0,0.0133464,,,,-26.3507,-26.279,68.0987,1.5e-05,1.3359e-05,0.000256289,,,,-0.00873032,-0.00762216,0.00680087,,,,9.854e-06,1.20088e-05,0.23218,,,,,,,,,,,,,4.18189,4.22799,9.40162,0.127386,0.149229,0.677067,5703,5616.41,6383,,,,0.140947,0.141192,0.99976,,,,,,,,,,5.05,5.03323,16.18,5.05,5.03323,16.18,-0.63949,-0.638648,-0.636787,-0.63949,-0.638648,-0.636787
