task=TaskV2-BHL-CubeToShelfStand4-Blind-v0 run=v2-cubetoshelfstand4-blind-s100-j21506757-smoke seed=100 envs=1024 iters=20
entrypoint=/nfs/hpc/share/sanchej7/Humanoid_Lite/bhl-robustness-ladder/scripts/train.py
The '--headless' CLI argument is deprecated. Omit '--viz' for default headless. If config visualizers are enabled and you want to force headless, use '--viz none'.
WARNING: All log messages before absl::InitializeLog() is called are written to STDERR
E0000 00:00:1790937082.467558  657068 descriptor_database.cc:633] File already exists in database: grpc/health/v1/health.proto
W0000 00:00:1790937082.467610  657068 message.cc:301] Protobuf GeneratedMessageFactory: File is already registered: grpc/health/v1/health.proto
Loading user config located at: '/nfs/hpc/share/sanchej7/Humanoid_Lite/venv-isaac60/lib/python3.12/site-packages/isaacsim/kit/data/Kit/IsaacLab/3.0/user.config.json'
2026-10-02T10:31:21Z [Info] [carb] Logging to file: /nfs/hpc/share/sanchej7/Humanoid_Lite/venv-isaac60/lib/python3.12/site-packages/isaacsim/kit/logs/Kit/IsaacLab/3.0/kit_20261002_033121.log
2026-10-02T10:31:21Z [11ms] [Warning] [omni.ext.plugin] [ext: isaaclab_visualizers] Extensions config 'extension.toml' doesn't exist '/nfs/hpc/share/sanchej7/Humanoid_Lite/venv-isaac60/lib/python3.12/site-packages/isaaclab/source/isaaclab_visualizers' or '/nfs/hpc/share/sanchej7/Humanoid_Lite/venv-isaac60/lib/python3.12/site-packages/isaaclab/source/isaaclab_visualizers/config'
2026-10-02T10:31:22Z [1,156ms] [Warning] [omni.perfmonitor.plugin]  PerfMonitorManager::onStart - error calling pthread_setaffinity_np
2026-10-02T10:31:22Z [1,229ms] [Warning] [omni.platforminfo.plugin] failed to open the default display.  Can't verify X Server version.
2026-10-02T10:31:22Z [1,230ms] [Warning] [omni.rtx] CUDA_VISIBLE_DEVICES environment variable is set.
2026-10-02T10:31:22Z [1,230ms] [Warning] [omni.rtx] Note CUDA device enumeration and Omniverse device enumeration are different.
2026-10-02T10:31:22Z [1,230ms] [Warning] [omni.rtx] Setting CUDA_VISIBLE_DEVICES can lead to undesired behavior or crashes.

|---------------------------------------------------------------------------------------------|
| Driver Version: 610.57.04     | Graphics API: Vulkan
|=============================================================================================|
| GPU | Name                             | Active | LDA | GPU Memory | Vendor-ID | LUID       |
|     |                                  |        |     |            | Device-ID | UUID       |
|     |                                  |        |     |            | Bus-ID    |            |
|---------------------------------------------------------------------------------------------|
| 0   | NVIDIA H200                      | Yes: 0 |     | 143771  MB | 10de      | 0          |
|     |                                  |        |     |            | 2335      | 0ce2690e.. |
|     |                                  |        |     |            | 43        |            |
|=============================================================================================|
| OS: 22.04.5 LTS (Jammy Jellyfish) ubuntu, Version: 22.04.5, Kernel: 5.14.0-687.53.1.el9_8.x86_64
| Processor: Intel(R) Xeon(R) Platinum 8480C
| Cores: 112 | Logical Cores: 224
|---------------------------------------------------------------------------------------------|
| Total Memory (MB): 2063420 | Free Memory: 2027924
| Total Page/Swap (MB): 0 | Free Page/Swap: 0
|---------------------------------------------------------------------------------------------|
2026-10-02T10:31:24Z [2,385ms] [Warning] [omni.rtx] ECC is enabled on physical device 0
2026-10-02T10:31:25Z [3,647ms] [Warning] [carb.windowing-glfw.plugin] GLFW initialization failed.
2026-10-02T10:31:25Z [3,647ms] [Warning] [carb] Failed to startup plugin carb.windowing-glfw.plugin (interfaces: [carb::windowing::IGLContext v1.0],[carb::windowing::IWindowing v1.5]) (impl: carb.windowing-glfw.plugin)
2026-10-02T10:31:25Z [3,749ms] [Warning] [carb.windowing-glfw.plugin] GLFW initialization failed.
2026-10-02T10:31:25Z [3,749ms] [Warning] [carb] Failed to startup plugin carb.windowing-glfw.plugin (interfaces: [carb::windowing::IGLContext v1.0],[carb::windowing::IWindowing v1.5]) (impl: carb.windowing-glfw.plugin)
2026-10-02T10:31:25Z [3,751ms] [Warning] [carb.windowing-glfw.plugin] GLFW initialization failed.
2026-10-02T10:31:25Z [3,751ms] [Warning] [carb] Failed to startup plugin carb.windowing-glfw.plugin (interfaces: [carb::windowing::IGLContext v1.0],[carb::windowing::IWindowing v1.5]) (impl: carb.windowing-glfw.plugin)
2026-10-02T10:31:25Z [4,248ms] [Warning] [isaacsim.core.simulation_manager.plugin] USD stage is not available; stage-opened subscription is deferred
2026-10-02T10:31:25Z [4,248ms] [Warning] [isaacsim.core.simulation_manager.plugin] USD stage is not available; stage-opened subscription is deferred
2026-10-02T10:31:25Z [4,295ms] [Warning] [omni.log] Source: omni.hydra was already registered.
2026-10-02T10:31:28Z [6,753ms] [Warning] [pxr.Semantics] pxr.Semantics is deprecated - please use Semantics instead
2026-10-02T10:31:28Z [6,886ms] [Warning] [omni.replicator.core.scripts.extension] No material configuration file, adding configuration to material settings directly.
2026-10-02T10:31:29Z [7,898ms] [Warning] [omni.rtx] Trying to initialize NGX without vkGetInstanceProcAddr and vkGetDeviceProcAddr pointer-to-functions.
2026-10-02T10:31:29Z [7,899ms] [Error] [omni.rtx] Could not get NGX parameters block because NGX isn't enabled.
2026-10-02T10:31:29Z [7,899ms] [Error] [omni.rtx] Failed to create NGX context.
[ISAACLAB] AppLauncher initialization complete
[INFO]: Parsing configuration from: <class 'bhl_robust.tasks.task_v2_env_cfg.CubeToShelfStand4BlindCfg'>
[INFO]: Parsing configuration from: <class 'bhl_robust.tasks.task_v2_env_cfg.TaskV2Stand3PPORunnerCfg'>
[INFO] Logging experiment in directory: /nfs/hpc/share/sanchej7/Humanoid_Lite/bhl-robustness-ladder/external/Berkeley-Humanoid-Lite/logs/rsl_rl/task_v2
[INFO]: Base environment:
	Environment device    : cuda:0
	Environment seed      : 100
	Physics step-size     : 0.005
	Rendering step-size   : 0.04
	Environment step-size : 0.04
[INFO]: Registered backend 'physx' for factory Articulation.
[INFO]: Registered backend 'physx' for factory RigidObject.
[INFO]: Registered backend 'physx' for factory FrameView.
[INFO]: Registered backend 'physx' for factory ContactSensor.
[INFO]: Physics scene prim path: /physicsScene
[INFO]: Time taken for scene creation Last: 5.294328 s, Mean: 5.294328 s, Std: 0.000000 s, N: 1
[INFO]: Scene manager:  <class InteractiveScene>
	Number of environments: 1024
	Environment spacing   : 4.0
	Source prim name      : /World/envs/env_0
	Global prim paths     : ['/World/ground']
	Replicate physics     : True
[INFO]: Simulation parameters for joints in /World/envs/env_.*/robot_a:
+--------------------------------------------------------------------------------------------------------------------------------------------------------------------------------------+
|                                                         Simulation Joint Information (Prim path: /World/envs/env_.*/robot_a)                                                         |
+-------+--------------------------------+-----------+---------+----------+-----------------+------------------+------------------+------------------+-----------------+---------------+
| Index | Name                           | Stiffness | Damping | Armature | Static Friction | Dynamic Friction | Viscous Friction | Position Limits  | Velocity Limits | Effort Limits |
+-------+--------------------------------+-----------+---------+----------+-----------------+------------------+------------------+------------------+-----------------+---------------+
|   0   | arm_left_shoulder_pitch_joint  |   10.000  |  2.000  |  0.002   |      0.000      |      0.000       |      0.000       | [-1.571, 0.785]  |      15.000     |     4.000     |
|   1   | arm_right_shoulder_pitch_joint |   10.000  |  2.000  |  0.002   |      0.000      |      0.000       |      0.000       | [-0.785, 1.571]  |      15.000     |     4.000     |
|   2   | leg_left_hip_roll_joint        |   20.000  |  2.000  |  0.007   |      0.000      |      0.000       |      0.000       | [-0.175, 1.571]  |      15.000     |     6.000     |
|   3   | leg_right_hip_roll_joint       |   20.000  |  2.000  |  0.007   |      0.000      |      0.000       |      0.000       | [-1.571, 0.175]  |      15.000     |     6.000     |
|   4   | arm_left_shoulder_roll_joint   |   10.000  |  2.000  |  0.002   |      0.000      |      0.000       |      0.000       | [-0.262, 1.309]  |      15.000     |     4.000     |
|   5   | arm_right_shoulder_roll_joint  |   10.000  |  2.000  |  0.002   |      0.000      |      0.000       |      0.000       | [-1.309, 0.262]  |      15.000     |     4.000     |
|   6   | leg_left_hip_yaw_joint         |   20.000  |  2.000  |  0.007   |      0.000      |      0.000       |      0.000       | [-0.982, 0.589]  |      15.000     |     6.000     |
|   7   | leg_right_hip_yaw_joint        |   20.000  |  2.000  |  0.007   |      0.000      |      0.000       |      0.000       | [-0.589, 0.982]  |      15.000     |     6.000     |
|   8   | arm_left_shoulder_yaw_joint    |   10.000  |  2.000  |  0.002   |      0.000      |      0.000       |      0.000       | [-0.785, 0.785]  |      15.000     |     4.000     |
|   9   | arm_right_shoulder_yaw_joint   |   10.000  |  2.000  |  0.002   |      0.000      |      0.000       |      0.000       | [-0.785, 0.785]  |      15.000     |     4.000     |
|   10  | leg_left_hip_pitch_joint       |   20.000  |  2.000  |  0.007   |      0.000      |      0.000       |      0.000       | [-1.898, 0.982]  |      15.000     |     6.000     |
|   11  | leg_right_hip_pitch_joint      |   20.000  |  2.000  |  0.007   |      0.000      |      0.000       |      0.000       | [-1.898, 0.982]  |      15.000     |     6.000     |
|   12  | arm_left_elbow_pitch_joint     |   10.000  |  2.000  |  0.002   |      0.000      |      0.000       |      0.000       | [-0.000, 1.571]  |      15.000     |     4.000     |
|   13  | arm_right_elbow_pitch_joint    |   10.000  |  2.000  |  0.002   |      0.000      |      0.000       |      0.000       | [-1.571, -0.000] |      15.000     |     4.000     |
|   14  | leg_left_knee_pitch_joint      |   20.000  |  2.000  |  0.007   |      0.000      |      0.000       |      0.000       | [-0.000, 2.443]  |      15.000     |     6.000     |
|   15  | leg_right_knee_pitch_joint     |   20.000  |  2.000  |  0.007   |      0.000      |      0.000       |      0.000       | [-0.000, 2.443]  |      15.000     |     6.000     |
|   16  | arm_left_elbow_roll_joint      |   10.000  |  2.000  |  0.002   |      0.000      |      0.000       |      0.000       | [-0.785, 0.785]  |      15.000     |     4.000     |
|   17  | arm_right_elbow_roll_joint     |   10.000  |  2.000  |  0.002   |      0.000      |      0.000       |      0.000       | [-0.785, 0.785]  |      15.000     |     4.000     |
|   18  | leg_left_ankle_pitch_joint     |   20.000  |  2.000  |  0.002   |      0.000      |      0.000       |      0.000       | [-0.785, 0.785]  |      15.000     |     6.000     |
|   19  | leg_right_ankle_pitch_joint    |   20.000  |  2.000  |  0.002   |      0.000      |      0.000       |      0.000       | [-0.785, 0.785]  |      15.000     |     6.000     |
|   20  | leg_left_ankle_roll_joint      |   20.000  |  2.000  |  0.002   |      0.000      |      0.000       |      0.000       | [-0.262, 0.262]  |      15.000     |     6.000     |
|   21  | leg_right_ankle_roll_joint     |   20.000  |  2.000  |  0.002   |      0.000      |      0.000       |      0.000       | [-0.262, 0.262]  |      15.000     |     6.000     |
+-------+--------------------------------+-----------+---------+----------+-----------------+------------------+------------------+------------------+-----------------+---------------+
2026-10-02T10:31:29Z [7,899ms] [Warning] [carb.scenerenderer-rtx.plugin] Failed to create NGX context.
2026-10-02T10:31:30Z [8,699ms] [Warning] [rtx.hydra] RenderDelegate : Warning /rtx/hydra/readTransformsFromFabricInRenderDelegate and geometry streaming are enabled together but this can cause issues with dynamic objects not streaming correctly due to problems in the transform update.
2026-10-02T10:31:38Z [16,355ms] [Warning] [isaaclab_physx.physics.physx_manager] TGS solver with enable_external_forces_every_iteration=False may cause noisy velocities.
2026-10-02T10:31:56Z [34,747ms] [Warning] [omni.usd] Encountered USD Warnings but USD Diagnostics are currently muted. To view USD Warnings, please set the '/persistent/app/usd/muteUsdDiagnostics' setting to false in Preferences page.
2026-10-02T10:32:04Z [42,943ms] [Warning] [isaaclab.actuators.actuator_pd] The <ImplicitActuatorCfg> object has a value for 'effort_limit'. This parameter will be removed in the future. To set the effort limit, please use 'effort_limit_sim' instead.
2026-10-02T10:32:04Z [42,943ms] [Warning] [isaaclab.actuators.actuator_pd] The <ImplicitActuatorCfg> object has a value for 'velocity_limit'. Previously, although this value was specified, it was not getting used by implicit actuators. Since this parameter affects the simulation behavior, we continue to not use it. This parameter will be removed in the future. To set the velocity limit, please use 'velocity_limit_sim' instead.
2026-10-02T10:32:04Z [43,003ms] [Warning] [isaaclab.actuators.actuator_pd] The <ImplicitActuatorCfg> object has a value for 'effort_limit'. This parameter will be removed in the future. To set the effort limit, please use 'effort_limit_sim' instead.
2026-10-02T10:32:04Z [43,003ms] [Warning] [isaaclab.actuators.actuator_pd] The <ImplicitActuatorCfg> object has a value for 'velocity_limit'. Previously, although this value was specified, it was not getting used by implicit actuators. Since this parameter affects the simulation behavior, we continue to not use it. This parameter will be removed in the future. To set the velocity limit, please use 'velocity_limit_sim' instead.
2026-10-02T10:32:04Z [43,025ms] [Warning] [isaaclab.actuators.actuator_pd] The <ImplicitActuatorCfg> object has a value for 'effort_limit'. This parameter will be removed in the future. To set the effort limit, please use 'effort_limit_sim' instead.
2026-10-02T10:32:04Z [43,025ms] [Warning] [isaaclab.actuators.actuator_pd] The <ImplicitActuatorCfg> object has a value for 'velocity_limit'. Previously, although this value was specified, it was not getting used by implicit actuators. Since this parameter affects the simulation behavior, we continue to not use it. This parameter will be removed in the future. To set the velocity limit, please use 'velocity_limit_sim' instead.
2026-10-02T10:32:04Z [43,308ms] [Warning] [isaaclab.actuators.actuator_pd] The <ImplicitActuatorCfg> object has a value for 'effort_limit'. This parameter will be removed in the future. To set the effort limit, please use 'effort_limit_sim' instead.
2026-10-02T10:32:04Z [43,308ms] [Warning] [isaaclab.actuators.actuator_pd] The <ImplicitActuatorCfg> object has a value for 'velocity_limit'. Previously, although this value was specified, it was not getting used by implicit actuators. Since this parameter affects the simulation behavior, we continue to not use it. This parameter will be removed in the future. To set the velocity limit, please use 'velocity_limit_sim' instead.
2026-10-02T10:32:05Z [43,335ms] [Warning] [isaaclab.actuators.actuator_pd] The <ImplicitActuatorCfg> object has a value for 'effort_limit'. This parameter will be removed in the future. To set the effort limit, please use 'effort_limit_sim' instead.
2026-10-02T10:32:05Z [43,335ms] [Warning] [isaaclab.actuators.actuator_pd] The <ImplicitActuatorCfg> object has a value for 'velocity_limit'. Previously, although this value was specified, it was not getting used by implicit actuators. Since this parameter affects the simulation behavior, we continue to not use it. This parameter will be removed in the future. To set the velocity limit, please use 'velocity_limit_sim' instead.
[INFO]: Simulation parameters for joints in /World/envs/env_.*/robot_b:
+--------------------------------------------------------------------------------------------------------------------------------------------------------------------------------------+
|                                                         Simulation Joint Information (Prim path: /World/envs/env_.*/robot_b)                                                         |
+-------+--------------------------------+-----------+---------+----------+-----------------+------------------+------------------+------------------+-----------------+---------------+
| Index | Name                           | Stiffness | Damping | Armature | Static Friction | Dynamic Friction | Viscous Friction | Position Limits  | Velocity Limits | Effort Limits |
+-------+--------------------------------+-----------+---------+----------+-----------------+------------------+------------------+------------------+-----------------+---------------+
|   0   | arm_left_shoulder_pitch_joint  |   10.000  |  2.000  |  0.002   |      0.000      |      0.000       |      0.000       | [-1.571, 0.785]  |      15.000     |     4.000     |
|   1   | arm_right_shoulder_pitch_joint |   10.000  |  2.000  |  0.002   |      0.000      |      0.000       |      0.000       | [-0.785, 1.571]  |      15.000     |     4.000     |
|   2   | leg_left_hip_roll_joint        |   20.000  |  2.000  |  0.007   |      0.000      |      0.000       |      0.000       | [-0.175, 1.571]  |      15.000     |     6.000     |
|   3   | leg_right_hip_roll_joint       |   20.000  |  2.000  |  0.007   |      0.000      |      0.000       |      0.000       | [-1.571, 0.175]  |      15.000     |     6.000     |
|   4   | arm_left_shoulder_roll_joint   |   10.000  |  2.000  |  0.002   |      0.000      |      0.000       |      0.000       | [-0.262, 1.309]  |      15.000     |     4.000     |
|   5   | arm_right_shoulder_roll_joint  |   10.000  |  2.000  |  0.002   |      0.000      |      0.000       |      0.000       | [-1.309, 0.262]  |      15.000     |     4.000     |
|   6   | leg_left_hip_yaw_joint         |   20.000  |  2.000  |  0.007   |      0.000      |      0.000       |      0.000       | [-0.982, 0.589]  |      15.000     |     6.000     |
|   7   | leg_right_hip_yaw_joint        |   20.000  |  2.000  |  0.007   |      0.000      |      0.000       |      0.000       | [-0.589, 0.982]  |      15.000     |     6.000     |
|   8   | arm_left_shoulder_yaw_joint    |   10.000  |  2.000  |  0.002   |      0.000      |      0.000       |      0.000       | [-0.785, 0.785]  |      15.000     |     4.000     |
|   9   | arm_right_shoulder_yaw_joint   |   10.000  |  2.000  |  0.002   |      0.000      |      0.000       |      0.000       | [-0.785, 0.785]  |      15.000     |     4.000     |
|   10  | leg_left_hip_pitch_joint       |   20.000  |  2.000  |  0.007   |      0.000      |      0.000       |      0.000       | [-1.898, 0.982]  |      15.000     |     6.000     |
|   11  | leg_right_hip_pitch_joint      |   20.000  |  2.000  |  0.007   |      0.000      |      0.000       |      0.000       | [-1.898, 0.982]  |      15.000     |     6.000     |
|   12  | arm_left_elbow_pitch_joint     |   10.000  |  2.000  |  0.002   |      0.000      |      0.000       |      0.000       | [-0.000, 1.571]  |      15.000     |     4.000     |
|   13  | arm_right_elbow_pitch_joint    |   10.000  |  2.000  |  0.002   |      0.000      |      0.000       |      0.000       | [-1.571, -0.000] |      15.000     |     4.000     |
|   14  | leg_left_knee_pitch_joint      |   20.000  |  2.000  |  0.007   |      0.000      |      0.000       |      0.000       | [-0.000, 2.443]  |      15.000     |     6.000     |
|   15  | leg_right_knee_pitch_joint     |   20.000  |  2.000  |  0.007   |      0.000      |      0.000       |      0.000       | [-0.000, 2.443]  |      15.000     |     6.000     |
|   16  | arm_left_elbow_roll_joint      |   10.000  |  2.000  |  0.002   |      0.000      |      0.000       |      0.000       | [-0.785, 0.785]  |      15.000     |     4.000     |
|   17  | arm_right_elbow_roll_joint     |   10.000  |  2.000  |  0.002   |      0.000      |      0.000       |      0.000       | [-0.785, 0.785]  |      15.000     |     4.000     |
|   18  | leg_left_ankle_pitch_joint     |   20.000  |  2.000  |  0.002   |      0.000      |      0.000       |      0.000       | [-0.785, 0.785]  |      15.000     |     6.000     |
|   19  | leg_right_ankle_pitch_joint    |   20.000  |  2.000  |  0.002   |      0.000      |      0.000       |      0.000       | [-0.785, 0.785]  |      15.000     |     6.000     |
|   20  | leg_left_ankle_roll_joint      |   20.000  |  2.000  |  0.002   |      0.000      |      0.000       |      0.000       | [-0.262, 0.262]  |      15.000     |     6.000     |
|   21  | leg_right_ankle_roll_joint     |   20.000  |  2.000  |  0.002   |      0.000      |      0.000       |      0.000       | [-0.262, 0.262]  |      15.000     |     6.000     |
+-------+--------------------------------+-----------+---------+----------+-----------------+------------------+------------------+------------------+-----------------+---------------+
2026-10-02T10:32:05Z [43,358ms] [Warning] [isaaclab.actuators.actuator_pd] The <ImplicitActuatorCfg> object has a value for 'effort_limit'. This parameter will be removed in the future. To set the effort limit, please use 'effort_limit_sim' instead.
2026-10-02T10:32:05Z [43,358ms] [Warning] [isaaclab.actuators.actuator_pd] The <ImplicitActuatorCfg> object has a value for 'velocity_limit'. Previously, although this value was specified, it was not getting used by implicit actuators. Since this parameter affects the simulation behavior, we continue to not use it. This parameter will be removed in the future. To set the velocity limit, please use 'velocity_limit_sim' instead.
2026-10-02T10:32:05Z [43,598ms] [Warning] [omni.physx.tensors.plugin] Failed to find rigid body at '/World/envs/env_0/robot_a/joints/imu'
2026-10-02T10:32:05Z [43,598ms] [Warning] [omni.physx.tensors.plugin] Failed to find rigid body at '/World/envs/env_1/robot_a/joints/imu'
2026-10-02T10:32:05Z [43,598ms] [Warning] [omni.physx.tensors.plugin] Failed to find rigid body at '/World/envs/env_2/robot_a/joints/imu'
2026-10-02T10:32:05Z [43,598ms] [Warning] [omni.physx.tensors.plugin] Failed to find rigid body at '/World/envs/env_3/robot_a/joints/imu'
2026-10-02T10:32:05Z [43,599ms] [Warning] [omni.physx.tensors.plugin] Failed to find rigid body at '/World/envs/env_4/robot_a/joints/imu'
2026-10-02T10:32:05Z [43,599ms] [Warning] [omni.physx.tensors.plugin] Failed to find rigid body at '/World/envs/env_5/robot_a/joints/imu'
2026-10-02T10:32:05Z [43,599ms] [Warning] [omni.physx.tensors.plugin] Failed to find rigid body at '/World/envs/env_6/robot_a/joints/imu'
2026-10-02T10:32:05Z [43,599ms] [Warning] [omni.physx.tensors.plugin] Failed to find rigid body at '/World/envs/env_7/robot_a/joints/imu'
2026-10-02T10:32:05Z [43,599ms] [Warning] [omni.physx.tensors.plugin] Failed to find rigid body at '/World/envs/env_8/robot_a/joints/imu'
2026-10-02T10:32:05Z [43,599ms] [Warning] [omni.physx.tensors.plugin] Failed to find rigid body at '/World/envs/env_9/robot_a/joints/imu'
2026-10-02T10:32:05Z [43,599ms] [Warning] [omni.physx.tensors.plugin] Failed to find rigid body at '/World/envs/env_10/robot_a/joints/imu'
2026-10-02T10:32:05Z [43,599ms] [Warning] [omni.physx.tensors.plugin] Failed to find rigid body at '/World/envs/env_11/robot_a/joints/imu'
2026-10-02T10:32:05Z [43,599ms] [Warning] [omni.physx.tensors.plugin] Failed to find rigid body at '/World/envs/env_12/robot_a/joints/imu'
2026-10-02T10:32:05Z [43,599ms] [Warning] [omni.physx.tensors.plugin] Failed to find rigid body at '/World/envs/env_13/robot_a/joints/imu'
2026-10-02T10:32:05Z [43,599ms] [Warning] [omni.physx.tensors.plugin] Failed to find rigid body at '/World/envs/env_14/robot_a/joints/imu'
2026-10-02T10:32:05Z [43,599ms] [Warning] [omni.physx.tensors.plugin] Failed to find rigid body at '/World/envs/env_15/robot_a/joints/imu'
2026-10-02T10:32:05Z [43,599ms] [Warning] [omni.physx.tensors.plugin] Failed to find rigid body at '/World/envs/env_16/robot_a/joints/imu'
2026-10-02T10:32:05Z [43,599ms] [Warning] [omni.physx.tensors.plugin] Failed to find rigid body at '/World/envs/env_17/robot_a/joints/imu'
2026-10-02T10:32:05Z [43,599ms] [Warning] [omni.physx.tensors.plugin] Failed to find rigid body at '/World/envs/env_18/robot_a/joints/imu'
2026-10-02T10:32:05Z [43,599ms] [Warning] [omni.physx.tensors.plugin] Failed to find rigid body at '/World/envs/env_19/robot_a/joints/imu'
2026-10-02T10:32:05Z [43,599ms] [Warning] [omni.physx.tensors.plugin] Failed to find rigid body at '/World/envs/env_20/robot_a/joints/imu'
2026-10-02T10:32:05Z [43,599ms] [Warning] [omni.physx.tensors.plugin] Failed to find rigid body at '/World/envs/env_21/robot_a/joints/imu'
2026-10-02T10:32:05Z [43,599ms] [Warning] [omni.physx.tensors.plugin] Failed to find rigid body at '/World/envs/env_22/robot_a/joints/imu'
2026-10-02T10:32:05Z [43,599ms] [Warning] [omni.physx.tensors.plugin] Failed to find rigid body at '/World/envs/env_23/robot_a/joints/imu'
2026-10-02T10:32:05Z [43,599ms] [Warning] [omni.physx.tensors.plugin] Failed to find rigid body at '/World/envs/env_24/robot_a/joints/imu'
2026-10-02T10:32:05Z [43,599ms] [Warning] [omni.physx.tensors.plugin] Failed to find rigid body at '/World/envs/env_25/robot_a/joints/imu'
2026-10-02T10:32:05Z [43,599ms] [Warning] [omni.physx.tensors.plugin] Failed to find rigid body at '/World/envs/env_26/robot_a/joints/imu'
2026-10-02T10:32:05Z [43,599ms] [Warning] [omni.physx.tensors.plugin] Failed to find rigid body at '/World/envs/env_27/robot_a/joints/imu'
2026-10-02T10:32:05Z [43,599ms] [Warning] [omni.physx.tensors.plugin] Failed to find rigid body at '/World/envs/env_28/robot_a/joints/imu'
2026-10-02T10:32:05Z [43,599ms] [Warning] [omni.physx.tensors.plugin] Failed to find rigid body at '/World/envs/env_29/robot_a/joints/imu'
2026-10-02T10:32:05Z [43,599ms] [Warning] [omni.physx.tensors.plugin] Failed to find rigid body at '/World/envs/env_30/robot_a/joints/imu'
2026-10-02T10:32:05Z [43,599ms] [Warning] [omni.physx.tensors.plugin] Failed to find rigid body at '/World/envs/env_31/robot_a/joints/imu'
2026-10-02T10:32:05Z [43,599ms] [Warning] [omni.physx.tensors.plugin] Failed to find rigid body at '/World/envs/env_32/robot_a/joints/imu'
2026-10-02T10:32:05Z [43,600ms] [Warning] [omni.physx.tensors.plugin] Failed to find rigid body at '/World/envs/env_33/robot_a/joints/imu'
2026-10-02T10:32:05Z [43,600ms] [Warning] [omni.physx.tensors.plugin] Failed to find rigid body at '/World/envs/env_34/robot_a/joints/imu'
2026-10-02T10:32:05Z [43,600ms] [Warning] [omni.physx.tensors.plugin] Failed to find rigid body at '/World/envs/env_35/robot_a/joints/imu'
2026-10-02T10:32:05Z [43,600ms] [Warning] [omni.physx.tensors.plugin] Failed to find rigid body at '/World/envs/env_36/robot_a/joints/imu'
2026-10-02T10:32:05Z [43,600ms] [Warning] [omni.physx.tensors.plugin] Failed to find rigid body at '/World/envs/env_37/robot_a/joints/imu'
2026-10-02T10:32:05Z [43,600ms] [Warning] [omni.physx.tensors.plugin] Failed to find rigid body at '/World/envs/env_38/robot_a/joints/imu'
2026-10-02T10:32:05Z [43,600ms] [Warning] [omni.physx.tensors.plugin] Failed to find rigid body at '/World/envs/env_39/robot_a/joints/imu'
2026-10-02T10:32:05Z [43,600ms] [Warning] [omni.physx.tensors.plugin] Failed to find rigid body at '/World/envs/env_40/robot_a/joints/imu'
2026-10-02T10:32:05Z [43,600ms] [Warning] [omni.physx.tensors.plugin] Failed to find rigid body at '/World/envs/env_41/robot_a/joints/imu'
2026-10-02T10:32:05Z [43,600ms] [Warning] [omni.physx.tensors.plugin] Failed to find rigid body at '/World/envs/env_42/robot_a/joints/imu'
2026-10-02T10:32:05Z [43,600ms] [Warning] [omni.physx.tensors.plugin] Failed to find rigid body at '/World/envs/env_43/robot_a/joints/imu'
2026-10-02T10:32:05Z [43,600ms] [Warning] [omni.physx.tensors.plugin] Failed to find rigid body at '/World/envs/env_44/robot_a/joints/imu'
2026-10-02T10:32:05Z [43,600ms] [Warning] [omni.physx.tensors.plugin] Failed to find rigid body at '/World/envs/env_45/robot_a/joints/imu'
2026-10-02T10:32:05Z [43,600ms] [Warning] [omni.physx.tensors.plugin] Failed to find rigid body at '/World/envs/env_46/robot_a/joints/imu'
2026-10-02T10:32:05Z [43,600ms] [Warning] [omni.physx.tensors.plugin] Failed to find rigid body at '/World/envs/env_47/robot_a/joints/imu'
2026-10-02T10:32:05Z [43,600ms] [Warning] [omni.physx.tensors.plugin] Failed to find rigid body at '/World/envs/env_48/robot_a/joints/imu'
2026-10-02T10:32:05Z [43,600ms] [Warning] [omni.physx.tensors.plugin] Failed to find rigid body at '/World/envs/env_49/robot_a/joints/imu'
2026-10-02T10:32:05Z [43,600ms] [Warning] [omni.physx.tensors.plugin] Failed to find rigid body at '/World/envs/env_50/robot_a/joints/imu'
2026-10-02T10:32:05Z [43,600ms] [Warning] [omni.physx.tensors.plugin] Failed to find rigid body at '/World/envs/env_51/robot_a/joints/imu'
2026-10-02T10:32:05Z [43,600ms] [Warning] [omni.physx.tensors.plugin] Failed to find rigid body at '/World/envs/env_52/robot_a/joints/imu'
2026-10-02T10:32:05Z [43,600ms] [Warning] [omni.physx.tensors.plugin] Failed to find rigid body at '/World/envs/env_53/robot_a/joints/imu'
2026-10-02T10:32:05Z [43,600ms] [Warning] [omni.physx.tensors.plugin] Failed to find rigid body at '/World/envs/env_54/robot_a/joints/imu'
2026-10-02T10:32:05Z [43,600ms] [Warning] [omni.physx.tensors.plugin] Failed to find rigid body at '/World/envs/env_55/robot_a/joints/imu'
2026-10-02T10:32:05Z [43,600ms] [Warning] [omni.physx.tensors.plugin] Failed to find rigid body at '/World/envs/env_56/robot_a/joints/imu'
2026-10-02T10:32:05Z [43,600ms] [Warning] [omni.physx.tensors.plugin] Failed to find rigid body at '/World/envs/env_57/robot_a/joints/imu'
2026-10-02T10:32:05Z [43,600ms] [Warning] [omni.physx.tensors.plugin] Failed to find rigid body at '/World/envs/env_58/robot_a/joints/imu'
2026-10-02T10:32:05Z [43,600ms] [Warning] [omni.physx.tensors.plugin] Failed to find rigid body at '/World/envs/env_59/robot_a/joints/imu'
2026-10-02T10:32:05Z [43,600ms] [Warning] [omni.physx.tensors.plugin] Failed to find rigid body at '/World/envs/env_60/robot_a/joints/imu'
2026-10-02T10:32:05Z [43,600ms] [Warning] [omni.physx.tensors.plugin] Failed to find rigid body at '/World/envs/env_61/robot_a/joints/imu'
2026-10-02T10:32:05Z [43,600ms] [Warning] [omni.physx.tensors.plugin] Failed to find rigid body at '/World/envs/env_62/robot_a/joints/imu'
2026-10-02T10:32:05Z [43,600ms] [Warning] [omni.physx.tensors.plugin] Failed to find rigid body at '/World/envs/env_63/robot_a/joints/imu'
2026-10-02T10:32:05Z [43,600ms] [Warning] [omni.physx.tensors.plugin] Failed to find rigid body at '/World/envs/env_64/robot_a/joints/imu'
2026-10-02T10:32:05Z [43,601ms] [Warning] [omni.physx.tensors.plugin] Failed to find rigid body at '/World/envs/env_65/robot_a/joints/imu'
2026-10-02T10:32:05Z [43,601ms] [Warning] [omni.physx.tensors.plugin] Failed to find rigid body at '/World/envs/env_66/robot_a/joints/imu'
2026-10-02T10:32:05Z [43,601ms] [Warning] [omni.physx.tensors.plugin] Failed to find rigid body at '/World/envs/env_67/robot_a/joints/imu'
2026-10-02T10:32:05Z [43,601ms] [Warning] [omni.physx.tensors.plugin] Failed to find rigid body at '/World/envs/env_68/robot_a/joints/imu'
2026-10-02T10:32:05Z [43,601ms] [Warning] [omni.physx.tensors.plugin] Failed to find rigid body at '/World/envs/env_69/robot_a/joints/imu'
2026-10-02T10:32:05Z [43,601ms] [Warning] [omni.physx.tensors.plugin] Failed to find rigid body at '/World/envs/env_70/robot_a/joints/imu'
2026-10-02T10:32:05Z [43,601ms] [Warning] [omni.physx.tensors.plugin] Failed to find rigid body at '/World/envs/env_71/robot_a/joints/imu'
2026-10-02T10:32:05Z [43,601ms] [Warning] [omni.physx.tensors.plugin] Failed to find rigid body at '/World/envs/env_72/robot_a/joints/imu'
2026-10-02T10:32:05Z [43,601ms] [Warning] [omni.physx.tensors.plugin] Failed to find rigid body at '/World/envs/env_73/robot_a/joints/imu'
2026-10-02T10:32:05Z [43,601ms] [Warning] [omni.physx.tensors.plugin] Failed to find rigid body at '/World/envs/env_74/robot_a/joints/imu'
2026-10-02T10:32:05Z [43,601ms] [Warning] [omni.physx.tensors.plugin] Failed to find rigid body at '/World/envs/env_75/robot_a/joints/imu'
2026-10-02T10:32:05Z [43,601ms] [Warning] [omni.physx.tensors.plugin] Failed to find rigid body at '/World/envs/env_76/robot_a/joints/imu'
2026-10-02T10:32:05Z [43,601ms] [Warning] [omni.physx.tensors.plugin] Failed to find rigid body at '/World/envs/env_77/robot_a/joints/imu'
2026-10-02T10:32:05Z [43,601ms] [Warning] [omni.physx.tensors.plugin] Failed to find rigid body at '/World/envs/env_78/robot_a/joints/imu'
2026-10-02T10:32:05Z [43,601ms] [Warning] [omni.physx.tensors.plugin] Failed to find rigid body at '/World/envs/env_79/robot_a/joints/imu'
2026-10-02T10:32:05Z [43,601ms] [Warning] [omni.physx.tensors.plugin] Failed to find rigid body at '/World/envs/env_80/robot_a/joints/imu'
2026-10-02T10:32:05Z [43,601ms] [Warning] [omni.physx.tensors.plugin] Failed to find rigid body at '/World/envs/env_81/robot_a/joints/imu'
2026-10-02T10:32:05Z [43,601ms] [Warning] [omni.physx.tensors.plugin] Failed to find rigid body at '/World/envs/env_82/robot_a/joints/imu'
2026-10-02T10:32:05Z [43,601ms] [Warning] [omni.physx.tensors.plugin] Failed to find rigid body at '/World/envs/env_83/robot_a/joints/imu'
2026-10-02T10:32:05Z [43,601ms] [Warning] [omni.physx.tensors.plugin] Failed to find rigid body at '/World/envs/env_84/robot_a/joints/imu'
2026-10-02T10:32:05Z [43,601ms] [Warning] [omni.physx.tensors.plugin] Failed to find rigid body at '/World/envs/env_85/robot_a/joints/imu'
2026-10-02T10:32:05Z [43,601ms] [Warning] [omni.physx.tensors.plugin] Failed to find rigid body at '/World/envs/env_86/robot_a/joints/imu'
2026-10-02T10:32:05Z [43,601ms] [Warning] [omni.physx.tensors.plugin] Failed to find rigid body at '/World/envs/env_87/robot_a/joints/imu'
2026-10-02T10:32:05Z [43,601ms] [Warning] [omni.physx.tensors.plugin] Failed to find rigid body at '/World/envs/env_88/robot_a/joints/imu'
2026-10-02T10:32:05Z [43,601ms] [Warning] [omni.physx.tensors.plugin] Failed to find rigid body at '/World/envs/env_89/robot_a/joints/imu'
2026-10-02T10:32:05Z [43,601ms] [Warning] [omni.physx.tensors.plugin] Failed to find rigid body at '/World/envs/env_90/robot_a/joints/imu'
2026-10-02T10:32:05Z [43,601ms] [Warning] [omni.physx.tensors.plugin] Failed to find rigid body at '/World/envs/env_91/robot_a/joints/imu'
2026-10-02T10:32:05Z [43,601ms] [Warning] [omni.physx.tensors.plugin] Failed to find rigid body at '/World/envs/env_92/robot_a/joints/imu'
2026-10-02T10:32:05Z [43,601ms] [Warning] [omni.physx.tensors.plugin] Failed to find rigid body at '/World/envs/env_93/robot_a/joints/imu'
2026-10-02T10:32:05Z [43,601ms] [Warning] [omni.physx.tensors.plugin] Failed to find rigid body at '/World/envs/env_94/robot_a/joints/imu'
2026-10-02T10:32:05Z [43,601ms] [Warning] [omni.physx.tensors.plugin] Failed to find rigid body at '/World/envs/env_95/robot_a/joints/imu'
2026-10-02T10:32:05Z [43,601ms] [Warning] [omni.physx.tensors.plugin] Failed to find rigid body at '/World/envs/env_96/robot_a/joints/imu'
2026-10-02T10:32:05Z [43,601ms] [Warning] [omni.physx.tensors.plugin] Failed to find rigid body at '/World/envs/env_97/robot_a/joints/imu'
2026-10-02T10:32:05Z [43,601ms] [Warning] [omni.physx.tensors.plugin] Failed to find rigid body at '/World/envs/env_98/robot_a/joints/imu'
2026-10-02T10:32:05Z [43,602ms] [Warning] [omni.physx.tensors.plugin] Failed to find rigid body at '/World/envs/env_99/robot_a/joints/imu'
2026-10-02T10:32:05Z [43,602ms] [Warning] [omni.physx.tensors.plugin] Failed to find rigid body at '/World/envs/env_100/robot_a/joints/imu'
2026-10-02T10:32:05Z [43,602ms] [Warning] [omni.physx.tensors.plugin] Failed to find rigid body at '/World/envs/env_101/robot_a/joints/imu'
2026-10-02T10:32:05Z [43,602ms] [Warning] [omni.physx.tensors.plugin] Failed to find rigid body at '/World/envs/env_102/robot_a/joints/imu'
2026-10-02T10:32:05Z [43,602ms] [Warning] [omni.physx.tensors.plugin] Failed to find rigid body at '/World/envs/env_103/robot_a/joints/imu'
2026-10-02T10:32:05Z [43,602ms] [Warning] [omni.physx.tensors.plugin] Failed to find rigid body at '/World/envs/env_104/robot_a/joints/imu'
2026-10-02T10:32:05Z [43,602ms] [Warning] [omni.physx.tensors.plugin] Failed to find rigid body at '/World/envs/env_105/robot_a/joints/imu'
2026-10-02T10:32:05Z [43,602ms] [Warning] [omni.physx.tensors.plugin] Failed to find rigid body at '/World/envs/env_106/robot_a/joints/imu'
2026-10-02T10:32:05Z [43,602ms] [Warning] [omni.physx.tensors.plugin] Failed to find rigid body at '/World/envs/env_107/robot_a/joints/imu'
2026-10-02T10:32:05Z [43,602ms] [Warning] [omni.physx.tensors.plugin] Failed to find rigid body at '/World/envs/env_108/robot_a/joints/imu'
2026-10-02T10:32:05Z [43,602ms] [Warning] [omni.physx.tensors.plugin] Failed to find rigid body at '/World/envs/env_109/robot_a/joints/imu'
2026-10-02T10:32:05Z [43,602ms] [Warning] [omni.physx.tensors.plugin] Failed to find rigid body at '/World/envs/env_110/robot_a/joints/imu'
2026-10-02T10:32:05Z [43,602ms] [Warning] [omni.physx.tensors.plugin] Failed to find rigid body at '/World/envs/env_111/robot_a/joints/imu'
2026-10-02T10:32:05Z [43,602ms] [Warning] [omni.physx.tensors.plugin] Failed to find rigid body at '/World/envs/env_112/robot_a/joints/imu'
2026-10-02T10:32:05Z [43,602ms] [Warning] [omni.physx.tensors.plugin] Failed to find rigid body at '/World/envs/env_113/robot_a/joints/imu'
2026-10-02T10:32:05Z [43,602ms] [Warning] [omni.physx.tensors.plugin] Failed to find rigid body at '/World/envs/env_114/robot_a/joints/imu'
2026-10-02T10:32:05Z [43,602ms] [Warning] [omni.physx.tensors.plugin] Failed to find rigid body at '/World/envs/env_115/robot_a/joints/imu'
2026-10-02T10:32:05Z [43,602ms] [Warning] [omni.physx.tensors.plugin] Failed to find rigid body at '/World/envs/env_116/robot_a/joints/imu'
2026-10-02T10:32:05Z [43,602ms] [Warning] [omni.physx.tensors.plugin] Failed to find rigid body at '/World/envs/env_117/robot_a/joints/imu'
2026-10-02T10:32:05Z [43,602ms] [Warning] [omni.physx.tensors.plugin] Failed to find rigid body at '/World/envs/env_118/robot_a/joints/imu'
2026-10-02T10:32:05Z [43,602ms] [Warning] [omni.physx.tensors.plugin] Failed to find rigid body at '/World/envs/env_119/robot_a/joints/imu'
2026-10-02T10:32:05Z [43,602ms] [Warning] [omni.physx.tensors.plugin] Failed to find rigid body at '/World/envs/env_120/robot_a/joints/imu'
2026-10-02T10:32:05Z [43,602ms] [Warning] [omni.physx.tensors.plugin] Failed to find rigid body at '/World/envs/env_121/robot_a/joints/imu'
2026-10-02T10:32:05Z [43,602ms] [Warning] [omni.physx.tensors.plugin] Failed to find rigid body at '/World/envs/env_122/robot_a/joints/imu'
2026-10-02T10:32:05Z [43,602ms] [Warning] [omni.physx.tensors.plugin] Failed to find rigid body at '/World/envs/env_123/robot_a/joints/imu'
2026-10-02T10:32:05Z [43,602ms] [Warning] [omni.physx.tensors.plugin] Failed to find rigid body at '/World/envs/env_124/robot_a/joints/imu'
2026-10-02T10:32:05Z [43,602ms] [Warning] [omni.physx.tensors.plugin] Failed to find rigid body at '/World/envs/env_125/robot_a/joints/imu'
2026-10-02T10:32:05Z [43,602ms] [Warning] [omni.physx.tensors.plugin] Failed to find rigid body at '/World/envs/env_126/robot_a/joints/imu'
2026-10-02T10:32:05Z [43,602ms] [Warning] [omni.physx.tensors.plugin] Failed to find rigid body at '/World/envs/env_127/robot_a/joints/imu'
2026-10-02T10:32:05Z [43,602ms] [Warning] [omni.physx.tensors.plugin] Failed to find rigid body at '/World/envs/env_128/robot_a/joints/imu'
2026-10-02T10:32:05Z [43,602ms] [Warning] [omni.physx.tensors.plugin] Failed to find rigid body at '/World/envs/env_129/robot_a/joints/imu'
2026-10-02T10:32:05Z [43,602ms] [Warning] [omni.physx.tensors.plugin] Failed to find rigid body at '/World/envs/env_130/robot_a/joints/imu'
2026-10-02T10:32:05Z [43,603ms] [Warning] [omni.physx.tensors.plugin] Failed to find rigid body at '/World/envs/env_131/robot_a/joints/imu'
2026-10-02T10:32:05Z [43,603ms] [Warning] [omni.physx.tensors.plugin] Failed to find rigid body at '/World/envs/env_132/robot_a/joints/imu'
2026-10-02T10:32:05Z [43,603ms] [Warning] [omni.physx.tensors.plugin] Failed to find rigid body at '/World/envs/env_133/robot_a/joints/imu'
2026-10-02T10:32:05Z [43,603ms] [Warning] [omni.physx.tensors.plugin] Failed to find rigid body at '/World/envs/env_134/robot_a/joints/imu'
2026-10-02T10:32:05Z [43,603ms] [Warning] [omni.physx.tensors.plugin] Failed to find rigid body at '/World/envs/env_135/robot_a/joints/imu'
2026-10-02T10:32:05Z [43,603ms] [Warning] [omni.physx.tensors.plugin] Failed to find rigid body at '/World/envs/env_136/robot_a/joints/imu'
2026-10-02T10:32:05Z [43,603ms] [Warning] [omni.physx.tensors.plugin] Failed to find rigid body at '/World/envs/env_137/robot_a/joints/imu'
2026-10-02T10:32:05Z [43,603ms] [Warning] [omni.physx.tensors.plugin] Failed to find rigid body at '/World/envs/env_138/robot_a/joints/imu'
2026-10-02T10:32:05Z [43,603ms] [Warning] [omni.physx.tensors.plugin] Failed to find rigid body at '/World/envs/env_139/robot_a/joints/imu'
2026-10-02T10:32:05Z [43,603ms] [Warning] [omni.physx.tensors.plugin] Failed to find rigid body at '/World/envs/env_140/robot_a/joints/imu'
2026-10-02T10:32:05Z [43,603ms] [Warning] [omni.physx.tensors.plugin] Failed to find rigid body at '/World/envs/env_141/robot_a/joints/imu'
2026-10-02T10:32:05Z [43,603ms] [Warning] [omni.physx.tensors.plugin] Failed to find rigid body at '/World/envs/env_142/robot_a/joints/imu'
2026-10-02T10:32:05Z [43,603ms] [Warning] [omni.physx.tensors.plugin] Failed to find rigid body at '/World/envs/env_143/robot_a/joints/imu'
2026-10-02T10:32:05Z [43,603ms] [Warning] [omni.physx.tensors.plugin] Failed to find rigid body at '/World/envs/env_144/robot_a/joints/imu'
2026-10-02T10:32:05Z [43,603ms] [Warning] [omni.physx.tensors.plugin] Failed to find rigid body at '/World/envs/env_145/robot_a/joints/imu'
2026-10-02T10:32:05Z [43,603ms] [Warning] [omni.physx.tensors.plugin] Failed to find rigid body at '/World/envs/env_146/robot_a/joints/imu'
2026-10-02T10:32:05Z [43,603ms] [Warning] [omni.physx.tensors.plugin] Failed to find rigid body at '/World/envs/env_147/robot_a/joints/imu'
2026-10-02T10:32:05Z [43,603ms] [Warning] [omni.physx.tensors.plugin] Failed to find rigid body at '/World/envs/env_148/robot_a/joints/imu'
2026-10-02T10:32:05Z [43,603ms] [Warning] [omni.physx.tensors.plugin] Failed to find rigid body at '/World/envs/env_149/robot_a/joints/imu'
2026-10-02T10:32:05Z [43,603ms] [Warning] [omni.physx.tensors.plugin] Failed to find rigid body at '/World/envs/env_150/robot_a/joints/imu'
2026-10-02T10:32:05Z [43,603ms] [Warning] [omni.physx.tensors.plugin] Failed to find rigid body at '/World/envs/env_151/robot_a/joints/imu'
2026-10-02T10:32:05Z [43,603ms] [Warning] [omni.physx.tensors.plugin] Failed to find rigid body at '/World/envs/env_152/robot_a/joints/imu'
2026-10-02T10:32:05Z [43,603ms] [Warning] [omni.physx.tensors.plugin] Failed to find rigid body at '/World/envs/env_153/robot_a/joints/imu'
2026-10-02T10:32:05Z [43,603ms] [Warning] [omni.physx.tensors.plugin] Failed to find rigid body at '/World/envs/env_154/robot_a/joints/imu'
2026-10-02T10:32:05Z [43,603ms] [Warning] [omni.physx.tensors.plugin] Failed to find rigid body at '/World/envs/env_155/robot_a/joints/imu'
2026-10-02T10:32:05Z [43,603ms] [Warning] [omni.physx.tensors.plugin] Failed to find rigid body at '/World/envs/env_156/robot_a/joints/imu'
2026-10-02T10:32:05Z [43,603ms] [Warning] [omni.physx.tensors.plugin] Failed to find rigid body at '/World/envs/env_157/robot_a/joints/imu'
2026-10-02T10:32:05Z [43,603ms] [Warning] [omni.physx.tensors.plugin] Failed to find rigid body at '/World/envs/env_158/robot_a/joints/imu'
2026-10-02T10:32:05Z [43,603ms] [Warning] [omni.physx.tensors.plugin] Failed to find rigid body at '/World/envs/env_159/robot_a/joints/imu'
2026-10-02T10:32:05Z [43,603ms] [Warning] [omni.physx.tensors.plugin] Failed to find rigid body at '/World/envs/env_160/robot_a/joints/imu'
2026-10-02T10:32:05Z [43,603ms] [Warning] [omni.physx.tensors.plugin] Failed to find rigid body at '/World/envs/env_161/robot_a/joints/imu'
2026-10-02T10:32:05Z [43,603ms] [Warning] [omni.physx.tensors.plugin] Failed to find rigid body at '/World/envs/env_162/robot_a/joints/imu'
2026-10-02T10:32:05Z [43,604ms] [Warning] [omni.physx.tensors.plugin] Failed to find rigid body at '/World/envs/env_163/robot_a/joints/imu'
2026-10-02T10:32:05Z [43,604ms] [Warning] [omni.physx.tensors.plugin] Failed to find rigid body at '/World/envs/env_164/robot_a/joints/imu'
2026-10-02T10:32:05Z [43,604ms] [Warning] [omni.physx.tensors.plugin] Failed to find rigid body at '/World/envs/env_165/robot_a/joints/imu'
2026-10-02T10:32:05Z [43,604ms] [Warning] [omni.physx.tensors.plugin] Failed to find rigid body at '/World/envs/env_166/robot_a/joints/imu'
2026-10-02T10:32:05Z [43,604ms] [Warning] [omni.physx.tensors.plugin] Failed to find rigid body at '/World/envs/env_167/robot_a/joints/imu'
2026-10-02T10:32:05Z [43,604ms] [Warning] [omni.physx.tensors.plugin] Failed to find rigid body at '/World/envs/env_168/robot_a/joints/imu'
2026-10-02T10:32:05Z [43,604ms] [Warning] [omni.physx.tensors.plugin] Failed to find rigid body at '/World/envs/env_169/robot_a/joints/imu'
2026-10-02T10:32:05Z [43,604ms] [Warning] [omni.physx.tensors.plugin] Failed to find rigid body at '/World/envs/env_170/robot_a/joints/imu'
2026-10-02T10:32:05Z [43,604ms] [Warning] [omni.physx.tensors.plugin] Failed to find rigid body at '/World/envs/env_171/robot_a/joints/imu'
2026-10-02T10:32:05Z [43,604ms] [Warning] [omni.physx.tensors.plugin] Failed to find rigid body at '/World/envs/env_172/robot_a/joints/imu'
2026-10-02T10:32:05Z [43,604ms] [Warning] [omni.physx.tensors.plugin] Failed to find rigid body at '/World/envs/env_173/robot_a/joints/imu'
2026-10-02T10:32:05Z [43,604ms] [Warning] [omni.physx.tensors.plugin] Failed to find rigid body at '/World/envs/env_174/robot_a/joints/imu'
2026-10-02T10:32:05Z [43,604ms] [Warning] [omni.physx.tensors.plugin] Failed to find rigid body at '/World/envs/env_175/robot_a/joints/imu'
2026-10-02T10:32:05Z [43,604ms] [Warning] [omni.physx.tensors.plugin] Failed to find rigid body at '/World/envs/env_176/robot_a/joints/imu'
2026-10-02T10:32:05Z [43,604ms] [Warning] [omni.physx.tensors.plugin] Failed to find rigid body at '/World/envs/env_177/robot_a/joints/imu'
2026-10-02T10:32:05Z [43,604ms] [Warning] [omni.physx.tensors.plugin] Failed to find rigid body at '/World/envs/env_178/robot_a/joints/imu'
2026-10-02T10:32:05Z [43,604ms] [Warning] [omni.physx.tensors.plugin] Failed to find rigid body at '/World/envs/env_179/robot_a/joints/imu'
2026-10-02T10:32:05Z [43,604ms] [Warning] [omni.physx.tensors.plugin] Failed to find rigid body at '/World/envs/env_180/robot_a/joints/imu'
2026-10-02T10:32:05Z [43,604ms] [Warning] [omni.physx.tensors.plugin] Failed to find rigid body at '/World/envs/env_181/robot_a/joints/imu'
2026-10-02T10:32:05Z [43,604ms] [Warning] [omni.physx.tensors.plugin] Failed to find rigid body at '/World/envs/env_182/robot_a/joints/imu'
2026-10-02T10:32:05Z [43,604ms] [Warning] [omni.physx.tensors.plugin] Failed to find rigid body at '/World/envs/env_183/robot_a/joints/imu'
2026-10-02T10:32:05Z [43,604ms] [Warning] [omni.physx.tensors.plugin] Failed to find rigid body at '/World/envs/env_184/robot_a/joints/imu'
2026-10-02T10:32:05Z [43,604ms] [Warning] [omni.physx.tensors.plugin] Failed to find rigid body at '/World/envs/env_185/robot_a/joints/imu'
2026-10-02T10:32:05Z [43,604ms] [Warning] [omni.physx.tensors.plugin] Failed to find rigid body at '/World/envs/env_186/robot_a/joints/imu'
2026-10-02T10:32:05Z [43,604ms] [Warning] [omni.physx.tensors.plugin] Failed to find rigid body at '/World/envs/env_187/robot_a/joints/imu'
2026-10-02T10:32:05Z [43,604ms] [Warning] [omni.physx.tensors.plugin] Failed to find rigid body at '/World/envs/env_188/robot_a/joints/imu'
2026-10-02T10:32:05Z [43,605ms] [Warning] [omni.physx.tensors.plugin] Failed to find rigid body at '/World/envs/env_189/robot_a/joints/imu'
2026-10-02T10:32:05Z [43,605ms] [Warning] [omni.physx.tensors.plugin] Failed to find rigid body at '/World/envs/env_190/robot_a/joints/imu'
2026-10-02T10:32:05Z [43,605ms] [Warning] [omni.physx.tensors.plugin] Failed to find rigid body at '/World/envs/env_191/robot_a/joints/imu'
2026-10-02T10:32:05Z [43,605ms] [Warning] [omni.physx.tensors.plugin] Failed to find rigid body at '/World/envs/env_192/robot_a/joints/imu'
2026-10-02T10:32:05Z [43,605ms] [Warning] [omni.physx.tensors.plugin] Failed to find rigid body at '/World/envs/env_193/robot_a/joints/imu'
2026-10-02T10:32:05Z [43,605ms] [Warning] [omni.physx.tensors.plugin] Failed to find rigid body at '/World/envs/env_194/robot_a/joints/imu'
2026-10-02T10:32:05Z [43,605ms] [Warning] [omni.physx.tensors.plugin] Failed to find rigid body at '/World/envs/env_195/robot_a/joints/imu'
2026-10-02T10:32:05Z [43,605ms] [Warning] [omni.physx.tensors.plugin] Failed to find rigid body at '/World/envs/env_196/robot_a/joints/imu'
2026-10-02T10:32:05Z [43,605ms] [Warning] [omni.physx.tensors.plugin] Failed to find rigid body at '/World/envs/env_197/robot_a/joints/imu'
2026-10-02T10:32:05Z [43,605ms] [Warning] [omni.physx.tensors.plugin] Failed to find rigid body at '/World/envs/env_198/robot_a/joints/imu'
2026-10-02T10:32:05Z [43,605ms] [Warning] [omni.physx.tensors.plugin] Failed to find rigid body at '/World/envs/env_199/robot_a/joints/imu'
2026-10-02T10:32:05Z [43,605ms] [Warning] [omni.physx.tensors.plugin] Failed to find rigid body at '/World/envs/env_200/robot_a/joints/imu'
2026-10-02T10:32:05Z [43,605ms] [Warning] [omni.physx.tensors.plugin] Failed to find rigid body at '/World/envs/env_201/robot_a/joints/imu'
2026-10-02T10:32:05Z [43,605ms] [Warning] [omni.physx.tensors.plugin] Failed to find rigid body at '/World/envs/env_202/robot_a/joints/imu'
2026-10-02T10:32:05Z [43,605ms] [Warning] [omni.physx.tensors.plugin] Failed to find rigid body at '/World/envs/env_203/robot_a/joints/imu'
2026-10-02T10:32:05Z [43,605ms] [Warning] [omni.physx.tensors.plugin] Failed to find rigid body at '/World/envs/env_204/robot_a/joints/imu'
2026-10-02T10:32:05Z [43,605ms] [Warning] [omni.physx.tensors.plugin] Failed to find rigid body at '/World/envs/env_205/robot_a/joints/imu'
2026-10-02T10:32:05Z [43,605ms] [Warning] [omni.physx.tensors.plugin] Failed to find rigid body at '/World/envs/env_206/robot_a/joints/imu'
2026-10-02T10:32:05Z [43,605ms] [Warning] [omni.physx.tensors.plugin] Failed to find rigid body at '/World/envs/env_207/robot_a/joints/imu'
2026-10-02T10:32:05Z [43,605ms] [Warning] [omni.physx.tensors.plugin] Failed to find rigid body at '/World/envs/env_208/robot_a/joints/imu'
2026-10-02T10:32:05Z [43,605ms] [Warning] [omni.physx.tensors.plugin] Failed to find rigid body at '/World/envs/env_209/robot_a/joints/imu'
2026-10-02T10:32:05Z [43,605ms] [Warning] [omni.physx.tensors.plugin] Failed to find rigid body at '/World/envs/env_210/robot_a/joints/imu'
2026-10-02T10:32:05Z [43,605ms] [Warning] [omni.physx.tensors.plugin] Failed to find rigid body at '/World/envs/env_211/robot_a/joints/imu'
2026-10-02T10:32:05Z [43,605ms] [Warning] [omni.physx.tensors.plugin] Failed to find rigid body at '/World/envs/env_212/robot_a/joints/imu'
2026-10-02T10:32:05Z [43,605ms] [Warning] [omni.physx.tensors.plugin] Failed to find rigid body at '/World/envs/env_213/robot_a/joints/imu'
2026-10-02T10:32:05Z [43,605ms] [Warning] [omni.physx.tensors.plugin] Failed to find rigid body at '/World/envs/env_214/robot_a/joints/imu'
2026-10-02T10:32:05Z [43,605ms] [Warning] [omni.physx.tensors.plugin] Failed to find rigid body at '/World/envs/env_215/robot_a/joints/imu'
2026-10-02T10:32:05Z [43,605ms] [Warning] [omni.physx.tensors.plugin] Failed to find rigid body at '/World/envs/env_216/robot_a/joints/imu'
2026-10-02T10:32:05Z [43,605ms] [Warning] [omni.physx.tensors.plugin] Failed to find rigid body at '/World/envs/env_217/robot_a/joints/imu'
2026-10-02T10:32:05Z [43,605ms] [Warning] [omni.physx.tensors.plugin] Failed to find rigid body at '/World/envs/env_218/robot_a/joints/imu'
2026-10-02T10:32:05Z [43,605ms] [Warning] [omni.physx.tensors.plugin] Failed to find rigid body at '/World/envs/env_219/robot_a/joints/imu'
2026-10-02T10:32:05Z [43,605ms] [Warning] [omni.physx.tensors.plugin] Failed to find rigid body at '/World/envs/env_220/robot_a/joints/imu'
2026-10-02T10:32:05Z [43,606ms] [Warning] [omni.physx.tensors.plugin] Failed to find rigid body at '/World/envs/env_221/robot_a/joints/imu'
2026-10-02T10:32:05Z [43,606ms] [Warning] [omni.physx.tensors.plugin] Failed to find rigid body at '/World/envs/env_222/robot_a/joints/imu'
2026-10-02T10:32:05Z [43,606ms] [Warning] [omni.physx.tensors.plugin] Failed to find rigid body at '/World/envs/env_223/robot_a/joints/imu'
2026-10-02T10:32:05Z [43,606ms] [Warning] [omni.physx.tensors.plugin] Failed to find rigid body at '/World/envs/env_224/robot_a/joints/imu'
2026-10-02T10:32:05Z [43,606ms] [Warning] [omni.physx.tensors.plugin] Failed to find rigid body at '/World/envs/env_225/robot_a/joints/imu'
2026-10-02T10:32:05Z [43,606ms] [Warning] [omni.physx.tensors.plugin] Failed to find rigid body at '/World/envs/env_226/robot_a/joints/imu'
2026-10-02T10:32:05Z [43,606ms] [Warning] [omni.physx.tensors.plugin] Failed to find rigid body at '/World/envs/env_227/robot_a/joints/imu'
2026-10-02T10:32:05Z [43,606ms] [Warning] [omni.physx.tensors.plugin] Failed to find rigid body at '/World/envs/env_228/robot_a/joints/imu'
2026-10-02T10:32:05Z [43,606ms] [Warning] [omni.physx.tensors.plugin] Failed to find rigid body at '/World/envs/env_229/robot_a/joints/imu'
2026-10-02T10:32:05Z [43,606ms] [Warning] [omni.physx.tensors.plugin] Failed to find rigid body at '/World/envs/env_230/robot_a/joints/imu'
2026-10-02T10:32:05Z [43,606ms] [Warning] [omni.physx.tensors.plugin] Failed to find rigid body at '/World/envs/env_231/robot_a/joints/imu'
2026-10-02T10:32:05Z [43,606ms] [Warning] [omni.physx.tensors.plugin] Failed to find rigid body at '/World/envs/env_232/robot_a/joints/imu'
2026-10-02T10:32:05Z [43,606ms] [Warning] [omni.physx.tensors.plugin] Failed to find rigid body at '/World/envs/env_233/robot_a/joints/imu'
2026-10-02T10:32:05Z [43,606ms] [Warning] [omni.physx.tensors.plugin] Failed to find rigid body at '/World/envs/env_234/robot_a/joints/imu'
2026-10-02T10:32:05Z [43,606ms] [Warning] [omni.physx.tensors.plugin] Failed to find rigid body at '/World/envs/env_235/robot_a/joints/imu'
2026-10-02T10:32:05Z [43,606ms] [Warning] [omni.physx.tensors.plugin] Failed to find rigid body at '/World/envs/env_236/robot_a/joints/imu'
2026-10-02T10:32:05Z [43,606ms] [Warning] [omni.physx.tensors.plugin] Failed to find rigid body at '/World/envs/env_237/robot_a/joints/imu'
2026-10-02T10:32:05Z [43,606ms] [Warning] [omni.physx.tensors.plugin] Failed to find rigid body at '/World/envs/env_238/robot_a/joints/imu'
2026-10-02T10:32:05Z [43,606ms] [Warning] [omni.physx.tensors.plugin] Failed to find rigid body at '/World/envs/env_239/robot_a/joints/imu'
2026-10-02T10:32:05Z [43,606ms] [Warning] [omni.physx.tensors.plugin] Failed to find rigid body at '/World/envs/env_240/robot_a/joints/imu'
2026-10-02T10:32:05Z [43,606ms] [Warning] [omni.physx.tensors.plugin] Failed to find rigid body at '/World/envs/env_241/robot_a/joints/imu'
2026-10-02T10:32:05Z [43,606ms] [Warning] [omni.physx.tensors.plugin] Failed to find rigid body at '/World/envs/env_242/robot_a/joints/imu'
2026-10-02T10:32:05Z [43,606ms] [Warning] [omni.physx.tensors.plugin] Failed to find rigid body at '/World/envs/env_243/robot_a/joints/imu'
2026-10-02T10:32:05Z [43,606ms] [Warning] [omni.physx.tensors.plugin] Failed to find rigid body at '/World/envs/env_244/robot_a/joints/imu'
2026-10-02T10:32:05Z [43,606ms] [Warning] [omni.physx.tensors.plugin] Failed to find rigid body at '/World/envs/env_245/robot_a/joints/imu'
2026-10-02T10:32:05Z [43,606ms] [Warning] [omni.physx.tensors.plugin] Failed to find rigid body at '/World/envs/env_246/robot_a/joints/imu'
2026-10-02T10:32:05Z [43,606ms] [Warning] [omni.physx.tensors.plugin] Failed to find rigid body at '/World/envs/env_247/robot_a/joints/imu'
2026-10-02T10:32:05Z [43,606ms] [Warning] [omni.physx.tensors.plugin] Failed to find rigid body at '/World/envs/env_248/robot_a/joints/imu'
2026-10-02T10:32:05Z [43,606ms] [Warning] [omni.physx.tensors.plugin] Failed to find rigid body at '/World/envs/env_249/robot_a/joints/imu'
2026-10-02T10:32:05Z [43,606ms] [Warning] [omni.physx.tensors.plugin] Failed to find rigid body at '/World/envs/env_250/robot_a/joints/imu'
2026-10-02T10:32:05Z [43,606ms] [Warning] [omni.physx.tensors.plugin] Failed to find rigid body at '/World/envs/env_251/robot_a/joints/imu'
2026-10-02T10:32:05Z [43,606ms] [Warning] [omni.physx.tensors.plugin] Failed to find rigid body at '/World/envs/env_252/robot_a/joints/imu'
2026-10-02T10:32:05Z [43,606ms] [Warning] [omni.physx.tensors.plugin] Failed to find rigid body at '/World/envs/env_253/robot_a/joints/imu'
2026-10-02T10:32:05Z [43,607ms] [Warning] [omni.physx.tensors.plugin] Failed to find rigid body at '/World/envs/env_254/robot_a/joints/imu'
2026-10-02T10:32:05Z [43,607ms] [Warning] [omni.physx.tensors.plugin] Failed to find rigid body at '/World/envs/env_255/robot_a/joints/imu'
2026-10-02T10:32:05Z [43,607ms] [Warning] [omni.physx.tensors.plugin] Failed to find rigid body at '/World/envs/env_256/robot_a/joints/imu'
2026-10-02T10:32:05Z [43,607ms] [Warning] [omni.physx.tensors.plugin] Failed to find rigid body at '/World/envs/env_257/robot_a/joints/imu'
2026-10-02T10:32:05Z [43,607ms] [Warning] [omni.physx.tensors.plugin] Failed to find rigid body at '/World/envs/env_258/robot_a/joints/imu'
2026-10-02T10:32:05Z [43,607ms] [Warning] [omni.physx.tensors.plugin] Failed to find rigid body at '/World/envs/env_259/robot_a/joints/imu'
2026-10-02T10:32:05Z [43,607ms] [Warning] [omni.physx.tensors.plugin] Failed to find rigid body at '/World/envs/env_260/robot_a/joints/imu'
2026-10-02T10:32:05Z [43,607ms] [Warning] [omni.physx.tensors.plugin] Failed to find rigid body at '/World/envs/env_261/robot_a/joints/imu'
2026-10-02T10:32:05Z [43,607ms] [Warning] [omni.physx.tensors.plugin] Failed to find rigid body at '/World/envs/env_262/robot_a/joints/imu'
2026-10-02T10:32:05Z [43,607ms] [Warning] [omni.physx.tensors.plugin] Failed to find rigid body at '/World/envs/env_263/robot_a/joints/imu'
2026-10-02T10:32:05Z [43,607ms] [Warning] [omni.physx.tensors.plugin] Failed to find rigid body at '/World/envs/env_264/robot_a/joints/imu'
2026-10-02T10:32:05Z [43,607ms] [Warning] [omni.physx.tensors.plugin] Failed to find rigid body at '/World/envs/env_265/robot_a/joints/imu'
2026-10-02T10:32:05Z [43,607ms] [Warning] [omni.physx.tensors.plugin] Failed to find rigid body at '/World/envs/env_266/robot_a/joints/imu'
2026-10-02T10:32:05Z [43,607ms] [Warning] [omni.physx.tensors.plugin] Failed to find rigid body at '/World/envs/env_267/robot_a/joints/imu'
2026-10-02T10:32:05Z [43,607ms] [Warning] [omni.physx.tensors.plugin] Failed to find rigid body at '/World/envs/env_268/robot_a/joints/imu'
2026-10-02T10:32:05Z [43,607ms] [Warning] [omni.physx.tensors.plugin] Failed to find rigid body at '/World/envs/env_269/robot_a/joints/imu'
2026-10-02T10:32:05Z [43,607ms] [Warning] [omni.physx.tensors.plugin] Failed to find rigid body at '/World/envs/env_270/robot_a/joints/imu'
2026-10-02T10:32:05Z [43,607ms] [Warning] [omni.physx.tensors.plugin] Failed to find rigid body at '/World/envs/env_271/robot_a/joints/imu'
2026-10-02T10:32:05Z [43,607ms] [Warning] [omni.physx.tensors.plugin] Failed to find rigid body at '/World/envs/env_272/robot_a/joints/imu'
2026-10-02T10:32:05Z [43,607ms] [Warning] [omni.physx.tensors.plugin] Failed to find rigid body at '/World/envs/env_273/robot_a/joints/imu'
2026-10-02T10:32:05Z [43,607ms] [Warning] [omni.physx.tensors.plugin] Failed to find rigid body at '/World/envs/env_274/robot_a/joints/imu'
2026-10-02T10:32:05Z [43,607ms] [Warning] [omni.physx.tensors.plugin] Failed to find rigid body at '/World/envs/env_275/robot_a/joints/imu'
2026-10-02T10:32:05Z [43,607ms] [Warning] [omni.physx.tensors.plugin] Failed to find rigid body at '/World/envs/env_276/robot_a/joints/imu'
2026-10-02T10:32:05Z [43,607ms] [Warning] [omni.physx.tensors.plugin] Failed to find rigid body at '/World/envs/env_277/robot_a/joints/imu'
2026-10-02T10:32:05Z [43,607ms] [Warning] [omni.physx.tensors.plugin] Failed to find rigid body at '/World/envs/env_278/robot_a/joints/imu'
2026-10-02T10:32:05Z [43,607ms] [Warning] [omni.physx.tensors.plugin] Failed to find rigid body at '/World/envs/env_279/robot_a/joints/imu'
2026-10-02T10:32:05Z [43,607ms] [Warning] [omni.physx.tensors.plugin] Failed to find rigid body at '/World/envs/env_280/robot_a/joints/imu'
2026-10-02T10:32:05Z [43,607ms] [Warning] [omni.physx.tensors.plugin] Failed to find rigid body at '/World/envs/env_281/robot_a/joints/imu'
2026-10-02T10:32:05Z [43,607ms] [Warning] [omni.physx.tensors.plugin] Failed to find rigid body at '/World/envs/env_282/robot_a/joints/imu'
2026-10-02T10:32:05Z [43,607ms] [Warning] [omni.physx.tensors.plugin] Failed to find rigid body at '/World/envs/env_283/robot_a/joints/imu'
2026-10-02T10:32:05Z [43,607ms] [Warning] [omni.physx.tensors.plugin] Failed to find rigid body at '/World/envs/env_284/robot_a/joints/imu'
2026-10-02T10:32:05Z [43,607ms] [Warning] [omni.physx.tensors.plugin] Failed to find rigid body at '/World/envs/env_285/robot_a/joints/imu'
2026-10-02T10:32:05Z [43,608ms] [Warning] [omni.physx.tensors.plugin] Failed to find rigid body at '/World/envs/env_286/robot_a/joints/imu'
2026-10-02T10:32:05Z [43,608ms] [Warning] [omni.physx.tensors.plugin] Failed to find rigid body at '/World/envs/env_287/robot_a/joints/imu'
2026-10-02T10:32:05Z [43,608ms] [Warning] [omni.physx.tensors.plugin] Failed to find rigid body at '/World/envs/env_288/robot_a/joints/imu'
2026-10-02T10:32:05Z [43,608ms] [Warning] [omni.physx.tensors.plugin] Failed to find rigid body at '/World/envs/env_289/robot_a/joints/imu'
2026-10-02T10:32:05Z [43,608ms] [Warning] [omni.physx.tensors.plugin] Failed to find rigid body at '/World/envs/env_290/robot_a/joints/imu'
2026-10-02T10:32:05Z [43,608ms] [Warning] [omni.physx.tensors.plugin] Failed to find rigid body at '/World/envs/env_291/robot_a/joints/imu'
2026-10-02T10:32:05Z [43,608ms] [Warning] [omni.physx.tensors.plugin] Failed to find rigid body at '/World/envs/env_292/robot_a/joints/imu'
2026-10-02T10:32:05Z [43,608ms] [Warning] [omni.physx.tensors.plugin] Failed to find rigid body at '/World/envs/env_293/robot_a/joints/imu'
2026-10-02T10:32:05Z [43,608ms] [Warning] [omni.physx.tensors.plugin] Failed to find rigid body at '/World/envs/env_294/robot_a/joints/imu'
2026-10-02T10:32:05Z [43,608ms] [Warning] [omni.physx.tensors.plugin] Failed to find rigid body at '/World/envs/env_295/robot_a/joints/imu'
2026-10-02T10:32:05Z [43,608ms] [Warning] [omni.physx.tensors.plugin] Failed to find rigid body at '/World/envs/env_296/robot_a/joints/imu'
2026-10-02T10:32:05Z [43,608ms] [Warning] [omni.physx.tensors.plugin] Failed to find rigid body at '/World/envs/env_297/robot_a/joints/imu'
2026-10-02T10:32:05Z [43,608ms] [Warning] [omni.physx.tensors.plugin] Failed to find rigid body at '/World/envs/env_298/robot_a/joints/imu'
2026-10-02T10:32:05Z [43,608ms] [Warning] [omni.physx.tensors.plugin] Failed to find rigid body at '/World/envs/env_299/robot_a/joints/imu'
2026-10-02T10:32:05Z [43,608ms] [Warning] [omni.physx.tensors.plugin] Failed to find rigid body at '/World/envs/env_300/robot_a/joints/imu'
2026-10-02T10:32:05Z [43,608ms] [Warning] [omni.physx.tensors.plugin] Failed to find rigid body at '/World/envs/env_301/robot_a/joints/imu'
2026-10-02T10:32:05Z [43,608ms] [Warning] [omni.physx.tensors.plugin] Failed to find rigid body at '/World/envs/env_302/robot_a/joints/imu'
2026-10-02T10:32:05Z [43,608ms] [Warning] [omni.physx.tensors.plugin] Failed to find rigid body at '/World/envs/env_303/robot_a/joints/imu'
2026-10-02T10:32:05Z [43,608ms] [Warning] [omni.physx.tensors.plugin] Failed to find rigid body at '/World/envs/env_304/robot_a/joints/imu'
2026-10-02T10:32:05Z [43,608ms] [Warning] [omni.physx.tensors.plugin] Failed to find rigid body at '/World/envs/env_305/robot_a/joints/imu'
2026-10-02T10:32:05Z [43,608ms] [Warning] [omni.physx.tensors.plugin] Failed to find rigid body at '/World/envs/env_306/robot_a/joints/imu'
2026-10-02T10:32:05Z [43,608ms] [Warning] [omni.physx.tensors.plugin] Failed to find rigid body at '/World/envs/env_307/robot_a/joints/imu'
2026-10-02T10:32:05Z [43,608ms] [Warning] [omni.physx.tensors.plugin] Failed to find rigid body at '/World/envs/env_308/robot_a/joints/imu'
2026-10-02T10:32:05Z [43,608ms] [Warning] [omni.physx.tensors.plugin] Failed to find rigid body at '/World/envs/env_309/robot_a/joints/imu'
2026-10-02T10:32:05Z [43,608ms] [Warning] [omni.physx.tensors.plugin] Failed to find rigid body at '/World/envs/env_310/robot_a/joints/imu'
2026-10-02T10:32:05Z [43,608ms] [Warning] [omni.physx.tensors.plugin] Failed to find rigid body at '/World/envs/env_311/robot_a/joints/imu'
2026-10-02T10:32:05Z [43,608ms] [Warning] [omni.physx.tensors.plugin] Failed to find rigid body at '/World/envs/env_312/robot_a/joints/imu'
2026-10-02T10:32:05Z [43,608ms] [Warning] [omni.physx.tensors.plugin] Failed to find rigid body at '/World/envs/env_313/robot_a/joints/imu'
2026-10-02T10:32:05Z [43,608ms] [Warning] [omni.physx.tensors.plugin] Failed to find rigid body at '/World/envs/env_314/robot_a/joints/imu'
2026-10-02T10:32:05Z [43,609ms] [Warning] [omni.physx.tensors.plugin] Failed to find rigid body at '/World/envs/env_315/robot_a/joints/imu'
2026-10-02T10:32:05Z [43,609ms] [Warning] [omni.physx.tensors.plugin] Failed to find rigid body at '/World/envs/env_316/robot_a/joints/imu'
2026-10-02T10:32:05Z [43,609ms] [Warning] [omni.physx.tensors.plugin] Failed to find rigid body at '/World/envs/env_317/robot_a/joints/imu'
2026-10-02T10:32:05Z [43,609ms] [Warning] [omni.physx.tensors.plugin] Failed to find rigid body at '/World/envs/env_318/robot_a/joints/imu'
2026-10-02T10:32:05Z [43,609ms] [Warning] [omni.physx.tensors.plugin] Failed to find rigid body at '/World/envs/env_319/robot_a/joints/imu'
2026-10-02T10:32:05Z [43,609ms] [Warning] [omni.physx.tensors.plugin] Failed to find rigid body at '/World/envs/env_320/robot_a/joints/imu'
2026-10-02T10:32:05Z [43,609ms] [Warning] [omni.physx.tensors.plugin] Failed to find rigid body at '/World/envs/env_321/robot_a/joints/imu'
2026-10-02T10:32:05Z [43,609ms] [Warning] [omni.physx.tensors.plugin] Failed to find rigid body at '/World/envs/env_322/robot_a/joints/imu'
2026-10-02T10:32:05Z [43,609ms] [Warning] [omni.physx.tensors.plugin] Failed to find rigid body at '/World/envs/env_323/robot_a/joints/imu'
2026-10-02T10:32:05Z [43,609ms] [Warning] [omni.physx.tensors.plugin] Failed to find rigid body at '/World/envs/env_324/robot_a/joints/imu'
2026-10-02T10:32:05Z [43,609ms] [Warning] [omni.physx.tensors.plugin] Failed to find rigid body at '/World/envs/env_325/robot_a/joints/imu'
2026-10-02T10:32:05Z [43,609ms] [Warning] [omni.physx.tensors.plugin] Failed to find rigid body at '/World/envs/env_326/robot_a/joints/imu'
2026-10-02T10:32:05Z [43,609ms] [Warning] [omni.physx.tensors.plugin] Failed to find rigid body at '/World/envs/env_327/robot_a/joints/imu'
2026-10-02T10:32:05Z [43,609ms] [Warning] [omni.physx.tensors.plugin] Failed to find rigid body at '/World/envs/env_328/robot_a/joints/imu'
2026-10-02T10:32:05Z [43,609ms] [Warning] [omni.physx.tensors.plugin] Failed to find rigid body at '/World/envs/env_329/robot_a/joints/imu'
2026-10-02T10:32:05Z [43,609ms] [Warning] [omni.physx.tensors.plugin] Failed to find rigid body at '/World/envs/env_330/robot_a/joints/imu'
2026-10-02T10:32:05Z [43,609ms] [Warning] [omni.physx.tensors.plugin] Failed to find rigid body at '/World/envs/env_331/robot_a/joints/imu'
2026-10-02T10:32:05Z [43,609ms] [Warning] [omni.physx.tensors.plugin] Failed to find rigid body at '/World/envs/env_332/robot_a/joints/imu'
2026-10-02T10:32:05Z [43,609ms] [Warning] [omni.physx.tensors.plugin] Failed to find rigid body at '/World/envs/env_333/robot_a/joints/imu'
2026-10-02T10:32:05Z [43,609ms] [Warning] [omni.physx.tensors.plugin] Failed to find rigid body at '/World/envs/env_334/robot_a/joints/imu'
2026-10-02T10:32:05Z [43,609ms] [Warning] [omni.physx.tensors.plugin] Failed to find rigid body at '/World/envs/env_335/robot_a/joints/imu'
2026-10-02T10:32:05Z [43,609ms] [Warning] [omni.physx.tensors.plugin] Failed to find rigid body at '/World/envs/env_336/robot_a/joints/imu'
2026-10-02T10:32:05Z [43,609ms] [Warning] [omni.physx.tensors.plugin] Failed to find rigid body at '/World/envs/env_337/robot_a/joints/imu'
2026-10-02T10:32:05Z [43,609ms] [Warning] [omni.physx.tensors.plugin] Failed to find rigid body at '/World/envs/env_338/robot_a/joints/imu'
2026-10-02T10:32:05Z [43,609ms] [Warning] [omni.physx.tensors.plugin] Failed to find rigid body at '/World/envs/env_339/robot_a/joints/imu'
2026-10-02T10:32:05Z [43,609ms] [Warning] [omni.physx.tensors.plugin] Failed to find rigid body at '/World/envs/env_340/robot_a/joints/imu'
2026-10-02T10:32:05Z [43,609ms] [Warning] [omni.physx.tensors.plugin] Failed to find rigid body at '/World/envs/env_341/robot_a/joints/imu'
2026-10-02T10:32:05Z [43,609ms] [Warning] [omni.physx.tensors.plugin] Failed to find rigid body at '/World/envs/env_342/robot_a/joints/imu'
2026-10-02T10:32:05Z [43,609ms] [Warning] [omni.physx.tensors.plugin] Failed to find rigid body at '/World/envs/env_343/robot_a/joints/imu'
2026-10-02T10:32:05Z [43,609ms] [Warning] [omni.physx.tensors.plugin] Failed to find rigid body at '/World/envs/env_344/robot_a/joints/imu'
2026-10-02T10:32:05Z [43,609ms] [Warning] [omni.physx.tensors.plugin] Failed to find rigid body at '/World/envs/env_345/robot_a/joints/imu'
2026-10-02T10:32:05Z [43,609ms] [Warning] [omni.physx.tensors.plugin] Failed to find rigid body at '/World/envs/env_346/robot_a/joints/imu'
2026-10-02T10:32:05Z [43,610ms] [Warning] [omni.physx.tensors.plugin] Failed to find rigid body at '/World/envs/env_347/robot_a/joints/imu'
2026-10-02T10:32:05Z [43,610ms] [Warning] [omni.physx.tensors.plugin] Failed to find rigid body at '/World/envs/env_348/robot_a/joints/imu'
2026-10-02T10:32:05Z [43,610ms] [Warning] [omni.physx.tensors.plugin] Failed to find rigid body at '/World/envs/env_349/robot_a/joints/imu'
2026-10-02T10:32:05Z [43,610ms] [Warning] [omni.physx.tensors.plugin] Failed to find rigid body at '/World/envs/env_350/robot_a/joints/imu'
2026-10-02T10:32:05Z [43,610ms] [Warning] [omni.physx.tensors.plugin] Failed to find rigid body at '/World/envs/env_351/robot_a/joints/imu'
2026-10-02T10:32:05Z [43,610ms] [Warning] [omni.physx.tensors.plugin] Failed to find rigid body at '/World/envs/env_352/robot_a/joints/imu'
2026-10-02T10:32:05Z [43,610ms] [Warning] [omni.physx.tensors.plugin] Failed to find rigid body at '/World/envs/env_353/robot_a/joints/imu'
2026-10-02T10:32:05Z [43,610ms] [Warning] [omni.physx.tensors.plugin] Failed to find rigid body at '/World/envs/env_354/robot_a/joints/imu'
2026-10-02T10:32:05Z [43,610ms] [Warning] [omni.physx.tensors.plugin] Failed to find rigid body at '/World/envs/env_355/robot_a/joints/imu'
2026-10-02T10:32:05Z [43,610ms] [Warning] [omni.physx.tensors.plugin] Failed to find rigid body at '/World/envs/env_356/robot_a/joints/imu'
2026-10-02T10:32:05Z [43,610ms] [Warning] [omni.physx.tensors.plugin] Failed to find rigid body at '/World/envs/env_357/robot_a/joints/imu'
2026-10-02T10:32:05Z [43,610ms] [Warning] [omni.physx.tensors.plugin] Failed to find rigid body at '/World/envs/env_358/robot_a/joints/imu'
2026-10-02T10:32:05Z [43,610ms] [Warning] [omni.physx.tensors.plugin] Failed to find rigid body at '/World/envs/env_359/robot_a/joints/imu'
2026-10-02T10:32:05Z [43,610ms] [Warning] [omni.physx.tensors.plugin] Failed to find rigid body at '/World/envs/env_360/robot_a/joints/imu'
2026-10-02T10:32:05Z [43,610ms] [Warning] [omni.physx.tensors.plugin] Failed to find rigid body at '/World/envs/env_361/robot_a/joints/imu'
2026-10-02T10:32:05Z [43,610ms] [Warning] [omni.physx.tensors.plugin] Failed to find rigid body at '/World/envs/env_362/robot_a/joints/imu'
2026-10-02T10:32:05Z [43,610ms] [Warning] [omni.physx.tensors.plugin] Failed to find rigid body at '/World/envs/env_363/robot_a/joints/imu'
2026-10-02T10:32:05Z [43,610ms] [Warning] [omni.physx.tensors.plugin] Failed to find rigid body at '/World/envs/env_364/robot_a/joints/imu'
2026-10-02T10:32:05Z [43,610ms] [Warning] [omni.physx.tensors.plugin] Failed to find rigid body at '/World/envs/env_365/robot_a/joints/imu'
2026-10-02T10:32:05Z [43,610ms] [Warning] [omni.physx.tensors.plugin] Failed to find rigid body at '/World/envs/env_366/robot_a/joints/imu'
2026-10-02T10:32:05Z [43,610ms] [Warning] [omni.physx.tensors.plugin] Failed to find rigid body at '/World/envs/env_367/robot_a/joints/imu'
2026-10-02T10:32:05Z [43,610ms] [Warning] [omni.physx.tensors.plugin] Failed to find rigid body at '/World/envs/env_368/robot_a/joints/imu'
2026-10-02T10:32:05Z [43,610ms] [Warning] [omni.physx.tensors.plugin] Failed to find rigid body at '/World/envs/env_369/robot_a/joints/imu'
2026-10-02T10:32:05Z [43,610ms] [Warning] [omni.physx.tensors.plugin] Failed to find rigid body at '/World/envs/env_370/robot_a/joints/imu'
2026-10-02T10:32:05Z [43,610ms] [Warning] [omni.physx.tensors.plugin] Failed to find rigid body at '/World/envs/env_371/robot_a/joints/imu'
2026-10-02T10:32:05Z [43,610ms] [Warning] [omni.physx.tensors.plugin] Failed to find rigid body at '/World/envs/env_372/robot_a/joints/imu'
2026-10-02T10:32:05Z [43,610ms] [Warning] [omni.physx.tensors.plugin] Failed to find rigid body at '/World/envs/env_373/robot_a/joints/imu'
2026-10-02T10:32:05Z [43,610ms] [Warning] [omni.physx.tensors.plugin] Failed to find rigid body at '/World/envs/env_374/robot_a/joints/imu'
2026-10-02T10:32:05Z [43,610ms] [Warning] [omni.physx.tensors.plugin] Failed to find rigid body at '/World/envs/env_375/robot_a/joints/imu'
2026-10-02T10:32:05Z [43,610ms] [Warning] [omni.physx.tensors.plugin] Failed to find rigid body at '/World/envs/env_376/robot_a/joints/imu'
2026-10-02T10:32:05Z [43,610ms] [Warning] [omni.physx.tensors.plugin] Failed to find rigid body at '/World/envs/env_377/robot_a/joints/imu'
2026-10-02T10:32:05Z [43,610ms] [Warning] [omni.physx.tensors.plugin] Failed to find rigid body at '/World/envs/env_378/robot_a/joints/imu'
2026-10-02T10:32:05Z [43,610ms] [Warning] [omni.physx.tensors.plugin] Failed to find rigid body at '/World/envs/env_379/robot_a/joints/imu'
2026-10-02T10:32:05Z [43,611ms] [Warning] [omni.physx.tensors.plugin] Failed to find rigid body at '/World/envs/env_380/robot_a/joints/imu'
2026-10-02T10:32:05Z [43,611ms] [Warning] [omni.physx.tensors.plugin] Failed to find rigid body at '/World/envs/env_381/robot_a/joints/imu'
2026-10-02T10:32:05Z [43,611ms] [Warning] [omni.physx.tensors.plugin] Failed to find rigid body at '/World/envs/env_382/robot_a/joints/imu'
2026-10-02T10:32:05Z [43,611ms] [Warning] [omni.physx.tensors.plugin] Failed to find rigid body at '/World/envs/env_383/robot_a/joints/imu'
2026-10-02T10:32:05Z [43,611ms] [Warning] [omni.physx.tensors.plugin] Failed to find rigid body at '/World/envs/env_384/robot_a/joints/imu'
2026-10-02T10:32:05Z [43,611ms] [Warning] [omni.physx.tensors.plugin] Failed to find rigid body at '/World/envs/env_385/robot_a/joints/imu'
2026-10-02T10:32:05Z [43,611ms] [Warning] [omni.physx.tensors.plugin] Failed to find rigid body at '/World/envs/env_386/robot_a/joints/imu'
2026-10-02T10:32:05Z [43,611ms] [Warning] [omni.physx.tensors.plugin] Failed to find rigid body at '/World/envs/env_387/robot_a/joints/imu'
2026-10-02T10:32:05Z [43,611ms] [Warning] [omni.physx.tensors.plugin] Failed to find rigid body at '/World/envs/env_388/robot_a/joints/imu'
2026-10-02T10:32:05Z [43,611ms] [Warning] [omni.physx.tensors.plugin] Failed to find rigid body at '/World/envs/env_389/robot_a/joints/imu'
2026-10-02T10:32:05Z [43,611ms] [Warning] [omni.physx.tensors.plugin] Failed to find rigid body at '/World/envs/env_390/robot_a/joints/imu'
2026-10-02T10:32:05Z [43,611ms] [Warning] [omni.physx.tensors.plugin] Failed to find rigid body at '/World/envs/env_391/robot_a/joints/imu'
2026-10-02T10:32:05Z [43,611ms] [Warning] [omni.physx.tensors.plugin] Failed to find rigid body at '/World/envs/env_392/robot_a/joints/imu'
2026-10-02T10:32:05Z [43,611ms] [Warning] [omni.physx.tensors.plugin] Failed to find rigid body at '/World/envs/env_393/robot_a/joints/imu'
2026-10-02T10:32:05Z [43,611ms] [Warning] [omni.physx.tensors.plugin] Failed to find rigid body at '/World/envs/env_394/robot_a/joints/imu'
2026-10-02T10:32:05Z [43,611ms] [Warning] [omni.physx.tensors.plugin] Failed to find rigid body at '/World/envs/env_395/robot_a/joints/imu'
2026-10-02T10:32:05Z [43,612ms] [Warning] [omni.physx.tensors.plugin] Failed to find rigid body at '/World/envs/env_396/robot_a/joints/imu'
2026-10-02T10:32:05Z [43,612ms] [Warning] [omni.physx.tensors.plugin] Failed to find rigid body at '/World/envs/env_397/robot_a/joints/imu'
2026-10-02T10:32:05Z [43,612ms] [Warning] [omni.physx.tensors.plugin] Failed to find rigid body at '/World/envs/env_398/robot_a/joints/imu'
2026-10-02T10:32:05Z [43,612ms] [Warning] [omni.physx.tensors.plugin] Failed to find rigid body at '/World/envs/env_399/robot_a/joints/imu'
2026-10-02T10:32:05Z [43,612ms] [Warning] [omni.physx.tensors.plugin] Failed to find rigid body at '/World/envs/env_400/robot_a/joints/imu'
2026-10-02T10:32:05Z [43,612ms] [Warning] [omni.physx.tensors.plugin] Failed to find rigid body at '/World/envs/env_401/robot_a/joints/imu'
2026-10-02T10:32:05Z [43,612ms] [Warning] [omni.physx.tensors.plugin] Failed to find rigid body at '/World/envs/env_402/robot_a/joints/imu'
2026-10-02T10:32:05Z [43,612ms] [Warning] [omni.physx.tensors.plugin] Failed to find rigid body at '/World/envs/env_403/robot_a/joints/imu'
2026-10-02T10:32:05Z [43,612ms] [Warning] [omni.physx.tensors.plugin] Failed to find rigid body at '/World/envs/env_404/robot_a/joints/imu'
2026-10-02T10:32:05Z [43,612ms] [Warning] [omni.physx.tensors.plugin] Failed to find rigid body at '/World/envs/env_405/robot_a/joints/imu'
2026-10-02T10:32:05Z [43,612ms] [Warning] [omni.physx.tensors.plugin] Failed to find rigid body at '/World/envs/env_406/robot_a/joints/imu'
2026-10-02T10:32:05Z [43,612ms] [Warning] [omni.physx.tensors.plugin] Failed to find rigid body at '/World/envs/env_407/robot_a/joints/imu'
2026-10-02T10:32:05Z [43,612ms] [Warning] [omni.physx.tensors.plugin] Failed to find rigid body at '/World/envs/env_408/robot_a/joints/imu'
2026-10-02T10:32:05Z [43,612ms] [Warning] [omni.physx.tensors.plugin] Failed to find rigid body at '/World/envs/env_409/robot_a/joints/imu'
2026-10-02T10:32:05Z [43,612ms] [Warning] [omni.physx.tensors.plugin] Failed to find rigid body at '/World/envs/env_410/robot_a/joints/imu'
2026-10-02T10:32:05Z [43,612ms] [Warning] [omni.physx.tensors.plugin] Failed to find rigid body at '/World/envs/env_411/robot_a/joints/imu'
2026-10-02T10:32:05Z [43,612ms] [Warning] [omni.physx.tensors.plugin] Failed to find rigid body at '/World/envs/env_412/robot_a/joints/imu'
2026-10-02T10:32:05Z [43,612ms] [Warning] [omni.physx.tensors.plugin] Failed to find rigid body at '/World/envs/env_413/robot_a/joints/imu'
2026-10-02T10:32:05Z [43,612ms] [Warning] [omni.physx.tensors.plugin] Failed to find rigid body at '/World/envs/env_414/robot_a/joints/imu'
2026-10-02T10:32:05Z [43,612ms] [Warning] [omni.physx.tensors.plugin] Failed to find rigid body at '/World/envs/env_415/robot_a/joints/imu'
2026-10-02T10:32:05Z [43,612ms] [Warning] [omni.physx.tensors.plugin] Failed to find rigid body at '/World/envs/env_416/robot_a/joints/imu'
2026-10-02T10:32:05Z [43,612ms] [Warning] [omni.physx.tensors.plugin] Failed to find rigid body at '/World/envs/env_417/robot_a/joints/imu'
2026-10-02T10:32:05Z [43,612ms] [Warning] [omni.physx.tensors.plugin] Failed to find rigid body at '/World/envs/env_418/robot_a/joints/imu'
2026-10-02T10:32:05Z [43,612ms] [Warning] [omni.physx.tensors.plugin] Failed to find rigid body at '/World/envs/env_419/robot_a/joints/imu'
2026-10-02T10:32:05Z [43,612ms] [Warning] [omni.physx.tensors.plugin] Failed to find rigid body at '/World/envs/env_420/robot_a/joints/imu'
2026-10-02T10:32:05Z [43,612ms] [Warning] [omni.physx.tensors.plugin] Failed to find rigid body at '/World/envs/env_421/robot_a/joints/imu'
2026-10-02T10:32:05Z [43,612ms] [Warning] [omni.physx.tensors.plugin] Failed to find rigid body at '/World/envs/env_422/robot_a/joints/imu'
2026-10-02T10:32:05Z [43,612ms] [Warning] [omni.physx.tensors.plugin] Failed to find rigid body at '/World/envs/env_423/robot_a/joints/imu'
2026-10-02T10:32:05Z [43,612ms] [Warning] [omni.physx.tensors.plugin] Failed to find rigid body at '/World/envs/env_424/robot_a/joints/imu'
2026-10-02T10:32:05Z [43,612ms] [Warning] [omni.physx.tensors.plugin] Failed to find rigid body at '/World/envs/env_425/robot_a/joints/imu'
2026-10-02T10:32:05Z [43,612ms] [Warning] [omni.physx.tensors.plugin] Failed to find rigid body at '/World/envs/env_426/robot_a/joints/imu'
2026-10-02T10:32:05Z [43,612ms] [Warning] [omni.physx.tensors.plugin] Failed to find rigid body at '/World/envs/env_427/robot_a/joints/imu'
2026-10-02T10:32:05Z [43,612ms] [Warning] [omni.physx.tensors.plugin] Failed to find rigid body at '/World/envs/env_428/robot_a/joints/imu'
2026-10-02T10:32:05Z [43,612ms] [Warning] [omni.physx.tensors.plugin] Failed to find rigid body at '/World/envs/env_429/robot_a/joints/imu'
2026-10-02T10:32:05Z [43,613ms] [Warning] [omni.physx.tensors.plugin] Failed to find rigid body at '/World/envs/env_430/robot_a/joints/imu'
2026-10-02T10:32:05Z [43,613ms] [Warning] [omni.physx.tensors.plugin] Failed to find rigid body at '/World/envs/env_431/robot_a/joints/imu'
2026-10-02T10:32:05Z [43,613ms] [Warning] [omni.physx.tensors.plugin] Failed to find rigid body at '/World/envs/env_432/robot_a/joints/imu'
2026-10-02T10:32:05Z [43,613ms] [Warning] [omni.physx.tensors.plugin] Failed to find rigid body at '/World/envs/env_433/robot_a/joints/imu'
2026-10-02T10:32:05Z [43,613ms] [Warning] [omni.physx.tensors.plugin] Failed to find rigid body at '/World/envs/env_434/robot_a/joints/imu'
2026-10-02T10:32:05Z [43,613ms] [Warning] [omni.physx.tensors.plugin] Failed to find rigid body at '/World/envs/env_435/robot_a/joints/imu'
2026-10-02T10:32:05Z [43,613ms] [Warning] [omni.physx.tensors.plugin] Failed to find rigid body at '/World/envs/env_436/robot_a/joints/imu'
2026-10-02T10:32:05Z [43,613ms] [Warning] [omni.physx.tensors.plugin] Failed to find rigid body at '/World/envs/env_437/robot_a/joints/imu'
2026-10-02T10:32:05Z [43,613ms] [Warning] [omni.physx.tensors.plugin] Failed to find rigid body at '/World/envs/env_438/robot_a/joints/imu'
2026-10-02T10:32:05Z [43,613ms] [Warning] [omni.physx.tensors.plugin] Failed to find rigid body at '/World/envs/env_439/robot_a/joints/imu'
2026-10-02T10:32:05Z [43,613ms] [Warning] [omni.physx.tensors.plugin] Failed to find rigid body at '/World/envs/env_440/robot_a/joints/imu'
2026-10-02T10:32:05Z [43,613ms] [Warning] [omni.physx.tensors.plugin] Failed to find rigid body at '/World/envs/env_441/robot_a/joints/imu'
2026-10-02T10:32:05Z [43,613ms] [Warning] [omni.physx.tensors.plugin] Failed to find rigid body at '/World/envs/env_442/robot_a/joints/imu'
2026-10-02T10:32:05Z [43,613ms] [Warning] [omni.physx.tensors.plugin] Failed to find rigid body at '/World/envs/env_443/robot_a/joints/imu'
2026-10-02T10:32:05Z [43,613ms] [Warning] [omni.physx.tensors.plugin] Failed to find rigid body at '/World/envs/env_444/robot_a/joints/imu'
2026-10-02T10:32:05Z [43,613ms] [Warning] [omni.physx.tensors.plugin] Failed to find rigid body at '/World/envs/env_445/robot_a/joints/imu'
2026-10-02T10:32:05Z [43,613ms] [Warning] [omni.physx.tensors.plugin] Failed to find rigid body at '/World/envs/env_446/robot_a/joints/imu'
2026-10-02T10:32:05Z [43,613ms] [Warning] [omni.physx.tensors.plugin] Failed to find rigid body at '/World/envs/env_447/robot_a/joints/imu'
2026-10-02T10:32:05Z [43,613ms] [Warning] [omni.physx.tensors.plugin] Failed to find rigid body at '/World/envs/env_448/robot_a/joints/imu'
2026-10-02T10:32:05Z [43,613ms] [Warning] [omni.physx.tensors.plugin] Failed to find rigid body at '/World/envs/env_449/robot_a/joints/imu'
2026-10-02T10:32:05Z [43,613ms] [Warning] [omni.physx.tensors.plugin] Failed to find rigid body at '/World/envs/env_450/robot_a/joints/imu'
2026-10-02T10:32:05Z [43,613ms] [Warning] [omni.physx.tensors.plugin] Failed to find rigid body at '/World/envs/env_451/robot_a/joints/imu'
2026-10-02T10:32:05Z [43,613ms] [Warning] [omni.physx.tensors.plugin] Failed to find rigid body at '/World/envs/env_452/robot_a/joints/imu'
2026-10-02T10:32:05Z [43,613ms] [Warning] [omni.physx.tensors.plugin] Failed to find rigid body at '/World/envs/env_453/robot_a/joints/imu'
2026-10-02T10:32:05Z [43,613ms] [Warning] [omni.physx.tensors.plugin] Failed to find rigid body at '/World/envs/env_454/robot_a/joints/imu'
2026-10-02T10:32:05Z [43,613ms] [Warning] [omni.physx.tensors.plugin] Failed to find rigid body at '/World/envs/env_455/robot_a/joints/imu'
2026-10-02T10:32:05Z [43,613ms] [Warning] [omni.physx.tensors.plugin] Failed to find rigid body at '/World/envs/env_456/robot_a/joints/imu'
2026-10-02T10:32:05Z [43,613ms] [Warning] [omni.physx.tensors.plugin] Failed to find rigid body at '/World/envs/env_457/robot_a/joints/imu'
2026-10-02T10:32:05Z [43,613ms] [Warning] [omni.physx.tensors.plugin] Failed to find rigid body at '/World/envs/env_458/robot_a/joints/imu'
2026-10-02T10:32:05Z [43,613ms] [Warning] [omni.physx.tensors.plugin] Failed to find rigid body at '/World/envs/env_459/robot_a/joints/imu'
2026-10-02T10:32:05Z [43,613ms] [Warning] [omni.physx.tensors.plugin] Failed to find rigid body at '/World/envs/env_460/robot_a/joints/imu'
2026-10-02T10:32:05Z [43,613ms] [Warning] [omni.physx.tensors.plugin] Failed to find rigid body at '/World/envs/env_461/robot_a/joints/imu'
2026-10-02T10:32:05Z [43,613ms] [Warning] [omni.physx.tensors.plugin] Failed to find rigid body at '/World/envs/env_462/robot_a/joints/imu'
2026-10-02T10:32:05Z [43,613ms] [Warning] [omni.physx.tensors.plugin] Failed to find rigid body at '/World/envs/env_463/robot_a/joints/imu'
2026-10-02T10:32:05Z [43,614ms] [Warning] [omni.physx.tensors.plugin] Failed to find rigid body at '/World/envs/env_464/robot_a/joints/imu'
2026-10-02T10:32:05Z [43,614ms] [Warning] [omni.physx.tensors.plugin] Failed to find rigid body at '/World/envs/env_465/robot_a/joints/imu'
2026-10-02T10:32:05Z [43,614ms] [Warning] [omni.physx.tensors.plugin] Failed to find rigid body at '/World/envs/env_466/robot_a/joints/imu'
2026-10-02T10:32:05Z [43,614ms] [Warning] [omni.physx.tensors.plugin] Failed to find rigid body at '/World/envs/env_467/robot_a/joints/imu'
2026-10-02T10:32:05Z [43,614ms] [Warning] [omni.physx.tensors.plugin] Failed to find rigid body at '/World/envs/env_468/robot_a/joints/imu'
2026-10-02T10:32:05Z [43,614ms] [Warning] [omni.physx.tensors.plugin] Failed to find rigid body at '/World/envs/env_469/robot_a/joints/imu'
2026-10-02T10:32:05Z [43,614ms] [Warning] [omni.physx.tensors.plugin] Failed to find rigid body at '/World/envs/env_470/robot_a/joints/imu'
2026-10-02T10:32:05Z [43,614ms] [Warning] [omni.physx.tensors.plugin] Failed to find rigid body at '/World/envs/env_471/robot_a/joints/imu'
2026-10-02T10:32:05Z [43,614ms] [Warning] [omni.physx.tensors.plugin] Failed to find rigid body at '/World/envs/env_472/robot_a/joints/imu'
2026-10-02T10:32:05Z [43,614ms] [Warning] [omni.physx.tensors.plugin] Failed to find rigid body at '/World/envs/env_473/robot_a/joints/imu'
2026-10-02T10:32:05Z [43,614ms] [Warning] [omni.physx.tensors.plugin] Failed to find rigid body at '/World/envs/env_474/robot_a/joints/imu'
2026-10-02T10:32:05Z [43,614ms] [Warning] [omni.physx.tensors.plugin] Failed to find rigid body at '/World/envs/env_475/robot_a/joints/imu'
2026-10-02T10:32:05Z [43,614ms] [Warning] [omni.physx.tensors.plugin] Failed to find rigid body at '/World/envs/env_476/robot_a/joints/imu'
2026-10-02T10:32:05Z [43,614ms] [Warning] [omni.physx.tensors.plugin] Failed to find rigid body at '/World/envs/env_477/robot_a/joints/imu'
2026-10-02T10:32:05Z [43,614ms] [Warning] [omni.physx.tensors.plugin] Failed to find rigid body at '/World/envs/env_478/robot_a/joints/imu'
2026-10-02T10:32:05Z [43,614ms] [Warning] [omni.physx.tensors.plugin] Failed to find rigid body at '/World/envs/env_479/robot_a/joints/imu'
2026-10-02T10:32:05Z [43,614ms] [Warning] [omni.physx.tensors.plugin] Failed to find rigid body at '/World/envs/env_480/robot_a/joints/imu'
2026-10-02T10:32:05Z [43,614ms] [Warning] [omni.physx.tensors.plugin] Failed to find rigid body at '/World/envs/env_481/robot_a/joints/imu'
2026-10-02T10:32:05Z [43,614ms] [Warning] [omni.physx.tensors.plugin] Failed to find rigid body at '/World/envs/env_482/robot_a/joints/imu'
2026-10-02T10:32:05Z [43,614ms] [Warning] [omni.physx.tensors.plugin] Failed to find rigid body at '/World/envs/env_483/robot_a/joints/imu'
2026-10-02T10:32:05Z [43,614ms] [Warning] [omni.physx.tensors.plugin] Failed to find rigid body at '/World/envs/env_484/robot_a/joints/imu'
2026-10-02T10:32:05Z [43,614ms] [Warning] [omni.physx.tensors.plugin] Failed to find rigid body at '/World/envs/env_485/robot_a/joints/imu'
2026-10-02T10:32:05Z [43,614ms] [Warning] [omni.physx.tensors.plugin] Failed to find rigid body at '/World/envs/env_486/robot_a/joints/imu'
2026-10-02T10:32:05Z [43,614ms] [Warning] [omni.physx.tensors.plugin] Failed to find rigid body at '/World/envs/env_487/robot_a/joints/imu'
2026-10-02T10:32:05Z [43,614ms] [Warning] [omni.physx.tensors.plugin] Failed to find rigid body at '/World/envs/env_488/robot_a/joints/imu'
2026-10-02T10:32:05Z [43,614ms] [Warning] [omni.physx.tensors.plugin] Failed to find rigid body at '/World/envs/env_489/robot_a/joints/imu'
2026-10-02T10:32:05Z [43,614ms] [Warning] [omni.physx.tensors.plugin] Failed to find rigid body at '/World/envs/env_490/robot_a/joints/imu'
2026-10-02T10:32:05Z [43,614ms] [Warning] [omni.physx.tensors.plugin] Failed to find rigid body at '/World/envs/env_491/robot_a/joints/imu'
2026-10-02T10:32:05Z [43,614ms] [Warning] [omni.physx.tensors.plugin] Failed to find rigid body at '/World/envs/env_492/robot_a/joints/imu'
2026-10-02T10:32:05Z [43,614ms] [Warning] [omni.physx.tensors.plugin] Failed to find rigid body at '/World/envs/env_493/robot_a/joints/imu'
2026-10-02T10:32:05Z [43,614ms] [Warning] [omni.physx.tensors.plugin] Failed to find rigid body at '/World/envs/env_494/robot_a/joints/imu'
2026-10-02T10:32:05Z [43,614ms] [Warning] [omni.physx.tensors.plugin] Failed to find rigid body at '/World/envs/env_495/robot_a/joints/imu'
2026-10-02T10:32:05Z [43,614ms] [Warning] [omni.physx.tensors.plugin] Failed to find rigid body at '/World/envs/env_496/robot_a/joints/imu'
2026-10-02T10:32:05Z [43,614ms] [Warning] [omni.physx.tensors.plugin] Failed to find rigid body at '/World/envs/env_497/robot_a/joints/imu'
2026-10-02T10:32:05Z [43,614ms] [Warning] [omni.physx.tensors.plugin] Failed to find rigid body at '/World/envs/env_498/robot_a/joints/imu'
2026-10-02T10:32:05Z [43,615ms] [Warning] [omni.physx.tensors.plugin] Failed to find rigid body at '/World/envs/env_499/robot_a/joints/imu'
2026-10-02T10:32:05Z [43,615ms] [Warning] [omni.physx.tensors.plugin] Failed to find rigid body at '/World/envs/env_500/robot_a/joints/imu'
2026-10-02T10:32:05Z [43,615ms] [Warning] [omni.physx.tensors.plugin] Failed to find rigid body at '/World/envs/env_501/robot_a/joints/imu'
2026-10-02T10:32:05Z [43,615ms] [Warning] [omni.physx.tensors.plugin] Failed to find rigid body at '/World/envs/env_502/robot_a/joints/imu'
2026-10-02T10:32:05Z [43,615ms] [Warning] [omni.physx.tensors.plugin] Failed to find rigid body at '/World/envs/env_503/robot_a/joints/imu'
2026-10-02T10:32:05Z [43,615ms] [Warning] [omni.physx.tensors.plugin] Failed to find rigid body at '/World/envs/env_504/robot_a/joints/imu'
2026-10-02T10:32:05Z [43,615ms] [Warning] [omni.physx.tensors.plugin] Failed to find rigid body at '/World/envs/env_505/robot_a/joints/imu'
2026-10-02T10:32:05Z [43,615ms] [Warning] [omni.physx.tensors.plugin] Failed to find rigid body at '/World/envs/env_506/robot_a/joints/imu'
2026-10-02T10:32:05Z [43,615ms] [Warning] [omni.physx.tensors.plugin] Failed to find rigid body at '/World/envs/env_507/robot_a/joints/imu'
2026-10-02T10:32:05Z [43,615ms] [Warning] [omni.physx.tensors.plugin] Failed to find rigid body at '/World/envs/env_508/robot_a/joints/imu'
2026-10-02T10:32:05Z [43,615ms] [Warning] [omni.physx.tensors.plugin] Failed to find rigid body at '/World/envs/env_509/robot_a/joints/imu'
2026-10-02T10:32:05Z [43,615ms] [Warning] [omni.physx.tensors.plugin] Failed to find rigid body at '/World/envs/env_510/robot_a/joints/imu'
2026-10-02T10:32:05Z [43,615ms] [Warning] [omni.physx.tensors.plugin] Failed to find rigid body at '/World/envs/env_511/robot_a/joints/imu'
2026-10-02T10:32:05Z [43,615ms] [Warning] [omni.physx.tensors.plugin] Failed to find rigid body at '/World/envs/env_512/robot_a/joints/imu'
2026-10-02T10:32:05Z [43,615ms] [Warning] [omni.physx.tensors.plugin] Failed to find rigid body at '/World/envs/env_513/robot_a/joints/imu'
2026-10-02T10:32:05Z [43,615ms] [Warning] [omni.physx.tensors.plugin] Failed to find rigid body at '/World/envs/env_514/robot_a/joints/imu'
2026-10-02T10:32:05Z [43,615ms] [Warning] [omni.physx.tensors.plugin] Failed to find rigid body at '/World/envs/env_515/robot_a/joints/imu'
2026-10-02T10:32:05Z [43,615ms] [Warning] [omni.physx.tensors.plugin] Failed to find rigid body at '/World/envs/env_516/robot_a/joints/imu'
2026-10-02T10:32:05Z [43,615ms] [Warning] [omni.physx.tensors.plugin] Failed to find rigid body at '/World/envs/env_517/robot_a/joints/imu'
2026-10-02T10:32:05Z [43,615ms] [Warning] [omni.physx.tensors.plugin] Failed to find rigid body at '/World/envs/env_518/robot_a/joints/imu'
2026-10-02T10:32:05Z [43,615ms] [Warning] [omni.physx.tensors.plugin] Failed to find rigid body at '/World/envs/env_519/robot_a/joints/imu'
2026-10-02T10:32:05Z [43,615ms] [Warning] [omni.physx.tensors.plugin] Failed to find rigid body at '/World/envs/env_520/robot_a/joints/imu'
2026-10-02T10:32:05Z [43,615ms] [Warning] [omni.physx.tensors.plugin] Failed to find rigid body at '/World/envs/env_521/robot_a/joints/imu'
2026-10-02T10:32:05Z [43,615ms] [Warning] [omni.physx.tensors.plugin] Failed to find rigid body at '/World/envs/env_522/robot_a/joints/imu'
2026-10-02T10:32:05Z [43,615ms] [Warning] [omni.physx.tensors.plugin] Failed to find rigid body at '/World/envs/env_523/robot_a/joints/imu'
2026-10-02T10:32:05Z [43,615ms] [Warning] [omni.physx.tensors.plugin] Failed to find rigid body at '/World/envs/env_524/robot_a/joints/imu'
2026-10-02T10:32:05Z [43,615ms] [Warning] [omni.physx.tensors.plugin] Failed to find rigid body at '/World/envs/env_525/robot_a/joints/imu'
2026-10-02T10:32:05Z [43,615ms] [Warning] [omni.physx.tensors.plugin] Failed to find rigid body at '/World/envs/env_526/robot_a/joints/imu'
2026-10-02T10:32:05Z [43,615ms] [Warning] [omni.physx.tensors.plugin] Failed to find rigid body at '/World/envs/env_527/robot_a/joints/imu'
2026-10-02T10:32:05Z [43,615ms] [Warning] [omni.physx.tensors.plugin] Failed to find rigid body at '/World/envs/env_528/robot_a/joints/imu'
2026-10-02T10:32:05Z [43,615ms] [Warning] [omni.physx.tensors.plugin] Failed to find rigid body at '/World/envs/env_529/robot_a/joints/imu'
2026-10-02T10:32:05Z [43,615ms] [Warning] [omni.physx.tensors.plugin] Failed to find rigid body at '/World/envs/env_530/robot_a/joints/imu'
2026-10-02T10:32:05Z [43,615ms] [Warning] [omni.physx.tensors.plugin] Failed to find rigid body at '/World/envs/env_531/robot_a/joints/imu'
2026-10-02T10:32:05Z [43,615ms] [Warning] [omni.physx.tensors.plugin] Failed to find rigid body at '/World/envs/env_532/robot_a/joints/imu'
2026-10-02T10:32:05Z [43,615ms] [Warning] [omni.physx.tensors.plugin] Failed to find rigid body at '/World/envs/env_533/robot_a/joints/imu'
2026-10-02T10:32:05Z [43,615ms] [Warning] [omni.physx.tensors.plugin] Failed to find rigid body at '/World/envs/env_534/robot_a/joints/imu'
2026-10-02T10:32:05Z [43,616ms] [Warning] [omni.physx.tensors.plugin] Failed to find rigid body at '/World/envs/env_535/robot_a/joints/imu'
2026-10-02T10:32:05Z [43,616ms] [Warning] [omni.physx.tensors.plugin] Failed to find rigid body at '/World/envs/env_536/robot_a/joints/imu'
2026-10-02T10:32:05Z [43,616ms] [Warning] [omni.physx.tensors.plugin] Failed to find rigid body at '/World/envs/env_537/robot_a/joints/imu'
2026-10-02T10:32:05Z [43,616ms] [Warning] [omni.physx.tensors.plugin] Failed to find rigid body at '/World/envs/env_538/robot_a/joints/imu'
2026-10-02T10:32:05Z [43,616ms] [Warning] [omni.physx.tensors.plugin] Failed to find rigid body at '/World/envs/env_539/robot_a/joints/imu'
2026-10-02T10:32:05Z [43,616ms] [Warning] [omni.physx.tensors.plugin] Failed to find rigid body at '/World/envs/env_540/robot_a/joints/imu'
2026-10-02T10:32:05Z [43,616ms] [Warning] [omni.physx.tensors.plugin] Failed to find rigid body at '/World/envs/env_541/robot_a/joints/imu'
2026-10-02T10:32:05Z [43,616ms] [Warning] [omni.physx.tensors.plugin] Failed to find rigid body at '/World/envs/env_542/robot_a/joints/imu'
2026-10-02T10:32:05Z [43,616ms] [Warning] [omni.physx.tensors.plugin] Failed to find rigid body at '/World/envs/env_543/robot_a/joints/imu'
2026-10-02T10:32:05Z [43,616ms] [Warning] [omni.physx.tensors.plugin] Failed to find rigid body at '/World/envs/env_544/robot_a/joints/imu'
2026-10-02T10:32:05Z [43,616ms] [Warning] [omni.physx.tensors.plugin] Failed to find rigid body at '/World/envs/env_545/robot_a/joints/imu'
2026-10-02T10:32:05Z [43,616ms] [Warning] [omni.physx.tensors.plugin] Failed to find rigid body at '/World/envs/env_546/robot_a/joints/imu'
2026-10-02T10:32:05Z [43,616ms] [Warning] [omni.physx.tensors.plugin] Failed to find rigid body at '/World/envs/env_547/robot_a/joints/imu'
2026-10-02T10:32:05Z [43,616ms] [Warning] [omni.physx.tensors.plugin] Failed to find rigid body at '/World/envs/env_548/robot_a/joints/imu'
2026-10-02T10:32:05Z [43,616ms] [Warning] [omni.physx.tensors.plugin] Failed to find rigid body at '/World/envs/env_549/robot_a/joints/imu'
2026-10-02T10:32:05Z [43,616ms] [Warning] [omni.physx.tensors.plugin] Failed to find rigid body at '/World/envs/env_550/robot_a/joints/imu'
2026-10-02T10:32:05Z [43,616ms] [Warning] [omni.physx.tensors.plugin] Failed to find rigid body at '/World/envs/env_551/robot_a/joints/imu'
2026-10-02T10:32:05Z [43,616ms] [Warning] [omni.physx.tensors.plugin] Failed to find rigid body at '/World/envs/env_552/robot_a/joints/imu'
2026-10-02T10:32:05Z [43,616ms] [Warning] [omni.physx.tensors.plugin] Failed to find rigid body at '/World/envs/env_553/robot_a/joints/imu'
2026-10-02T10:32:05Z [43,616ms] [Warning] [omni.physx.tensors.plugin] Failed to find rigid body at '/World/envs/env_554/robot_a/joints/imu'
2026-10-02T10:32:05Z [43,616ms] [Warning] [omni.physx.tensors.plugin] Failed to find rigid body at '/World/envs/env_555/robot_a/joints/imu'
2026-10-02T10:32:05Z [43,616ms] [Warning] [omni.physx.tensors.plugin] Failed to find rigid body at '/World/envs/env_556/robot_a/joints/imu'
2026-10-02T10:32:05Z [43,616ms] [Warning] [omni.physx.tensors.plugin] Failed to find rigid body at '/World/envs/env_557/robot_a/joints/imu'
2026-10-02T10:32:05Z [43,616ms] [Warning] [omni.physx.tensors.plugin] Failed to find rigid body at '/World/envs/env_558/robot_a/joints/imu'
2026-10-02T10:32:05Z [43,616ms] [Warning] [omni.physx.tensors.plugin] Failed to find rigid body at '/World/envs/env_559/robot_a/joints/imu'
2026-10-02T10:32:05Z [43,616ms] [Warning] [omni.physx.tensors.plugin] Failed to find rigid body at '/World/envs/env_560/robot_a/joints/imu'
2026-10-02T10:32:05Z [43,616ms] [Warning] [omni.physx.tensors.plugin] Failed to find rigid body at '/World/envs/env_561/robot_a/joints/imu'
2026-10-02T10:32:05Z [43,616ms] [Warning] [omni.physx.tensors.plugin] Failed to find rigid body at '/World/envs/env_562/robot_a/joints/imu'
2026-10-02T10:32:05Z [43,616ms] [Warning] [omni.physx.tensors.plugin] Failed to find rigid body at '/World/envs/env_563/robot_a/joints/imu'
2026-10-02T10:32:05Z [43,616ms] [Warning] [omni.physx.tensors.plugin] Failed to find rigid body at '/World/envs/env_564/robot_a/joints/imu'
2026-10-02T10:32:05Z [43,616ms] [Warning] [omni.physx.tensors.plugin] Failed to find rigid body at '/World/envs/env_565/robot_a/joints/imu'
2026-10-02T10:32:05Z [43,616ms] [Warning] [omni.physx.tensors.plugin] Failed to find rigid body at '/World/envs/env_566/robot_a/joints/imu'
2026-10-02T10:32:05Z [43,616ms] [Warning] [omni.physx.tensors.plugin] Failed to find rigid body at '/World/envs/env_567/robot_a/joints/imu'
2026-10-02T10:32:05Z [43,616ms] [Warning] [omni.physx.tensors.plugin] Failed to find rigid body at '/World/envs/env_568/robot_a/joints/imu'
2026-10-02T10:32:05Z [43,616ms] [Warning] [omni.physx.tensors.plugin] Failed to find rigid body at '/World/envs/env_569/robot_a/joints/imu'
2026-10-02T10:32:05Z [43,616ms] [Warning] [omni.physx.tensors.plugin] Failed to find rigid body at '/World/envs/env_570/robot_a/joints/imu'
2026-10-02T10:32:05Z [43,616ms] [Warning] [omni.physx.tensors.plugin] Failed to find rigid body at '/World/envs/env_571/robot_a/joints/imu'
2026-10-02T10:32:05Z [43,617ms] [Warning] [omni.physx.tensors.plugin] Failed to find rigid body at '/World/envs/env_572/robot_a/joints/imu'
2026-10-02T10:32:05Z [43,617ms] [Warning] [omni.physx.tensors.plugin] Failed to find rigid body at '/World/envs/env_573/robot_a/joints/imu'
2026-10-02T10:32:05Z [43,617ms] [Warning] [omni.physx.tensors.plugin] Failed to find rigid body at '/World/envs/env_574/robot_a/joints/imu'
2026-10-02T10:32:05Z [43,617ms] [Warning] [omni.physx.tensors.plugin] Failed to find rigid body at '/World/envs/env_575/robot_a/joints/imu'
2026-10-02T10:32:05Z [43,617ms] [Warning] [omni.physx.tensors.plugin] Failed to find rigid body at '/World/envs/env_576/robot_a/joints/imu'
2026-10-02T10:32:05Z [43,617ms] [Warning] [omni.physx.tensors.plugin] Failed to find rigid body at '/World/envs/env_577/robot_a/joints/imu'
2026-10-02T10:32:05Z [43,617ms] [Warning] [omni.physx.tensors.plugin] Failed to find rigid body at '/World/envs/env_578/robot_a/joints/imu'
2026-10-02T10:32:05Z [43,617ms] [Warning] [omni.physx.tensors.plugin] Failed to find rigid body at '/World/envs/env_579/robot_a/joints/imu'
2026-10-02T10:32:05Z [43,617ms] [Warning] [omni.physx.tensors.plugin] Failed to find rigid body at '/World/envs/env_580/robot_a/joints/imu'
2026-10-02T10:32:05Z [43,617ms] [Warning] [omni.physx.tensors.plugin] Failed to find rigid body at '/World/envs/env_581/robot_a/joints/imu'
2026-10-02T10:32:05Z [43,617ms] [Warning] [omni.physx.tensors.plugin] Failed to find rigid body at '/World/envs/env_582/robot_a/joints/imu'
2026-10-02T10:32:05Z [43,617ms] [Warning] [omni.physx.tensors.plugin] Failed to find rigid body at '/World/envs/env_583/robot_a/joints/imu'
2026-10-02T10:32:05Z [43,617ms] [Warning] [omni.physx.tensors.plugin] Failed to find rigid body at '/World/envs/env_584/robot_a/joints/imu'
2026-10-02T10:32:05Z [43,617ms] [Warning] [omni.physx.tensors.plugin] Failed to find rigid body at '/World/envs/env_585/robot_a/joints/imu'
2026-10-02T10:32:05Z [43,617ms] [Warning] [omni.physx.tensors.plugin] Failed to find rigid body at '/World/envs/env_586/robot_a/joints/imu'
2026-10-02T10:32:05Z [43,617ms] [Warning] [omni.physx.tensors.plugin] Failed to find rigid body at '/World/envs/env_587/robot_a/joints/imu'
2026-10-02T10:32:05Z [43,617ms] [Warning] [omni.physx.tensors.plugin] Failed to find rigid body at '/World/envs/env_588/robot_a/joints/imu'
2026-10-02T10:32:05Z [43,617ms] [Warning] [omni.physx.tensors.plugin] Failed to find rigid body at '/World/envs/env_589/robot_a/joints/imu'
2026-10-02T10:32:05Z [43,617ms] [Warning] [omni.physx.tensors.plugin] Failed to find rigid body at '/World/envs/env_590/robot_a/joints/imu'
2026-10-02T10:32:05Z [43,617ms] [Warning] [omni.physx.tensors.plugin] Failed to find rigid body at '/World/envs/env_591/robot_a/joints/imu'
2026-10-02T10:32:05Z [43,617ms] [Warning] [omni.physx.tensors.plugin] Failed to find rigid body at '/World/envs/env_592/robot_a/joints/imu'
2026-10-02T10:32:05Z [43,617ms] [Warning] [omni.physx.tensors.plugin] Failed to find rigid body at '/World/envs/env_593/robot_a/joints/imu'
2026-10-02T10:32:05Z [43,617ms] [Warning] [omni.physx.tensors.plugin] Failed to find rigid body at '/World/envs/env_594/robot_a/joints/imu'
2026-10-02T10:32:05Z [43,617ms] [Warning] [omni.physx.tensors.plugin] Failed to find rigid body at '/World/envs/env_595/robot_a/joints/imu'
2026-10-02T10:32:05Z [43,617ms] [Warning] [omni.physx.tensors.plugin] Failed to find rigid body at '/World/envs/env_596/robot_a/joints/imu'
2026-10-02T10:32:05Z [43,617ms] [Warning] [omni.physx.tensors.plugin] Failed to find rigid body at '/World/envs/env_597/robot_a/joints/imu'
2026-10-02T10:32:05Z [43,617ms] [Warning] [omni.physx.tensors.plugin] Failed to find rigid body at '/World/envs/env_598/robot_a/joints/imu'
2026-10-02T10:32:05Z [43,617ms] [Warning] [omni.physx.tensors.plugin] Failed to find rigid body at '/World/envs/env_599/robot_a/joints/imu'
2026-10-02T10:32:05Z [43,617ms] [Warning] [omni.physx.tensors.plugin] Failed to find rigid body at '/World/envs/env_600/robot_a/joints/imu'
2026-10-02T10:32:05Z [43,617ms] [Warning] [omni.physx.tensors.plugin] Failed to find rigid body at '/World/envs/env_601/robot_a/joints/imu'
2026-10-02T10:32:05Z [43,617ms] [Warning] [omni.physx.tensors.plugin] Failed to find rigid body at '/World/envs/env_602/robot_a/joints/imu'
2026-10-02T10:32:05Z [43,617ms] [Warning] [omni.physx.tensors.plugin] Failed to find rigid body at '/World/envs/env_603/robot_a/joints/imu'
2026-10-02T10:32:05Z [43,617ms] [Warning] [omni.physx.tensors.plugin] Failed to find rigid body at '/World/envs/env_604/robot_a/joints/imu'
2026-10-02T10:32:05Z [43,617ms] [Warning] [omni.physx.tensors.plugin] Failed to find rigid body at '/World/envs/env_605/robot_a/joints/imu'
2026-10-02T10:32:05Z [43,617ms] [Warning] [omni.physx.tensors.plugin] Failed to find rigid body at '/World/envs/env_606/robot_a/joints/imu'
2026-10-02T10:32:05Z [43,618ms] [Warning] [omni.physx.tensors.plugin] Failed to find rigid body at '/World/envs/env_607/robot_a/joints/imu'
2026-10-02T10:32:05Z [43,618ms] [Warning] [omni.physx.tensors.plugin] Failed to find rigid body at '/World/envs/env_608/robot_a/joints/imu'
2026-10-02T10:32:05Z [43,618ms] [Warning] [omni.physx.tensors.plugin] Failed to find rigid body at '/World/envs/env_609/robot_a/joints/imu'
2026-10-02T10:32:05Z [43,618ms] [Warning] [omni.physx.tensors.plugin] Failed to find rigid body at '/World/envs/env_610/robot_a/joints/imu'
2026-10-02T10:32:05Z [43,618ms] [Warning] [omni.physx.tensors.plugin] Failed to find rigid body at '/World/envs/env_611/robot_a/joints/imu'
2026-10-02T10:32:05Z [43,618ms] [Warning] [omni.physx.tensors.plugin] Failed to find rigid body at '/World/envs/env_612/robot_a/joints/imu'
2026-10-02T10:32:05Z [43,618ms] [Warning] [omni.physx.tensors.plugin] Failed to find rigid body at '/World/envs/env_613/robot_a/joints/imu'
2026-10-02T10:32:05Z [43,618ms] [Warning] [omni.physx.tensors.plugin] Failed to find rigid body at '/World/envs/env_614/robot_a/joints/imu'
2026-10-02T10:32:05Z [43,618ms] [Warning] [omni.physx.tensors.plugin] Failed to find rigid body at '/World/envs/env_615/robot_a/joints/imu'
2026-10-02T10:32:05Z [43,618ms] [Warning] [omni.physx.tensors.plugin] Failed to find rigid body at '/World/envs/env_616/robot_a/joints/imu'
2026-10-02T10:32:05Z [43,618ms] [Warning] [omni.physx.tensors.plugin] Failed to find rigid body at '/World/envs/env_617/robot_a/joints/imu'
2026-10-02T10:32:05Z [43,618ms] [Warning] [omni.physx.tensors.plugin] Failed to find rigid body at '/World/envs/env_618/robot_a/joints/imu'
2026-10-02T10:32:05Z [43,618ms] [Warning] [omni.physx.tensors.plugin] Failed to find rigid body at '/World/envs/env_619/robot_a/joints/imu'
2026-10-02T10:32:05Z [43,618ms] [Warning] [omni.physx.tensors.plugin] Failed to find rigid body at '/World/envs/env_620/robot_a/joints/imu'
2026-10-02T10:32:05Z [43,618ms] [Warning] [omni.physx.tensors.plugin] Failed to find rigid body at '/World/envs/env_621/robot_a/joints/imu'
2026-10-02T10:32:05Z [43,618ms] [Warning] [omni.physx.tensors.plugin] Failed to find rigid body at '/World/envs/env_622/robot_a/joints/imu'
2026-10-02T10:32:05Z [43,618ms] [Warning] [omni.physx.tensors.plugin] Failed to find rigid body at '/World/envs/env_623/robot_a/joints/imu'
2026-10-02T10:32:05Z [43,618ms] [Warning] [omni.physx.tensors.plugin] Failed to find rigid body at '/World/envs/env_624/robot_a/joints/imu'
2026-10-02T10:32:05Z [43,618ms] [Warning] [omni.physx.tensors.plugin] Failed to find rigid body at '/World/envs/env_625/robot_a/joints/imu'
2026-10-02T10:32:05Z [43,618ms] [Warning] [omni.physx.tensors.plugin] Failed to find rigid body at '/World/envs/env_626/robot_a/joints/imu'
2026-10-02T10:32:05Z [43,618ms] [Warning] [omni.physx.tensors.plugin] Failed to find rigid body at '/World/envs/env_627/robot_a/joints/imu'
2026-10-02T10:32:05Z [43,618ms] [Warning] [omni.physx.tensors.plugin] Failed to find rigid body at '/World/envs/env_628/robot_a/joints/imu'
2026-10-02T10:32:05Z [43,619ms] [Warning] [omni.physx.tensors.plugin] Failed to find rigid body at '/World/envs/env_629/robot_a/joints/imu'
2026-10-02T10:32:05Z [43,619ms] [Warning] [omni.physx.tensors.plugin] Failed to find rigid body at '/World/envs/env_630/robot_a/joints/imu'
2026-10-02T10:32:05Z [43,619ms] [Warning] [omni.physx.tensors.plugin] Failed to find rigid body at '/World/envs/env_631/robot_a/joints/imu'
2026-10-02T10:32:05Z [43,619ms] [Warning] [omni.physx.tensors.plugin] Failed to find rigid body at '/World/envs/env_632/robot_a/joints/imu'
2026-10-02T10:32:05Z [43,619ms] [Warning] [omni.physx.tensors.plugin] Failed to find rigid body at '/World/envs/env_633/robot_a/joints/imu'
2026-10-02T10:32:05Z [43,619ms] [Warning] [omni.physx.tensors.plugin] Failed to find rigid body at '/World/envs/env_634/robot_a/joints/imu'
2026-10-02T10:32:05Z [43,619ms] [Warning] [omni.physx.tensors.plugin] Failed to find rigid body at '/World/envs/env_635/robot_a/joints/imu'
2026-10-02T10:32:05Z [43,619ms] [Warning] [omni.physx.tensors.plugin] Failed to find rigid body at '/World/envs/env_636/robot_a/joints/imu'
2026-10-02T10:32:05Z [43,619ms] [Warning] [omni.physx.tensors.plugin] Failed to find rigid body at '/World/envs/env_637/robot_a/joints/imu'
2026-10-02T10:32:05Z [43,619ms] [Warning] [omni.physx.tensors.plugin] Failed to find rigid body at '/World/envs/env_638/robot_a/joints/imu'
2026-10-02T10:32:05Z [43,619ms] [Warning] [omni.physx.tensors.plugin] Failed to find rigid body at '/World/envs/env_639/robot_a/joints/imu'
2026-10-02T10:32:05Z [43,619ms] [Warning] [omni.physx.tensors.plugin] Failed to find rigid body at '/World/envs/env_640/robot_a/joints/imu'
2026-10-02T10:32:05Z [43,619ms] [Warning] [omni.physx.tensors.plugin] Failed to find rigid body at '/World/envs/env_641/robot_a/joints/imu'
2026-10-02T10:32:05Z [43,619ms] [Warning] [omni.physx.tensors.plugin] Failed to find rigid body at '/World/envs/env_642/robot_a/joints/imu'
2026-10-02T10:32:05Z [43,619ms] [Warning] [omni.physx.tensors.plugin] Failed to find rigid body at '/World/envs/env_643/robot_a/joints/imu'
2026-10-02T10:32:05Z [43,619ms] [Warning] [omni.physx.tensors.plugin] Failed to find rigid body at '/World/envs/env_644/robot_a/joints/imu'
2026-10-02T10:32:05Z [43,619ms] [Warning] [omni.physx.tensors.plugin] Failed to find rigid body at '/World/envs/env_645/robot_a/joints/imu'
2026-10-02T10:32:05Z [43,619ms] [Warning] [omni.physx.tensors.plugin] Failed to find rigid body at '/World/envs/env_646/robot_a/joints/imu'
2026-10-02T10:32:05Z [43,619ms] [Warning] [omni.physx.tensors.plugin] Failed to find rigid body at '/World/envs/env_647/robot_a/joints/imu'
2026-10-02T10:32:05Z [43,619ms] [Warning] [omni.physx.tensors.plugin] Failed to find rigid body at '/World/envs/env_648/robot_a/joints/imu'
2026-10-02T10:32:05Z [43,619ms] [Warning] [omni.physx.tensors.plugin] Failed to find rigid body at '/World/envs/env_649/robot_a/joints/imu'
2026-10-02T10:32:05Z [43,619ms] [Warning] [omni.physx.tensors.plugin] Failed to find rigid body at '/World/envs/env_650/robot_a/joints/imu'
2026-10-02T10:32:05Z [43,619ms] [Warning] [omni.physx.tensors.plugin] Failed to find rigid body at '/World/envs/env_651/robot_a/joints/imu'
2026-10-02T10:32:05Z [43,619ms] [Warning] [omni.physx.tensors.plugin] Failed to find rigid body at '/World/envs/env_652/robot_a/joints/imu'
2026-10-02T10:32:05Z [43,619ms] [Warning] [omni.physx.tensors.plugin] Failed to find rigid body at '/World/envs/env_653/robot_a/joints/imu'
2026-10-02T10:32:05Z [43,619ms] [Warning] [omni.physx.tensors.plugin] Failed to find rigid body at '/World/envs/env_654/robot_a/joints/imu'
2026-10-02T10:32:05Z [43,619ms] [Warning] [omni.physx.tensors.plugin] Failed to find rigid body at '/World/envs/env_655/robot_a/joints/imu'
2026-10-02T10:32:05Z [43,619ms] [Warning] [omni.physx.tensors.plugin] Failed to find rigid body at '/World/envs/env_656/robot_a/joints/imu'
2026-10-02T10:32:05Z [43,619ms] [Warning] [omni.physx.tensors.plugin] Failed to find rigid body at '/World/envs/env_657/robot_a/joints/imu'
2026-10-02T10:32:05Z [43,619ms] [Warning] [omni.physx.tensors.plugin] Failed to find rigid body at '/World/envs/env_658/robot_a/joints/imu'
2026-10-02T10:32:05Z [43,619ms] [Warning] [omni.physx.tensors.plugin] Failed to find rigid body at '/World/envs/env_659/robot_a/joints/imu'
2026-10-02T10:32:05Z [43,619ms] [Warning] [omni.physx.tensors.plugin] Failed to find rigid body at '/World/envs/env_660/robot_a/joints/imu'
2026-10-02T10:32:05Z [43,619ms] [Warning] [omni.physx.tensors.plugin] Failed to find rigid body at '/World/envs/env_661/robot_a/joints/imu'
2026-10-02T10:32:05Z [43,619ms] [Warning] [omni.physx.tensors.plugin] Failed to find rigid body at '/World/envs/env_662/robot_a/joints/imu'
2026-10-02T10:32:05Z [43,619ms] [Warning] [omni.physx.tensors.plugin] Failed to find rigid body at '/World/envs/env_663/robot_a/joints/imu'
2026-10-02T10:32:05Z [43,619ms] [Warning] [omni.physx.tensors.plugin] Failed to find rigid body at '/World/envs/env_664/robot_a/joints/imu'
2026-10-02T10:32:05Z [43,619ms] [Warning] [omni.physx.tensors.plugin] Failed to find rigid body at '/World/envs/env_665/robot_a/joints/imu'
2026-10-02T10:32:05Z [43,620ms] [Warning] [omni.physx.tensors.plugin] Failed to find rigid body at '/World/envs/env_666/robot_a/joints/imu'
2026-10-02T10:32:05Z [43,620ms] [Warning] [omni.physx.tensors.plugin] Failed to find rigid body at '/World/envs/env_667/robot_a/joints/imu'
2026-10-02T10:32:05Z [43,620ms] [Warning] [omni.physx.tensors.plugin] Failed to find rigid body at '/World/envs/env_668/robot_a/joints/imu'
2026-10-02T10:32:05Z [43,620ms] [Warning] [omni.physx.tensors.plugin] Failed to find rigid body at '/World/envs/env_669/robot_a/joints/imu'
2026-10-02T10:32:05Z [43,620ms] [Warning] [omni.physx.tensors.plugin] Failed to find rigid body at '/World/envs/env_670/robot_a/joints/imu'
2026-10-02T10:32:05Z [43,620ms] [Warning] [omni.physx.tensors.plugin] Failed to find rigid body at '/World/envs/env_671/robot_a/joints/imu'
2026-10-02T10:32:05Z [43,620ms] [Warning] [omni.physx.tensors.plugin] Failed to find rigid body at '/World/envs/env_672/robot_a/joints/imu'
2026-10-02T10:32:05Z [43,620ms] [Warning] [omni.physx.tensors.plugin] Failed to find rigid body at '/World/envs/env_673/robot_a/joints/imu'
2026-10-02T10:32:05Z [43,620ms] [Warning] [omni.physx.tensors.plugin] Failed to find rigid body at '/World/envs/env_674/robot_a/joints/imu'
2026-10-02T10:32:05Z [43,620ms] [Warning] [omni.physx.tensors.plugin] Failed to find rigid body at '/World/envs/env_675/robot_a/joints/imu'
2026-10-02T10:32:05Z [43,620ms] [Warning] [omni.physx.tensors.plugin] Failed to find rigid body at '/World/envs/env_676/robot_a/joints/imu'
2026-10-02T10:32:05Z [43,620ms] [Warning] [omni.physx.tensors.plugin] Failed to find rigid body at '/World/envs/env_677/robot_a/joints/imu'
2026-10-02T10:32:05Z [43,620ms] [Warning] [omni.physx.tensors.plugin] Failed to find rigid body at '/World/envs/env_678/robot_a/joints/imu'
2026-10-02T10:32:05Z [43,620ms] [Warning] [omni.physx.tensors.plugin] Failed to find rigid body at '/World/envs/env_679/robot_a/joints/imu'
2026-10-02T10:32:05Z [43,620ms] [Warning] [omni.physx.tensors.plugin] Failed to find rigid body at '/World/envs/env_680/robot_a/joints/imu'
2026-10-02T10:32:05Z [43,620ms] [Warning] [omni.physx.tensors.plugin] Failed to find rigid body at '/World/envs/env_681/robot_a/joints/imu'
2026-10-02T10:32:05Z [43,620ms] [Warning] [omni.physx.tensors.plugin] Failed to find rigid body at '/World/envs/env_682/robot_a/joints/imu'
2026-10-02T10:32:05Z [43,620ms] [Warning] [omni.physx.tensors.plugin] Failed to find rigid body at '/World/envs/env_683/robot_a/joints/imu'
2026-10-02T10:32:05Z [43,620ms] [Warning] [omni.physx.tensors.plugin] Failed to find rigid body at '/World/envs/env_684/robot_a/joints/imu'
2026-10-02T10:32:05Z [43,620ms] [Warning] [omni.physx.tensors.plugin] Failed to find rigid body at '/World/envs/env_685/robot_a/joints/imu'
2026-10-02T10:32:05Z [43,620ms] [Warning] [omni.physx.tensors.plugin] Failed to find rigid body at '/World/envs/env_686/robot_a/joints/imu'
2026-10-02T10:32:05Z [43,620ms] [Warning] [omni.physx.tensors.plugin] Failed to find rigid body at '/World/envs/env_687/robot_a/joints/imu'
2026-10-02T10:32:05Z [43,620ms] [Warning] [omni.physx.tensors.plugin] Failed to find rigid body at '/World/envs/env_688/robot_a/joints/imu'
2026-10-02T10:32:05Z [43,620ms] [Warning] [omni.physx.tensors.plugin] Failed to find rigid body at '/World/envs/env_689/robot_a/joints/imu'
2026-10-02T10:32:05Z [43,620ms] [Warning] [omni.physx.tensors.plugin] Failed to find rigid body at '/World/envs/env_690/robot_a/joints/imu'
2026-10-02T10:32:05Z [43,620ms] [Warning] [omni.physx.tensors.plugin] Failed to find rigid body at '/World/envs/env_691/robot_a/joints/imu'
2026-10-02T10:32:05Z [43,620ms] [Warning] [omni.physx.tensors.plugin] Failed to find rigid body at '/World/envs/env_692/robot_a/joints/imu'
2026-10-02T10:32:05Z [43,620ms] [Warning] [omni.physx.tensors.plugin] Failed to find rigid body at '/World/envs/env_693/robot_a/joints/imu'
2026-10-02T10:32:05Z [43,620ms] [Warning] [omni.physx.tensors.plugin] Failed to find rigid body at '/World/envs/env_694/robot_a/joints/imu'
2026-10-02T10:32:05Z [43,620ms] [Warning] [omni.physx.tensors.plugin] Failed to find rigid body at '/World/envs/env_695/robot_a/joints/imu'
2026-10-02T10:32:05Z [43,620ms] [Warning] [omni.physx.tensors.plugin] Failed to find rigid body at '/World/envs/env_696/robot_a/joints/imu'
2026-10-02T10:32:05Z [43,620ms] [Warning] [omni.physx.tensors.plugin] Failed to find rigid body at '/World/envs/env_697/robot_a/joints/imu'
2026-10-02T10:32:05Z [43,620ms] [Warning] [omni.physx.tensors.plugin] Failed to find rigid body at '/World/envs/env_698/robot_a/joints/imu'
2026-10-02T10:32:05Z [43,620ms] [Warning] [omni.physx.tensors.plugin] Failed to find rigid body at '/World/envs/env_699/robot_a/joints/imu'
2026-10-02T10:32:05Z [43,620ms] [Warning] [omni.physx.tensors.plugin] Failed to find rigid body at '/World/envs/env_700/robot_a/joints/imu'
2026-10-02T10:32:05Z [43,620ms] [Warning] [omni.physx.tensors.plugin] Failed to find rigid body at '/World/envs/env_701/robot_a/joints/imu'
2026-10-02T10:32:05Z [43,620ms] [Warning] [omni.physx.tensors.plugin] Failed to find rigid body at '/World/envs/env_702/robot_a/joints/imu'
2026-10-02T10:32:05Z [43,621ms] [Warning] [omni.physx.tensors.plugin] Failed to find rigid body at '/World/envs/env_703/robot_a/joints/imu'
2026-10-02T10:32:05Z [43,621ms] [Warning] [omni.physx.tensors.plugin] Failed to find rigid body at '/World/envs/env_704/robot_a/joints/imu'
2026-10-02T10:32:05Z [43,621ms] [Warning] [omni.physx.tensors.plugin] Failed to find rigid body at '/World/envs/env_705/robot_a/joints/imu'
2026-10-02T10:32:05Z [43,621ms] [Warning] [omni.physx.tensors.plugin] Failed to find rigid body at '/World/envs/env_706/robot_a/joints/imu'
2026-10-02T10:32:05Z [43,621ms] [Warning] [omni.physx.tensors.plugin] Failed to find rigid body at '/World/envs/env_707/robot_a/joints/imu'
2026-10-02T10:32:05Z [43,621ms] [Warning] [omni.physx.tensors.plugin] Failed to find rigid body at '/World/envs/env_708/robot_a/joints/imu'
2026-10-02T10:32:05Z [43,621ms] [Warning] [omni.physx.tensors.plugin] Failed to find rigid body at '/World/envs/env_709/robot_a/joints/imu'
2026-10-02T10:32:05Z [43,621ms] [Warning] [omni.physx.tensors.plugin] Failed to find rigid body at '/World/envs/env_710/robot_a/joints/imu'
2026-10-02T10:32:05Z [43,621ms] [Warning] [omni.physx.tensors.plugin] Failed to find rigid body at '/World/envs/env_711/robot_a/joints/imu'
2026-10-02T10:32:05Z [43,621ms] [Warning] [omni.physx.tensors.plugin] Failed to find rigid body at '/World/envs/env_712/robot_a/joints/imu'
2026-10-02T10:32:05Z [43,621ms] [Warning] [omni.physx.tensors.plugin] Failed to find rigid body at '/World/envs/env_713/robot_a/joints/imu'
2026-10-02T10:32:05Z [43,621ms] [Warning] [omni.physx.tensors.plugin] Failed to find rigid body at '/World/envs/env_714/robot_a/joints/imu'
2026-10-02T10:32:05Z [43,621ms] [Warning] [omni.physx.tensors.plugin] Failed to find rigid body at '/World/envs/env_715/robot_a/joints/imu'
2026-10-02T10:32:05Z [43,621ms] [Warning] [omni.physx.tensors.plugin] Failed to find rigid body at '/World/envs/env_716/robot_a/joints/imu'
2026-10-02T10:32:05Z [43,621ms] [Warning] [omni.physx.tensors.plugin] Failed to find rigid body at '/World/envs/env_717/robot_a/joints/imu'
2026-10-02T10:32:05Z [43,621ms] [Warning] [omni.physx.tensors.plugin] Failed to find rigid body at '/World/envs/env_718/robot_a/joints/imu'
2026-10-02T10:32:05Z [43,621ms] [Warning] [omni.physx.tensors.plugin] Failed to find rigid body at '/World/envs/env_719/robot_a/joints/imu'
2026-10-02T10:32:05Z [43,621ms] [Warning] [omni.physx.tensors.plugin] Failed to find rigid body at '/World/envs/env_720/robot_a/joints/imu'
2026-10-02T10:32:05Z [43,621ms] [Warning] [omni.physx.tensors.plugin] Failed to find rigid body at '/World/envs/env_721/robot_a/joints/imu'
2026-10-02T10:32:05Z [43,621ms] [Warning] [omni.physx.tensors.plugin] Failed to find rigid body at '/World/envs/env_722/robot_a/joints/imu'
2026-10-02T10:32:05Z [43,621ms] [Warning] [omni.physx.tensors.plugin] Failed to find rigid body at '/World/envs/env_723/robot_a/joints/imu'
2026-10-02T10:32:05Z [43,621ms] [Warning] [omni.physx.tensors.plugin] Failed to find rigid body at '/World/envs/env_724/robot_a/joints/imu'
2026-10-02T10:32:05Z [43,621ms] [Warning] [omni.physx.tensors.plugin] Failed to find rigid body at '/World/envs/env_725/robot_a/joints/imu'
2026-10-02T10:32:05Z [43,621ms] [Warning] [omni.physx.tensors.plugin] Failed to find rigid body at '/World/envs/env_726/robot_a/joints/imu'
2026-10-02T10:32:05Z [43,621ms] [Warning] [omni.physx.tensors.plugin] Failed to find rigid body at '/World/envs/env_727/robot_a/joints/imu'
2026-10-02T10:32:05Z [43,621ms] [Warning] [omni.physx.tensors.plugin] Failed to find rigid body at '/World/envs/env_728/robot_a/joints/imu'
2026-10-02T10:32:05Z [43,621ms] [Warning] [omni.physx.tensors.plugin] Failed to find rigid body at '/World/envs/env_729/robot_a/joints/imu'
2026-10-02T10:32:05Z [43,621ms] [Warning] [omni.physx.tensors.plugin] Failed to find rigid body at '/World/envs/env_730/robot_a/joints/imu'
2026-10-02T10:32:05Z [43,621ms] [Warning] [omni.physx.tensors.plugin] Failed to find rigid body at '/World/envs/env_731/robot_a/joints/imu'
2026-10-02T10:32:05Z [43,621ms] [Warning] [omni.physx.tensors.plugin] Failed to find rigid body at '/World/envs/env_732/robot_a/joints/imu'
2026-10-02T10:32:05Z [43,621ms] [Warning] [omni.physx.tensors.plugin] Failed to find rigid body at '/World/envs/env_733/robot_a/joints/imu'
2026-10-02T10:32:05Z [43,621ms] [Warning] [omni.physx.tensors.plugin] Failed to find rigid body at '/World/envs/env_734/robot_a/joints/imu'
2026-10-02T10:32:05Z [43,621ms] [Warning] [omni.physx.tensors.plugin] Failed to find rigid body at '/World/envs/env_735/robot_a/joints/imu'
2026-10-02T10:32:05Z [43,621ms] [Warning] [omni.physx.tensors.plugin] Failed to find rigid body at '/World/envs/env_736/robot_a/joints/imu'
2026-10-02T10:32:05Z [43,621ms] [Warning] [omni.physx.tensors.plugin] Failed to find rigid body at '/World/envs/env_737/robot_a/joints/imu'
2026-10-02T10:32:05Z [43,621ms] [Warning] [omni.physx.tensors.plugin] Failed to find rigid body at '/World/envs/env_738/robot_a/joints/imu'
2026-10-02T10:32:05Z [43,621ms] [Warning] [omni.physx.tensors.plugin] Failed to find rigid body at '/World/envs/env_739/robot_a/joints/imu'
2026-10-02T10:32:05Z [43,621ms] [Warning] [omni.physx.tensors.plugin] Failed to find rigid body at '/World/envs/env_740/robot_a/joints/imu'
2026-10-02T10:32:05Z [43,621ms] [Warning] [omni.physx.tensors.plugin] Failed to find rigid body at '/World/envs/env_741/robot_a/joints/imu'
2026-10-02T10:32:05Z [43,622ms] [Warning] [omni.physx.tensors.plugin] Failed to find rigid body at '/World/envs/env_742/robot_a/joints/imu'
2026-10-02T10:32:05Z [43,622ms] [Warning] [omni.physx.tensors.plugin] Failed to find rigid body at '/World/envs/env_743/robot_a/joints/imu'
2026-10-02T10:32:05Z [43,622ms] [Warning] [omni.physx.tensors.plugin] Failed to find rigid body at '/World/envs/env_744/robot_a/joints/imu'
2026-10-02T10:32:05Z [43,622ms] [Warning] [omni.physx.tensors.plugin] Failed to find rigid body at '/World/envs/env_745/robot_a/joints/imu'
2026-10-02T10:32:05Z [43,622ms] [Warning] [omni.physx.tensors.plugin] Failed to find rigid body at '/World/envs/env_746/robot_a/joints/imu'
2026-10-02T10:32:05Z [43,622ms] [Warning] [omni.physx.tensors.plugin] Failed to find rigid body at '/World/envs/env_747/robot_a/joints/imu'
2026-10-02T10:32:05Z [43,622ms] [Warning] [omni.physx.tensors.plugin] Failed to find rigid body at '/World/envs/env_748/robot_a/joints/imu'
2026-10-02T10:32:05Z [43,622ms] [Warning] [omni.physx.tensors.plugin] Failed to find rigid body at '/World/envs/env_749/robot_a/joints/imu'
2026-10-02T10:32:05Z [43,622ms] [Warning] [omni.physx.tensors.plugin] Failed to find rigid body at '/World/envs/env_750/robot_a/joints/imu'
2026-10-02T10:32:05Z [43,622ms] [Warning] [omni.physx.tensors.plugin] Failed to find rigid body at '/World/envs/env_751/robot_a/joints/imu'
2026-10-02T10:32:05Z [43,622ms] [Warning] [omni.physx.tensors.plugin] Failed to find rigid body at '/World/envs/env_752/robot_a/joints/imu'
2026-10-02T10:32:05Z [43,622ms] [Warning] [omni.physx.tensors.plugin] Failed to find rigid body at '/World/envs/env_753/robot_a/joints/imu'
2026-10-02T10:32:05Z [43,622ms] [Warning] [omni.physx.tensors.plugin] Failed to find rigid body at '/World/envs/env_754/robot_a/joints/imu'
2026-10-02T10:32:05Z [43,622ms] [Warning] [omni.physx.tensors.plugin] Failed to find rigid body at '/World/envs/env_755/robot_a/joints/imu'
2026-10-02T10:32:05Z [43,622ms] [Warning] [omni.physx.tensors.plugin] Failed to find rigid body at '/World/envs/env_756/robot_a/joints/imu'
2026-10-02T10:32:05Z [43,622ms] [Warning] [omni.physx.tensors.plugin] Failed to find rigid body at '/World/envs/env_757/robot_a/joints/imu'
2026-10-02T10:32:05Z [43,622ms] [Warning] [omni.physx.tensors.plugin] Failed to find rigid body at '/World/envs/env_758/robot_a/joints/imu'
2026-10-02T10:32:05Z [43,622ms] [Warning] [omni.physx.tensors.plugin] Failed to find rigid body at '/World/envs/env_759/robot_a/joints/imu'
2026-10-02T10:32:05Z [43,622ms] [Warning] [omni.physx.tensors.plugin] Failed to find rigid body at '/World/envs/env_760/robot_a/joints/imu'
2026-10-02T10:32:05Z [43,622ms] [Warning] [omni.physx.tensors.plugin] Failed to find rigid body at '/World/envs/env_761/robot_a/joints/imu'
2026-10-02T10:32:05Z [43,622ms] [Warning] [omni.physx.tensors.plugin] Failed to find rigid body at '/World/envs/env_762/robot_a/joints/imu'
2026-10-02T10:32:05Z [43,622ms] [Warning] [omni.physx.tensors.plugin] Failed to find rigid body at '/World/envs/env_763/robot_a/joints/imu'
2026-10-02T10:32:05Z [43,622ms] [Warning] [omni.physx.tensors.plugin] Failed to find rigid body at '/World/envs/env_764/robot_a/joints/imu'
2026-10-02T10:32:05Z [43,622ms] [Warning] [omni.physx.tensors.plugin] Failed to find rigid body at '/World/envs/env_765/robot_a/joints/imu'
2026-10-02T10:32:05Z [43,622ms] [Warning] [omni.physx.tensors.plugin] Failed to find rigid body at '/World/envs/env_766/robot_a/joints/imu'
2026-10-02T10:32:05Z [43,622ms] [Warning] [omni.physx.tensors.plugin] Failed to find rigid body at '/World/envs/env_767/robot_a/joints/imu'
2026-10-02T10:32:05Z [43,622ms] [Warning] [omni.physx.tensors.plugin] Failed to find rigid body at '/World/envs/env_768/robot_a/joints/imu'
2026-10-02T10:32:05Z [43,623ms] [Warning] [omni.physx.tensors.plugin] Failed to find rigid body at '/World/envs/env_769/robot_a/joints/imu'
2026-10-02T10:32:05Z [43,623ms] [Warning] [omni.physx.tensors.plugin] Failed to find rigid body at '/World/envs/env_770/robot_a/joints/imu'
2026-10-02T10:32:05Z [43,623ms] [Warning] [omni.physx.tensors.plugin] Failed to find rigid body at '/World/envs/env_771/robot_a/joints/imu'
2026-10-02T10:32:05Z [43,623ms] [Warning] [omni.physx.tensors.plugin] Failed to find rigid body at '/World/envs/env_772/robot_a/joints/imu'
2026-10-02T10:32:05Z [43,623ms] [Warning] [omni.physx.tensors.plugin] Failed to find rigid body at '/World/envs/env_773/robot_a/joints/imu'
2026-10-02T10:32:05Z [43,623ms] [Warning] [omni.physx.tensors.plugin] Failed to find rigid body at '/World/envs/env_774/robot_a/joints/imu'
2026-10-02T10:32:05Z [43,623ms] [Warning] [omni.physx.tensors.plugin] Failed to find rigid body at '/World/envs/env_775/robot_a/joints/imu'
2026-10-02T10:32:05Z [43,623ms] [Warning] [omni.physx.tensors.plugin] Failed to find rigid body at '/World/envs/env_776/robot_a/joints/imu'
2026-10-02T10:32:05Z [43,624ms] [Warning] [omni.physx.tensors.plugin] Failed to find rigid body at '/World/envs/env_777/robot_a/joints/imu'
2026-10-02T10:32:05Z [43,624ms] [Warning] [omni.physx.tensors.plugin] Failed to find rigid body at '/World/envs/env_778/robot_a/joints/imu'
2026-10-02T10:32:05Z [43,624ms] [Warning] [omni.physx.tensors.plugin] Failed to find rigid body at '/World/envs/env_779/robot_a/joints/imu'
2026-10-02T10:32:05Z [43,624ms] [Warning] [omni.physx.tensors.plugin] Failed to find rigid body at '/World/envs/env_780/robot_a/joints/imu'
2026-10-02T10:32:05Z [43,624ms] [Warning] [omni.physx.tensors.plugin] Failed to find rigid body at '/World/envs/env_781/robot_a/joints/imu'
2026-10-02T10:32:05Z [43,624ms] [Warning] [omni.physx.tensors.plugin] Failed to find rigid body at '/World/envs/env_782/robot_a/joints/imu'
2026-10-02T10:32:05Z [43,624ms] [Warning] [omni.physx.tensors.plugin] Failed to find rigid body at '/World/envs/env_783/robot_a/joints/imu'
2026-10-02T10:32:05Z [43,624ms] [Warning] [omni.physx.tensors.plugin] Failed to find rigid body at '/World/envs/env_784/robot_a/joints/imu'
2026-10-02T10:32:05Z [43,624ms] [Warning] [omni.physx.tensors.plugin] Failed to find rigid body at '/World/envs/env_785/robot_a/joints/imu'
2026-10-02T10:32:05Z [43,624ms] [Warning] [omni.physx.tensors.plugin] Failed to find rigid body at '/World/envs/env_786/robot_a/joints/imu'
2026-10-02T10:32:05Z [43,624ms] [Warning] [omni.physx.tensors.plugin] Failed to find rigid body at '/World/envs/env_787/robot_a/joints/imu'
2026-10-02T10:32:05Z [43,624ms] [Warning] [omni.physx.tensors.plugin] Failed to find rigid body at '/World/envs/env_788/robot_a/joints/imu'
2026-10-02T10:32:05Z [43,624ms] [Warning] [omni.physx.tensors.plugin] Failed to find rigid body at '/World/envs/env_789/robot_a/joints/imu'
2026-10-02T10:32:05Z [43,624ms] [Warning] [omni.physx.tensors.plugin] Failed to find rigid body at '/World/envs/env_790/robot_a/joints/imu'
2026-10-02T10:32:05Z [43,624ms] [Warning] [omni.physx.tensors.plugin] Failed to find rigid body at '/World/envs/env_791/robot_a/joints/imu'
2026-10-02T10:32:05Z [43,624ms] [Warning] [omni.physx.tensors.plugin] Failed to find rigid body at '/World/envs/env_792/robot_a/joints/imu'
2026-10-02T10:32:05Z [43,624ms] [Warning] [omni.physx.tensors.plugin] Failed to find rigid body at '/World/envs/env_793/robot_a/joints/imu'
2026-10-02T10:32:05Z [43,624ms] [Warning] [omni.physx.tensors.plugin] Failed to find rigid body at '/World/envs/env_794/robot_a/joints/imu'
2026-10-02T10:32:05Z [43,624ms] [Warning] [omni.physx.tensors.plugin] Failed to find rigid body at '/World/envs/env_795/robot_a/joints/imu'
2026-10-02T10:32:05Z [43,624ms] [Warning] [omni.physx.tensors.plugin] Failed to find rigid body at '/World/envs/env_796/robot_a/joints/imu'
2026-10-02T10:32:05Z [43,624ms] [Warning] [omni.physx.tensors.plugin] Failed to find rigid body at '/World/envs/env_797/robot_a/joints/imu'
2026-10-02T10:32:05Z [43,624ms] [Warning] [omni.physx.tensors.plugin] Failed to find rigid body at '/World/envs/env_798/robot_a/joints/imu'
2026-10-02T10:32:05Z [43,624ms] [Warning] [omni.physx.tensors.plugin] Failed to find rigid body at '/World/envs/env_799/robot_a/joints/imu'
2026-10-02T10:32:05Z [43,624ms] [Warning] [omni.physx.tensors.plugin] Failed to find rigid body at '/World/envs/env_800/robot_a/joints/imu'
2026-10-02T10:32:05Z [43,624ms] [Warning] [omni.physx.tensors.plugin] Failed to find rigid body at '/World/envs/env_801/robot_a/joints/imu'
2026-10-02T10:32:05Z [43,624ms] [Warning] [omni.physx.tensors.plugin] Failed to find rigid body at '/World/envs/env_802/robot_a/joints/imu'
2026-10-02T10:32:05Z [43,624ms] [Warning] [omni.physx.tensors.plugin] Failed to find rigid body at '/World/envs/env_803/robot_a/joints/imu'
2026-10-02T10:32:05Z [43,624ms] [Warning] [omni.physx.tensors.plugin] Failed to find rigid body at '/World/envs/env_804/robot_a/joints/imu'
2026-10-02T10:32:05Z [43,624ms] [Warning] [omni.physx.tensors.plugin] Failed to find rigid body at '/World/envs/env_805/robot_a/joints/imu'
2026-10-02T10:32:05Z [43,624ms] [Warning] [omni.physx.tensors.plugin] Failed to find rigid body at '/World/envs/env_806/robot_a/joints/imu'
2026-10-02T10:32:05Z [43,624ms] [Warning] [omni.physx.tensors.plugin] Failed to find rigid body at '/World/envs/env_807/robot_a/joints/imu'
2026-10-02T10:32:05Z [43,624ms] [Warning] [omni.physx.tensors.plugin] Failed to find rigid body at '/World/envs/env_808/robot_a/joints/imu'
2026-10-02T10:32:05Z [43,624ms] [Warning] [omni.physx.tensors.plugin] Failed to find rigid body at '/World/envs/env_809/robot_a/joints/imu'
2026-10-02T10:32:05Z [43,624ms] [Warning] [omni.physx.tensors.plugin] Failed to find rigid body at '/World/envs/env_810/robot_a/joints/imu'
2026-10-02T10:32:05Z [43,624ms] [Warning] [omni.physx.tensors.plugin] Failed to find rigid body at '/World/envs/env_811/robot_a/joints/imu'
2026-10-02T10:32:05Z [43,624ms] [Warning] [omni.physx.tensors.plugin] Failed to find rigid body at '/World/envs/env_812/robot_a/joints/imu'
2026-10-02T10:32:05Z [43,624ms] [Warning] [omni.physx.tensors.plugin] Failed to find rigid body at '/World/envs/env_813/robot_a/joints/imu'
2026-10-02T10:32:05Z [43,624ms] [Warning] [omni.physx.tensors.plugin] Failed to find rigid body at '/World/envs/env_814/robot_a/joints/imu'
2026-10-02T10:32:05Z [43,624ms] [Warning] [omni.physx.tensors.plugin] Failed to find rigid body at '/World/envs/env_815/robot_a/joints/imu'
2026-10-02T10:32:05Z [43,624ms] [Warning] [omni.physx.tensors.plugin] Failed to find rigid body at '/World/envs/env_816/robot_a/joints/imu'
2026-10-02T10:32:05Z [43,624ms] [Warning] [omni.physx.tensors.plugin] Failed to find rigid body at '/World/envs/env_817/robot_a/joints/imu'
2026-10-02T10:32:05Z [43,625ms] [Warning] [omni.physx.tensors.plugin] Failed to find rigid body at '/World/envs/env_818/robot_a/joints/imu'
2026-10-02T10:32:05Z [43,625ms] [Warning] [omni.physx.tensors.plugin] Failed to find rigid body at '/World/envs/env_819/robot_a/joints/imu'
2026-10-02T10:32:05Z [43,625ms] [Warning] [omni.physx.tensors.plugin] Failed to find rigid body at '/World/envs/env_820/robot_a/joints/imu'
2026-10-02T10:32:05Z [43,625ms] [Warning] [omni.physx.tensors.plugin] Failed to find rigid body at '/World/envs/env_821/robot_a/joints/imu'
2026-10-02T10:32:05Z [43,625ms] [Warning] [omni.physx.tensors.plugin] Failed to find rigid body at '/World/envs/env_822/robot_a/joints/imu'
2026-10-02T10:32:05Z [43,625ms] [Warning] [omni.physx.tensors.plugin] Failed to find rigid body at '/World/envs/env_823/robot_a/joints/imu'
2026-10-02T10:32:05Z [43,625ms] [Warning] [omni.physx.tensors.plugin] Failed to find rigid body at '/World/envs/env_824/robot_a/joints/imu'
2026-10-02T10:32:05Z [43,625ms] [Warning] [omni.physx.tensors.plugin] Failed to find rigid body at '/World/envs/env_825/robot_a/joints/imu'
2026-10-02T10:32:05Z [43,625ms] [Warning] [omni.physx.tensors.plugin] Failed to find rigid body at '/World/envs/env_826/robot_a/joints/imu'
2026-10-02T10:32:05Z [43,625ms] [Warning] [omni.physx.tensors.plugin] Failed to find rigid body at '/World/envs/env_827/robot_a/joints/imu'
2026-10-02T10:32:05Z [43,625ms] [Warning] [omni.physx.tensors.plugin] Failed to find rigid body at '/World/envs/env_828/robot_a/joints/imu'
2026-10-02T10:32:05Z [43,625ms] [Warning] [omni.physx.tensors.plugin] Failed to find rigid body at '/World/envs/env_829/robot_a/joints/imu'
2026-10-02T10:32:05Z [43,625ms] [Warning] [omni.physx.tensors.plugin] Failed to find rigid body at '/World/envs/env_830/robot_a/joints/imu'
2026-10-02T10:32:05Z [43,625ms] [Warning] [omni.physx.tensors.plugin] Failed to find rigid body at '/World/envs/env_831/robot_a/joints/imu'
2026-10-02T10:32:05Z [43,625ms] [Warning] [omni.physx.tensors.plugin] Failed to find rigid body at '/World/envs/env_832/robot_a/joints/imu'
2026-10-02T10:32:05Z [43,625ms] [Warning] [omni.physx.tensors.plugin] Failed to find rigid body at '/World/envs/env_833/robot_a/joints/imu'
2026-10-02T10:32:05Z [43,625ms] [Warning] [omni.physx.tensors.plugin] Failed to find rigid body at '/World/envs/env_834/robot_a/joints/imu'
2026-10-02T10:32:05Z [43,625ms] [Warning] [omni.physx.tensors.plugin] Failed to find rigid body at '/World/envs/env_835/robot_a/joints/imu'
2026-10-02T10:32:05Z [43,625ms] [Warning] [omni.physx.tensors.plugin] Failed to find rigid body at '/World/envs/env_836/robot_a/joints/imu'
2026-10-02T10:32:05Z [43,625ms] [Warning] [omni.physx.tensors.plugin] Failed to find rigid body at '/World/envs/env_837/robot_a/joints/imu'
2026-10-02T10:32:05Z [43,625ms] [Warning] [omni.physx.tensors.plugin] Failed to find rigid body at '/World/envs/env_838/robot_a/joints/imu'
2026-10-02T10:32:05Z [43,625ms] [Warning] [omni.physx.tensors.plugin] Failed to find rigid body at '/World/envs/env_839/robot_a/joints/imu'
2026-10-02T10:32:05Z [43,625ms] [Warning] [omni.physx.tensors.plugin] Failed to find rigid body at '/World/envs/env_840/robot_a/joints/imu'
2026-10-02T10:32:05Z [43,625ms] [Warning] [omni.physx.tensors.plugin] Failed to find rigid body at '/World/envs/env_841/robot_a/joints/imu'
2026-10-02T10:32:05Z [43,625ms] [Warning] [omni.physx.tensors.plugin] Failed to find rigid body at '/World/envs/env_842/robot_a/joints/imu'
2026-10-02T10:32:05Z [43,625ms] [Warning] [omni.physx.tensors.plugin] Failed to find rigid body at '/World/envs/env_843/robot_a/joints/imu'
2026-10-02T10:32:05Z [43,625ms] [Warning] [omni.physx.tensors.plugin] Failed to find rigid body at '/World/envs/env_844/robot_a/joints/imu'
2026-10-02T10:32:05Z [43,625ms] [Warning] [omni.physx.tensors.plugin] Failed to find rigid body at '/World/envs/env_845/robot_a/joints/imu'
2026-10-02T10:32:05Z [43,625ms] [Warning] [omni.physx.tensors.plugin] Failed to find rigid body at '/World/envs/env_846/robot_a/joints/imu'
2026-10-02T10:32:05Z [43,625ms] [Warning] [omni.physx.tensors.plugin] Failed to find rigid body at '/World/envs/env_847/robot_a/joints/imu'
2026-10-02T10:32:05Z [43,625ms] [Warning] [omni.physx.tensors.plugin] Failed to find rigid body at '/World/envs/env_848/robot_a/joints/imu'
2026-10-02T10:32:05Z [43,625ms] [Warning] [omni.physx.tensors.plugin] Failed to find rigid body at '/World/envs/env_849/robot_a/joints/imu'
2026-10-02T10:32:05Z [43,625ms] [Warning] [omni.physx.tensors.plugin] Failed to find rigid body at '/World/envs/env_850/robot_a/joints/imu'
2026-10-02T10:32:05Z [43,625ms] [Warning] [omni.physx.tensors.plugin] Failed to find rigid body at '/World/envs/env_851/robot_a/joints/imu'
2026-10-02T10:32:05Z [43,625ms] [Warning] [omni.physx.tensors.plugin] Failed to find rigid body at '/World/envs/env_852/robot_a/joints/imu'
2026-10-02T10:32:05Z [43,625ms] [Warning] [omni.physx.tensors.plugin] Failed to find rigid body at '/World/envs/env_853/robot_a/joints/imu'
2026-10-02T10:32:05Z [43,625ms] [Warning] [omni.physx.tensors.plugin] Failed to find rigid body at '/World/envs/env_854/robot_a/joints/imu'
2026-10-02T10:32:05Z [43,625ms] [Warning] [omni.physx.tensors.plugin] Failed to find rigid body at '/World/envs/env_855/robot_a/joints/imu'
2026-10-02T10:32:05Z [43,625ms] [Warning] [omni.physx.tensors.plugin] Failed to find rigid body at '/World/envs/env_856/robot_a/joints/imu'
2026-10-02T10:32:05Z [43,625ms] [Warning] [omni.physx.tensors.plugin] Failed to find rigid body at '/World/envs/env_857/robot_a/joints/imu'
2026-10-02T10:32:05Z [43,625ms] [Warning] [omni.physx.tensors.plugin] Failed to find rigid body at '/World/envs/env_858/robot_a/joints/imu'
2026-10-02T10:32:05Z [43,626ms] [Warning] [omni.physx.tensors.plugin] Failed to find rigid body at '/World/envs/env_859/robot_a/joints/imu'
2026-10-02T10:32:05Z [43,626ms] [Warning] [omni.physx.tensors.plugin] Failed to find rigid body at '/World/envs/env_860/robot_a/joints/imu'
2026-10-02T10:32:05Z [43,626ms] [Warning] [omni.physx.tensors.plugin] Failed to find rigid body at '/World/envs/env_861/robot_a/joints/imu'
2026-10-02T10:32:05Z [43,626ms] [Warning] [omni.physx.tensors.plugin] Failed to find rigid body at '/World/envs/env_862/robot_a/joints/imu'
2026-10-02T10:32:05Z [43,626ms] [Warning] [omni.physx.tensors.plugin] Failed to find rigid body at '/World/envs/env_863/robot_a/joints/imu'
2026-10-02T10:32:05Z [43,626ms] [Warning] [omni.physx.tensors.plugin] Failed to find rigid body at '/World/envs/env_864/robot_a/joints/imu'
2026-10-02T10:32:05Z [43,626ms] [Warning] [omni.physx.tensors.plugin] Failed to find rigid body at '/World/envs/env_865/robot_a/joints/imu'
2026-10-02T10:32:05Z [43,626ms] [Warning] [omni.physx.tensors.plugin] Failed to find rigid body at '/World/envs/env_866/robot_a/joints/imu'
2026-10-02T10:32:05Z [43,626ms] [Warning] [omni.physx.tensors.plugin] Failed to find rigid body at '/World/envs/env_867/robot_a/joints/imu'
2026-10-02T10:32:05Z [43,626ms] [Warning] [omni.physx.tensors.plugin] Failed to find rigid body at '/World/envs/env_868/robot_a/joints/imu'
2026-10-02T10:32:05Z [43,626ms] [Warning] [omni.physx.tensors.plugin] Failed to find rigid body at '/World/envs/env_869/robot_a/joints/imu'
2026-10-02T10:32:05Z [43,626ms] [Warning] [omni.physx.tensors.plugin] Failed to find rigid body at '/World/envs/env_870/robot_a/joints/imu'
2026-10-02T10:32:05Z [43,626ms] [Warning] [omni.physx.tensors.plugin] Failed to find rigid body at '/World/envs/env_871/robot_a/joints/imu'
2026-10-02T10:32:05Z [43,626ms] [Warning] [omni.physx.tensors.plugin] Failed to find rigid body at '/World/envs/env_872/robot_a/joints/imu'
2026-10-02T10:32:05Z [43,626ms] [Warning] [omni.physx.tensors.plugin] Failed to find rigid body at '/World/envs/env_873/robot_a/joints/imu'
2026-10-02T10:32:05Z [43,626ms] [Warning] [omni.physx.tensors.plugin] Failed to find rigid body at '/World/envs/env_874/robot_a/joints/imu'
2026-10-02T10:32:05Z [43,626ms] [Warning] [omni.physx.tensors.plugin] Failed to find rigid body at '/World/envs/env_875/robot_a/joints/imu'
2026-10-02T10:32:05Z [43,626ms] [Warning] [omni.physx.tensors.plugin] Failed to find rigid body at '/World/envs/env_876/robot_a/joints/imu'
2026-10-02T10:32:05Z [43,626ms] [Warning] [omni.physx.tensors.plugin] Failed to find rigid body at '/World/envs/env_877/robot_a/joints/imu'
2026-10-02T10:32:05Z [43,626ms] [Warning] [omni.physx.tensors.plugin] Failed to find rigid body at '/World/envs/env_878/robot_a/joints/imu'
2026-10-02T10:32:05Z [43,626ms] [Warning] [omni.physx.tensors.plugin] Failed to find rigid body at '/World/envs/env_879/robot_a/joints/imu'
2026-10-02T10:32:05Z [43,626ms] [Warning] [omni.physx.tensors.plugin] Failed to find rigid body at '/World/envs/env_880/robot_a/joints/imu'
2026-10-02T10:32:05Z [43,626ms] [Warning] [omni.physx.tensors.plugin] Failed to find rigid body at '/World/envs/env_881/robot_a/joints/imu'
2026-10-02T10:32:05Z [43,626ms] [Warning] [omni.physx.tensors.plugin] Failed to find rigid body at '/World/envs/env_882/robot_a/joints/imu'
2026-10-02T10:32:05Z [43,626ms] [Warning] [omni.physx.tensors.plugin] Failed to find rigid body at '/World/envs/env_883/robot_a/joints/imu'
2026-10-02T10:32:05Z [43,626ms] [Warning] [omni.physx.tensors.plugin] Failed to find rigid body at '/World/envs/env_884/robot_a/joints/imu'
2026-10-02T10:32:05Z [43,626ms] [Warning] [omni.physx.tensors.plugin] Failed to find rigid body at '/World/envs/env_885/robot_a/joints/imu'
2026-10-02T10:32:05Z [43,626ms] [Warning] [omni.physx.tensors.plugin] Failed to find rigid body at '/World/envs/env_886/robot_a/joints/imu'
2026-10-02T10:32:05Z [43,626ms] [Warning] [omni.physx.tensors.plugin] Failed to find rigid body at '/World/envs/env_887/robot_a/joints/imu'
2026-10-02T10:32:05Z [43,626ms] [Warning] [omni.physx.tensors.plugin] Failed to find rigid body at '/World/envs/env_888/robot_a/joints/imu'
2026-10-02T10:32:05Z [43,626ms] [Warning] [omni.physx.tensors.plugin] Failed to find rigid body at '/World/envs/env_889/robot_a/joints/imu'
2026-10-02T10:32:05Z [43,626ms] [Warning] [omni.physx.tensors.plugin] Failed to find rigid body at '/World/envs/env_890/robot_a/joints/imu'
2026-10-02T10:32:05Z [43,626ms] [Warning] [omni.physx.tensors.plugin] Failed to find rigid body at '/World/envs/env_891/robot_a/joints/imu'
2026-10-02T10:32:05Z [43,626ms] [Warning] [omni.physx.tensors.plugin] Failed to find rigid body at '/World/envs/env_892/robot_a/joints/imu'
2026-10-02T10:32:05Z [43,626ms] [Warning] [omni.physx.tensors.plugin] Failed to find rigid body at '/World/envs/env_893/robot_a/joints/imu'
2026-10-02T10:32:05Z [43,626ms] [Warning] [omni.physx.tensors.plugin] Failed to find rigid body at '/World/envs/env_894/robot_a/joints/imu'
2026-10-02T10:32:05Z [43,626ms] [Warning] [omni.physx.tensors.plugin] Failed to find rigid body at '/World/envs/env_895/robot_a/joints/imu'
2026-10-02T10:32:05Z [43,627ms] [Warning] [omni.physx.tensors.plugin] Failed to find rigid body at '/World/envs/env_896/robot_a/joints/imu'
2026-10-02T10:32:05Z [43,627ms] [Warning] [omni.physx.tensors.plugin] Failed to find rigid body at '/World/envs/env_897/robot_a/joints/imu'
2026-10-02T10:32:05Z [43,627ms] [Warning] [omni.physx.tensors.plugin] Failed to find rigid body at '/World/envs/env_898/robot_a/joints/imu'
2026-10-02T10:32:05Z [43,627ms] [Warning] [omni.physx.tensors.plugin] Failed to find rigid body at '/World/envs/env_899/robot_a/joints/imu'
2026-10-02T10:32:05Z [43,627ms] [Warning] [omni.physx.tensors.plugin] Failed to find rigid body at '/World/envs/env_900/robot_a/joints/imu'
2026-10-02T10:32:05Z [43,627ms] [Warning] [omni.physx.tensors.plugin] Failed to find rigid body at '/World/envs/env_901/robot_a/joints/imu'
2026-10-02T10:32:05Z [43,627ms] [Warning] [omni.physx.tensors.plugin] Failed to find rigid body at '/World/envs/env_902/robot_a/joints/imu'
2026-10-02T10:32:05Z [43,627ms] [Warning] [omni.physx.tensors.plugin] Failed to find rigid body at '/World/envs/env_903/robot_a/joints/imu'
2026-10-02T10:32:05Z [43,627ms] [Warning] [omni.physx.tensors.plugin] Failed to find rigid body at '/World/envs/env_904/robot_a/joints/imu'
2026-10-02T10:32:05Z [43,627ms] [Warning] [omni.physx.tensors.plugin] Failed to find rigid body at '/World/envs/env_905/robot_a/joints/imu'
2026-10-02T10:32:05Z [43,627ms] [Warning] [omni.physx.tensors.plugin] Failed to find rigid body at '/World/envs/env_906/robot_a/joints/imu'
2026-10-02T10:32:05Z [43,627ms] [Warning] [omni.physx.tensors.plugin] Failed to find rigid body at '/World/envs/env_907/robot_a/joints/imu'
2026-10-02T10:32:05Z [43,627ms] [Warning] [omni.physx.tensors.plugin] Failed to find rigid body at '/World/envs/env_908/robot_a/joints/imu'
2026-10-02T10:32:05Z [43,627ms] [Warning] [omni.physx.tensors.plugin] Failed to find rigid body at '/World/envs/env_909/robot_a/joints/imu'
2026-10-02T10:32:05Z [43,627ms] [Warning] [omni.physx.tensors.plugin] Failed to find rigid body at '/World/envs/env_910/robot_a/joints/imu'
2026-10-02T10:32:05Z [43,627ms] [Warning] [omni.physx.tensors.plugin] Failed to find rigid body at '/World/envs/env_911/robot_a/joints/imu'
2026-10-02T10:32:05Z [43,627ms] [Warning] [omni.physx.tensors.plugin] Failed to find rigid body at '/World/envs/env_912/robot_a/joints/imu'
2026-10-02T10:32:05Z [43,627ms] [Warning] [omni.physx.tensors.plugin] Failed to find rigid body at '/World/envs/env_913/robot_a/joints/imu'
2026-10-02T10:32:05Z [43,627ms] [Warning] [omni.physx.tensors.plugin] Failed to find rigid body at '/World/envs/env_914/robot_a/joints/imu'
2026-10-02T10:32:05Z [43,627ms] [Warning] [omni.physx.tensors.plugin] Failed to find rigid body at '/World/envs/env_915/robot_a/joints/imu'
2026-10-02T10:32:05Z [43,627ms] [Warning] [omni.physx.tensors.plugin] Failed to find rigid body at '/World/envs/env_916/robot_a/joints/imu'
2026-10-02T10:32:05Z [43,627ms] [Warning] [omni.physx.tensors.plugin] Failed to find rigid body at '/World/envs/env_917/robot_a/joints/imu'
2026-10-02T10:32:05Z [43,627ms] [Warning] [omni.physx.tensors.plugin] Failed to find rigid body at '/World/envs/env_918/robot_a/joints/imu'
2026-10-02T10:32:05Z [43,627ms] [Warning] [omni.physx.tensors.plugin] Failed to find rigid body at '/World/envs/env_919/robot_a/joints/imu'
2026-10-02T10:32:05Z [43,627ms] [Warning] [omni.physx.tensors.plugin] Failed to find rigid body at '/World/envs/env_920/robot_a/joints/imu'
2026-10-02T10:32:05Z [43,627ms] [Warning] [omni.physx.tensors.plugin] Failed to find rigid body at '/World/envs/env_921/robot_a/joints/imu'
2026-10-02T10:32:05Z [43,627ms] [Warning] [omni.physx.tensors.plugin] Failed to find rigid body at '/World/envs/env_922/robot_a/joints/imu'
2026-10-02T10:32:05Z [43,627ms] [Warning] [omni.physx.tensors.plugin] Failed to find rigid body at '/World/envs/env_923/robot_a/joints/imu'
2026-10-02T10:32:05Z [43,627ms] [Warning] [omni.physx.tensors.plugin] Failed to find rigid body at '/World/envs/env_924/robot_a/joints/imu'
2026-10-02T10:32:05Z [43,627ms] [Warning] [omni.physx.tensors.plugin] Failed to find rigid body at '/World/envs/env_925/robot_a/joints/imu'
2026-10-02T10:32:05Z [43,627ms] [Warning] [omni.physx.tensors.plugin] Failed to find rigid body at '/World/envs/env_926/robot_a/joints/imu'
2026-10-02T10:32:05Z [43,627ms] [Warning] [omni.physx.tensors.plugin] Failed to find rigid body at '/World/envs/env_927/robot_a/joints/imu'
2026-10-02T10:32:05Z [43,627ms] [Warning] [omni.physx.tensors.plugin] Failed to find rigid body at '/World/envs/env_928/robot_a/joints/imu'
2026-10-02T10:32:05Z [43,627ms] [Warning] [omni.physx.tensors.plugin] Failed to find rigid body at '/World/envs/env_929/robot_a/joints/imu'
2026-10-02T10:32:05Z [43,627ms] [Warning] [omni.physx.tensors.plugin] Failed to find rigid body at '/World/envs/env_930/robot_a/joints/imu'
2026-10-02T10:32:05Z [43,627ms] [Warning] [omni.physx.tensors.plugin] Failed to find rigid body at '/World/envs/env_931/robot_a/joints/imu'
2026-10-02T10:32:05Z [43,627ms] [Warning] [omni.physx.tensors.plugin] Failed to find rigid body at '/World/envs/env_932/robot_a/joints/imu'
2026-10-02T10:32:05Z [43,627ms] [Warning] [omni.physx.tensors.plugin] Failed to find rigid body at '/World/envs/env_933/robot_a/joints/imu'
2026-10-02T10:32:05Z [43,627ms] [Warning] [omni.physx.tensors.plugin] Failed to find rigid body at '/World/envs/env_934/robot_a/joints/imu'
2026-10-02T10:32:05Z [43,627ms] [Warning] [omni.physx.tensors.plugin] Failed to find rigid body at '/World/envs/env_935/robot_a/joints/imu'
2026-10-02T10:32:05Z [43,627ms] [Warning] [omni.physx.tensors.plugin] Failed to find rigid body at '/World/envs/env_936/robot_a/joints/imu'
2026-10-02T10:32:05Z [43,628ms] [Warning] [omni.physx.tensors.plugin] Failed to find rigid body at '/World/envs/env_937/robot_a/joints/imu'
2026-10-02T10:32:05Z [43,628ms] [Warning] [omni.physx.tensors.plugin] Failed to find rigid body at '/World/envs/env_938/robot_a/joints/imu'
2026-10-02T10:32:05Z [43,628ms] [Warning] [omni.physx.tensors.plugin] Failed to find rigid body at '/World/envs/env_939/robot_a/joints/imu'
2026-10-02T10:32:05Z [43,628ms] [Warning] [omni.physx.tensors.plugin] Failed to find rigid body at '/World/envs/env_940/robot_a/joints/imu'
2026-10-02T10:32:05Z [43,628ms] [Warning] [omni.physx.tensors.plugin] Failed to find rigid body at '/World/envs/env_941/robot_a/joints/imu'
2026-10-02T10:32:05Z [43,628ms] [Warning] [omni.physx.tensors.plugin] Failed to find rigid body at '/World/envs/env_942/robot_a/joints/imu'
2026-10-02T10:32:05Z [43,628ms] [Warning] [omni.physx.tensors.plugin] Failed to find rigid body at '/World/envs/env_943/robot_a/joints/imu'
2026-10-02T10:32:05Z [43,628ms] [Warning] [omni.physx.tensors.plugin] Failed to find rigid body at '/World/envs/env_944/robot_a/joints/imu'
2026-10-02T10:32:05Z [43,628ms] [Warning] [omni.physx.tensors.plugin] Failed to find rigid body at '/World/envs/env_945/robot_a/joints/imu'
2026-10-02T10:32:05Z [43,628ms] [Warning] [omni.physx.tensors.plugin] Failed to find rigid body at '/World/envs/env_946/robot_a/joints/imu'
2026-10-02T10:32:05Z [43,628ms] [Warning] [omni.physx.tensors.plugin] Failed to find rigid body at '/World/envs/env_947/robot_a/joints/imu'
2026-10-02T10:32:05Z [43,628ms] [Warning] [omni.physx.tensors.plugin] Failed to find rigid body at '/World/envs/env_948/robot_a/joints/imu'
2026-10-02T10:32:05Z [43,628ms] [Warning] [omni.physx.tensors.plugin] Failed to find rigid body at '/World/envs/env_949/robot_a/joints/imu'
2026-10-02T10:32:05Z [43,628ms] [Warning] [omni.physx.tensors.plugin] Failed to find rigid body at '/World/envs/env_950/robot_a/joints/imu'
2026-10-02T10:32:05Z [43,628ms] [Warning] [omni.physx.tensors.plugin] Failed to find rigid body at '/World/envs/env_951/robot_a/joints/imu'
2026-10-02T10:32:05Z [43,628ms] [Warning] [omni.physx.tensors.plugin] Failed to find rigid body at '/World/envs/env_952/robot_a/joints/imu'
2026-10-02T10:32:05Z [43,628ms] [Warning] [omni.physx.tensors.plugin] Failed to find rigid body at '/World/envs/env_953/robot_a/joints/imu'
2026-10-02T10:32:05Z [43,628ms] [Warning] [omni.physx.tensors.plugin] Failed to find rigid body at '/World/envs/env_954/robot_a/joints/imu'
2026-10-02T10:32:05Z [43,628ms] [Warning] [omni.physx.tensors.plugin] Failed to find rigid body at '/World/envs/env_955/robot_a/joints/imu'
2026-10-02T10:32:05Z [43,628ms] [Warning] [omni.physx.tensors.plugin] Failed to find rigid body at '/World/envs/env_956/robot_a/joints/imu'
2026-10-02T10:32:05Z [43,628ms] [Warning] [omni.physx.tensors.plugin] Failed to find rigid body at '/World/envs/env_957/robot_a/joints/imu'
2026-10-02T10:32:05Z [43,628ms] [Warning] [omni.physx.tensors.plugin] Failed to find rigid body at '/World/envs/env_958/robot_a/joints/imu'
2026-10-02T10:32:05Z [43,628ms] [Warning] [omni.physx.tensors.plugin] Failed to find rigid body at '/World/envs/env_959/robot_a/joints/imu'
2026-10-02T10:32:05Z [43,628ms] [Warning] [omni.physx.tensors.plugin] Failed to find rigid body at '/World/envs/env_960/robot_a/joints/imu'
2026-10-02T10:32:05Z [43,628ms] [Warning] [omni.physx.tensors.plugin] Failed to find rigid body at '/World/envs/env_961/robot_a/joints/imu'
2026-10-02T10:32:05Z [43,628ms] [Warning] [omni.physx.tensors.plugin] Failed to find rigid body at '/World/envs/env_962/robot_a/joints/imu'
2026-10-02T10:32:05Z [43,628ms] [Warning] [omni.physx.tensors.plugin] Failed to find rigid body at '/World/envs/env_963/robot_a/joints/imu'
2026-10-02T10:32:05Z [43,628ms] [Warning] [omni.physx.tensors.plugin] Failed to find rigid body at '/World/envs/env_964/robot_a/joints/imu'
2026-10-02T10:32:05Z [43,628ms] [Warning] [omni.physx.tensors.plugin] Failed to find rigid body at '/World/envs/env_965/robot_a/joints/imu'
2026-10-02T10:32:05Z [43,628ms] [Warning] [omni.physx.tensors.plugin] Failed to find rigid body at '/World/envs/env_966/robot_a/joints/imu'
2026-10-02T10:32:05Z [43,628ms] [Warning] [omni.physx.tensors.plugin] Failed to find rigid body at '/World/envs/env_967/robot_a/joints/imu'
2026-10-02T10:32:05Z [43,628ms] [Warning] [omni.physx.tensors.plugin] Failed to find rigid body at '/World/envs/env_968/robot_a/joints/imu'
2026-10-02T10:32:05Z [43,628ms] [Warning] [omni.physx.tensors.plugin] Failed to find rigid body at '/World/envs/env_969/robot_a/joints/imu'
2026-10-02T10:32:05Z [43,628ms] [Warning] [omni.physx.tensors.plugin] Failed to find rigid body at '/World/envs/env_970/robot_a/joints/imu'
2026-10-02T10:32:05Z [43,628ms] [Warning] [omni.physx.tensors.plugin] Failed to find rigid body at '/World/envs/env_971/robot_a/joints/imu'
2026-10-02T10:32:05Z [43,628ms] [Warning] [omni.physx.tensors.plugin] Failed to find rigid body at '/World/envs/env_972/robot_a/joints/imu'
2026-10-02T10:32:05Z [43,628ms] [Warning] [omni.physx.tensors.plugin] Failed to find rigid body at '/World/envs/env_973/robot_a/joints/imu'
2026-10-02T10:32:05Z [43,628ms] [Warning] [omni.physx.tensors.plugin] Failed to find rigid body at '/World/envs/env_974/robot_a/joints/imu'
2026-10-02T10:32:05Z [43,628ms] [Warning] [omni.physx.tensors.plugin] Failed to find rigid body at '/World/envs/env_975/robot_a/joints/imu'
2026-10-02T10:32:05Z [43,628ms] [Warning] [omni.physx.tensors.plugin] Failed to find rigid body at '/World/envs/env_976/robot_a/joints/imu'
2026-10-02T10:32:05Z [43,629ms] [Warning] [omni.physx.tensors.plugin] Failed to find rigid body at '/World/envs/env_977/robot_a/joints/imu'
2026-10-02T10:32:05Z [43,629ms] [Warning] [omni.physx.tensors.plugin] Failed to find rigid body at '/World/envs/env_978/robot_a/joints/imu'
2026-10-02T10:32:05Z [43,629ms] [Warning] [omni.physx.tensors.plugin] Failed to find rigid body at '/World/envs/env_979/robot_a/joints/imu'
2026-10-02T10:32:05Z [43,629ms] [Warning] [omni.physx.tensors.plugin] Failed to find rigid body at '/World/envs/env_980/robot_a/joints/imu'
2026-10-02T10:32:05Z [43,629ms] [Warning] [omni.physx.tensors.plugin] Failed to find rigid body at '/World/envs/env_981/robot_a/joints/imu'
2026-10-02T10:32:05Z [43,629ms] [Warning] [omni.physx.tensors.plugin] Failed to find rigid body at '/World/envs/env_982/robot_a/joints/imu'
2026-10-02T10:32:05Z [43,629ms] [Warning] [omni.physx.tensors.plugin] Failed to find rigid body at '/World/envs/env_983/robot_a/joints/imu'
2026-10-02T10:32:05Z [43,629ms] [Warning] [omni.physx.tensors.plugin] Failed to find rigid body at '/World/envs/env_984/robot_a/joints/imu'
2026-10-02T10:32:05Z [43,629ms] [Warning] [omni.physx.tensors.plugin] Failed to find rigid body at '/World/envs/env_985/robot_a/joints/imu'
2026-10-02T10:32:05Z [43,629ms] [Warning] [omni.physx.tensors.plugin] Failed to find rigid body at '/World/envs/env_986/robot_a/joints/imu'
2026-10-02T10:32:05Z [43,629ms] [Warning] [omni.physx.tensors.plugin] Failed to find rigid body at '/World/envs/env_987/robot_a/joints/imu'
2026-10-02T10:32:05Z [43,629ms] [Warning] [omni.physx.tensors.plugin] Failed to find rigid body at '/World/envs/env_988/robot_a/joints/imu'
2026-10-02T10:32:05Z [43,629ms] [Warning] [omni.physx.tensors.plugin] Failed to find rigid body at '/World/envs/env_989/robot_a/joints/imu'
2026-10-02T10:32:05Z [43,629ms] [Warning] [omni.physx.tensors.plugin] Failed to find rigid body at '/World/envs/env_990/robot_a/joints/imu'
2026-10-02T10:32:05Z [43,629ms] [Warning] [omni.physx.tensors.plugin] Failed to find rigid body at '/World/envs/env_991/robot_a/joints/imu'
2026-10-02T10:32:05Z [43,629ms] [Warning] [omni.physx.tensors.plugin] Failed to find rigid body at '/World/envs/env_992/robot_a/joints/imu'
2026-10-02T10:32:05Z [43,629ms] [Warning] [omni.physx.tensors.plugin] Failed to find rigid body at '/World/envs/env_993/robot_a/joints/imu'
2026-10-02T10:32:05Z [43,629ms] [Warning] [omni.physx.tensors.plugin] Failed to find rigid body at '/World/envs/env_994/robot_a/joints/imu'
2026-10-02T10:32:05Z [43,629ms] [Warning] [omni.physx.tensors.plugin] Failed to find rigid body at '/World/envs/env_995/robot_a/joints/imu'
2026-10-02T10:32:05Z [43,629ms] [Warning] [omni.physx.tensors.plugin] Failed to find rigid body at '/World/envs/env_996/robot_a/joints/imu'
2026-10-02T10:32:05Z [43,629ms] [Warning] [omni.physx.tensors.plugin] Failed to find rigid body at '/World/envs/env_997/robot_a/joints/imu'
2026-10-02T10:32:05Z [43,629ms] [Warning] [omni.physx.tensors.plugin] Failed to find rigid body at '/World/envs/env_998/robot_a/joints/imu'
2026-10-02T10:32:05Z [43,629ms] [Warning] [omni.physx.tensors.plugin] Failed to find rigid body at '/World/envs/env_999/robot_a/joints/imu'
2026-10-02T10:32:05Z [43,629ms] [Warning] [omni.physx.tensors.plugin] Failed to find rigid body at '/World/envs/env_1000/robot_a/joints/imu'
2026-10-02T10:32:05Z [43,629ms] [Warning] [omni.physx.tensors.plugin] Failed to find rigid body at '/World/envs/env_1001/robot_a/joints/imu'
2026-10-02T10:32:05Z [43,629ms] [Warning] [omni.physx.tensors.plugin] Failed to find rigid body at '/World/envs/env_1002/robot_a/joints/imu'
2026-10-02T10:32:05Z [43,629ms] [Warning] [omni.physx.tensors.plugin] Failed to find rigid body at '/World/envs/env_1003/robot_a/joints/imu'
2026-10-02T10:32:05Z [43,629ms] [Warning] [omni.physx.tensors.plugin] Failed to find rigid body at '/World/envs/env_1004/robot_a/joints/imu'
2026-10-02T10:32:05Z [43,629ms] [Warning] [omni.physx.tensors.plugin] Failed to find rigid body at '/World/envs/env_1005/robot_a/joints/imu'
2026-10-02T10:32:05Z [43,629ms] [Warning] [omni.physx.tensors.plugin] Failed to find rigid body at '/World/envs/env_1006/robot_a/joints/imu'
2026-10-02T10:32:05Z [43,629ms] [Warning] [omni.physx.tensors.plugin] Failed to find rigid body at '/World/envs/env_1007/robot_a/joints/imu'
2026-10-02T10:32:05Z [43,629ms] [Warning] [omni.physx.tensors.plugin] Failed to find rigid body at '/World/envs/env_1008/robot_a/joints/imu'
2026-10-02T10:32:05Z [43,629ms] [Warning] [omni.physx.tensors.plugin] Failed to find rigid body at '/World/envs/env_1009/robot_a/joints/imu'
2026-10-02T10:32:05Z [43,629ms] [Warning] [omni.physx.tensors.plugin] Failed to find rigid body at '/World/envs/env_1010/robot_a/joints/imu'
2026-10-02T10:32:05Z [43,629ms] [Warning] [omni.physx.tensors.plugin] Failed to find rigid body at '/World/envs/env_1011/robot_a/joints/imu'
2026-10-02T10:32:05Z [43,629ms] [Warning] [omni.physx.tensors.plugin] Failed to find rigid body at '/World/envs/env_1012/robot_a/joints/imu'
2026-10-02T10:32:05Z [43,629ms] [Warning] [omni.physx.tensors.plugin] Failed to find rigid body at '/World/envs/env_1013/robot_a/joints/imu'
2026-10-02T10:32:05Z [43,629ms] [Warning] [omni.physx.tensors.plugin] Failed to find rigid body at '/World/envs/env_1014/robot_a/joints/imu'
2026-10-02T10:32:05Z [43,629ms] [Warning] [omni.physx.tensors.plugin] Failed to find rigid body at '/World/envs/env_1015/robot_a/joints/imu'
2026-10-02T10:32:05Z [43,630ms] [Warning] [omni.physx.tensors.plugin] Failed to find rigid body at '/World/envs/env_1016/robot_a/joints/imu'
2026-10-02T10:32:05Z [43,630ms] [Warning] [omni.physx.tensors.plugin] Failed to find rigid body at '/World/envs/env_1017/robot_a/joints/imu'
2026-10-02T10:32:05Z [43,630ms] [Warning] [omni.physx.tensors.plugin] Failed to find rigid body at '/World/envs/env_1018/robot_a/joints/imu'
2026-10-02T10:32:05Z [43,630ms] [Warning] [omni.physx.tensors.plugin] Failed to find rigid body at '/World/envs/env_1019/robot_a/joints/imu'
2026-10-02T10:32:05Z [43,630ms] [Warning] [omni.physx.tensors.plugin] Failed to find rigid body at '/World/envs/env_1020/robot_a/joints/imu'
2026-10-02T10:32:05Z [43,630ms] [Warning] [omni.physx.tensors.plugin] Failed to find rigid body at '/World/envs/env_1021/robot_a/joints/imu'
2026-10-02T10:32:05Z [43,630ms] [Warning] [omni.physx.tensors.plugin] Failed to find rigid body at '/World/envs/env_1022/robot_a/joints/imu'
2026-10-02T10:32:05Z [43,630ms] [Warning] [omni.physx.tensors.plugin] Failed to find rigid body at '/World/envs/env_1023/robot_a/joints/imu'
2026-10-02T10:32:05Z [43,727ms] [Warning] [omni.physx.tensors.plugin] Failed to find contact report API at '/World/envs/env_0/robot_a/joints/imu'
2026-10-02T10:32:05Z [43,727ms] [Warning] [omni.physx.tensors.plugin] Failed to find contact report API at '/World/envs/env_1/robot_a/joints/imu'
2026-10-02T10:32:05Z [43,727ms] [Warning] [omni.physx.tensors.plugin] Failed to find contact report API at '/World/envs/env_2/robot_a/joints/imu'
2026-10-02T10:32:05Z [43,727ms] [Warning] [omni.physx.tensors.plugin] Failed to find contact report API at '/World/envs/env_3/robot_a/joints/imu'
2026-10-02T10:32:05Z [43,727ms] [Warning] [omni.physx.tensors.plugin] Failed to find contact report API at '/World/envs/env_4/robot_a/joints/imu'
2026-10-02T10:32:05Z [43,727ms] [Warning] [omni.physx.tensors.plugin] Failed to find contact report API at '/World/envs/env_5/robot_a/joints/imu'
2026-10-02T10:32:05Z [43,727ms] [Warning] [omni.physx.tensors.plugin] Failed to find contact report API at '/World/envs/env_6/robot_a/joints/imu'
2026-10-02T10:32:05Z [43,727ms] [Warning] [omni.physx.tensors.plugin] Failed to find contact report API at '/World/envs/env_7/robot_a/joints/imu'
2026-10-02T10:32:05Z [43,727ms] [Warning] [omni.physx.tensors.plugin] Failed to find contact report API at '/World/envs/env_8/robot_a/joints/imu'
2026-10-02T10:32:05Z [43,727ms] [Warning] [omni.physx.tensors.plugin] Failed to find contact report API at '/World/envs/env_9/robot_a/joints/imu'
2026-10-02T10:32:05Z [43,727ms] [Warning] [omni.physx.tensors.plugin] Failed to find contact report API at '/World/envs/env_10/robot_a/joints/imu'
2026-10-02T10:32:05Z [43,728ms] [Warning] [omni.physx.tensors.plugin] Failed to find contact report API at '/World/envs/env_11/robot_a/joints/imu'
2026-10-02T10:32:05Z [43,728ms] [Warning] [omni.physx.tensors.plugin] Failed to find contact report API at '/World/envs/env_12/robot_a/joints/imu'
2026-10-02T10:32:05Z [43,728ms] [Warning] [omni.physx.tensors.plugin] Failed to find contact report API at '/World/envs/env_13/robot_a/joints/imu'
2026-10-02T10:32:05Z [43,728ms] [Warning] [omni.physx.tensors.plugin] Failed to find contact report API at '/World/envs/env_14/robot_a/joints/imu'
2026-10-02T10:32:05Z [43,728ms] [Warning] [omni.physx.tensors.plugin] Failed to find contact report API at '/World/envs/env_15/robot_a/joints/imu'
2026-10-02T10:32:05Z [43,728ms] [Warning] [omni.physx.tensors.plugin] Failed to find contact report API at '/World/envs/env_16/robot_a/joints/imu'
2026-10-02T10:32:05Z [43,728ms] [Warning] [omni.physx.tensors.plugin] Failed to find contact report API at '/World/envs/env_17/robot_a/joints/imu'
2026-10-02T10:32:05Z [43,728ms] [Warning] [omni.physx.tensors.plugin] Failed to find contact report API at '/World/envs/env_18/robot_a/joints/imu'
2026-10-02T10:32:05Z [43,728ms] [Warning] [omni.physx.tensors.plugin] Failed to find contact report API at '/World/envs/env_19/robot_a/joints/imu'
2026-10-02T10:32:05Z [43,728ms] [Warning] [omni.physx.tensors.plugin] Failed to find contact report API at '/World/envs/env_20/robot_a/joints/imu'
2026-10-02T10:32:05Z [43,728ms] [Warning] [omni.physx.tensors.plugin] Failed to find contact report API at '/World/envs/env_21/robot_a/joints/imu'
2026-10-02T10:32:05Z [43,728ms] [Warning] [omni.physx.tensors.plugin] Failed to find contact report API at '/World/envs/env_22/robot_a/joints/imu'
2026-10-02T10:32:05Z [43,728ms] [Warning] [omni.physx.tensors.plugin] Failed to find contact report API at '/World/envs/env_23/robot_a/joints/imu'
2026-10-02T10:32:05Z [43,728ms] [Warning] [omni.physx.tensors.plugin] Failed to find contact report API at '/World/envs/env_24/robot_a/joints/imu'
2026-10-02T10:32:05Z [43,728ms] [Warning] [omni.physx.tensors.plugin] Failed to find contact report API at '/World/envs/env_25/robot_a/joints/imu'
2026-10-02T10:32:05Z [43,728ms] [Warning] [omni.physx.tensors.plugin] Failed to find contact report API at '/World/envs/env_26/robot_a/joints/imu'
2026-10-02T10:32:05Z [43,728ms] [Warning] [omni.physx.tensors.plugin] Failed to find contact report API at '/World/envs/env_27/robot_a/joints/imu'
2026-10-02T10:32:05Z [43,728ms] [Warning] [omni.physx.tensors.plugin] Failed to find contact report API at '/World/envs/env_28/robot_a/joints/imu'
2026-10-02T10:32:05Z [43,728ms] [Warning] [omni.physx.tensors.plugin] Failed to find contact report API at '/World/envs/env_29/robot_a/joints/imu'
2026-10-02T10:32:05Z [43,728ms] [Warning] [omni.physx.tensors.plugin] Failed to find contact report API at '/World/envs/env_30/robot_a/joints/imu'
2026-10-02T10:32:05Z [43,728ms] [Warning] [omni.physx.tensors.plugin] Failed to find contact report API at '/World/envs/env_31/robot_a/joints/imu'
2026-10-02T10:32:05Z [43,728ms] [Warning] [omni.physx.tensors.plugin] Failed to find contact report API at '/World/envs/env_32/robot_a/joints/imu'
2026-10-02T10:32:05Z [43,728ms] [Warning] [omni.physx.tensors.plugin] Failed to find contact report API at '/World/envs/env_33/robot_a/joints/imu'
2026-10-02T10:32:05Z [43,728ms] [Warning] [omni.physx.tensors.plugin] Failed to find contact report API at '/World/envs/env_34/robot_a/joints/imu'
2026-10-02T10:32:05Z [43,728ms] [Warning] [omni.physx.tensors.plugin] Failed to find contact report API at '/World/envs/env_35/robot_a/joints/imu'
2026-10-02T10:32:05Z [43,729ms] [Warning] [omni.physx.tensors.plugin] Failed to find contact report API at '/World/envs/env_36/robot_a/joints/imu'
2026-10-02T10:32:05Z [43,729ms] [Warning] [omni.physx.tensors.plugin] Failed to find contact report API at '/World/envs/env_37/robot_a/joints/imu'
2026-10-02T10:32:05Z [43,729ms] [Warning] [omni.physx.tensors.plugin] Failed to find contact report API at '/World/envs/env_38/robot_a/joints/imu'
2026-10-02T10:32:05Z [43,729ms] [Warning] [omni.physx.tensors.plugin] Failed to find contact report API at '/World/envs/env_39/robot_a/joints/imu'
2026-10-02T10:32:05Z [43,729ms] [Warning] [omni.physx.tensors.plugin] Failed to find contact report API at '/World/envs/env_40/robot_a/joints/imu'
2026-10-02T10:32:05Z [43,729ms] [Warning] [omni.physx.tensors.plugin] Failed to find contact report API at '/World/envs/env_41/robot_a/joints/imu'
2026-10-02T10:32:05Z [43,729ms] [Warning] [omni.physx.tensors.plugin] Failed to find contact report API at '/World/envs/env_42/robot_a/joints/imu'
2026-10-02T10:32:05Z [43,729ms] [Warning] [omni.physx.tensors.plugin] Failed to find contact report API at '/World/envs/env_43/robot_a/joints/imu'
2026-10-02T10:32:05Z [43,729ms] [Warning] [omni.physx.tensors.plugin] Failed to find contact report API at '/World/envs/env_44/robot_a/joints/imu'
2026-10-02T10:32:05Z [43,729ms] [Warning] [omni.physx.tensors.plugin] Failed to find contact report API at '/World/envs/env_45/robot_a/joints/imu'
2026-10-02T10:32:05Z [43,729ms] [Warning] [omni.physx.tensors.plugin] Failed to find contact report API at '/World/envs/env_46/robot_a/joints/imu'
2026-10-02T10:32:05Z [43,729ms] [Warning] [omni.physx.tensors.plugin] Failed to find contact report API at '/World/envs/env_47/robot_a/joints/imu'
2026-10-02T10:32:05Z [43,729ms] [Warning] [omni.physx.tensors.plugin] Failed to find contact report API at '/World/envs/env_48/robot_a/joints/imu'
2026-10-02T10:32:05Z [43,729ms] [Warning] [omni.physx.tensors.plugin] Failed to find contact report API at '/World/envs/env_49/robot_a/joints/imu'
2026-10-02T10:32:05Z [43,729ms] [Warning] [omni.physx.tensors.plugin] Failed to find contact report API at '/World/envs/env_50/robot_a/joints/imu'
2026-10-02T10:32:05Z [43,729ms] [Warning] [omni.physx.tensors.plugin] Failed to find contact report API at '/World/envs/env_51/robot_a/joints/imu'
2026-10-02T10:32:05Z [43,729ms] [Warning] [omni.physx.tensors.plugin] Failed to find contact report API at '/World/envs/env_52/robot_a/joints/imu'
2026-10-02T10:32:05Z [43,729ms] [Warning] [omni.physx.tensors.plugin] Failed to find contact report API at '/World/envs/env_53/robot_a/joints/imu'
2026-10-02T10:32:05Z [43,729ms] [Warning] [omni.physx.tensors.plugin] Failed to find contact report API at '/World/envs/env_54/robot_a/joints/imu'
2026-10-02T10:32:05Z [43,729ms] [Warning] [omni.physx.tensors.plugin] Failed to find contact report API at '/World/envs/env_55/robot_a/joints/imu'
2026-10-02T10:32:05Z [43,729ms] [Warning] [omni.physx.tensors.plugin] Failed to find contact report API at '/World/envs/env_56/robot_a/joints/imu'
2026-10-02T10:32:05Z [43,729ms] [Warning] [omni.physx.tensors.plugin] Failed to find contact report API at '/World/envs/env_57/robot_a/joints/imu'
2026-10-02T10:32:05Z [43,729ms] [Warning] [omni.physx.tensors.plugin] Failed to find contact report API at '/World/envs/env_58/robot_a/joints/imu'
2026-10-02T10:32:05Z [43,729ms] [Warning] [omni.physx.tensors.plugin] Failed to find contact report API at '/World/envs/env_59/robot_a/joints/imu'
2026-10-02T10:32:05Z [43,729ms] [Warning] [omni.physx.tensors.plugin] Failed to find contact report API at '/World/envs/env_60/robot_a/joints/imu'
2026-10-02T10:32:05Z [43,729ms] [Warning] [omni.physx.tensors.plugin] Failed to find contact report API at '/World/envs/env_61/robot_a/joints/imu'
2026-10-02T10:32:05Z [43,729ms] [Warning] [omni.physx.tensors.plugin] Failed to find contact report API at '/World/envs/env_62/robot_a/joints/imu'
2026-10-02T10:32:05Z [43,729ms] [Warning] [omni.physx.tensors.plugin] Failed to find contact report API at '/World/envs/env_63/robot_a/joints/imu'
2026-10-02T10:32:05Z [43,729ms] [Warning] [omni.physx.tensors.plugin] Failed to find contact report API at '/World/envs/env_64/robot_a/joints/imu'
2026-10-02T10:32:05Z [43,730ms] [Warning] [omni.physx.tensors.plugin] Failed to find contact report API at '/World/envs/env_65/robot_a/joints/imu'
2026-10-02T10:32:05Z [43,730ms] [Warning] [omni.physx.tensors.plugin] Failed to find contact report API at '/World/envs/env_66/robot_a/joints/imu'
2026-10-02T10:32:05Z [43,730ms] [Warning] [omni.physx.tensors.plugin] Failed to find contact report API at '/World/envs/env_67/robot_a/joints/imu'
2026-10-02T10:32:05Z [43,730ms] [Warning] [omni.physx.tensors.plugin] Failed to find contact report API at '/World/envs/env_68/robot_a/joints/imu'
2026-10-02T10:32:05Z [43,730ms] [Warning] [omni.physx.tensors.plugin] Failed to find contact report API at '/World/envs/env_69/robot_a/joints/imu'
2026-10-02T10:32:05Z [43,730ms] [Warning] [omni.physx.tensors.plugin] Failed to find contact report API at '/World/envs/env_70/robot_a/joints/imu'
2026-10-02T10:32:05Z [43,730ms] [Warning] [omni.physx.tensors.plugin] Failed to find contact report API at '/World/envs/env_71/robot_a/joints/imu'
2026-10-02T10:32:05Z [43,730ms] [Warning] [omni.physx.tensors.plugin] Failed to find contact report API at '/World/envs/env_72/robot_a/joints/imu'
2026-10-02T10:32:05Z [43,730ms] [Warning] [omni.physx.tensors.plugin] Failed to find contact report API at '/World/envs/env_73/robot_a/joints/imu'
2026-10-02T10:32:05Z [43,730ms] [Warning] [omni.physx.tensors.plugin] Failed to find contact report API at '/World/envs/env_74/robot_a/joints/imu'
2026-10-02T10:32:05Z [43,730ms] [Warning] [omni.physx.tensors.plugin] Failed to find contact report API at '/World/envs/env_75/robot_a/joints/imu'
2026-10-02T10:32:05Z [43,730ms] [Warning] [omni.physx.tensors.plugin] Failed to find contact report API at '/World/envs/env_76/robot_a/joints/imu'
2026-10-02T10:32:05Z [43,730ms] [Warning] [omni.physx.tensors.plugin] Failed to find contact report API at '/World/envs/env_77/robot_a/joints/imu'
2026-10-02T10:32:05Z [43,730ms] [Warning] [omni.physx.tensors.plugin] Failed to find contact report API at '/World/envs/env_78/robot_a/joints/imu'
2026-10-02T10:32:05Z [43,730ms] [Warning] [omni.physx.tensors.plugin] Failed to find contact report API at '/World/envs/env_79/robot_a/joints/imu'
2026-10-02T10:32:05Z [43,730ms] [Warning] [omni.physx.tensors.plugin] Failed to find contact report API at '/World/envs/env_80/robot_a/joints/imu'
2026-10-02T10:32:05Z [43,730ms] [Warning] [omni.physx.tensors.plugin] Failed to find contact report API at '/World/envs/env_81/robot_a/joints/imu'
2026-10-02T10:32:05Z [43,730ms] [Warning] [omni.physx.tensors.plugin] Failed to find contact report API at '/World/envs/env_82/robot_a/joints/imu'
2026-10-02T10:32:05Z [43,730ms] [Warning] [omni.physx.tensors.plugin] Failed to find contact report API at '/World/envs/env_83/robot_a/joints/imu'
2026-10-02T10:32:05Z [43,730ms] [Warning] [omni.physx.tensors.plugin] Failed to find contact report API at '/World/envs/env_84/robot_a/joints/imu'
2026-10-02T10:32:05Z [43,730ms] [Warning] [omni.physx.tensors.plugin] Failed to find contact report API at '/World/envs/env_85/robot_a/joints/imu'
2026-10-02T10:32:05Z [43,730ms] [Warning] [omni.physx.tensors.plugin] Failed to find contact report API at '/World/envs/env_86/robot_a/joints/imu'
2026-10-02T10:32:05Z [43,730ms] [Warning] [omni.physx.tensors.plugin] Failed to find contact report API at '/World/envs/env_87/robot_a/joints/imu'
2026-10-02T10:32:05Z [43,730ms] [Warning] [omni.physx.tensors.plugin] Failed to find contact report API at '/World/envs/env_88/robot_a/joints/imu'
2026-10-02T10:32:05Z [43,730ms] [Warning] [omni.physx.tensors.plugin] Failed to find contact report API at '/World/envs/env_89/robot_a/joints/imu'
2026-10-02T10:32:05Z [43,730ms] [Warning] [omni.physx.tensors.plugin] Failed to find contact report API at '/World/envs/env_90/robot_a/joints/imu'
2026-10-02T10:32:05Z [43,730ms] [Warning] [omni.physx.tensors.plugin] Failed to find contact report API at '/World/envs/env_91/robot_a/joints/imu'
2026-10-02T10:32:05Z [43,730ms] [Warning] [omni.physx.tensors.plugin] Failed to find contact report API at '/World/envs/env_92/robot_a/joints/imu'
2026-10-02T10:32:05Z [43,730ms] [Warning] [omni.physx.tensors.plugin] Failed to find contact report API at '/World/envs/env_93/robot_a/joints/imu'
2026-10-02T10:32:05Z [43,730ms] [Warning] [omni.physx.tensors.plugin] Failed to find contact report API at '/World/envs/env_94/robot_a/joints/imu'
2026-10-02T10:32:05Z [43,730ms] [Warning] [omni.physx.tensors.plugin] Failed to find contact report API at '/World/envs/env_95/robot_a/joints/imu'
2026-10-02T10:32:05Z [43,730ms] [Warning] [omni.physx.tensors.plugin] Failed to find contact report API at '/World/envs/env_96/robot_a/joints/imu'
2026-10-02T10:32:05Z [43,731ms] [Warning] [omni.physx.tensors.plugin] Failed to find contact report API at '/World/envs/env_97/robot_a/joints/imu'
2026-10-02T10:32:05Z [43,731ms] [Warning] [omni.physx.tensors.plugin] Failed to find contact report API at '/World/envs/env_98/robot_a/joints/imu'
2026-10-02T10:32:05Z [43,731ms] [Warning] [omni.physx.tensors.plugin] Failed to find contact report API at '/World/envs/env_99/robot_a/joints/imu'
2026-10-02T10:32:05Z [43,731ms] [Warning] [omni.physx.tensors.plugin] Failed to find contact report API at '/World/envs/env_100/robot_a/joints/imu'
2026-10-02T10:32:05Z [43,731ms] [Warning] [omni.physx.tensors.plugin] Failed to find contact report API at '/World/envs/env_101/robot_a/joints/imu'
2026-10-02T10:32:05Z [43,731ms] [Warning] [omni.physx.tensors.plugin] Failed to find contact report API at '/World/envs/env_102/robot_a/joints/imu'
2026-10-02T10:32:05Z [43,731ms] [Warning] [omni.physx.tensors.plugin] Failed to find contact report API at '/World/envs/env_103/robot_a/joints/imu'
2026-10-02T10:32:05Z [43,731ms] [Warning] [omni.physx.tensors.plugin] Failed to find contact report API at '/World/envs/env_104/robot_a/joints/imu'
2026-10-02T10:32:05Z [43,731ms] [Warning] [omni.physx.tensors.plugin] Failed to find contact report API at '/World/envs/env_105/robot_a/joints/imu'
2026-10-02T10:32:05Z [43,731ms] [Warning] [omni.physx.tensors.plugin] Failed to find contact report API at '/World/envs/env_106/robot_a/joints/imu'
2026-10-02T10:32:05Z [43,731ms] [Warning] [omni.physx.tensors.plugin] Failed to find contact report API at '/World/envs/env_107/robot_a/joints/imu'
2026-10-02T10:32:05Z [43,731ms] [Warning] [omni.physx.tensors.plugin] Failed to find contact report API at '/World/envs/env_108/robot_a/joints/imu'
2026-10-02T10:32:05Z [43,731ms] [Warning] [omni.physx.tensors.plugin] Failed to find contact report API at '/World/envs/env_109/robot_a/joints/imu'
2026-10-02T10:32:05Z [43,731ms] [Warning] [omni.physx.tensors.plugin] Failed to find contact report API at '/World/envs/env_110/robot_a/joints/imu'
2026-10-02T10:32:05Z [43,731ms] [Warning] [omni.physx.tensors.plugin] Failed to find contact report API at '/World/envs/env_111/robot_a/joints/imu'
2026-10-02T10:32:05Z [43,731ms] [Warning] [omni.physx.tensors.plugin] Failed to find contact report API at '/World/envs/env_112/robot_a/joints/imu'
2026-10-02T10:32:05Z [43,731ms] [Warning] [omni.physx.tensors.plugin] Failed to find contact report API at '/World/envs/env_113/robot_a/joints/imu'
2026-10-02T10:32:05Z [43,731ms] [Warning] [omni.physx.tensors.plugin] Failed to find contact report API at '/World/envs/env_114/robot_a/joints/imu'
2026-10-02T10:32:05Z [43,731ms] [Warning] [omni.physx.tensors.plugin] Failed to find contact report API at '/World/envs/env_115/robot_a/joints/imu'
2026-10-02T10:32:05Z [43,731ms] [Warning] [omni.physx.tensors.plugin] Failed to find contact report API at '/World/envs/env_116/robot_a/joints/imu'
2026-10-02T10:32:05Z [43,731ms] [Warning] [omni.physx.tensors.plugin] Failed to find contact report API at '/World/envs/env_117/robot_a/joints/imu'
2026-10-02T10:32:05Z [43,731ms] [Warning] [omni.physx.tensors.plugin] Failed to find contact report API at '/World/envs/env_118/robot_a/joints/imu'
2026-10-02T10:32:05Z [43,731ms] [Warning] [omni.physx.tensors.plugin] Failed to find contact report API at '/World/envs/env_119/robot_a/joints/imu'
2026-10-02T10:32:05Z [43,731ms] [Warning] [omni.physx.tensors.plugin] Failed to find contact report API at '/World/envs/env_120/robot_a/joints/imu'
2026-10-02T10:32:05Z [43,731ms] [Warning] [omni.physx.tensors.plugin] Failed to find contact report API at '/World/envs/env_121/robot_a/joints/imu'
2026-10-02T10:32:05Z [43,731ms] [Warning] [omni.physx.tensors.plugin] Failed to find contact report API at '/World/envs/env_122/robot_a/joints/imu'
2026-10-02T10:32:05Z [43,731ms] [Warning] [omni.physx.tensors.plugin] Failed to find contact report API at '/World/envs/env_123/robot_a/joints/imu'
2026-10-02T10:32:05Z [43,731ms] [Warning] [omni.physx.tensors.plugin] Failed to find contact report API at '/World/envs/env_124/robot_a/joints/imu'
2026-10-02T10:32:05Z [43,731ms] [Warning] [omni.physx.tensors.plugin] Failed to find contact report API at '/World/envs/env_125/robot_a/joints/imu'
2026-10-02T10:32:05Z [43,732ms] [Warning] [omni.physx.tensors.plugin] Failed to find contact report API at '/World/envs/env_126/robot_a/joints/imu'
2026-10-02T10:32:05Z [43,732ms] [Warning] [omni.physx.tensors.plugin] Failed to find contact report API at '/World/envs/env_127/robot_a/joints/imu'
2026-10-02T10:32:05Z [43,732ms] [Warning] [omni.physx.tensors.plugin] Failed to find contact report API at '/World/envs/env_128/robot_a/joints/imu'
2026-10-02T10:32:05Z [43,732ms] [Warning] [omni.physx.tensors.plugin] Failed to find contact report API at '/World/envs/env_129/robot_a/joints/imu'
2026-10-02T10:32:05Z [43,732ms] [Warning] [omni.physx.tensors.plugin] Failed to find contact report API at '/World/envs/env_130/robot_a/joints/imu'
2026-10-02T10:32:05Z [43,732ms] [Warning] [omni.physx.tensors.plugin] Failed to find contact report API at '/World/envs/env_131/robot_a/joints/imu'
2026-10-02T10:32:05Z [43,732ms] [Warning] [omni.physx.tensors.plugin] Failed to find contact report API at '/World/envs/env_132/robot_a/joints/imu'
2026-10-02T10:32:05Z [43,732ms] [Warning] [omni.physx.tensors.plugin] Failed to find contact report API at '/World/envs/env_133/robot_a/joints/imu'
2026-10-02T10:32:05Z [43,732ms] [Warning] [omni.physx.tensors.plugin] Failed to find contact report API at '/World/envs/env_134/robot_a/joints/imu'
2026-10-02T10:32:05Z [43,732ms] [Warning] [omni.physx.tensors.plugin] Failed to find contact report API at '/World/envs/env_135/robot_a/joints/imu'
2026-10-02T10:32:05Z [43,732ms] [Warning] [omni.physx.tensors.plugin] Failed to find contact report API at '/World/envs/env_136/robot_a/joints/imu'
2026-10-02T10:32:05Z [43,732ms] [Warning] [omni.physx.tensors.plugin] Failed to find contact report API at '/World/envs/env_137/robot_a/joints/imu'
2026-10-02T10:32:05Z [43,732ms] [Warning] [omni.physx.tensors.plugin] Failed to find contact report API at '/World/envs/env_138/robot_a/joints/imu'
2026-10-02T10:32:05Z [43,732ms] [Warning] [omni.physx.tensors.plugin] Failed to find contact report API at '/World/envs/env_139/robot_a/joints/imu'
2026-10-02T10:32:05Z [43,732ms] [Warning] [omni.physx.tensors.plugin] Failed to find contact report API at '/World/envs/env_140/robot_a/joints/imu'
2026-10-02T10:32:05Z [43,732ms] [Warning] [omni.physx.tensors.plugin] Failed to find contact report API at '/World/envs/env_141/robot_a/joints/imu'
2026-10-02T10:32:05Z [43,732ms] [Warning] [omni.physx.tensors.plugin] Failed to find contact report API at '/World/envs/env_142/robot_a/joints/imu'
2026-10-02T10:32:05Z [43,732ms] [Warning] [omni.physx.tensors.plugin] Failed to find contact report API at '/World/envs/env_143/robot_a/joints/imu'
2026-10-02T10:32:05Z [43,732ms] [Warning] [omni.physx.tensors.plugin] Failed to find contact report API at '/World/envs/env_144/robot_a/joints/imu'
2026-10-02T10:32:05Z [43,732ms] [Warning] [omni.physx.tensors.plugin] Failed to find contact report API at '/World/envs/env_145/robot_a/joints/imu'
2026-10-02T10:32:05Z [43,732ms] [Warning] [omni.physx.tensors.plugin] Failed to find contact report API at '/World/envs/env_146/robot_a/joints/imu'
2026-10-02T10:32:05Z [43,732ms] [Warning] [omni.physx.tensors.plugin] Failed to find contact report API at '/World/envs/env_147/robot_a/joints/imu'
2026-10-02T10:32:05Z [43,732ms] [Warning] [omni.physx.tensors.plugin] Failed to find contact report API at '/World/envs/env_148/robot_a/joints/imu'
2026-10-02T10:32:05Z [43,732ms] [Warning] [omni.physx.tensors.plugin] Failed to find contact report API at '/World/envs/env_149/robot_a/joints/imu'
2026-10-02T10:32:05Z [43,732ms] [Warning] [omni.physx.tensors.plugin] Failed to find contact report API at '/World/envs/env_150/robot_a/joints/imu'
2026-10-02T10:32:05Z [43,732ms] [Warning] [omni.physx.tensors.plugin] Failed to find contact report API at '/World/envs/env_151/robot_a/joints/imu'
2026-10-02T10:32:05Z [43,733ms] [Warning] [omni.physx.tensors.plugin] Failed to find contact report API at '/World/envs/env_152/robot_a/joints/imu'
2026-10-02T10:32:05Z [43,733ms] [Warning] [omni.physx.tensors.plugin] Failed to find contact report API at '/World/envs/env_153/robot_a/joints/imu'
2026-10-02T10:32:05Z [43,733ms] [Warning] [omni.physx.tensors.plugin] Failed to find contact report API at '/World/envs/env_154/robot_a/joints/imu'
2026-10-02T10:32:05Z [43,733ms] [Warning] [omni.physx.tensors.plugin] Failed to find contact report API at '/World/envs/env_155/robot_a/joints/imu'
2026-10-02T10:32:05Z [43,733ms] [Warning] [omni.physx.tensors.plugin] Failed to find contact report API at '/World/envs/env_156/robot_a/joints/imu'
2026-10-02T10:32:05Z [43,733ms] [Warning] [omni.physx.tensors.plugin] Failed to find contact report API at '/World/envs/env_157/robot_a/joints/imu'
2026-10-02T10:32:05Z [43,733ms] [Warning] [omni.physx.tensors.plugin] Failed to find contact report API at '/World/envs/env_158/robot_a/joints/imu'
2026-10-02T10:32:05Z [43,733ms] [Warning] [omni.physx.tensors.plugin] Failed to find contact report API at '/World/envs/env_159/robot_a/joints/imu'
2026-10-02T10:32:05Z [43,733ms] [Warning] [omni.physx.tensors.plugin] Failed to find contact report API at '/World/envs/env_160/robot_a/joints/imu'
2026-10-02T10:32:05Z [43,733ms] [Warning] [omni.physx.tensors.plugin] Failed to find contact report API at '/World/envs/env_161/robot_a/joints/imu'
2026-10-02T10:32:05Z [43,733ms] [Warning] [omni.physx.tensors.plugin] Failed to find contact report API at '/World/envs/env_162/robot_a/joints/imu'
2026-10-02T10:32:05Z [43,733ms] [Warning] [omni.physx.tensors.plugin] Failed to find contact report API at '/World/envs/env_163/robot_a/joints/imu'
2026-10-02T10:32:05Z [43,733ms] [Warning] [omni.physx.tensors.plugin] Failed to find contact report API at '/World/envs/env_164/robot_a/joints/imu'
2026-10-02T10:32:05Z [43,733ms] [Warning] [omni.physx.tensors.plugin] Failed to find contact report API at '/World/envs/env_165/robot_a/joints/imu'
2026-10-02T10:32:05Z [43,733ms] [Warning] [omni.physx.tensors.plugin] Failed to find contact report API at '/World/envs/env_166/robot_a/joints/imu'
2026-10-02T10:32:05Z [43,733ms] [Warning] [omni.physx.tensors.plugin] Failed to find contact report API at '/World/envs/env_167/robot_a/joints/imu'
2026-10-02T10:32:05Z [43,733ms] [Warning] [omni.physx.tensors.plugin] Failed to find contact report API at '/World/envs/env_168/robot_a/joints/imu'
2026-10-02T10:32:05Z [43,733ms] [Warning] [omni.physx.tensors.plugin] Failed to find contact report API at '/World/envs/env_169/robot_a/joints/imu'
2026-10-02T10:32:05Z [43,733ms] [Warning] [omni.physx.tensors.plugin] Failed to find contact report API at '/World/envs/env_170/robot_a/joints/imu'
2026-10-02T10:32:05Z [43,733ms] [Warning] [omni.physx.tensors.plugin] Failed to find contact report API at '/World/envs/env_171/robot_a/joints/imu'
2026-10-02T10:32:05Z [43,733ms] [Warning] [omni.physx.tensors.plugin] Failed to find contact report API at '/World/envs/env_172/robot_a/joints/imu'
2026-10-02T10:32:05Z [43,733ms] [Warning] [omni.physx.tensors.plugin] Failed to find contact report API at '/World/envs/env_173/robot_a/joints/imu'
2026-10-02T10:32:05Z [43,733ms] [Warning] [omni.physx.tensors.plugin] Failed to find contact report API at '/World/envs/env_174/robot_a/joints/imu'
2026-10-02T10:32:05Z [43,733ms] [Warning] [omni.physx.tensors.plugin] Failed to find contact report API at '/World/envs/env_175/robot_a/joints/imu'
2026-10-02T10:32:05Z [43,733ms] [Warning] [omni.physx.tensors.plugin] Failed to find contact report API at '/World/envs/env_176/robot_a/joints/imu'
2026-10-02T10:32:05Z [43,733ms] [Warning] [omni.physx.tensors.plugin] Failed to find contact report API at '/World/envs/env_177/robot_a/joints/imu'
2026-10-02T10:32:05Z [43,733ms] [Warning] [omni.physx.tensors.plugin] Failed to find contact report API at '/World/envs/env_178/robot_a/joints/imu'
2026-10-02T10:32:05Z [43,733ms] [Warning] [omni.physx.tensors.plugin] Failed to find contact report API at '/World/envs/env_179/robot_a/joints/imu'
2026-10-02T10:32:05Z [43,733ms] [Warning] [omni.physx.tensors.plugin] Failed to find contact report API at '/World/envs/env_180/robot_a/joints/imu'
2026-10-02T10:32:05Z [43,734ms] [Warning] [omni.physx.tensors.plugin] Failed to find contact report API at '/World/envs/env_181/robot_a/joints/imu'
2026-10-02T10:32:05Z [43,734ms] [Warning] [omni.physx.tensors.plugin] Failed to find contact report API at '/World/envs/env_182/robot_a/joints/imu'
2026-10-02T10:32:05Z [43,734ms] [Warning] [omni.physx.tensors.plugin] Failed to find contact report API at '/World/envs/env_183/robot_a/joints/imu'
2026-10-02T10:32:05Z [43,734ms] [Warning] [omni.physx.tensors.plugin] Failed to find contact report API at '/World/envs/env_184/robot_a/joints/imu'
2026-10-02T10:32:05Z [43,734ms] [Warning] [omni.physx.tensors.plugin] Failed to find contact report API at '/World/envs/env_185/robot_a/joints/imu'
2026-10-02T10:32:05Z [43,734ms] [Warning] [omni.physx.tensors.plugin] Failed to find contact report API at '/World/envs/env_186/robot_a/joints/imu'
2026-10-02T10:32:05Z [43,734ms] [Warning] [omni.physx.tensors.plugin] Failed to find contact report API at '/World/envs/env_187/robot_a/joints/imu'
2026-10-02T10:32:05Z [43,734ms] [Warning] [omni.physx.tensors.plugin] Failed to find contact report API at '/World/envs/env_188/robot_a/joints/imu'
2026-10-02T10:32:05Z [43,734ms] [Warning] [omni.physx.tensors.plugin] Failed to find contact report API at '/World/envs/env_189/robot_a/joints/imu'
2026-10-02T10:32:05Z [43,734ms] [Warning] [omni.physx.tensors.plugin] Failed to find contact report API at '/World/envs/env_190/robot_a/joints/imu'
2026-10-02T10:32:05Z [43,734ms] [Warning] [omni.physx.tensors.plugin] Failed to find contact report API at '/World/envs/env_191/robot_a/joints/imu'
2026-10-02T10:32:05Z [43,734ms] [Warning] [omni.physx.tensors.plugin] Failed to find contact report API at '/World/envs/env_192/robot_a/joints/imu'
2026-10-02T10:32:05Z [43,734ms] [Warning] [omni.physx.tensors.plugin] Failed to find contact report API at '/World/envs/env_193/robot_a/joints/imu'
2026-10-02T10:32:05Z [43,734ms] [Warning] [omni.physx.tensors.plugin] Failed to find contact report API at '/World/envs/env_194/robot_a/joints/imu'
2026-10-02T10:32:05Z [43,734ms] [Warning] [omni.physx.tensors.plugin] Failed to find contact report API at '/World/envs/env_195/robot_a/joints/imu'
2026-10-02T10:32:05Z [43,734ms] [Warning] [omni.physx.tensors.plugin] Failed to find contact report API at '/World/envs/env_196/robot_a/joints/imu'
2026-10-02T10:32:05Z [43,734ms] [Warning] [omni.physx.tensors.plugin] Failed to find contact report API at '/World/envs/env_197/robot_a/joints/imu'
2026-10-02T10:32:05Z [43,734ms] [Warning] [omni.physx.tensors.plugin] Failed to find contact report API at '/World/envs/env_198/robot_a/joints/imu'
2026-10-02T10:32:05Z [43,734ms] [Warning] [omni.physx.tensors.plugin] Failed to find contact report API at '/World/envs/env_199/robot_a/joints/imu'
2026-10-02T10:32:05Z [43,734ms] [Warning] [omni.physx.tensors.plugin] Failed to find contact report API at '/World/envs/env_200/robot_a/joints/imu'
2026-10-02T10:32:05Z [43,734ms] [Warning] [omni.physx.tensors.plugin] Failed to find contact report API at '/World/envs/env_201/robot_a/joints/imu'
2026-10-02T10:32:05Z [43,734ms] [Warning] [omni.physx.tensors.plugin] Failed to find contact report API at '/World/envs/env_202/robot_a/joints/imu'
2026-10-02T10:32:05Z [43,734ms] [Warning] [omni.physx.tensors.plugin] Failed to find contact report API at '/World/envs/env_203/robot_a/joints/imu'
2026-10-02T10:32:05Z [43,734ms] [Warning] [omni.physx.tensors.plugin] Failed to find contact report API at '/World/envs/env_204/robot_a/joints/imu'
2026-10-02T10:32:05Z [43,734ms] [Warning] [omni.physx.tensors.plugin] Failed to find contact report API at '/World/envs/env_205/robot_a/joints/imu'
2026-10-02T10:32:05Z [43,734ms] [Warning] [omni.physx.tensors.plugin] Failed to find contact report API at '/World/envs/env_206/robot_a/joints/imu'
2026-10-02T10:32:05Z [43,734ms] [Warning] [omni.physx.tensors.plugin] Failed to find contact report API at '/World/envs/env_207/robot_a/joints/imu'
2026-10-02T10:32:05Z [43,734ms] [Warning] [omni.physx.tensors.plugin] Failed to find contact report API at '/World/envs/env_208/robot_a/joints/imu'
2026-10-02T10:32:05Z [43,734ms] [Warning] [omni.physx.tensors.plugin] Failed to find contact report API at '/World/envs/env_209/robot_a/joints/imu'
2026-10-02T10:32:05Z [43,734ms] [Warning] [omni.physx.tensors.plugin] Failed to find contact report API at '/World/envs/env_210/robot_a/joints/imu'
2026-10-02T10:32:05Z [43,735ms] [Warning] [omni.physx.tensors.plugin] Failed to find contact report API at '/World/envs/env_211/robot_a/joints/imu'
2026-10-02T10:32:05Z [43,735ms] [Warning] [omni.physx.tensors.plugin] Failed to find contact report API at '/World/envs/env_212/robot_a/joints/imu'
2026-10-02T10:32:05Z [43,735ms] [Warning] [omni.physx.tensors.plugin] Failed to find contact report API at '/World/envs/env_213/robot_a/joints/imu'
2026-10-02T10:32:05Z [43,735ms] [Warning] [omni.physx.tensors.plugin] Failed to find contact report API at '/World/envs/env_214/robot_a/joints/imu'
2026-10-02T10:32:05Z [43,735ms] [Warning] [omni.physx.tensors.plugin] Failed to find contact report API at '/World/envs/env_215/robot_a/joints/imu'
2026-10-02T10:32:05Z [43,735ms] [Warning] [omni.physx.tensors.plugin] Failed to find contact report API at '/World/envs/env_216/robot_a/joints/imu'
2026-10-02T10:32:05Z [43,735ms] [Warning] [omni.physx.tensors.plugin] Failed to find contact report API at '/World/envs/env_217/robot_a/joints/imu'
2026-10-02T10:32:05Z [43,735ms] [Warning] [omni.physx.tensors.plugin] Failed to find contact report API at '/World/envs/env_218/robot_a/joints/imu'
2026-10-02T10:32:05Z [43,735ms] [Warning] [omni.physx.tensors.plugin] Failed to find contact report API at '/World/envs/env_219/robot_a/joints/imu'
2026-10-02T10:32:05Z [43,735ms] [Warning] [omni.physx.tensors.plugin] Failed to find contact report API at '/World/envs/env_220/robot_a/joints/imu'
2026-10-02T10:32:05Z [43,735ms] [Warning] [omni.physx.tensors.plugin] Failed to find contact report API at '/World/envs/env_221/robot_a/joints/imu'
2026-10-02T10:32:05Z [43,735ms] [Warning] [omni.physx.tensors.plugin] Failed to find contact report API at '/World/envs/env_222/robot_a/joints/imu'
2026-10-02T10:32:05Z [43,735ms] [Warning] [omni.physx.tensors.plugin] Failed to find contact report API at '/World/envs/env_223/robot_a/joints/imu'
2026-10-02T10:32:05Z [43,735ms] [Warning] [omni.physx.tensors.plugin] Failed to find contact report API at '/World/envs/env_224/robot_a/joints/imu'
2026-10-02T10:32:05Z [43,735ms] [Warning] [omni.physx.tensors.plugin] Failed to find contact report API at '/World/envs/env_225/robot_a/joints/imu'
2026-10-02T10:32:05Z [43,735ms] [Warning] [omni.physx.tensors.plugin] Failed to find contact report API at '/World/envs/env_226/robot_a/joints/imu'
2026-10-02T10:32:05Z [43,735ms] [Warning] [omni.physx.tensors.plugin] Failed to find contact report API at '/World/envs/env_227/robot_a/joints/imu'
2026-10-02T10:32:05Z [43,735ms] [Warning] [omni.physx.tensors.plugin] Failed to find contact report API at '/World/envs/env_228/robot_a/joints/imu'
2026-10-02T10:32:05Z [43,735ms] [Warning] [omni.physx.tensors.plugin] Failed to find contact report API at '/World/envs/env_229/robot_a/joints/imu'
2026-10-02T10:32:05Z [43,735ms] [Warning] [omni.physx.tensors.plugin] Failed to find contact report API at '/World/envs/env_230/robot_a/joints/imu'
2026-10-02T10:32:05Z [43,735ms] [Warning] [omni.physx.tensors.plugin] Failed to find contact report API at '/World/envs/env_231/robot_a/joints/imu'
2026-10-02T10:32:05Z [43,735ms] [Warning] [omni.physx.tensors.plugin] Failed to find contact report API at '/World/envs/env_232/robot_a/joints/imu'
2026-10-02T10:32:05Z [43,735ms] [Warning] [omni.physx.tensors.plugin] Failed to find contact report API at '/World/envs/env_233/robot_a/joints/imu'
2026-10-02T10:32:05Z [43,735ms] [Warning] [omni.physx.tensors.plugin] Failed to find contact report API at '/World/envs/env_234/robot_a/joints/imu'
2026-10-02T10:32:05Z [43,735ms] [Warning] [omni.physx.tensors.plugin] Failed to find contact report API at '/World/envs/env_235/robot_a/joints/imu'
2026-10-02T10:32:05Z [43,735ms] [Warning] [omni.physx.tensors.plugin] Failed to find contact report API at '/World/envs/env_236/robot_a/joints/imu'
2026-10-02T10:32:05Z [43,735ms] [Warning] [omni.physx.tensors.plugin] Failed to find contact report API at '/World/envs/env_237/robot_a/joints/imu'
2026-10-02T10:32:05Z [43,735ms] [Warning] [omni.physx.tensors.plugin] Failed to find contact report API at '/World/envs/env_238/robot_a/joints/imu'
2026-10-02T10:32:05Z [43,735ms] [Warning] [omni.physx.tensors.plugin] Failed to find contact report API at '/World/envs/env_239/robot_a/joints/imu'
2026-10-02T10:32:05Z [43,736ms] [Warning] [omni.physx.tensors.plugin] Failed to find contact report API at '/World/envs/env_240/robot_a/joints/imu'
2026-10-02T10:32:05Z [43,736ms] [Warning] [omni.physx.tensors.plugin] Failed to find contact report API at '/World/envs/env_241/robot_a/joints/imu'
2026-10-02T10:32:05Z [43,736ms] [Warning] [omni.physx.tensors.plugin] Failed to find contact report API at '/World/envs/env_242/robot_a/joints/imu'
2026-10-02T10:32:05Z [43,736ms] [Warning] [omni.physx.tensors.plugin] Failed to find contact report API at '/World/envs/env_243/robot_a/joints/imu'
2026-10-02T10:32:05Z [43,736ms] [Warning] [omni.physx.tensors.plugin] Failed to find contact report API at '/World/envs/env_244/robot_a/joints/imu'
2026-10-02T10:32:05Z [43,736ms] [Warning] [omni.physx.tensors.plugin] Failed to find contact report API at '/World/envs/env_245/robot_a/joints/imu'
2026-10-02T10:32:05Z [43,736ms] [Warning] [omni.physx.tensors.plugin] Failed to find contact report API at '/World/envs/env_246/robot_a/joints/imu'
2026-10-02T10:32:05Z [43,736ms] [Warning] [omni.physx.tensors.plugin] Failed to find contact report API at '/World/envs/env_247/robot_a/joints/imu'
2026-10-02T10:32:05Z [43,736ms] [Warning] [omni.physx.tensors.plugin] Failed to find contact report API at '/World/envs/env_248/robot_a/joints/imu'
2026-10-02T10:32:05Z [43,736ms] [Warning] [omni.physx.tensors.plugin] Failed to find contact report API at '/World/envs/env_249/robot_a/joints/imu'
2026-10-02T10:32:05Z [43,736ms] [Warning] [omni.physx.tensors.plugin] Failed to find contact report API at '/World/envs/env_250/robot_a/joints/imu'
2026-10-02T10:32:05Z [43,736ms] [Warning] [omni.physx.tensors.plugin] Failed to find contact report API at '/World/envs/env_251/robot_a/joints/imu'
2026-10-02T10:32:05Z [43,736ms] [Warning] [omni.physx.tensors.plugin] Failed to find contact report API at '/World/envs/env_252/robot_a/joints/imu'
2026-10-02T10:32:05Z [43,736ms] [Warning] [omni.physx.tensors.plugin] Failed to find contact report API at '/World/envs/env_253/robot_a/joints/imu'
2026-10-02T10:32:05Z [43,736ms] [Warning] [omni.physx.tensors.plugin] Failed to find contact report API at '/World/envs/env_254/robot_a/joints/imu'
2026-10-02T10:32:05Z [43,736ms] [Warning] [omni.physx.tensors.plugin] Failed to find contact report API at '/World/envs/env_255/robot_a/joints/imu'
2026-10-02T10:32:05Z [43,736ms] [Warning] [omni.physx.tensors.plugin] Failed to find contact report API at '/World/envs/env_256/robot_a/joints/imu'
2026-10-02T10:32:05Z [43,736ms] [Warning] [omni.physx.tensors.plugin] Failed to find contact report API at '/World/envs/env_257/robot_a/joints/imu'
2026-10-02T10:32:05Z [43,736ms] [Warning] [omni.physx.tensors.plugin] Failed to find contact report API at '/World/envs/env_258/robot_a/joints/imu'
2026-10-02T10:32:05Z [43,736ms] [Warning] [omni.physx.tensors.plugin] Failed to find contact report API at '/World/envs/env_259/robot_a/joints/imu'
2026-10-02T10:32:05Z [43,736ms] [Warning] [omni.physx.tensors.plugin] Failed to find contact report API at '/World/envs/env_260/robot_a/joints/imu'
2026-10-02T10:32:05Z [43,736ms] [Warning] [omni.physx.tensors.plugin] Failed to find contact report API at '/World/envs/env_261/robot_a/joints/imu'
2026-10-02T10:32:05Z [43,736ms] [Warning] [omni.physx.tensors.plugin] Failed to find contact report API at '/World/envs/env_262/robot_a/joints/imu'
2026-10-02T10:32:05Z [43,736ms] [Warning] [omni.physx.tensors.plugin] Failed to find contact report API at '/World/envs/env_263/robot_a/joints/imu'
2026-10-02T10:32:05Z [43,736ms] [Warning] [omni.physx.tensors.plugin] Failed to find contact report API at '/World/envs/env_264/robot_a/joints/imu'
2026-10-02T10:32:05Z [43,736ms] [Warning] [omni.physx.tensors.plugin] Failed to find contact report API at '/World/envs/env_265/robot_a/joints/imu'
2026-10-02T10:32:05Z [43,736ms] [Warning] [omni.physx.tensors.plugin] Failed to find contact report API at '/World/envs/env_266/robot_a/joints/imu'
2026-10-02T10:32:05Z [43,736ms] [Warning] [omni.physx.tensors.plugin] Failed to find contact report API at '/World/envs/env_267/robot_a/joints/imu'
2026-10-02T10:32:05Z [43,736ms] [Warning] [omni.physx.tensors.plugin] Failed to find contact report API at '/World/envs/env_268/robot_a/joints/imu'
2026-10-02T10:32:05Z [43,736ms] [Warning] [omni.physx.tensors.plugin] Failed to find contact report API at '/World/envs/env_269/robot_a/joints/imu'
2026-10-02T10:32:05Z [43,736ms] [Warning] [omni.physx.tensors.plugin] Failed to find contact report API at '/World/envs/env_270/robot_a/joints/imu'
2026-10-02T10:32:05Z [43,737ms] [Warning] [omni.physx.tensors.plugin] Failed to find contact report API at '/World/envs/env_271/robot_a/joints/imu'
2026-10-02T10:32:05Z [43,737ms] [Warning] [omni.physx.tensors.plugin] Failed to find contact report API at '/World/envs/env_272/robot_a/joints/imu'
2026-10-02T10:32:05Z [43,737ms] [Warning] [omni.physx.tensors.plugin] Failed to find contact report API at '/World/envs/env_273/robot_a/joints/imu'
2026-10-02T10:32:05Z [43,737ms] [Warning] [omni.physx.tensors.plugin] Failed to find contact report API at '/World/envs/env_274/robot_a/joints/imu'
2026-10-02T10:32:05Z [43,737ms] [Warning] [omni.physx.tensors.plugin] Failed to find contact report API at '/World/envs/env_275/robot_a/joints/imu'
2026-10-02T10:32:05Z [43,737ms] [Warning] [omni.physx.tensors.plugin] Failed to find contact report API at '/World/envs/env_276/robot_a/joints/imu'
2026-10-02T10:32:05Z [43,737ms] [Warning] [omni.physx.tensors.plugin] Failed to find contact report API at '/World/envs/env_277/robot_a/joints/imu'
2026-10-02T10:32:05Z [43,737ms] [Warning] [omni.physx.tensors.plugin] Failed to find contact report API at '/World/envs/env_278/robot_a/joints/imu'
2026-10-02T10:32:05Z [43,737ms] [Warning] [omni.physx.tensors.plugin] Failed to find contact report API at '/World/envs/env_279/robot_a/joints/imu'
2026-10-02T10:32:05Z [43,737ms] [Warning] [omni.physx.tensors.plugin] Failed to find contact report API at '/World/envs/env_280/robot_a/joints/imu'
2026-10-02T10:32:05Z [43,737ms] [Warning] [omni.physx.tensors.plugin] Failed to find contact report API at '/World/envs/env_281/robot_a/joints/imu'
2026-10-02T10:32:05Z [43,737ms] [Warning] [omni.physx.tensors.plugin] Failed to find contact report API at '/World/envs/env_282/robot_a/joints/imu'
2026-10-02T10:32:05Z [43,737ms] [Warning] [omni.physx.tensors.plugin] Failed to find contact report API at '/World/envs/env_283/robot_a/joints/imu'
2026-10-02T10:32:05Z [43,737ms] [Warning] [omni.physx.tensors.plugin] Failed to find contact report API at '/World/envs/env_284/robot_a/joints/imu'
2026-10-02T10:32:05Z [43,737ms] [Warning] [omni.physx.tensors.plugin] Failed to find contact report API at '/World/envs/env_285/robot_a/joints/imu'
2026-10-02T10:32:05Z [43,737ms] [Warning] [omni.physx.tensors.plugin] Failed to find contact report API at '/World/envs/env_286/robot_a/joints/imu'
2026-10-02T10:32:05Z [43,737ms] [Warning] [omni.physx.tensors.plugin] Failed to find contact report API at '/World/envs/env_287/robot_a/joints/imu'
2026-10-02T10:32:05Z [43,737ms] [Warning] [omni.physx.tensors.plugin] Failed to find contact report API at '/World/envs/env_288/robot_a/joints/imu'
2026-10-02T10:32:05Z [43,737ms] [Warning] [omni.physx.tensors.plugin] Failed to find contact report API at '/World/envs/env_289/robot_a/joints/imu'
2026-10-02T10:32:05Z [43,737ms] [Warning] [omni.physx.tensors.plugin] Failed to find contact report API at '/World/envs/env_290/robot_a/joints/imu'
2026-10-02T10:32:05Z [43,737ms] [Warning] [omni.physx.tensors.plugin] Failed to find contact report API at '/World/envs/env_291/robot_a/joints/imu'
2026-10-02T10:32:05Z [43,737ms] [Warning] [omni.physx.tensors.plugin] Failed to find contact report API at '/World/envs/env_292/robot_a/joints/imu'
2026-10-02T10:32:05Z [43,737ms] [Warning] [omni.physx.tensors.plugin] Failed to find contact report API at '/World/envs/env_293/robot_a/joints/imu'
2026-10-02T10:32:05Z [43,737ms] [Warning] [omni.physx.tensors.plugin] Failed to find contact report API at '/World/envs/env_294/robot_a/joints/imu'
2026-10-02T10:32:05Z [43,737ms] [Warning] [omni.physx.tensors.plugin] Failed to find contact report API at '/World/envs/env_295/robot_a/joints/imu'
2026-10-02T10:32:05Z [43,737ms] [Warning] [omni.physx.tensors.plugin] Failed to find contact report API at '/World/envs/env_296/robot_a/joints/imu'
2026-10-02T10:32:05Z [43,737ms] [Warning] [omni.physx.tensors.plugin] Failed to find contact report API at '/World/envs/env_297/robot_a/joints/imu'
2026-10-02T10:32:05Z [43,737ms] [Warning] [omni.physx.tensors.plugin] Failed to find contact report API at '/World/envs/env_298/robot_a/joints/imu'
2026-10-02T10:32:05Z [43,737ms] [Warning] [omni.physx.tensors.plugin] Failed to find contact report API at '/World/envs/env_299/robot_a/joints/imu'
2026-10-02T10:32:05Z [43,737ms] [Warning] [omni.physx.tensors.plugin] Failed to find contact report API at '/World/envs/env_300/robot_a/joints/imu'
2026-10-02T10:32:05Z [43,738ms] [Warning] [omni.physx.tensors.plugin] Failed to find contact report API at '/World/envs/env_301/robot_a/joints/imu'
2026-10-02T10:32:05Z [43,738ms] [Warning] [omni.physx.tensors.plugin] Failed to find contact report API at '/World/envs/env_302/robot_a/joints/imu'
2026-10-02T10:32:05Z [43,738ms] [Warning] [omni.physx.tensors.plugin] Failed to find contact report API at '/World/envs/env_303/robot_a/joints/imu'
2026-10-02T10:32:05Z [43,738ms] [Warning] [omni.physx.tensors.plugin] Failed to find contact report API at '/World/envs/env_304/robot_a/joints/imu'
2026-10-02T10:32:05Z [43,738ms] [Warning] [omni.physx.tensors.plugin] Failed to find contact report API at '/World/envs/env_305/robot_a/joints/imu'
2026-10-02T10:32:05Z [43,738ms] [Warning] [omni.physx.tensors.plugin] Failed to find contact report API at '/World/envs/env_306/robot_a/joints/imu'
2026-10-02T10:32:05Z [43,738ms] [Warning] [omni.physx.tensors.plugin] Failed to find contact report API at '/World/envs/env_307/robot_a/joints/imu'
2026-10-02T10:32:05Z [43,738ms] [Warning] [omni.physx.tensors.plugin] Failed to find contact report API at '/World/envs/env_308/robot_a/joints/imu'
2026-10-02T10:32:05Z [43,738ms] [Warning] [omni.physx.tensors.plugin] Failed to find contact report API at '/World/envs/env_309/robot_a/joints/imu'
2026-10-02T10:32:05Z [43,738ms] [Warning] [omni.physx.tensors.plugin] Failed to find contact report API at '/World/envs/env_310/robot_a/joints/imu'
2026-10-02T10:32:05Z [43,738ms] [Warning] [omni.physx.tensors.plugin] Failed to find contact report API at '/World/envs/env_311/robot_a/joints/imu'
2026-10-02T10:32:05Z [43,738ms] [Warning] [omni.physx.tensors.plugin] Failed to find contact report API at '/World/envs/env_312/robot_a/joints/imu'
2026-10-02T10:32:05Z [43,738ms] [Warning] [omni.physx.tensors.plugin] Failed to find contact report API at '/World/envs/env_313/robot_a/joints/imu'
2026-10-02T10:32:05Z [43,738ms] [Warning] [omni.physx.tensors.plugin] Failed to find contact report API at '/World/envs/env_314/robot_a/joints/imu'
2026-10-02T10:32:05Z [43,738ms] [Warning] [omni.physx.tensors.plugin] Failed to find contact report API at '/World/envs/env_315/robot_a/joints/imu'
2026-10-02T10:32:05Z [43,739ms] [Warning] [omni.physx.tensors.plugin] Failed to find contact report API at '/World/envs/env_316/robot_a/joints/imu'
2026-10-02T10:32:05Z [43,739ms] [Warning] [omni.physx.tensors.plugin] Failed to find contact report API at '/World/envs/env_317/robot_a/joints/imu'
2026-10-02T10:32:05Z [43,739ms] [Warning] [omni.physx.tensors.plugin] Failed to find contact report API at '/World/envs/env_318/robot_a/joints/imu'
2026-10-02T10:32:05Z [43,739ms] [Warning] [omni.physx.tensors.plugin] Failed to find contact report API at '/World/envs/env_319/robot_a/joints/imu'
2026-10-02T10:32:05Z [43,739ms] [Warning] [omni.physx.tensors.plugin] Failed to find contact report API at '/World/envs/env_320/robot_a/joints/imu'
2026-10-02T10:32:05Z [43,739ms] [Warning] [omni.physx.tensors.plugin] Failed to find contact report API at '/World/envs/env_321/robot_a/joints/imu'
2026-10-02T10:32:05Z [43,739ms] [Warning] [omni.physx.tensors.plugin] Failed to find contact report API at '/World/envs/env_322/robot_a/joints/imu'
2026-10-02T10:32:05Z [43,739ms] [Warning] [omni.physx.tensors.plugin] Failed to find contact report API at '/World/envs/env_323/robot_a/joints/imu'
2026-10-02T10:32:05Z [43,739ms] [Warning] [omni.physx.tensors.plugin] Failed to find contact report API at '/World/envs/env_324/robot_a/joints/imu'
2026-10-02T10:32:05Z [43,739ms] [Warning] [omni.physx.tensors.plugin] Failed to find contact report API at '/World/envs/env_325/robot_a/joints/imu'
2026-10-02T10:32:05Z [43,739ms] [Warning] [omni.physx.tensors.plugin] Failed to find contact report API at '/World/envs/env_326/robot_a/joints/imu'
2026-10-02T10:32:05Z [43,739ms] [Warning] [omni.physx.tensors.plugin] Failed to find contact report API at '/World/envs/env_327/robot_a/joints/imu'
2026-10-02T10:32:05Z [43,739ms] [Warning] [omni.physx.tensors.plugin] Failed to find contact report API at '/World/envs/env_328/robot_a/joints/imu'
2026-10-02T10:32:05Z [43,739ms] [Warning] [omni.physx.tensors.plugin] Failed to find contact report API at '/World/envs/env_329/robot_a/joints/imu'
2026-10-02T10:32:05Z [43,739ms] [Warning] [omni.physx.tensors.plugin] Failed to find contact report API at '/World/envs/env_330/robot_a/joints/imu'
2026-10-02T10:32:05Z [43,739ms] [Warning] [omni.physx.tensors.plugin] Failed to find contact report API at '/World/envs/env_331/robot_a/joints/imu'
2026-10-02T10:32:05Z [43,739ms] [Warning] [omni.physx.tensors.plugin] Failed to find contact report API at '/World/envs/env_332/robot_a/joints/imu'
2026-10-02T10:32:05Z [43,739ms] [Warning] [omni.physx.tensors.plugin] Failed to find contact report API at '/World/envs/env_333/robot_a/joints/imu'
2026-10-02T10:32:05Z [43,739ms] [Warning] [omni.physx.tensors.plugin] Failed to find contact report API at '/World/envs/env_334/robot_a/joints/imu'
2026-10-02T10:32:05Z [43,739ms] [Warning] [omni.physx.tensors.plugin] Failed to find contact report API at '/World/envs/env_335/robot_a/joints/imu'
2026-10-02T10:32:05Z [43,739ms] [Warning] [omni.physx.tensors.plugin] Failed to find contact report API at '/World/envs/env_336/robot_a/joints/imu'
2026-10-02T10:32:05Z [43,739ms] [Warning] [omni.physx.tensors.plugin] Failed to find contact report API at '/World/envs/env_337/robot_a/joints/imu'
2026-10-02T10:32:05Z [43,739ms] [Warning] [omni.physx.tensors.plugin] Failed to find contact report API at '/World/envs/env_338/robot_a/joints/imu'
2026-10-02T10:32:05Z [43,739ms] [Warning] [omni.physx.tensors.plugin] Failed to find contact report API at '/World/envs/env_339/robot_a/joints/imu'
2026-10-02T10:32:05Z [43,739ms] [Warning] [omni.physx.tensors.plugin] Failed to find contact report API at '/World/envs/env_340/robot_a/joints/imu'
2026-10-02T10:32:05Z [43,739ms] [Warning] [omni.physx.tensors.plugin] Failed to find contact report API at '/World/envs/env_341/robot_a/joints/imu'
2026-10-02T10:32:05Z [43,739ms] [Warning] [omni.physx.tensors.plugin] Failed to find contact report API at '/World/envs/env_342/robot_a/joints/imu'
2026-10-02T10:32:05Z [43,739ms] [Warning] [omni.physx.tensors.plugin] Failed to find contact report API at '/World/envs/env_343/robot_a/joints/imu'
2026-10-02T10:32:05Z [43,739ms] [Warning] [omni.physx.tensors.plugin] Failed to find contact report API at '/World/envs/env_344/robot_a/joints/imu'
2026-10-02T10:32:05Z [43,739ms] [Warning] [omni.physx.tensors.plugin] Failed to find contact report API at '/World/envs/env_345/robot_a/joints/imu'
2026-10-02T10:32:05Z [43,740ms] [Warning] [omni.physx.tensors.plugin] Failed to find contact report API at '/World/envs/env_346/robot_a/joints/imu'
2026-10-02T10:32:05Z [43,740ms] [Warning] [omni.physx.tensors.plugin] Failed to find contact report API at '/World/envs/env_347/robot_a/joints/imu'
2026-10-02T10:32:05Z [43,740ms] [Warning] [omni.physx.tensors.plugin] Failed to find contact report API at '/World/envs/env_348/robot_a/joints/imu'
2026-10-02T10:32:05Z [43,740ms] [Warning] [omni.physx.tensors.plugin] Failed to find contact report API at '/World/envs/env_349/robot_a/joints/imu'
2026-10-02T10:32:05Z [43,740ms] [Warning] [omni.physx.tensors.plugin] Failed to find contact report API at '/World/envs/env_350/robot_a/joints/imu'
2026-10-02T10:32:05Z [43,740ms] [Warning] [omni.physx.tensors.plugin] Failed to find contact report API at '/World/envs/env_351/robot_a/joints/imu'
2026-10-02T10:32:05Z [43,740ms] [Warning] [omni.physx.tensors.plugin] Failed to find contact report API at '/World/envs/env_352/robot_a/joints/imu'
2026-10-02T10:32:05Z [43,740ms] [Warning] [omni.physx.tensors.plugin] Failed to find contact report API at '/World/envs/env_353/robot_a/joints/imu'
2026-10-02T10:32:05Z [43,740ms] [Warning] [omni.physx.tensors.plugin] Failed to find contact report API at '/World/envs/env_354/robot_a/joints/imu'
2026-10-02T10:32:05Z [43,740ms] [Warning] [omni.physx.tensors.plugin] Failed to find contact report API at '/World/envs/env_355/robot_a/joints/imu'
2026-10-02T10:32:05Z [43,740ms] [Warning] [omni.physx.tensors.plugin] Failed to find contact report API at '/World/envs/env_356/robot_a/joints/imu'
2026-10-02T10:32:05Z [43,740ms] [Warning] [omni.physx.tensors.plugin] Failed to find contact report API at '/World/envs/env_357/robot_a/joints/imu'
2026-10-02T10:32:05Z [43,740ms] [Warning] [omni.physx.tensors.plugin] Failed to find contact report API at '/World/envs/env_358/robot_a/joints/imu'
2026-10-02T10:32:05Z [43,740ms] [Warning] [omni.physx.tensors.plugin] Failed to find contact report API at '/World/envs/env_359/robot_a/joints/imu'
2026-10-02T10:32:05Z [43,740ms] [Warning] [omni.physx.tensors.plugin] Failed to find contact report API at '/World/envs/env_360/robot_a/joints/imu'
2026-10-02T10:32:05Z [43,740ms] [Warning] [omni.physx.tensors.plugin] Failed to find contact report API at '/World/envs/env_361/robot_a/joints/imu'
2026-10-02T10:32:05Z [43,740ms] [Warning] [omni.physx.tensors.plugin] Failed to find contact report API at '/World/envs/env_362/robot_a/joints/imu'
2026-10-02T10:32:05Z [43,740ms] [Warning] [omni.physx.tensors.plugin] Failed to find contact report API at '/World/envs/env_363/robot_a/joints/imu'
2026-10-02T10:32:05Z [43,740ms] [Warning] [omni.physx.tensors.plugin] Failed to find contact report API at '/World/envs/env_364/robot_a/joints/imu'
2026-10-02T10:32:05Z [43,740ms] [Warning] [omni.physx.tensors.plugin] Failed to find contact report API at '/World/envs/env_365/robot_a/joints/imu'
2026-10-02T10:32:05Z [43,740ms] [Warning] [omni.physx.tensors.plugin] Failed to find contact report API at '/World/envs/env_366/robot_a/joints/imu'
2026-10-02T10:32:05Z [43,740ms] [Warning] [omni.physx.tensors.plugin] Failed to find contact report API at '/World/envs/env_367/robot_a/joints/imu'
2026-10-02T10:32:05Z [43,740ms] [Warning] [omni.physx.tensors.plugin] Failed to find contact report API at '/World/envs/env_368/robot_a/joints/imu'
2026-10-02T10:32:05Z [43,740ms] [Warning] [omni.physx.tensors.plugin] Failed to find contact report API at '/World/envs/env_369/robot_a/joints/imu'
2026-10-02T10:32:05Z [43,740ms] [Warning] [omni.physx.tensors.plugin] Failed to find contact report API at '/World/envs/env_370/robot_a/joints/imu'
2026-10-02T10:32:05Z [43,740ms] [Warning] [omni.physx.tensors.plugin] Failed to find contact report API at '/World/envs/env_371/robot_a/joints/imu'
2026-10-02T10:32:05Z [43,740ms] [Warning] [omni.physx.tensors.plugin] Failed to find contact report API at '/World/envs/env_372/robot_a/joints/imu'
2026-10-02T10:32:05Z [43,740ms] [Warning] [omni.physx.tensors.plugin] Failed to find contact report API at '/World/envs/env_373/robot_a/joints/imu'
2026-10-02T10:32:05Z [43,740ms] [Warning] [omni.physx.tensors.plugin] Failed to find contact report API at '/World/envs/env_374/robot_a/joints/imu'
2026-10-02T10:32:05Z [43,741ms] [Warning] [omni.physx.tensors.plugin] Failed to find contact report API at '/World/envs/env_375/robot_a/joints/imu'
2026-10-02T10:32:05Z [43,741ms] [Warning] [omni.physx.tensors.plugin] Failed to find contact report API at '/World/envs/env_376/robot_a/joints/imu'
2026-10-02T10:32:05Z [43,741ms] [Warning] [omni.physx.tensors.plugin] Failed to find contact report API at '/World/envs/env_377/robot_a/joints/imu'
2026-10-02T10:32:05Z [43,741ms] [Warning] [omni.physx.tensors.plugin] Failed to find contact report API at '/World/envs/env_378/robot_a/joints/imu'
2026-10-02T10:32:05Z [43,741ms] [Warning] [omni.physx.tensors.plugin] Failed to find contact report API at '/World/envs/env_379/robot_a/joints/imu'
2026-10-02T10:32:05Z [43,741ms] [Warning] [omni.physx.tensors.plugin] Failed to find contact report API at '/World/envs/env_380/robot_a/joints/imu'
2026-10-02T10:32:05Z [43,741ms] [Warning] [omni.physx.tensors.plugin] Failed to find contact report API at '/World/envs/env_381/robot_a/joints/imu'
2026-10-02T10:32:05Z [43,741ms] [Warning] [omni.physx.tensors.plugin] Failed to find contact report API at '/World/envs/env_382/robot_a/joints/imu'
2026-10-02T10:32:05Z [43,741ms] [Warning] [omni.physx.tensors.plugin] Failed to find contact report API at '/World/envs/env_383/robot_a/joints/imu'
2026-10-02T10:32:05Z [43,741ms] [Warning] [omni.physx.tensors.plugin] Failed to find contact report API at '/World/envs/env_384/robot_a/joints/imu'
2026-10-02T10:32:05Z [43,741ms] [Warning] [omni.physx.tensors.plugin] Failed to find contact report API at '/World/envs/env_385/robot_a/joints/imu'
2026-10-02T10:32:05Z [43,741ms] [Warning] [omni.physx.tensors.plugin] Failed to find contact report API at '/World/envs/env_386/robot_a/joints/imu'
2026-10-02T10:32:05Z [43,741ms] [Warning] [omni.physx.tensors.plugin] Failed to find contact report API at '/World/envs/env_387/robot_a/joints/imu'
2026-10-02T10:32:05Z [43,741ms] [Warning] [omni.physx.tensors.plugin] Failed to find contact report API at '/World/envs/env_388/robot_a/joints/imu'
2026-10-02T10:32:05Z [43,741ms] [Warning] [omni.physx.tensors.plugin] Failed to find contact report API at '/World/envs/env_389/robot_a/joints/imu'
2026-10-02T10:32:05Z [43,741ms] [Warning] [omni.physx.tensors.plugin] Failed to find contact report API at '/World/envs/env_390/robot_a/joints/imu'
2026-10-02T10:32:05Z [43,741ms] [Warning] [omni.physx.tensors.plugin] Failed to find contact report API at '/World/envs/env_391/robot_a/joints/imu'
2026-10-02T10:32:05Z [43,741ms] [Warning] [omni.physx.tensors.plugin] Failed to find contact report API at '/World/envs/env_392/robot_a/joints/imu'
2026-10-02T10:32:05Z [43,741ms] [Warning] [omni.physx.tensors.plugin] Failed to find contact report API at '/World/envs/env_393/robot_a/joints/imu'
2026-10-02T10:32:05Z [43,741ms] [Warning] [omni.physx.tensors.plugin] Failed to find contact report API at '/World/envs/env_394/robot_a/joints/imu'
2026-10-02T10:32:05Z [43,741ms] [Warning] [omni.physx.tensors.plugin] Failed to find contact report API at '/World/envs/env_395/robot_a/joints/imu'
2026-10-02T10:32:05Z [43,741ms] [Warning] [omni.physx.tensors.plugin] Failed to find contact report API at '/World/envs/env_396/robot_a/joints/imu'
2026-10-02T10:32:05Z [43,741ms] [Warning] [omni.physx.tensors.plugin] Failed to find contact report API at '/World/envs/env_397/robot_a/joints/imu'
2026-10-02T10:32:05Z [43,741ms] [Warning] [omni.physx.tensors.plugin] Failed to find contact report API at '/World/envs/env_398/robot_a/joints/imu'
2026-10-02T10:32:05Z [43,741ms] [Warning] [omni.physx.tensors.plugin] Failed to find contact report API at '/World/envs/env_399/robot_a/joints/imu'
2026-10-02T10:32:05Z [43,741ms] [Warning] [omni.physx.tensors.plugin] Failed to find contact report API at '/World/envs/env_400/robot_a/joints/imu'
2026-10-02T10:32:05Z [43,741ms] [Warning] [omni.physx.tensors.plugin] Failed to find contact report API at '/World/envs/env_401/robot_a/joints/imu'
2026-10-02T10:32:05Z [43,741ms] [Warning] [omni.physx.tensors.plugin] Failed to find contact report API at '/World/envs/env_402/robot_a/joints/imu'
2026-10-02T10:32:05Z [43,741ms] [Warning] [omni.physx.tensors.plugin] Failed to find contact report API at '/World/envs/env_403/robot_a/joints/imu'
2026-10-02T10:32:05Z [43,742ms] [Warning] [omni.physx.tensors.plugin] Failed to find contact report API at '/World/envs/env_404/robot_a/joints/imu'
2026-10-02T10:32:05Z [43,742ms] [Warning] [omni.physx.tensors.plugin] Failed to find contact report API at '/World/envs/env_405/robot_a/joints/imu'
2026-10-02T10:32:05Z [43,742ms] [Warning] [omni.physx.tensors.plugin] Failed to find contact report API at '/World/envs/env_406/robot_a/joints/imu'
2026-10-02T10:32:05Z [43,742ms] [Warning] [omni.physx.tensors.plugin] Failed to find contact report API at '/World/envs/env_407/robot_a/joints/imu'
2026-10-02T10:32:05Z [43,742ms] [Warning] [omni.physx.tensors.plugin] Failed to find contact report API at '/World/envs/env_408/robot_a/joints/imu'
2026-10-02T10:32:05Z [43,742ms] [Warning] [omni.physx.tensors.plugin] Failed to find contact report API at '/World/envs/env_409/robot_a/joints/imu'
2026-10-02T10:32:05Z [43,742ms] [Warning] [omni.physx.tensors.plugin] Failed to find contact report API at '/World/envs/env_410/robot_a/joints/imu'
2026-10-02T10:32:05Z [43,742ms] [Warning] [omni.physx.tensors.plugin] Failed to find contact report API at '/World/envs/env_411/robot_a/joints/imu'
2026-10-02T10:32:05Z [43,742ms] [Warning] [omni.physx.tensors.plugin] Failed to find contact report API at '/World/envs/env_412/robot_a/joints/imu'
2026-10-02T10:32:05Z [43,742ms] [Warning] [omni.physx.tensors.plugin] Failed to find contact report API at '/World/envs/env_413/robot_a/joints/imu'
2026-10-02T10:32:05Z [43,742ms] [Warning] [omni.physx.tensors.plugin] Failed to find contact report API at '/World/envs/env_414/robot_a/joints/imu'
2026-10-02T10:32:05Z [43,742ms] [Warning] [omni.physx.tensors.plugin] Failed to find contact report API at '/World/envs/env_415/robot_a/joints/imu'
2026-10-02T10:32:05Z [43,742ms] [Warning] [omni.physx.tensors.plugin] Failed to find contact report API at '/World/envs/env_416/robot_a/joints/imu'
2026-10-02T10:32:05Z [43,742ms] [Warning] [omni.physx.tensors.plugin] Failed to find contact report API at '/World/envs/env_417/robot_a/joints/imu'
2026-10-02T10:32:05Z [43,742ms] [Warning] [omni.physx.tensors.plugin] Failed to find contact report API at '/World/envs/env_418/robot_a/joints/imu'
2026-10-02T10:32:05Z [43,742ms] [Warning] [omni.physx.tensors.plugin] Failed to find contact report API at '/World/envs/env_419/robot_a/joints/imu'
2026-10-02T10:32:05Z [43,742ms] [Warning] [omni.physx.tensors.plugin] Failed to find contact report API at '/World/envs/env_420/robot_a/joints/imu'
2026-10-02T10:32:05Z [43,742ms] [Warning] [omni.physx.tensors.plugin] Failed to find contact report API at '/World/envs/env_421/robot_a/joints/imu'
2026-10-02T10:32:05Z [43,742ms] [Warning] [omni.physx.tensors.plugin] Failed to find contact report API at '/World/envs/env_422/robot_a/joints/imu'
2026-10-02T10:32:05Z [43,742ms] [Warning] [omni.physx.tensors.plugin] Failed to find contact report API at '/World/envs/env_423/robot_a/joints/imu'
2026-10-02T10:32:05Z [43,742ms] [Warning] [omni.physx.tensors.plugin] Failed to find contact report API at '/World/envs/env_424/robot_a/joints/imu'
2026-10-02T10:32:05Z [43,742ms] [Warning] [omni.physx.tensors.plugin] Failed to find contact report API at '/World/envs/env_425/robot_a/joints/imu'
2026-10-02T10:32:05Z [43,742ms] [Warning] [omni.physx.tensors.plugin] Failed to find contact report API at '/World/envs/env_426/robot_a/joints/imu'
2026-10-02T10:32:05Z [43,742ms] [Warning] [omni.physx.tensors.plugin] Failed to find contact report API at '/World/envs/env_427/robot_a/joints/imu'
2026-10-02T10:32:05Z [43,742ms] [Warning] [omni.physx.tensors.plugin] Failed to find contact report API at '/World/envs/env_428/robot_a/joints/imu'
2026-10-02T10:32:05Z [43,742ms] [Warning] [omni.physx.tensors.plugin] Failed to find contact report API at '/World/envs/env_429/robot_a/joints/imu'
2026-10-02T10:32:05Z [43,742ms] [Warning] [omni.physx.tensors.plugin] Failed to find contact report API at '/World/envs/env_430/robot_a/joints/imu'
2026-10-02T10:32:05Z [43,742ms] [Warning] [omni.physx.tensors.plugin] Failed to find contact report API at '/World/envs/env_431/robot_a/joints/imu'
2026-10-02T10:32:05Z [43,742ms] [Warning] [omni.physx.tensors.plugin] Failed to find contact report API at '/World/envs/env_432/robot_a/joints/imu'
2026-10-02T10:32:05Z [43,742ms] [Warning] [omni.physx.tensors.plugin] Failed to find contact report API at '/World/envs/env_433/robot_a/joints/imu'
2026-10-02T10:32:05Z [43,743ms] [Warning] [omni.physx.tensors.plugin] Failed to find contact report API at '/World/envs/env_434/robot_a/joints/imu'
2026-10-02T10:32:05Z [43,743ms] [Warning] [omni.physx.tensors.plugin] Failed to find contact report API at '/World/envs/env_435/robot_a/joints/imu'
2026-10-02T10:32:05Z [43,743ms] [Warning] [omni.physx.tensors.plugin] Failed to find contact report API at '/World/envs/env_436/robot_a/joints/imu'
2026-10-02T10:32:05Z [43,743ms] [Warning] [omni.physx.tensors.plugin] Failed to find contact report API at '/World/envs/env_437/robot_a/joints/imu'
2026-10-02T10:32:05Z [43,743ms] [Warning] [omni.physx.tensors.plugin] Failed to find contact report API at '/World/envs/env_438/robot_a/joints/imu'
2026-10-02T10:32:05Z [43,743ms] [Warning] [omni.physx.tensors.plugin] Failed to find contact report API at '/World/envs/env_439/robot_a/joints/imu'
2026-10-02T10:32:05Z [43,743ms] [Warning] [omni.physx.tensors.plugin] Failed to find contact report API at '/World/envs/env_440/robot_a/joints/imu'
2026-10-02T10:32:05Z [43,743ms] [Warning] [omni.physx.tensors.plugin] Failed to find contact report API at '/World/envs/env_441/robot_a/joints/imu'
2026-10-02T10:32:05Z [43,743ms] [Warning] [omni.physx.tensors.plugin] Failed to find contact report API at '/World/envs/env_442/robot_a/joints/imu'
2026-10-02T10:32:05Z [43,743ms] [Warning] [omni.physx.tensors.plugin] Failed to find contact report API at '/World/envs/env_443/robot_a/joints/imu'
2026-10-02T10:32:05Z [43,743ms] [Warning] [omni.physx.tensors.plugin] Failed to find contact report API at '/World/envs/env_444/robot_a/joints/imu'
2026-10-02T10:32:05Z [43,743ms] [Warning] [omni.physx.tensors.plugin] Failed to find contact report API at '/World/envs/env_445/robot_a/joints/imu'
2026-10-02T10:32:05Z [43,743ms] [Warning] [omni.physx.tensors.plugin] Failed to find contact report API at '/World/envs/env_446/robot_a/joints/imu'
2026-10-02T10:32:05Z [43,743ms] [Warning] [omni.physx.tensors.plugin] Failed to find contact report API at '/World/envs/env_447/robot_a/joints/imu'
2026-10-02T10:32:05Z [43,743ms] [Warning] [omni.physx.tensors.plugin] Failed to find contact report API at '/World/envs/env_448/robot_a/joints/imu'
2026-10-02T10:32:05Z [43,743ms] [Warning] [omni.physx.tensors.plugin] Failed to find contact report API at '/World/envs/env_449/robot_a/joints/imu'
2026-10-02T10:32:05Z [43,743ms] [Warning] [omni.physx.tensors.plugin] Failed to find contact report API at '/World/envs/env_450/robot_a/joints/imu'
2026-10-02T10:32:05Z [43,743ms] [Warning] [omni.physx.tensors.plugin] Failed to find contact report API at '/World/envs/env_451/robot_a/joints/imu'
2026-10-02T10:32:05Z [43,743ms] [Warning] [omni.physx.tensors.plugin] Failed to find contact report API at '/World/envs/env_452/robot_a/joints/imu'
2026-10-02T10:32:05Z [43,743ms] [Warning] [omni.physx.tensors.plugin] Failed to find contact report API at '/World/envs/env_453/robot_a/joints/imu'
2026-10-02T10:32:05Z [43,743ms] [Warning] [omni.physx.tensors.plugin] Failed to find contact report API at '/World/envs/env_454/robot_a/joints/imu'
2026-10-02T10:32:05Z [43,743ms] [Warning] [omni.physx.tensors.plugin] Failed to find contact report API at '/World/envs/env_455/robot_a/joints/imu'
2026-10-02T10:32:05Z [43,743ms] [Warning] [omni.physx.tensors.plugin] Failed to find contact report API at '/World/envs/env_456/robot_a/joints/imu'
2026-10-02T10:32:05Z [43,743ms] [Warning] [omni.physx.tensors.plugin] Failed to find contact report API at '/World/envs/env_457/robot_a/joints/imu'
2026-10-02T10:32:05Z [43,743ms] [Warning] [omni.physx.tensors.plugin] Failed to find contact report API at '/World/envs/env_458/robot_a/joints/imu'
2026-10-02T10:32:05Z [43,743ms] [Warning] [omni.physx.tensors.plugin] Failed to find contact report API at '/World/envs/env_459/robot_a/joints/imu'
2026-10-02T10:32:05Z [43,743ms] [Warning] [omni.physx.tensors.plugin] Failed to find contact report API at '/World/envs/env_460/robot_a/joints/imu'
2026-10-02T10:32:05Z [43,743ms] [Warning] [omni.physx.tensors.plugin] Failed to find contact report API at '/World/envs/env_461/robot_a/joints/imu'
2026-10-02T10:32:05Z [43,743ms] [Warning] [omni.physx.tensors.plugin] Failed to find contact report API at '/World/envs/env_462/robot_a/joints/imu'
2026-10-02T10:32:05Z [43,744ms] [Warning] [omni.physx.tensors.plugin] Failed to find contact report API at '/World/envs/env_463/robot_a/joints/imu'
2026-10-02T10:32:05Z [43,744ms] [Warning] [omni.physx.tensors.plugin] Failed to find contact report API at '/World/envs/env_464/robot_a/joints/imu'
2026-10-02T10:32:05Z [43,744ms] [Warning] [omni.physx.tensors.plugin] Failed to find contact report API at '/World/envs/env_465/robot_a/joints/imu'
2026-10-02T10:32:05Z [43,744ms] [Warning] [omni.physx.tensors.plugin] Failed to find contact report API at '/World/envs/env_466/robot_a/joints/imu'
2026-10-02T10:32:05Z [43,744ms] [Warning] [omni.physx.tensors.plugin] Failed to find contact report API at '/World/envs/env_467/robot_a/joints/imu'
2026-10-02T10:32:05Z [43,744ms] [Warning] [omni.physx.tensors.plugin] Failed to find contact report API at '/World/envs/env_468/robot_a/joints/imu'
2026-10-02T10:32:05Z [43,744ms] [Warning] [omni.physx.tensors.plugin] Failed to find contact report API at '/World/envs/env_469/robot_a/joints/imu'
2026-10-02T10:32:05Z [43,744ms] [Warning] [omni.physx.tensors.plugin] Failed to find contact report API at '/World/envs/env_470/robot_a/joints/imu'
2026-10-02T10:32:05Z [43,744ms] [Warning] [omni.physx.tensors.plugin] Failed to find contact report API at '/World/envs/env_471/robot_a/joints/imu'
2026-10-02T10:32:05Z [43,744ms] [Warning] [omni.physx.tensors.plugin] Failed to find contact report API at '/World/envs/env_472/robot_a/joints/imu'
2026-10-02T10:32:05Z [43,744ms] [Warning] [omni.physx.tensors.plugin] Failed to find contact report API at '/World/envs/env_473/robot_a/joints/imu'
2026-10-02T10:32:05Z [43,744ms] [Warning] [omni.physx.tensors.plugin] Failed to find contact report API at '/World/envs/env_474/robot_a/joints/imu'
2026-10-02T10:32:05Z [43,744ms] [Warning] [omni.physx.tensors.plugin] Failed to find contact report API at '/World/envs/env_475/robot_a/joints/imu'
2026-10-02T10:32:05Z [43,744ms] [Warning] [omni.physx.tensors.plugin] Failed to find contact report API at '/World/envs/env_476/robot_a/joints/imu'
2026-10-02T10:32:05Z [43,744ms] [Warning] [omni.physx.tensors.plugin] Failed to find contact report API at '/World/envs/env_477/robot_a/joints/imu'
2026-10-02T10:32:05Z [43,744ms] [Warning] [omni.physx.tensors.plugin] Failed to find contact report API at '/World/envs/env_478/robot_a/joints/imu'
2026-10-02T10:32:05Z [43,744ms] [Warning] [omni.physx.tensors.plugin] Failed to find contact report API at '/World/envs/env_479/robot_a/joints/imu'
2026-10-02T10:32:05Z [43,744ms] [Warning] [omni.physx.tensors.plugin] Failed to find contact report API at '/World/envs/env_480/robot_a/joints/imu'
2026-10-02T10:32:05Z [43,744ms] [Warning] [omni.physx.tensors.plugin] Failed to find contact report API at '/World/envs/env_481/robot_a/joints/imu'
2026-10-02T10:32:05Z [43,744ms] [Warning] [omni.physx.tensors.plugin] Failed to find contact report API at '/World/envs/env_482/robot_a/joints/imu'
2026-10-02T10:32:05Z [43,744ms] [Warning] [omni.physx.tensors.plugin] Failed to find contact report API at '/World/envs/env_483/robot_a/joints/imu'
2026-10-02T10:32:05Z [43,744ms] [Warning] [omni.physx.tensors.plugin] Failed to find contact report API at '/World/envs/env_484/robot_a/joints/imu'
2026-10-02T10:32:05Z [43,744ms] [Warning] [omni.physx.tensors.plugin] Failed to find contact report API at '/World/envs/env_485/robot_a/joints/imu'
2026-10-02T10:32:05Z [43,744ms] [Warning] [omni.physx.tensors.plugin] Failed to find contact report API at '/World/envs/env_486/robot_a/joints/imu'
2026-10-02T10:32:05Z [43,744ms] [Warning] [omni.physx.tensors.plugin] Failed to find contact report API at '/World/envs/env_487/robot_a/joints/imu'
2026-10-02T10:32:05Z [43,744ms] [Warning] [omni.physx.tensors.plugin] Failed to find contact report API at '/World/envs/env_488/robot_a/joints/imu'
2026-10-02T10:32:05Z [43,744ms] [Warning] [omni.physx.tensors.plugin] Failed to find contact report API at '/World/envs/env_489/robot_a/joints/imu'
2026-10-02T10:32:05Z [43,744ms] [Warning] [omni.physx.tensors.plugin] Failed to find contact report API at '/World/envs/env_490/robot_a/joints/imu'
2026-10-02T10:32:05Z [43,744ms] [Warning] [omni.physx.tensors.plugin] Failed to find contact report API at '/World/envs/env_491/robot_a/joints/imu'
2026-10-02T10:32:05Z [43,744ms] [Warning] [omni.physx.tensors.plugin] Failed to find contact report API at '/World/envs/env_492/robot_a/joints/imu'
2026-10-02T10:32:05Z [43,745ms] [Warning] [omni.physx.tensors.plugin] Failed to find contact report API at '/World/envs/env_493/robot_a/joints/imu'
2026-10-02T10:32:05Z [43,745ms] [Warning] [omni.physx.tensors.plugin] Failed to find contact report API at '/World/envs/env_494/robot_a/joints/imu'
2026-10-02T10:32:05Z [43,745ms] [Warning] [omni.physx.tensors.plugin] Failed to find contact report API at '/World/envs/env_495/robot_a/joints/imu'
2026-10-02T10:32:05Z [43,745ms] [Warning] [omni.physx.tensors.plugin] Failed to find contact report API at '/World/envs/env_496/robot_a/joints/imu'
2026-10-02T10:32:05Z [43,745ms] [Warning] [omni.physx.tensors.plugin] Failed to find contact report API at '/World/envs/env_497/robot_a/joints/imu'
2026-10-02T10:32:05Z [43,745ms] [Warning] [omni.physx.tensors.plugin] Failed to find contact report API at '/World/envs/env_498/robot_a/joints/imu'
2026-10-02T10:32:05Z [43,745ms] [Warning] [omni.physx.tensors.plugin] Failed to find contact report API at '/World/envs/env_499/robot_a/joints/imu'
2026-10-02T10:32:05Z [43,745ms] [Warning] [omni.physx.tensors.plugin] Failed to find contact report API at '/World/envs/env_500/robot_a/joints/imu'
2026-10-02T10:32:05Z [43,745ms] [Warning] [omni.physx.tensors.plugin] Failed to find contact report API at '/World/envs/env_501/robot_a/joints/imu'
2026-10-02T10:32:05Z [43,745ms] [Warning] [omni.physx.tensors.plugin] Failed to find contact report API at '/World/envs/env_502/robot_a/joints/imu'
2026-10-02T10:32:05Z [43,745ms] [Warning] [omni.physx.tensors.plugin] Failed to find contact report API at '/World/envs/env_503/robot_a/joints/imu'
2026-10-02T10:32:05Z [43,745ms] [Warning] [omni.physx.tensors.plugin] Failed to find contact report API at '/World/envs/env_504/robot_a/joints/imu'
2026-10-02T10:32:05Z [43,745ms] [Warning] [omni.physx.tensors.plugin] Failed to find contact report API at '/World/envs/env_505/robot_a/joints/imu'
2026-10-02T10:32:05Z [43,745ms] [Warning] [omni.physx.tensors.plugin] Failed to find contact report API at '/World/envs/env_506/robot_a/joints/imu'
2026-10-02T10:32:05Z [43,745ms] [Warning] [omni.physx.tensors.plugin] Failed to find contact report API at '/World/envs/env_507/robot_a/joints/imu'
2026-10-02T10:32:05Z [43,745ms] [Warning] [omni.physx.tensors.plugin] Failed to find contact report API at '/World/envs/env_508/robot_a/joints/imu'
2026-10-02T10:32:05Z [43,745ms] [Warning] [omni.physx.tensors.plugin] Failed to find contact report API at '/World/envs/env_509/robot_a/joints/imu'
2026-10-02T10:32:05Z [43,745ms] [Warning] [omni.physx.tensors.plugin] Failed to find contact report API at '/World/envs/env_510/robot_a/joints/imu'
2026-10-02T10:32:05Z [43,745ms] [Warning] [omni.physx.tensors.plugin] Failed to find contact report API at '/World/envs/env_511/robot_a/joints/imu'
2026-10-02T10:32:05Z [43,745ms] [Warning] [omni.physx.tensors.plugin] Failed to find contact report API at '/World/envs/env_512/robot_a/joints/imu'
2026-10-02T10:32:05Z [43,745ms] [Warning] [omni.physx.tensors.plugin] Failed to find contact report API at '/World/envs/env_513/robot_a/joints/imu'
2026-10-02T10:32:05Z [43,745ms] [Warning] [omni.physx.tensors.plugin] Failed to find contact report API at '/World/envs/env_514/robot_a/joints/imu'
2026-10-02T10:32:05Z [43,745ms] [Warning] [omni.physx.tensors.plugin] Failed to find contact report API at '/World/envs/env_515/robot_a/joints/imu'
2026-10-02T10:32:05Z [43,745ms] [Warning] [omni.physx.tensors.plugin] Failed to find contact report API at '/World/envs/env_516/robot_a/joints/imu'
2026-10-02T10:32:05Z [43,745ms] [Warning] [omni.physx.tensors.plugin] Failed to find contact report API at '/World/envs/env_517/robot_a/joints/imu'
2026-10-02T10:32:05Z [43,745ms] [Warning] [omni.physx.tensors.plugin] Failed to find contact report API at '/World/envs/env_518/robot_a/joints/imu'
2026-10-02T10:32:05Z [43,745ms] [Warning] [omni.physx.tensors.plugin] Failed to find contact report API at '/World/envs/env_519/robot_a/joints/imu'
2026-10-02T10:32:05Z [43,745ms] [Warning] [omni.physx.tensors.plugin] Failed to find contact report API at '/World/envs/env_520/robot_a/joints/imu'
2026-10-02T10:32:05Z [43,745ms] [Warning] [omni.physx.tensors.plugin] Failed to find contact report API at '/World/envs/env_521/robot_a/joints/imu'
2026-10-02T10:32:05Z [43,745ms] [Warning] [omni.physx.tensors.plugin] Failed to find contact report API at '/World/envs/env_522/robot_a/joints/imu'
2026-10-02T10:32:05Z [43,745ms] [Warning] [omni.physx.tensors.plugin] Failed to find contact report API at '/World/envs/env_523/robot_a/joints/imu'
2026-10-02T10:32:05Z [43,746ms] [Warning] [omni.physx.tensors.plugin] Failed to find contact report API at '/World/envs/env_524/robot_a/joints/imu'
2026-10-02T10:32:05Z [43,746ms] [Warning] [omni.physx.tensors.plugin] Failed to find contact report API at '/World/envs/env_525/robot_a/joints/imu'
2026-10-02T10:32:05Z [43,746ms] [Warning] [omni.physx.tensors.plugin] Failed to find contact report API at '/World/envs/env_526/robot_a/joints/imu'
2026-10-02T10:32:05Z [43,746ms] [Warning] [omni.physx.tensors.plugin] Failed to find contact report API at '/World/envs/env_527/robot_a/joints/imu'
2026-10-02T10:32:05Z [43,746ms] [Warning] [omni.physx.tensors.plugin] Failed to find contact report API at '/World/envs/env_528/robot_a/joints/imu'
2026-10-02T10:32:05Z [43,746ms] [Warning] [omni.physx.tensors.plugin] Failed to find contact report API at '/World/envs/env_529/robot_a/joints/imu'
2026-10-02T10:32:05Z [43,746ms] [Warning] [omni.physx.tensors.plugin] Failed to find contact report API at '/World/envs/env_530/robot_a/joints/imu'
2026-10-02T10:32:05Z [43,746ms] [Warning] [omni.physx.tensors.plugin] Failed to find contact report API at '/World/envs/env_531/robot_a/joints/imu'
2026-10-02T10:32:05Z [43,746ms] [Warning] [omni.physx.tensors.plugin] Failed to find contact report API at '/World/envs/env_532/robot_a/joints/imu'
2026-10-02T10:32:05Z [43,746ms] [Warning] [omni.physx.tensors.plugin] Failed to find contact report API at '/World/envs/env_533/robot_a/joints/imu'
2026-10-02T10:32:05Z [43,746ms] [Warning] [omni.physx.tensors.plugin] Failed to find contact report API at '/World/envs/env_534/robot_a/joints/imu'
2026-10-02T10:32:05Z [43,746ms] [Warning] [omni.physx.tensors.plugin] Failed to find contact report API at '/World/envs/env_535/robot_a/joints/imu'
2026-10-02T10:32:05Z [43,746ms] [Warning] [omni.physx.tensors.plugin] Failed to find contact report API at '/World/envs/env_536/robot_a/joints/imu'
2026-10-02T10:32:05Z [43,746ms] [Warning] [omni.physx.tensors.plugin] Failed to find contact report API at '/World/envs/env_537/robot_a/joints/imu'
2026-10-02T10:32:05Z [43,746ms] [Warning] [omni.physx.tensors.plugin] Failed to find contact report API at '/World/envs/env_538/robot_a/joints/imu'
2026-10-02T10:32:05Z [43,746ms] [Warning] [omni.physx.tensors.plugin] Failed to find contact report API at '/World/envs/env_539/robot_a/joints/imu'
2026-10-02T10:32:05Z [43,746ms] [Warning] [omni.physx.tensors.plugin] Failed to find contact report API at '/World/envs/env_540/robot_a/joints/imu'
2026-10-02T10:32:05Z [43,746ms] [Warning] [omni.physx.tensors.plugin] Failed to find contact report API at '/World/envs/env_541/robot_a/joints/imu'
2026-10-02T10:32:05Z [43,746ms] [Warning] [omni.physx.tensors.plugin] Failed to find contact report API at '/World/envs/env_542/robot_a/joints/imu'
2026-10-02T10:32:05Z [43,746ms] [Warning] [omni.physx.tensors.plugin] Failed to find contact report API at '/World/envs/env_543/robot_a/joints/imu'
2026-10-02T10:32:05Z [43,746ms] [Warning] [omni.physx.tensors.plugin] Failed to find contact report API at '/World/envs/env_544/robot_a/joints/imu'
2026-10-02T10:32:05Z [43,746ms] [Warning] [omni.physx.tensors.plugin] Failed to find contact report API at '/World/envs/env_545/robot_a/joints/imu'
2026-10-02T10:32:05Z [43,746ms] [Warning] [omni.physx.tensors.plugin] Failed to find contact report API at '/World/envs/env_546/robot_a/joints/imu'
2026-10-02T10:32:05Z [43,746ms] [Warning] [omni.physx.tensors.plugin] Failed to find contact report API at '/World/envs/env_547/robot_a/joints/imu'
2026-10-02T10:32:05Z [43,746ms] [Warning] [omni.physx.tensors.plugin] Failed to find contact report API at '/World/envs/env_548/robot_a/joints/imu'
2026-10-02T10:32:05Z [43,746ms] [Warning] [omni.physx.tensors.plugin] Failed to find contact report API at '/World/envs/env_549/robot_a/joints/imu'
2026-10-02T10:32:05Z [43,746ms] [Warning] [omni.physx.tensors.plugin] Failed to find contact report API at '/World/envs/env_550/robot_a/joints/imu'
2026-10-02T10:32:05Z [43,746ms] [Warning] [omni.physx.tensors.plugin] Failed to find contact report API at '/World/envs/env_551/robot_a/joints/imu'
2026-10-02T10:32:05Z [43,746ms] [Warning] [omni.physx.tensors.plugin] Failed to find contact report API at '/World/envs/env_552/robot_a/joints/imu'
2026-10-02T10:32:05Z [43,746ms] [Warning] [omni.physx.tensors.plugin] Failed to find contact report API at '/World/envs/env_553/robot_a/joints/imu'
2026-10-02T10:32:05Z [43,746ms] [Warning] [omni.physx.tensors.plugin] Failed to find contact report API at '/World/envs/env_554/robot_a/joints/imu'
2026-10-02T10:32:05Z [43,747ms] [Warning] [omni.physx.tensors.plugin] Failed to find contact report API at '/World/envs/env_555/robot_a/joints/imu'
2026-10-02T10:32:05Z [43,747ms] [Warning] [omni.physx.tensors.plugin] Failed to find contact report API at '/World/envs/env_556/robot_a/joints/imu'
2026-10-02T10:32:05Z [43,747ms] [Warning] [omni.physx.tensors.plugin] Failed to find contact report API at '/World/envs/env_557/robot_a/joints/imu'
2026-10-02T10:32:05Z [43,747ms] [Warning] [omni.physx.tensors.plugin] Failed to find contact report API at '/World/envs/env_558/robot_a/joints/imu'
2026-10-02T10:32:05Z [43,747ms] [Warning] [omni.physx.tensors.plugin] Failed to find contact report API at '/World/envs/env_559/robot_a/joints/imu'
2026-10-02T10:32:05Z [43,747ms] [Warning] [omni.physx.tensors.plugin] Failed to find contact report API at '/World/envs/env_560/robot_a/joints/imu'
2026-10-02T10:32:05Z [43,747ms] [Warning] [omni.physx.tensors.plugin] Failed to find contact report API at '/World/envs/env_561/robot_a/joints/imu'
2026-10-02T10:32:05Z [43,747ms] [Warning] [omni.physx.tensors.plugin] Failed to find contact report API at '/World/envs/env_562/robot_a/joints/imu'
2026-10-02T10:32:05Z [43,747ms] [Warning] [omni.physx.tensors.plugin] Failed to find contact report API at '/World/envs/env_563/robot_a/joints/imu'
2026-10-02T10:32:05Z [43,747ms] [Warning] [omni.physx.tensors.plugin] Failed to find contact report API at '/World/envs/env_564/robot_a/joints/imu'
2026-10-02T10:32:05Z [43,747ms] [Warning] [omni.physx.tensors.plugin] Failed to find contact report API at '/World/envs/env_565/robot_a/joints/imu'
2026-10-02T10:32:05Z [43,747ms] [Warning] [omni.physx.tensors.plugin] Failed to find contact report API at '/World/envs/env_566/robot_a/joints/imu'
2026-10-02T10:32:05Z [43,747ms] [Warning] [omni.physx.tensors.plugin] Failed to find contact report API at '/World/envs/env_567/robot_a/joints/imu'
2026-10-02T10:32:05Z [43,747ms] [Warning] [omni.physx.tensors.plugin] Failed to find contact report API at '/World/envs/env_568/robot_a/joints/imu'
2026-10-02T10:32:05Z [43,747ms] [Warning] [omni.physx.tensors.plugin] Failed to find contact report API at '/World/envs/env_569/robot_a/joints/imu'
2026-10-02T10:32:05Z [43,747ms] [Warning] [omni.physx.tensors.plugin] Failed to find contact report API at '/World/envs/env_570/robot_a/joints/imu'
2026-10-02T10:32:05Z [43,747ms] [Warning] [omni.physx.tensors.plugin] Failed to find contact report API at '/World/envs/env_571/robot_a/joints/imu'
2026-10-02T10:32:05Z [43,747ms] [Warning] [omni.physx.tensors.plugin] Failed to find contact report API at '/World/envs/env_572/robot_a/joints/imu'
2026-10-02T10:32:05Z [43,747ms] [Warning] [omni.physx.tensors.plugin] Failed to find contact report API at '/World/envs/env_573/robot_a/joints/imu'
2026-10-02T10:32:05Z [43,747ms] [Warning] [omni.physx.tensors.plugin] Failed to find contact report API at '/World/envs/env_574/robot_a/joints/imu'
2026-10-02T10:32:05Z [43,747ms] [Warning] [omni.physx.tensors.plugin] Failed to find contact report API at '/World/envs/env_575/robot_a/joints/imu'
2026-10-02T10:32:05Z [43,747ms] [Warning] [omni.physx.tensors.plugin] Failed to find contact report API at '/World/envs/env_576/robot_a/joints/imu'
2026-10-02T10:32:05Z [43,747ms] [Warning] [omni.physx.tensors.plugin] Failed to find contact report API at '/World/envs/env_577/robot_a/joints/imu'
2026-10-02T10:32:05Z [43,747ms] [Warning] [omni.physx.tensors.plugin] Failed to find contact report API at '/World/envs/env_578/robot_a/joints/imu'
2026-10-02T10:32:05Z [43,747ms] [Warning] [omni.physx.tensors.plugin] Failed to find contact report API at '/World/envs/env_579/robot_a/joints/imu'
2026-10-02T10:32:05Z [43,747ms] [Warning] [omni.physx.tensors.plugin] Failed to find contact report API at '/World/envs/env_580/robot_a/joints/imu'
2026-10-02T10:32:05Z [43,747ms] [Warning] [omni.physx.tensors.plugin] Failed to find contact report API at '/World/envs/env_581/robot_a/joints/imu'
2026-10-02T10:32:05Z [43,747ms] [Warning] [omni.physx.tensors.plugin] Failed to find contact report API at '/World/envs/env_582/robot_a/joints/imu'
2026-10-02T10:32:05Z [43,747ms] [Warning] [omni.physx.tensors.plugin] Failed to find contact report API at '/World/envs/env_583/robot_a/joints/imu'
2026-10-02T10:32:05Z [43,747ms] [Warning] [omni.physx.tensors.plugin] Failed to find contact report API at '/World/envs/env_584/robot_a/joints/imu'
2026-10-02T10:32:05Z [43,747ms] [Warning] [omni.physx.tensors.plugin] Failed to find contact report API at '/World/envs/env_585/robot_a/joints/imu'
2026-10-02T10:32:05Z [43,747ms] [Warning] [omni.physx.tensors.plugin] Failed to find contact report API at '/World/envs/env_586/robot_a/joints/imu'
2026-10-02T10:32:05Z [43,748ms] [Warning] [omni.physx.tensors.plugin] Failed to find contact report API at '/World/envs/env_587/robot_a/joints/imu'
2026-10-02T10:32:05Z [43,748ms] [Warning] [omni.physx.tensors.plugin] Failed to find contact report API at '/World/envs/env_588/robot_a/joints/imu'
2026-10-02T10:32:05Z [43,748ms] [Warning] [omni.physx.tensors.plugin] Failed to find contact report API at '/World/envs/env_589/robot_a/joints/imu'
2026-10-02T10:32:05Z [43,748ms] [Warning] [omni.physx.tensors.plugin] Failed to find contact report API at '/World/envs/env_590/robot_a/joints/imu'
2026-10-02T10:32:05Z [43,748ms] [Warning] [omni.physx.tensors.plugin] Failed to find contact report API at '/World/envs/env_591/robot_a/joints/imu'
2026-10-02T10:32:05Z [43,748ms] [Warning] [omni.physx.tensors.plugin] Failed to find contact report API at '/World/envs/env_592/robot_a/joints/imu'
2026-10-02T10:32:05Z [43,748ms] [Warning] [omni.physx.tensors.plugin] Failed to find contact report API at '/World/envs/env_593/robot_a/joints/imu'
2026-10-02T10:32:05Z [43,748ms] [Warning] [omni.physx.tensors.plugin] Failed to find contact report API at '/World/envs/env_594/robot_a/joints/imu'
2026-10-02T10:32:05Z [43,748ms] [Warning] [omni.physx.tensors.plugin] Failed to find contact report API at '/World/envs/env_595/robot_a/joints/imu'
2026-10-02T10:32:05Z [43,748ms] [Warning] [omni.physx.tensors.plugin] Failed to find contact report API at '/World/envs/env_596/robot_a/joints/imu'
2026-10-02T10:32:05Z [43,748ms] [Warning] [omni.physx.tensors.plugin] Failed to find contact report API at '/World/envs/env_597/robot_a/joints/imu'
2026-10-02T10:32:05Z [43,748ms] [Warning] [omni.physx.tensors.plugin] Failed to find contact report API at '/World/envs/env_598/robot_a/joints/imu'
2026-10-02T10:32:05Z [43,748ms] [Warning] [omni.physx.tensors.plugin] Failed to find contact report API at '/World/envs/env_599/robot_a/joints/imu'
2026-10-02T10:32:05Z [43,748ms] [Warning] [omni.physx.tensors.plugin] Failed to find contact report API at '/World/envs/env_600/robot_a/joints/imu'
2026-10-02T10:32:05Z [43,748ms] [Warning] [omni.physx.tensors.plugin] Failed to find contact report API at '/World/envs/env_601/robot_a/joints/imu'
2026-10-02T10:32:05Z [43,748ms] [Warning] [omni.physx.tensors.plugin] Failed to find contact report API at '/World/envs/env_602/robot_a/joints/imu'
2026-10-02T10:32:05Z [43,748ms] [Warning] [omni.physx.tensors.plugin] Failed to find contact report API at '/World/envs/env_603/robot_a/joints/imu'
2026-10-02T10:32:05Z [43,748ms] [Warning] [omni.physx.tensors.plugin] Failed to find contact report API at '/World/envs/env_604/robot_a/joints/imu'
2026-10-02T10:32:05Z [43,748ms] [Warning] [omni.physx.tensors.plugin] Failed to find contact report API at '/World/envs/env_605/robot_a/joints/imu'
2026-10-02T10:32:05Z [43,748ms] [Warning] [omni.physx.tensors.plugin] Failed to find contact report API at '/World/envs/env_606/robot_a/joints/imu'
2026-10-02T10:32:05Z [43,749ms] [Warning] [omni.physx.tensors.plugin] Failed to find contact report API at '/World/envs/env_607/robot_a/joints/imu'
2026-10-02T10:32:05Z [43,749ms] [Warning] [omni.physx.tensors.plugin] Failed to find contact report API at '/World/envs/env_608/robot_a/joints/imu'
2026-10-02T10:32:05Z [43,749ms] [Warning] [omni.physx.tensors.plugin] Failed to find contact report API at '/World/envs/env_609/robot_a/joints/imu'
2026-10-02T10:32:05Z [43,749ms] [Warning] [omni.physx.tensors.plugin] Failed to find contact report API at '/World/envs/env_610/robot_a/joints/imu'
2026-10-02T10:32:05Z [43,749ms] [Warning] [omni.physx.tensors.plugin] Failed to find contact report API at '/World/envs/env_611/robot_a/joints/imu'
2026-10-02T10:32:05Z [43,749ms] [Warning] [omni.physx.tensors.plugin] Failed to find contact report API at '/World/envs/env_612/robot_a/joints/imu'
2026-10-02T10:32:05Z [43,749ms] [Warning] [omni.physx.tensors.plugin] Failed to find contact report API at '/World/envs/env_613/robot_a/joints/imu'
2026-10-02T10:32:05Z [43,749ms] [Warning] [omni.physx.tensors.plugin] Failed to find contact report API at '/World/envs/env_614/robot_a/joints/imu'
2026-10-02T10:32:05Z [43,749ms] [Warning] [omni.physx.tensors.plugin] Failed to find contact report API at '/World/envs/env_615/robot_a/joints/imu'
2026-10-02T10:32:05Z [43,749ms] [Warning] [omni.physx.tensors.plugin] Failed to find contact report API at '/World/envs/env_616/robot_a/joints/imu'
2026-10-02T10:32:05Z [43,749ms] [Warning] [omni.physx.tensors.plugin] Failed to find contact report API at '/World/envs/env_617/robot_a/joints/imu'
2026-10-02T10:32:05Z [43,749ms] [Warning] [omni.physx.tensors.plugin] Failed to find contact report API at '/World/envs/env_618/robot_a/joints/imu'
2026-10-02T10:32:05Z [43,749ms] [Warning] [omni.physx.tensors.plugin] Failed to find contact report API at '/World/envs/env_619/robot_a/joints/imu'
2026-10-02T10:32:05Z [43,749ms] [Warning] [omni.physx.tensors.plugin] Failed to find contact report API at '/World/envs/env_620/robot_a/joints/imu'
2026-10-02T10:32:05Z [43,749ms] [Warning] [omni.physx.tensors.plugin] Failed to find contact report API at '/World/envs/env_621/robot_a/joints/imu'
2026-10-02T10:32:05Z [43,750ms] [Warning] [omni.physx.tensors.plugin] Failed to find contact report API at '/World/envs/env_622/robot_a/joints/imu'
2026-10-02T10:32:05Z [43,750ms] [Warning] [omni.physx.tensors.plugin] Failed to find contact report API at '/World/envs/env_623/robot_a/joints/imu'
2026-10-02T10:32:05Z [43,750ms] [Warning] [omni.physx.tensors.plugin] Failed to find contact report API at '/World/envs/env_624/robot_a/joints/imu'
2026-10-02T10:32:05Z [43,750ms] [Warning] [omni.physx.tensors.plugin] Failed to find contact report API at '/World/envs/env_625/robot_a/joints/imu'
2026-10-02T10:32:05Z [43,750ms] [Warning] [omni.physx.tensors.plugin] Failed to find contact report API at '/World/envs/env_626/robot_a/joints/imu'
2026-10-02T10:32:05Z [43,750ms] [Warning] [omni.physx.tensors.plugin] Failed to find contact report API at '/World/envs/env_627/robot_a/joints/imu'
2026-10-02T10:32:05Z [43,750ms] [Warning] [omni.physx.tensors.plugin] Failed to find contact report API at '/World/envs/env_628/robot_a/joints/imu'
2026-10-02T10:32:05Z [43,750ms] [Warning] [omni.physx.tensors.plugin] Failed to find contact report API at '/World/envs/env_629/robot_a/joints/imu'
2026-10-02T10:32:05Z [43,750ms] [Warning] [omni.physx.tensors.plugin] Failed to find contact report API at '/World/envs/env_630/robot_a/joints/imu'
2026-10-02T10:32:05Z [43,750ms] [Warning] [omni.physx.tensors.plugin] Failed to find contact report API at '/World/envs/env_631/robot_a/joints/imu'
2026-10-02T10:32:05Z [43,750ms] [Warning] [omni.physx.tensors.plugin] Failed to find contact report API at '/World/envs/env_632/robot_a/joints/imu'
2026-10-02T10:32:05Z [43,750ms] [Warning] [omni.physx.tensors.plugin] Failed to find contact report API at '/World/envs/env_633/robot_a/joints/imu'
2026-10-02T10:32:05Z [43,750ms] [Warning] [omni.physx.tensors.plugin] Failed to find contact report API at '/World/envs/env_634/robot_a/joints/imu'
2026-10-02T10:32:05Z [43,750ms] [Warning] [omni.physx.tensors.plugin] Failed to find contact report API at '/World/envs/env_635/robot_a/joints/imu'
2026-10-02T10:32:05Z [43,750ms] [Warning] [omni.physx.tensors.plugin] Failed to find contact report API at '/World/envs/env_636/robot_a/joints/imu'
2026-10-02T10:32:05Z [43,750ms] [Warning] [omni.physx.tensors.plugin] Failed to find contact report API at '/World/envs/env_637/robot_a/joints/imu'
2026-10-02T10:32:05Z [43,750ms] [Warning] [omni.physx.tensors.plugin] Failed to find contact report API at '/World/envs/env_638/robot_a/joints/imu'
2026-10-02T10:32:05Z [43,750ms] [Warning] [omni.physx.tensors.plugin] Failed to find contact report API at '/World/envs/env_639/robot_a/joints/imu'
2026-10-02T10:32:05Z [43,750ms] [Warning] [omni.physx.tensors.plugin] Failed to find contact report API at '/World/envs/env_640/robot_a/joints/imu'
2026-10-02T10:32:05Z [43,750ms] [Warning] [omni.physx.tensors.plugin] Failed to find contact report API at '/World/envs/env_641/robot_a/joints/imu'
2026-10-02T10:32:05Z [43,750ms] [Warning] [omni.physx.tensors.plugin] Failed to find contact report API at '/World/envs/env_642/robot_a/joints/imu'
2026-10-02T10:32:05Z [43,750ms] [Warning] [omni.physx.tensors.plugin] Failed to find contact report API at '/World/envs/env_643/robot_a/joints/imu'
2026-10-02T10:32:05Z [43,750ms] [Warning] [omni.physx.tensors.plugin] Failed to find contact report API at '/World/envs/env_644/robot_a/joints/imu'
2026-10-02T10:32:05Z [43,750ms] [Warning] [omni.physx.tensors.plugin] Failed to find contact report API at '/World/envs/env_645/robot_a/joints/imu'
2026-10-02T10:32:05Z [43,750ms] [Warning] [omni.physx.tensors.plugin] Failed to find contact report API at '/World/envs/env_646/robot_a/joints/imu'
2026-10-02T10:32:05Z [43,750ms] [Warning] [omni.physx.tensors.plugin] Failed to find contact report API at '/World/envs/env_647/robot_a/joints/imu'
2026-10-02T10:32:05Z [43,750ms] [Warning] [omni.physx.tensors.plugin] Failed to find contact report API at '/World/envs/env_648/robot_a/joints/imu'
2026-10-02T10:32:05Z [43,750ms] [Warning] [omni.physx.tensors.plugin] Failed to find contact report API at '/World/envs/env_649/robot_a/joints/imu'
2026-10-02T10:32:05Z [43,750ms] [Warning] [omni.physx.tensors.plugin] Failed to find contact report API at '/World/envs/env_650/robot_a/joints/imu'
2026-10-02T10:32:05Z [43,750ms] [Warning] [omni.physx.tensors.plugin] Failed to find contact report API at '/World/envs/env_651/robot_a/joints/imu'
2026-10-02T10:32:05Z [43,750ms] [Warning] [omni.physx.tensors.plugin] Failed to find contact report API at '/World/envs/env_652/robot_a/joints/imu'
2026-10-02T10:32:05Z [43,750ms] [Warning] [omni.physx.tensors.plugin] Failed to find contact report API at '/World/envs/env_653/robot_a/joints/imu'
2026-10-02T10:32:05Z [43,750ms] [Warning] [omni.physx.tensors.plugin] Failed to find contact report API at '/World/envs/env_654/robot_a/joints/imu'
2026-10-02T10:32:05Z [43,750ms] [Warning] [omni.physx.tensors.plugin] Failed to find contact report API at '/World/envs/env_655/robot_a/joints/imu'
2026-10-02T10:32:05Z [43,751ms] [Warning] [omni.physx.tensors.plugin] Failed to find contact report API at '/World/envs/env_656/robot_a/joints/imu'
2026-10-02T10:32:05Z [43,751ms] [Warning] [omni.physx.tensors.plugin] Failed to find contact report API at '/World/envs/env_657/robot_a/joints/imu'
2026-10-02T10:32:05Z [43,751ms] [Warning] [omni.physx.tensors.plugin] Failed to find contact report API at '/World/envs/env_658/robot_a/joints/imu'
2026-10-02T10:32:05Z [43,751ms] [Warning] [omni.physx.tensors.plugin] Failed to find contact report API at '/World/envs/env_659/robot_a/joints/imu'
2026-10-02T10:32:05Z [43,751ms] [Warning] [omni.physx.tensors.plugin] Failed to find contact report API at '/World/envs/env_660/robot_a/joints/imu'
2026-10-02T10:32:05Z [43,751ms] [Warning] [omni.physx.tensors.plugin] Failed to find contact report API at '/World/envs/env_661/robot_a/joints/imu'
2026-10-02T10:32:05Z [43,751ms] [Warning] [omni.physx.tensors.plugin] Failed to find contact report API at '/World/envs/env_662/robot_a/joints/imu'
2026-10-02T10:32:05Z [43,751ms] [Warning] [omni.physx.tensors.plugin] Failed to find contact report API at '/World/envs/env_663/robot_a/joints/imu'
2026-10-02T10:32:05Z [43,751ms] [Warning] [omni.physx.tensors.plugin] Failed to find contact report API at '/World/envs/env_664/robot_a/joints/imu'
2026-10-02T10:32:05Z [43,751ms] [Warning] [omni.physx.tensors.plugin] Failed to find contact report API at '/World/envs/env_665/robot_a/joints/imu'
2026-10-02T10:32:05Z [43,751ms] [Warning] [omni.physx.tensors.plugin] Failed to find contact report API at '/World/envs/env_666/robot_a/joints/imu'
2026-10-02T10:32:05Z [43,751ms] [Warning] [omni.physx.tensors.plugin] Failed to find contact report API at '/World/envs/env_667/robot_a/joints/imu'
2026-10-02T10:32:05Z [43,751ms] [Warning] [omni.physx.tensors.plugin] Failed to find contact report API at '/World/envs/env_668/robot_a/joints/imu'
2026-10-02T10:32:05Z [43,751ms] [Warning] [omni.physx.tensors.plugin] Failed to find contact report API at '/World/envs/env_669/robot_a/joints/imu'
2026-10-02T10:32:05Z [43,751ms] [Warning] [omni.physx.tensors.plugin] Failed to find contact report API at '/World/envs/env_670/robot_a/joints/imu'
2026-10-02T10:32:05Z [43,751ms] [Warning] [omni.physx.tensors.plugin] Failed to find contact report API at '/World/envs/env_671/robot_a/joints/imu'
2026-10-02T10:32:05Z [43,751ms] [Warning] [omni.physx.tensors.plugin] Failed to find contact report API at '/World/envs/env_672/robot_a/joints/imu'
2026-10-02T10:32:05Z [43,751ms] [Warning] [omni.physx.tensors.plugin] Failed to find contact report API at '/World/envs/env_673/robot_a/joints/imu'
2026-10-02T10:32:05Z [43,751ms] [Warning] [omni.physx.tensors.plugin] Failed to find contact report API at '/World/envs/env_674/robot_a/joints/imu'
2026-10-02T10:32:05Z [43,751ms] [Warning] [omni.physx.tensors.plugin] Failed to find contact report API at '/World/envs/env_675/robot_a/joints/imu'
2026-10-02T10:32:05Z [43,751ms] [Warning] [omni.physx.tensors.plugin] Failed to find contact report API at '/World/envs/env_676/robot_a/joints/imu'
2026-10-02T10:32:05Z [43,751ms] [Warning] [omni.physx.tensors.plugin] Failed to find contact report API at '/World/envs/env_677/robot_a/joints/imu'
2026-10-02T10:32:05Z [43,751ms] [Warning] [omni.physx.tensors.plugin] Failed to find contact report API at '/World/envs/env_678/robot_a/joints/imu'
2026-10-02T10:32:05Z [43,751ms] [Warning] [omni.physx.tensors.plugin] Failed to find contact report API at '/World/envs/env_679/robot_a/joints/imu'
2026-10-02T10:32:05Z [43,751ms] [Warning] [omni.physx.tensors.plugin] Failed to find contact report API at '/World/envs/env_680/robot_a/joints/imu'
2026-10-02T10:32:05Z [43,751ms] [Warning] [omni.physx.tensors.plugin] Failed to find contact report API at '/World/envs/env_681/robot_a/joints/imu'
2026-10-02T10:32:05Z [43,751ms] [Warning] [omni.physx.tensors.plugin] Failed to find contact report API at '/World/envs/env_682/robot_a/joints/imu'
2026-10-02T10:32:05Z [43,751ms] [Warning] [omni.physx.tensors.plugin] Failed to find contact report API at '/World/envs/env_683/robot_a/joints/imu'
2026-10-02T10:32:05Z [43,751ms] [Warning] [omni.physx.tensors.plugin] Failed to find contact report API at '/World/envs/env_684/robot_a/joints/imu'
2026-10-02T10:32:05Z [43,751ms] [Warning] [omni.physx.tensors.plugin] Failed to find contact report API at '/World/envs/env_685/robot_a/joints/imu'
2026-10-02T10:32:05Z [43,751ms] [Warning] [omni.physx.tensors.plugin] Failed to find contact report API at '/World/envs/env_686/robot_a/joints/imu'
2026-10-02T10:32:05Z [43,751ms] [Warning] [omni.physx.tensors.plugin] Failed to find contact report API at '/World/envs/env_687/robot_a/joints/imu'
2026-10-02T10:32:05Z [43,751ms] [Warning] [omni.physx.tensors.plugin] Failed to find contact report API at '/World/envs/env_688/robot_a/joints/imu'
2026-10-02T10:32:05Z [43,751ms] [Warning] [omni.physx.tensors.plugin] Failed to find contact report API at '/World/envs/env_689/robot_a/joints/imu'
2026-10-02T10:32:05Z [43,751ms] [Warning] [omni.physx.tensors.plugin] Failed to find contact report API at '/World/envs/env_690/robot_a/joints/imu'
2026-10-02T10:32:05Z [43,752ms] [Warning] [omni.physx.tensors.plugin] Failed to find contact report API at '/World/envs/env_691/robot_a/joints/imu'
2026-10-02T10:32:05Z [43,752ms] [Warning] [omni.physx.tensors.plugin] Failed to find contact report API at '/World/envs/env_692/robot_a/joints/imu'
2026-10-02T10:32:05Z [43,752ms] [Warning] [omni.physx.tensors.plugin] Failed to find contact report API at '/World/envs/env_693/robot_a/joints/imu'
2026-10-02T10:32:05Z [43,752ms] [Warning] [omni.physx.tensors.plugin] Failed to find contact report API at '/World/envs/env_694/robot_a/joints/imu'
2026-10-02T10:32:05Z [43,752ms] [Warning] [omni.physx.tensors.plugin] Failed to find contact report API at '/World/envs/env_695/robot_a/joints/imu'
2026-10-02T10:32:05Z [43,752ms] [Warning] [omni.physx.tensors.plugin] Failed to find contact report API at '/World/envs/env_696/robot_a/joints/imu'
2026-10-02T10:32:05Z [43,752ms] [Warning] [omni.physx.tensors.plugin] Failed to find contact report API at '/World/envs/env_697/robot_a/joints/imu'
2026-10-02T10:32:05Z [43,752ms] [Warning] [omni.physx.tensors.plugin] Failed to find contact report API at '/World/envs/env_698/robot_a/joints/imu'
2026-10-02T10:32:05Z [43,752ms] [Warning] [omni.physx.tensors.plugin] Failed to find contact report API at '/World/envs/env_699/robot_a/joints/imu'
2026-10-02T10:32:05Z [43,752ms] [Warning] [omni.physx.tensors.plugin] Failed to find contact report API at '/World/envs/env_700/robot_a/joints/imu'
2026-10-02T10:32:05Z [43,752ms] [Warning] [omni.physx.tensors.plugin] Failed to find contact report API at '/World/envs/env_701/robot_a/joints/imu'
2026-10-02T10:32:05Z [43,752ms] [Warning] [omni.physx.tensors.plugin] Failed to find contact report API at '/World/envs/env_702/robot_a/joints/imu'
2026-10-02T10:32:05Z [43,752ms] [Warning] [omni.physx.tensors.plugin] Failed to find contact report API at '/World/envs/env_703/robot_a/joints/imu'
2026-10-02T10:32:05Z [43,752ms] [Warning] [omni.physx.tensors.plugin] Failed to find contact report API at '/World/envs/env_704/robot_a/joints/imu'
2026-10-02T10:32:05Z [43,752ms] [Warning] [omni.physx.tensors.plugin] Failed to find contact report API at '/World/envs/env_705/robot_a/joints/imu'
2026-10-02T10:32:05Z [43,752ms] [Warning] [omni.physx.tensors.plugin] Failed to find contact report API at '/World/envs/env_706/robot_a/joints/imu'
2026-10-02T10:32:05Z [43,752ms] [Warning] [omni.physx.tensors.plugin] Failed to find contact report API at '/World/envs/env_707/robot_a/joints/imu'
2026-10-02T10:32:05Z [43,752ms] [Warning] [omni.physx.tensors.plugin] Failed to find contact report API at '/World/envs/env_708/robot_a/joints/imu'
2026-10-02T10:32:05Z [43,752ms] [Warning] [omni.physx.tensors.plugin] Failed to find contact report API at '/World/envs/env_709/robot_a/joints/imu'
2026-10-02T10:32:05Z [43,752ms] [Warning] [omni.physx.tensors.plugin] Failed to find contact report API at '/World/envs/env_710/robot_a/joints/imu'
2026-10-02T10:32:05Z [43,752ms] [Warning] [omni.physx.tensors.plugin] Failed to find contact report API at '/World/envs/env_711/robot_a/joints/imu'
2026-10-02T10:32:05Z [43,752ms] [Warning] [omni.physx.tensors.plugin] Failed to find contact report API at '/World/envs/env_712/robot_a/joints/imu'
2026-10-02T10:32:05Z [43,752ms] [Warning] [omni.physx.tensors.plugin] Failed to find contact report API at '/World/envs/env_713/robot_a/joints/imu'
2026-10-02T10:32:05Z [43,752ms] [Warning] [omni.physx.tensors.plugin] Failed to find contact report API at '/World/envs/env_714/robot_a/joints/imu'
2026-10-02T10:32:05Z [43,752ms] [Warning] [omni.physx.tensors.plugin] Failed to find contact report API at '/World/envs/env_715/robot_a/joints/imu'
2026-10-02T10:32:05Z [43,752ms] [Warning] [omni.physx.tensors.plugin] Failed to find contact report API at '/World/envs/env_716/robot_a/joints/imu'
2026-10-02T10:32:05Z [43,752ms] [Warning] [omni.physx.tensors.plugin] Failed to find contact report API at '/World/envs/env_717/robot_a/joints/imu'
2026-10-02T10:32:05Z [43,752ms] [Warning] [omni.physx.tensors.plugin] Failed to find contact report API at '/World/envs/env_718/robot_a/joints/imu'
2026-10-02T10:32:05Z [43,752ms] [Warning] [omni.physx.tensors.plugin] Failed to find contact report API at '/World/envs/env_719/robot_a/joints/imu'
2026-10-02T10:32:05Z [43,752ms] [Warning] [omni.physx.tensors.plugin] Failed to find contact report API at '/World/envs/env_720/robot_a/joints/imu'
2026-10-02T10:32:05Z [43,752ms] [Warning] [omni.physx.tensors.plugin] Failed to find contact report API at '/World/envs/env_721/robot_a/joints/imu'
2026-10-02T10:32:05Z [43,752ms] [Warning] [omni.physx.tensors.plugin] Failed to find contact report API at '/World/envs/env_722/robot_a/joints/imu'
2026-10-02T10:32:05Z [43,752ms] [Warning] [omni.physx.tensors.plugin] Failed to find contact report API at '/World/envs/env_723/robot_a/joints/imu'
2026-10-02T10:32:05Z [43,752ms] [Warning] [omni.physx.tensors.plugin] Failed to find contact report API at '/World/envs/env_724/robot_a/joints/imu'
2026-10-02T10:32:05Z [43,752ms] [Warning] [omni.physx.tensors.plugin] Failed to find contact report API at '/World/envs/env_725/robot_a/joints/imu'
2026-10-02T10:32:05Z [43,753ms] [Warning] [omni.physx.tensors.plugin] Failed to find contact report API at '/World/envs/env_726/robot_a/joints/imu'
2026-10-02T10:32:05Z [43,753ms] [Warning] [omni.physx.tensors.plugin] Failed to find contact report API at '/World/envs/env_727/robot_a/joints/imu'
2026-10-02T10:32:05Z [43,753ms] [Warning] [omni.physx.tensors.plugin] Failed to find contact report API at '/World/envs/env_728/robot_a/joints/imu'
2026-10-02T10:32:05Z [43,753ms] [Warning] [omni.physx.tensors.plugin] Failed to find contact report API at '/World/envs/env_729/robot_a/joints/imu'
2026-10-02T10:32:05Z [43,753ms] [Warning] [omni.physx.tensors.plugin] Failed to find contact report API at '/World/envs/env_730/robot_a/joints/imu'
2026-10-02T10:32:05Z [43,753ms] [Warning] [omni.physx.tensors.plugin] Failed to find contact report API at '/World/envs/env_731/robot_a/joints/imu'
2026-10-02T10:32:05Z [43,753ms] [Warning] [omni.physx.tensors.plugin] Failed to find contact report API at '/World/envs/env_732/robot_a/joints/imu'
2026-10-02T10:32:05Z [43,753ms] [Warning] [omni.physx.tensors.plugin] Failed to find contact report API at '/World/envs/env_733/robot_a/joints/imu'
2026-10-02T10:32:05Z [43,753ms] [Warning] [omni.physx.tensors.plugin] Failed to find contact report API at '/World/envs/env_734/robot_a/joints/imu'
2026-10-02T10:32:05Z [43,753ms] [Warning] [omni.physx.tensors.plugin] Failed to find contact report API at '/World/envs/env_735/robot_a/joints/imu'
2026-10-02T10:32:05Z [43,753ms] [Warning] [omni.physx.tensors.plugin] Failed to find contact report API at '/World/envs/env_736/robot_a/joints/imu'
2026-10-02T10:32:05Z [43,753ms] [Warning] [omni.physx.tensors.plugin] Failed to find contact report API at '/World/envs/env_737/robot_a/joints/imu'
2026-10-02T10:32:05Z [43,753ms] [Warning] [omni.physx.tensors.plugin] Failed to find contact report API at '/World/envs/env_738/robot_a/joints/imu'
2026-10-02T10:32:05Z [43,753ms] [Warning] [omni.physx.tensors.plugin] Failed to find contact report API at '/World/envs/env_739/robot_a/joints/imu'
2026-10-02T10:32:05Z [43,753ms] [Warning] [omni.physx.tensors.plugin] Failed to find contact report API at '/World/envs/env_740/robot_a/joints/imu'
2026-10-02T10:32:05Z [43,753ms] [Warning] [omni.physx.tensors.plugin] Failed to find contact report API at '/World/envs/env_741/robot_a/joints/imu'
2026-10-02T10:32:05Z [43,753ms] [Warning] [omni.physx.tensors.plugin] Failed to find contact report API at '/World/envs/env_742/robot_a/joints/imu'
2026-10-02T10:32:05Z [43,753ms] [Warning] [omni.physx.tensors.plugin] Failed to find contact report API at '/World/envs/env_743/robot_a/joints/imu'
2026-10-02T10:32:05Z [43,753ms] [Warning] [omni.physx.tensors.plugin] Failed to find contact report API at '/World/envs/env_744/robot_a/joints/imu'
2026-10-02T10:32:05Z [43,753ms] [Warning] [omni.physx.tensors.plugin] Failed to find contact report API at '/World/envs/env_745/robot_a/joints/imu'
2026-10-02T10:32:05Z [43,753ms] [Warning] [omni.physx.tensors.plugin] Failed to find contact report API at '/World/envs/env_746/robot_a/joints/imu'
2026-10-02T10:32:05Z [43,753ms] [Warning] [omni.physx.tensors.plugin] Failed to find contact report API at '/World/envs/env_747/robot_a/joints/imu'
2026-10-02T10:32:05Z [43,753ms] [Warning] [omni.physx.tensors.plugin] Failed to find contact report API at '/World/envs/env_748/robot_a/joints/imu'
2026-10-02T10:32:05Z [43,753ms] [Warning] [omni.physx.tensors.plugin] Failed to find contact report API at '/World/envs/env_749/robot_a/joints/imu'
2026-10-02T10:32:05Z [43,753ms] [Warning] [omni.physx.tensors.plugin] Failed to find contact report API at '/World/envs/env_750/robot_a/joints/imu'
2026-10-02T10:32:05Z [43,753ms] [Warning] [omni.physx.tensors.plugin] Failed to find contact report API at '/World/envs/env_751/robot_a/joints/imu'
2026-10-02T10:32:05Z [43,753ms] [Warning] [omni.physx.tensors.plugin] Failed to find contact report API at '/World/envs/env_752/robot_a/joints/imu'
2026-10-02T10:32:05Z [43,753ms] [Warning] [omni.physx.tensors.plugin] Failed to find contact report API at '/World/envs/env_753/robot_a/joints/imu'
2026-10-02T10:32:05Z [43,753ms] [Warning] [omni.physx.tensors.plugin] Failed to find contact report API at '/World/envs/env_754/robot_a/joints/imu'
2026-10-02T10:32:05Z [43,753ms] [Warning] [omni.physx.tensors.plugin] Failed to find contact report API at '/World/envs/env_755/robot_a/joints/imu'
2026-10-02T10:32:05Z [43,753ms] [Warning] [omni.physx.tensors.plugin] Failed to find contact report API at '/World/envs/env_756/robot_a/joints/imu'
2026-10-02T10:32:05Z [43,753ms] [Warning] [omni.physx.tensors.plugin] Failed to find contact report API at '/World/envs/env_757/robot_a/joints/imu'
2026-10-02T10:32:05Z [43,753ms] [Warning] [omni.physx.tensors.plugin] Failed to find contact report API at '/World/envs/env_758/robot_a/joints/imu'
2026-10-02T10:32:05Z [43,753ms] [Warning] [omni.physx.tensors.plugin] Failed to find contact report API at '/World/envs/env_759/robot_a/joints/imu'
2026-10-02T10:32:05Z [43,753ms] [Warning] [omni.physx.tensors.plugin] Failed to find contact report API at '/World/envs/env_760/robot_a/joints/imu'
2026-10-02T10:32:05Z [43,754ms] [Warning] [omni.physx.tensors.plugin] Failed to find contact report API at '/World/envs/env_761/robot_a/joints/imu'
2026-10-02T10:32:05Z [43,754ms] [Warning] [omni.physx.tensors.plugin] Failed to find contact report API at '/World/envs/env_762/robot_a/joints/imu'
2026-10-02T10:32:05Z [43,754ms] [Warning] [omni.physx.tensors.plugin] Failed to find contact report API at '/World/envs/env_763/robot_a/joints/imu'
2026-10-02T10:32:05Z [43,754ms] [Warning] [omni.physx.tensors.plugin] Failed to find contact report API at '/World/envs/env_764/robot_a/joints/imu'
2026-10-02T10:32:05Z [43,754ms] [Warning] [omni.physx.tensors.plugin] Failed to find contact report API at '/World/envs/env_765/robot_a/joints/imu'
2026-10-02T10:32:05Z [43,754ms] [Warning] [omni.physx.tensors.plugin] Failed to find contact report API at '/World/envs/env_766/robot_a/joints/imu'
2026-10-02T10:32:05Z [43,754ms] [Warning] [omni.physx.tensors.plugin] Failed to find contact report API at '/World/envs/env_767/robot_a/joints/imu'
2026-10-02T10:32:05Z [43,754ms] [Warning] [omni.physx.tensors.plugin] Failed to find contact report API at '/World/envs/env_768/robot_a/joints/imu'
2026-10-02T10:32:05Z [43,754ms] [Warning] [omni.physx.tensors.plugin] Failed to find contact report API at '/World/envs/env_769/robot_a/joints/imu'
2026-10-02T10:32:05Z [43,754ms] [Warning] [omni.physx.tensors.plugin] Failed to find contact report API at '/World/envs/env_770/robot_a/joints/imu'
2026-10-02T10:32:05Z [43,754ms] [Warning] [omni.physx.tensors.plugin] Failed to find contact report API at '/World/envs/env_771/robot_a/joints/imu'
2026-10-02T10:32:05Z [43,754ms] [Warning] [omni.physx.tensors.plugin] Failed to find contact report API at '/World/envs/env_772/robot_a/joints/imu'
2026-10-02T10:32:05Z [43,754ms] [Warning] [omni.physx.tensors.plugin] Failed to find contact report API at '/World/envs/env_773/robot_a/joints/imu'
2026-10-02T10:32:05Z [43,754ms] [Warning] [omni.physx.tensors.plugin] Failed to find contact report API at '/World/envs/env_774/robot_a/joints/imu'
2026-10-02T10:32:05Z [43,754ms] [Warning] [omni.physx.tensors.plugin] Failed to find contact report API at '/World/envs/env_775/robot_a/joints/imu'
2026-10-02T10:32:05Z [43,754ms] [Warning] [omni.physx.tensors.plugin] Failed to find contact report API at '/World/envs/env_776/robot_a/joints/imu'
2026-10-02T10:32:05Z [43,754ms] [Warning] [omni.physx.tensors.plugin] Failed to find contact report API at '/World/envs/env_777/robot_a/joints/imu'
2026-10-02T10:32:05Z [43,754ms] [Warning] [omni.physx.tensors.plugin] Failed to find contact report API at '/World/envs/env_778/robot_a/joints/imu'
2026-10-02T10:32:05Z [43,754ms] [Warning] [omni.physx.tensors.plugin] Failed to find contact report API at '/World/envs/env_779/robot_a/joints/imu'
2026-10-02T10:32:05Z [43,754ms] [Warning] [omni.physx.tensors.plugin] Failed to find contact report API at '/World/envs/env_780/robot_a/joints/imu'
2026-10-02T10:32:05Z [43,754ms] [Warning] [omni.physx.tensors.plugin] Failed to find contact report API at '/World/envs/env_781/robot_a/joints/imu'
2026-10-02T10:32:05Z [43,754ms] [Warning] [omni.physx.tensors.plugin] Failed to find contact report API at '/World/envs/env_782/robot_a/joints/imu'
2026-10-02T10:32:05Z [43,754ms] [Warning] [omni.physx.tensors.plugin] Failed to find contact report API at '/World/envs/env_783/robot_a/joints/imu'
2026-10-02T10:32:05Z [43,754ms] [Warning] [omni.physx.tensors.plugin] Failed to find contact report API at '/World/envs/env_784/robot_a/joints/imu'
2026-10-02T10:32:05Z [43,754ms] [Warning] [omni.physx.tensors.plugin] Failed to find contact report API at '/World/envs/env_785/robot_a/joints/imu'
2026-10-02T10:32:05Z [43,754ms] [Warning] [omni.physx.tensors.plugin] Failed to find contact report API at '/World/envs/env_786/robot_a/joints/imu'
2026-10-02T10:32:05Z [43,754ms] [Warning] [omni.physx.tensors.plugin] Failed to find contact report API at '/World/envs/env_787/robot_a/joints/imu'
2026-10-02T10:32:05Z [43,754ms] [Warning] [omni.physx.tensors.plugin] Failed to find contact report API at '/World/envs/env_788/robot_a/joints/imu'
2026-10-02T10:32:05Z [43,754ms] [Warning] [omni.physx.tensors.plugin] Failed to find contact report API at '/World/envs/env_789/robot_a/joints/imu'
2026-10-02T10:32:05Z [43,754ms] [Warning] [omni.physx.tensors.plugin] Failed to find contact report API at '/World/envs/env_790/robot_a/joints/imu'
2026-10-02T10:32:05Z [43,754ms] [Warning] [omni.physx.tensors.plugin] Failed to find contact report API at '/World/envs/env_791/robot_a/joints/imu'
2026-10-02T10:32:05Z [43,754ms] [Warning] [omni.physx.tensors.plugin] Failed to find contact report API at '/World/envs/env_792/robot_a/joints/imu'
2026-10-02T10:32:05Z [43,754ms] [Warning] [omni.physx.tensors.plugin] Failed to find contact report API at '/World/envs/env_793/robot_a/joints/imu'
2026-10-02T10:32:05Z [43,754ms] [Warning] [omni.physx.tensors.plugin] Failed to find contact report API at '/World/envs/env_794/robot_a/joints/imu'
2026-10-02T10:32:05Z [43,754ms] [Warning] [omni.physx.tensors.plugin] Failed to find contact report API at '/World/envs/env_795/robot_a/joints/imu'
2026-10-02T10:32:05Z [43,754ms] [Warning] [omni.physx.tensors.plugin] Failed to find contact report API at '/World/envs/env_796/robot_a/joints/imu'
2026-10-02T10:32:05Z [43,755ms] [Warning] [omni.physx.tensors.plugin] Failed to find contact report API at '/World/envs/env_797/robot_a/joints/imu'
2026-10-02T10:32:05Z [43,755ms] [Warning] [omni.physx.tensors.plugin] Failed to find contact report API at '/World/envs/env_798/robot_a/joints/imu'
2026-10-02T10:32:05Z [43,755ms] [Warning] [omni.physx.tensors.plugin] Failed to find contact report API at '/World/envs/env_799/robot_a/joints/imu'
2026-10-02T10:32:05Z [43,755ms] [Warning] [omni.physx.tensors.plugin] Failed to find contact report API at '/World/envs/env_800/robot_a/joints/imu'
2026-10-02T10:32:05Z [43,755ms] [Warning] [omni.physx.tensors.plugin] Failed to find contact report API at '/World/envs/env_801/robot_a/joints/imu'
2026-10-02T10:32:05Z [43,755ms] [Warning] [omni.physx.tensors.plugin] Failed to find contact report API at '/World/envs/env_802/robot_a/joints/imu'
2026-10-02T10:32:05Z [43,755ms] [Warning] [omni.physx.tensors.plugin] Failed to find contact report API at '/World/envs/env_803/robot_a/joints/imu'
2026-10-02T10:32:05Z [43,755ms] [Warning] [omni.physx.tensors.plugin] Failed to find contact report API at '/World/envs/env_804/robot_a/joints/imu'
2026-10-02T10:32:05Z [43,755ms] [Warning] [omni.physx.tensors.plugin] Failed to find contact report API at '/World/envs/env_805/robot_a/joints/imu'
2026-10-02T10:32:05Z [43,755ms] [Warning] [omni.physx.tensors.plugin] Failed to find contact report API at '/World/envs/env_806/robot_a/joints/imu'
2026-10-02T10:32:05Z [43,755ms] [Warning] [omni.physx.tensors.plugin] Failed to find contact report API at '/World/envs/env_807/robot_a/joints/imu'
2026-10-02T10:32:05Z [43,755ms] [Warning] [omni.physx.tensors.plugin] Failed to find contact report API at '/World/envs/env_808/robot_a/joints/imu'
2026-10-02T10:32:05Z [43,755ms] [Warning] [omni.physx.tensors.plugin] Failed to find contact report API at '/World/envs/env_809/robot_a/joints/imu'
2026-10-02T10:32:05Z [43,755ms] [Warning] [omni.physx.tensors.plugin] Failed to find contact report API at '/World/envs/env_810/robot_a/joints/imu'
2026-10-02T10:32:05Z [43,755ms] [Warning] [omni.physx.tensors.plugin] Failed to find contact report API at '/World/envs/env_811/robot_a/joints/imu'
2026-10-02T10:32:05Z [43,755ms] [Warning] [omni.physx.tensors.plugin] Failed to find contact report API at '/World/envs/env_812/robot_a/joints/imu'
2026-10-02T10:32:05Z [43,755ms] [Warning] [omni.physx.tensors.plugin] Failed to find contact report API at '/World/envs/env_813/robot_a/joints/imu'
2026-10-02T10:32:05Z [43,755ms] [Warning] [omni.physx.tensors.plugin] Failed to find contact report API at '/World/envs/env_814/robot_a/joints/imu'
2026-10-02T10:32:05Z [43,755ms] [Warning] [omni.physx.tensors.plugin] Failed to find contact report API at '/World/envs/env_815/robot_a/joints/imu'
2026-10-02T10:32:05Z [43,755ms] [Warning] [omni.physx.tensors.plugin] Failed to find contact report API at '/World/envs/env_816/robot_a/joints/imu'
2026-10-02T10:32:05Z [43,755ms] [Warning] [omni.physx.tensors.plugin] Failed to find contact report API at '/World/envs/env_817/robot_a/joints/imu'
2026-10-02T10:32:05Z [43,755ms] [Warning] [omni.physx.tensors.plugin] Failed to find contact report API at '/World/envs/env_818/robot_a/joints/imu'
2026-10-02T10:32:05Z [43,755ms] [Warning] [omni.physx.tensors.plugin] Failed to find contact report API at '/World/envs/env_819/robot_a/joints/imu'
2026-10-02T10:32:05Z [43,755ms] [Warning] [omni.physx.tensors.plugin] Failed to find contact report API at '/World/envs/env_820/robot_a/joints/imu'
2026-10-02T10:32:05Z [43,755ms] [Warning] [omni.physx.tensors.plugin] Failed to find contact report API at '/World/envs/env_821/robot_a/joints/imu'
2026-10-02T10:32:05Z [43,755ms] [Warning] [omni.physx.tensors.plugin] Failed to find contact report API at '/World/envs/env_822/robot_a/joints/imu'
2026-10-02T10:32:05Z [43,755ms] [Warning] [omni.physx.tensors.plugin] Failed to find contact report API at '/World/envs/env_823/robot_a/joints/imu'
2026-10-02T10:32:05Z [43,755ms] [Warning] [omni.physx.tensors.plugin] Failed to find contact report API at '/World/envs/env_824/robot_a/joints/imu'
2026-10-02T10:32:05Z [43,755ms] [Warning] [omni.physx.tensors.plugin] Failed to find contact report API at '/World/envs/env_825/robot_a/joints/imu'
2026-10-02T10:32:05Z [43,755ms] [Warning] [omni.physx.tensors.plugin] Failed to find contact report API at '/World/envs/env_826/robot_a/joints/imu'
2026-10-02T10:32:05Z [43,755ms] [Warning] [omni.physx.tensors.plugin] Failed to find contact report API at '/World/envs/env_827/robot_a/joints/imu'
2026-10-02T10:32:05Z [43,755ms] [Warning] [omni.physx.tensors.plugin] Failed to find contact report API at '/World/envs/env_828/robot_a/joints/imu'
2026-10-02T10:32:05Z [43,755ms] [Warning] [omni.physx.tensors.plugin] Failed to find contact report API at '/World/envs/env_829/robot_a/joints/imu'
2026-10-02T10:32:05Z [43,755ms] [Warning] [omni.physx.tensors.plugin] Failed to find contact report API at '/World/envs/env_830/robot_a/joints/imu'
2026-10-02T10:32:05Z [43,755ms] [Warning] [omni.physx.tensors.plugin] Failed to find contact report API at '/World/envs/env_831/robot_a/joints/imu'
2026-10-02T10:32:05Z [43,755ms] [Warning] [omni.physx.tensors.plugin] Failed to find contact report API at '/World/envs/env_832/robot_a/joints/imu'
2026-10-02T10:32:05Z [43,755ms] [Warning] [omni.physx.tensors.plugin] Failed to find contact report API at '/World/envs/env_833/robot_a/joints/imu'
2026-10-02T10:32:05Z [43,756ms] [Warning] [omni.physx.tensors.plugin] Failed to find contact report API at '/World/envs/env_834/robot_a/joints/imu'
2026-10-02T10:32:05Z [43,756ms] [Warning] [omni.physx.tensors.plugin] Failed to find contact report API at '/World/envs/env_835/robot_a/joints/imu'
2026-10-02T10:32:05Z [43,756ms] [Warning] [omni.physx.tensors.plugin] Failed to find contact report API at '/World/envs/env_836/robot_a/joints/imu'
2026-10-02T10:32:05Z [43,756ms] [Warning] [omni.physx.tensors.plugin] Failed to find contact report API at '/World/envs/env_837/robot_a/joints/imu'
2026-10-02T10:32:05Z [43,756ms] [Warning] [omni.physx.tensors.plugin] Failed to find contact report API at '/World/envs/env_838/robot_a/joints/imu'
2026-10-02T10:32:05Z [43,756ms] [Warning] [omni.physx.tensors.plugin] Failed to find contact report API at '/World/envs/env_839/robot_a/joints/imu'
2026-10-02T10:32:05Z [43,756ms] [Warning] [omni.physx.tensors.plugin] Failed to find contact report API at '/World/envs/env_840/robot_a/joints/imu'
2026-10-02T10:32:05Z [43,756ms] [Warning] [omni.physx.tensors.plugin] Failed to find contact report API at '/World/envs/env_841/robot_a/joints/imu'
2026-10-02T10:32:05Z [43,756ms] [Warning] [omni.physx.tensors.plugin] Failed to find contact report API at '/World/envs/env_842/robot_a/joints/imu'
2026-10-02T10:32:05Z [43,756ms] [Warning] [omni.physx.tensors.plugin] Failed to find contact report API at '/World/envs/env_843/robot_a/joints/imu'
2026-10-02T10:32:05Z [43,756ms] [Warning] [omni.physx.tensors.plugin] Failed to find contact report API at '/World/envs/env_844/robot_a/joints/imu'
2026-10-02T10:32:05Z [43,756ms] [Warning] [omni.physx.tensors.plugin] Failed to find contact report API at '/World/envs/env_845/robot_a/joints/imu'
2026-10-02T10:32:05Z [43,756ms] [Warning] [omni.physx.tensors.plugin] Failed to find contact report API at '/World/envs/env_846/robot_a/joints/imu'
2026-10-02T10:32:05Z [43,756ms] [Warning] [omni.physx.tensors.plugin] Failed to find contact report API at '/World/envs/env_847/robot_a/joints/imu'
2026-10-02T10:32:05Z [43,756ms] [Warning] [omni.physx.tensors.plugin] Failed to find contact report API at '/World/envs/env_848/robot_a/joints/imu'
2026-10-02T10:32:05Z [43,756ms] [Warning] [omni.physx.tensors.plugin] Failed to find contact report API at '/World/envs/env_849/robot_a/joints/imu'
2026-10-02T10:32:05Z [43,756ms] [Warning] [omni.physx.tensors.plugin] Failed to find contact report API at '/World/envs/env_850/robot_a/joints/imu'
2026-10-02T10:32:05Z [43,756ms] [Warning] [omni.physx.tensors.plugin] Failed to find contact report API at '/World/envs/env_851/robot_a/joints/imu'
2026-10-02T10:32:05Z [43,756ms] [Warning] [omni.physx.tensors.plugin] Failed to find contact report API at '/World/envs/env_852/robot_a/joints/imu'
2026-10-02T10:32:05Z [43,756ms] [Warning] [omni.physx.tensors.plugin] Failed to find contact report API at '/World/envs/env_853/robot_a/joints/imu'
2026-10-02T10:32:05Z [43,756ms] [Warning] [omni.physx.tensors.plugin] Failed to find contact report API at '/World/envs/env_854/robot_a/joints/imu'
2026-10-02T10:32:05Z [43,756ms] [Warning] [omni.physx.tensors.plugin] Failed to find contact report API at '/World/envs/env_855/robot_a/joints/imu'
2026-10-02T10:32:05Z [43,756ms] [Warning] [omni.physx.tensors.plugin] Failed to find contact report API at '/World/envs/env_856/robot_a/joints/imu'
2026-10-02T10:32:05Z [43,756ms] [Warning] [omni.physx.tensors.plugin] Failed to find contact report API at '/World/envs/env_857/robot_a/joints/imu'
2026-10-02T10:32:05Z [43,756ms] [Warning] [omni.physx.tensors.plugin] Failed to find contact report API at '/World/envs/env_858/robot_a/joints/imu'
2026-10-02T10:32:05Z [43,756ms] [Warning] [omni.physx.tensors.plugin] Failed to find contact report API at '/World/envs/env_859/robot_a/joints/imu'
2026-10-02T10:32:05Z [43,756ms] [Warning] [omni.physx.tensors.plugin] Failed to find contact report API at '/World/envs/env_860/robot_a/joints/imu'
2026-10-02T10:32:05Z [43,756ms] [Warning] [omni.physx.tensors.plugin] Failed to find contact report API at '/World/envs/env_861/robot_a/joints/imu'
2026-10-02T10:32:05Z [43,756ms] [Warning] [omni.physx.tensors.plugin] Failed to find contact report API at '/World/envs/env_862/robot_a/joints/imu'
2026-10-02T10:32:05Z [43,756ms] [Warning] [omni.physx.tensors.plugin] Failed to find contact report API at '/World/envs/env_863/robot_a/joints/imu'
2026-10-02T10:32:05Z [43,756ms] [Warning] [omni.physx.tensors.plugin] Failed to find contact report API at '/World/envs/env_864/robot_a/joints/imu'
2026-10-02T10:32:05Z [43,756ms] [Warning] [omni.physx.tensors.plugin] Failed to find contact report API at '/World/envs/env_865/robot_a/joints/imu'
2026-10-02T10:32:05Z [43,756ms] [Warning] [omni.physx.tensors.plugin] Failed to find contact report API at '/World/envs/env_866/robot_a/joints/imu'
2026-10-02T10:32:05Z [43,756ms] [Warning] [omni.physx.tensors.plugin] Failed to find contact report API at '/World/envs/env_867/robot_a/joints/imu'
2026-10-02T10:32:05Z [43,756ms] [Warning] [omni.physx.tensors.plugin] Failed to find contact report API at '/World/envs/env_868/robot_a/joints/imu'
2026-10-02T10:32:05Z [43,756ms] [Warning] [omni.physx.tensors.plugin] Failed to find contact report API at '/World/envs/env_869/robot_a/joints/imu'
2026-10-02T10:32:05Z [43,756ms] [Warning] [omni.physx.tensors.plugin] Failed to find contact report API at '/World/envs/env_870/robot_a/joints/imu'
2026-10-02T10:32:05Z [43,757ms] [Warning] [omni.physx.tensors.plugin] Failed to find contact report API at '/World/envs/env_871/robot_a/joints/imu'
2026-10-02T10:32:05Z [43,757ms] [Warning] [omni.physx.tensors.plugin] Failed to find contact report API at '/World/envs/env_872/robot_a/joints/imu'
2026-10-02T10:32:05Z [43,757ms] [Warning] [omni.physx.tensors.plugin] Failed to find contact report API at '/World/envs/env_873/robot_a/joints/imu'
2026-10-02T10:32:05Z [43,757ms] [Warning] [omni.physx.tensors.plugin] Failed to find contact report API at '/World/envs/env_874/robot_a/joints/imu'
2026-10-02T10:32:05Z [43,757ms] [Warning] [omni.physx.tensors.plugin] Failed to find contact report API at '/World/envs/env_875/robot_a/joints/imu'
2026-10-02T10:32:05Z [43,757ms] [Warning] [omni.physx.tensors.plugin] Failed to find contact report API at '/World/envs/env_876/robot_a/joints/imu'
2026-10-02T10:32:05Z [43,757ms] [Warning] [omni.physx.tensors.plugin] Failed to find contact report API at '/World/envs/env_877/robot_a/joints/imu'
2026-10-02T10:32:05Z [43,757ms] [Warning] [omni.physx.tensors.plugin] Failed to find contact report API at '/World/envs/env_878/robot_a/joints/imu'
2026-10-02T10:32:05Z [43,757ms] [Warning] [omni.physx.tensors.plugin] Failed to find contact report API at '/World/envs/env_879/robot_a/joints/imu'
2026-10-02T10:32:05Z [43,757ms] [Warning] [omni.physx.tensors.plugin] Failed to find contact report API at '/World/envs/env_880/robot_a/joints/imu'
2026-10-02T10:32:05Z [43,757ms] [Warning] [omni.physx.tensors.plugin] Failed to find contact report API at '/World/envs/env_881/robot_a/joints/imu'
2026-10-02T10:32:05Z [43,757ms] [Warning] [omni.physx.tensors.plugin] Failed to find contact report API at '/World/envs/env_882/robot_a/joints/imu'
2026-10-02T10:32:05Z [43,757ms] [Warning] [omni.physx.tensors.plugin] Failed to find contact report API at '/World/envs/env_883/robot_a/joints/imu'
2026-10-02T10:32:05Z [43,757ms] [Warning] [omni.physx.tensors.plugin] Failed to find contact report API at '/World/envs/env_884/robot_a/joints/imu'
2026-10-02T10:32:05Z [43,757ms] [Warning] [omni.physx.tensors.plugin] Failed to find contact report API at '/World/envs/env_885/robot_a/joints/imu'
2026-10-02T10:32:05Z [43,757ms] [Warning] [omni.physx.tensors.plugin] Failed to find contact report API at '/World/envs/env_886/robot_a/joints/imu'
2026-10-02T10:32:05Z [43,757ms] [Warning] [omni.physx.tensors.plugin] Failed to find contact report API at '/World/envs/env_887/robot_a/joints/imu'
2026-10-02T10:32:05Z [43,757ms] [Warning] [omni.physx.tensors.plugin] Failed to find contact report API at '/World/envs/env_888/robot_a/joints/imu'
2026-10-02T10:32:05Z [43,757ms] [Warning] [omni.physx.tensors.plugin] Failed to find contact report API at '/World/envs/env_889/robot_a/joints/imu'
2026-10-02T10:32:05Z [43,757ms] [Warning] [omni.physx.tensors.plugin] Failed to find contact report API at '/World/envs/env_890/robot_a/joints/imu'
2026-10-02T10:32:05Z [43,757ms] [Warning] [omni.physx.tensors.plugin] Failed to find contact report API at '/World/envs/env_891/robot_a/joints/imu'
2026-10-02T10:32:05Z [43,757ms] [Warning] [omni.physx.tensors.plugin] Failed to find contact report API at '/World/envs/env_892/robot_a/joints/imu'
2026-10-02T10:32:05Z [43,757ms] [Warning] [omni.physx.tensors.plugin] Failed to find contact report API at '/World/envs/env_893/robot_a/joints/imu'
2026-10-02T10:32:05Z [43,757ms] [Warning] [omni.physx.tensors.plugin] Failed to find contact report API at '/World/envs/env_894/robot_a/joints/imu'
2026-10-02T10:32:05Z [43,757ms] [Warning] [omni.physx.tensors.plugin] Failed to find contact report API at '/World/envs/env_895/robot_a/joints/imu'
2026-10-02T10:32:05Z [43,757ms] [Warning] [omni.physx.tensors.plugin] Failed to find contact report API at '/World/envs/env_896/robot_a/joints/imu'
2026-10-02T10:32:05Z [43,757ms] [Warning] [omni.physx.tensors.plugin] Failed to find contact report API at '/World/envs/env_897/robot_a/joints/imu'
2026-10-02T10:32:05Z [43,757ms] [Warning] [omni.physx.tensors.plugin] Failed to find contact report API at '/World/envs/env_898/robot_a/joints/imu'
2026-10-02T10:32:05Z [43,757ms] [Warning] [omni.physx.tensors.plugin] Failed to find contact report API at '/World/envs/env_899/robot_a/joints/imu'
2026-10-02T10:32:05Z [43,757ms] [Warning] [omni.physx.tensors.plugin] Failed to find contact report API at '/World/envs/env_900/robot_a/joints/imu'
2026-10-02T10:32:05Z [43,757ms] [Warning] [omni.physx.tensors.plugin] Failed to find contact report API at '/World/envs/env_901/robot_a/joints/imu'
2026-10-02T10:32:05Z [43,757ms] [Warning] [omni.physx.tensors.plugin] Failed to find contact report API at '/World/envs/env_902/robot_a/joints/imu'
2026-10-02T10:32:05Z [43,757ms] [Warning] [omni.physx.tensors.plugin] Failed to find contact report API at '/World/envs/env_903/robot_a/joints/imu'
2026-10-02T10:32:05Z [43,757ms] [Warning] [omni.physx.tensors.plugin] Failed to find contact report API at '/World/envs/env_904/robot_a/joints/imu'
2026-10-02T10:32:05Z [43,757ms] [Warning] [omni.physx.tensors.plugin] Failed to find contact report API at '/World/envs/env_905/robot_a/joints/imu'
2026-10-02T10:32:05Z [43,757ms] [Warning] [omni.physx.tensors.plugin] Failed to find contact report API at '/World/envs/env_906/robot_a/joints/imu'
2026-10-02T10:32:05Z [43,757ms] [Warning] [omni.physx.tensors.plugin] Failed to find contact report API at '/World/envs/env_907/robot_a/joints/imu'
2026-10-02T10:32:05Z [43,758ms] [Warning] [omni.physx.tensors.plugin] Failed to find contact report API at '/World/envs/env_908/robot_a/joints/imu'
2026-10-02T10:32:05Z [43,758ms] [Warning] [omni.physx.tensors.plugin] Failed to find contact report API at '/World/envs/env_909/robot_a/joints/imu'
2026-10-02T10:32:05Z [43,758ms] [Warning] [omni.physx.tensors.plugin] Failed to find contact report API at '/World/envs/env_910/robot_a/joints/imu'
2026-10-02T10:32:05Z [43,758ms] [Warning] [omni.physx.tensors.plugin] Failed to find contact report API at '/World/envs/env_911/robot_a/joints/imu'
2026-10-02T10:32:05Z [43,758ms] [Warning] [omni.physx.tensors.plugin] Failed to find contact report API at '/World/envs/env_912/robot_a/joints/imu'
2026-10-02T10:32:05Z [43,758ms] [Warning] [omni.physx.tensors.plugin] Failed to find contact report API at '/World/envs/env_913/robot_a/joints/imu'
2026-10-02T10:32:05Z [43,758ms] [Warning] [omni.physx.tensors.plugin] Failed to find contact report API at '/World/envs/env_914/robot_a/joints/imu'
2026-10-02T10:32:05Z [43,758ms] [Warning] [omni.physx.tensors.plugin] Failed to find contact report API at '/World/envs/env_915/robot_a/joints/imu'
2026-10-02T10:32:05Z [43,758ms] [Warning] [omni.physx.tensors.plugin] Failed to find contact report API at '/World/envs/env_916/robot_a/joints/imu'
2026-10-02T10:32:05Z [43,758ms] [Warning] [omni.physx.tensors.plugin] Failed to find contact report API at '/World/envs/env_917/robot_a/joints/imu'
2026-10-02T10:32:05Z [43,758ms] [Warning] [omni.physx.tensors.plugin] Failed to find contact report API at '/World/envs/env_918/robot_a/joints/imu'
2026-10-02T10:32:05Z [43,758ms] [Warning] [omni.physx.tensors.plugin] Failed to find contact report API at '/World/envs/env_919/robot_a/joints/imu'
2026-10-02T10:32:05Z [43,758ms] [Warning] [omni.physx.tensors.plugin] Failed to find contact report API at '/World/envs/env_920/robot_a/joints/imu'
2026-10-02T10:32:05Z [43,758ms] [Warning] [omni.physx.tensors.plugin] Failed to find contact report API at '/World/envs/env_921/robot_a/joints/imu'
2026-10-02T10:32:05Z [43,758ms] [Warning] [omni.physx.tensors.plugin] Failed to find contact report API at '/World/envs/env_922/robot_a/joints/imu'
2026-10-02T10:32:05Z [43,758ms] [Warning] [omni.physx.tensors.plugin] Failed to find contact report API at '/World/envs/env_923/robot_a/joints/imu'
2026-10-02T10:32:05Z [43,758ms] [Warning] [omni.physx.tensors.plugin] Failed to find contact report API at '/World/envs/env_924/robot_a/joints/imu'
2026-10-02T10:32:05Z [43,758ms] [Warning] [omni.physx.tensors.plugin] Failed to find contact report API at '/World/envs/env_925/robot_a/joints/imu'
2026-10-02T10:32:05Z [43,758ms] [Warning] [omni.physx.tensors.plugin] Failed to find contact report API at '/World/envs/env_926/robot_a/joints/imu'
2026-10-02T10:32:05Z [43,758ms] [Warning] [omni.physx.tensors.plugin] Failed to find contact report API at '/World/envs/env_927/robot_a/joints/imu'
2026-10-02T10:32:05Z [43,758ms] [Warning] [omni.physx.tensors.plugin] Failed to find contact report API at '/World/envs/env_928/robot_a/joints/imu'
2026-10-02T10:32:05Z [43,758ms] [Warning] [omni.physx.tensors.plugin] Failed to find contact report API at '/World/envs/env_929/robot_a/joints/imu'
2026-10-02T10:32:05Z [43,758ms] [Warning] [omni.physx.tensors.plugin] Failed to find contact report API at '/World/envs/env_930/robot_a/joints/imu'
2026-10-02T10:32:05Z [43,758ms] [Warning] [omni.physx.tensors.plugin] Failed to find contact report API at '/World/envs/env_931/robot_a/joints/imu'
2026-10-02T10:32:05Z [43,758ms] [Warning] [omni.physx.tensors.plugin] Failed to find contact report API at '/World/envs/env_932/robot_a/joints/imu'
2026-10-02T10:32:05Z [43,758ms] [Warning] [omni.physx.tensors.plugin] Failed to find contact report API at '/World/envs/env_933/robot_a/joints/imu'
2026-10-02T10:32:05Z [43,758ms] [Warning] [omni.physx.tensors.plugin] Failed to find contact report API at '/World/envs/env_934/robot_a/joints/imu'
2026-10-02T10:32:05Z [43,758ms] [Warning] [omni.physx.tensors.plugin] Failed to find contact report API at '/World/envs/env_935/robot_a/joints/imu'
2026-10-02T10:32:05Z [43,758ms] [Warning] [omni.physx.tensors.plugin] Failed to find contact report API at '/World/envs/env_936/robot_a/joints/imu'
2026-10-02T10:32:05Z [43,758ms] [Warning] [omni.physx.tensors.plugin] Failed to find contact report API at '/World/envs/env_937/robot_a/joints/imu'
2026-10-02T10:32:05Z [43,758ms] [Warning] [omni.physx.tensors.plugin] Failed to find contact report API at '/World/envs/env_938/robot_a/joints/imu'
2026-10-02T10:32:05Z [43,758ms] [Warning] [omni.physx.tensors.plugin] Failed to find contact report API at '/World/envs/env_939/robot_a/joints/imu'
2026-10-02T10:32:05Z [43,758ms] [Warning] [omni.physx.tensors.plugin] Failed to find contact report API at '/World/envs/env_940/robot_a/joints/imu'
2026-10-02T10:32:05Z [43,758ms] [Warning] [omni.physx.tensors.plugin] Failed to find contact report API at '/World/envs/env_941/robot_a/joints/imu'
2026-10-02T10:32:05Z [43,758ms] [Warning] [omni.physx.tensors.plugin] Failed to find contact report API at '/World/envs/env_942/robot_a/joints/imu'
2026-10-02T10:32:05Z [43,758ms] [Warning] [omni.physx.tensors.plugin] Failed to find contact report API at '/World/envs/env_943/robot_a/joints/imu'
2026-10-02T10:32:05Z [43,759ms] [Warning] [omni.physx.tensors.plugin] Failed to find contact report API at '/World/envs/env_944/robot_a/joints/imu'
2026-10-02T10:32:05Z [43,759ms] [Warning] [omni.physx.tensors.plugin] Failed to find contact report API at '/World/envs/env_945/robot_a/joints/imu'
2026-10-02T10:32:05Z [43,759ms] [Warning] [omni.physx.tensors.plugin] Failed to find contact report API at '/World/envs/env_946/robot_a/joints/imu'
2026-10-02T10:32:05Z [43,759ms] [Warning] [omni.physx.tensors.plugin] Failed to find contact report API at '/World/envs/env_947/robot_a/joints/imu'
2026-10-02T10:32:05Z [43,759ms] [Warning] [omni.physx.tensors.plugin] Failed to find contact report API at '/World/envs/env_948/robot_a/joints/imu'
2026-10-02T10:32:05Z [43,759ms] [Warning] [omni.physx.tensors.plugin] Failed to find contact report API at '/World/envs/env_949/robot_a/joints/imu'
2026-10-02T10:32:05Z [43,759ms] [Warning] [omni.physx.tensors.plugin] Failed to find contact report API at '/World/envs/env_950/robot_a/joints/imu'
2026-10-02T10:32:05Z [43,759ms] [Warning] [omni.physx.tensors.plugin] Failed to find contact report API at '/World/envs/env_951/robot_a/joints/imu'
2026-10-02T10:32:05Z [43,759ms] [Warning] [omni.physx.tensors.plugin] Failed to find contact report API at '/World/envs/env_952/robot_a/joints/imu'
2026-10-02T10:32:05Z [43,759ms] [Warning] [omni.physx.tensors.plugin] Failed to find contact report API at '/World/envs/env_953/robot_a/joints/imu'
2026-10-02T10:32:05Z [43,759ms] [Warning] [omni.physx.tensors.plugin] Failed to find contact report API at '/World/envs/env_954/robot_a/joints/imu'
2026-10-02T10:32:05Z [43,759ms] [Warning] [omni.physx.tensors.plugin] Failed to find contact report API at '/World/envs/env_955/robot_a/joints/imu'
2026-10-02T10:32:05Z [43,759ms] [Warning] [omni.physx.tensors.plugin] Failed to find contact report API at '/World/envs/env_956/robot_a/joints/imu'
2026-10-02T10:32:05Z [43,759ms] [Warning] [omni.physx.tensors.plugin] Failed to find contact report API at '/World/envs/env_957/robot_a/joints/imu'
2026-10-02T10:32:05Z [43,759ms] [Warning] [omni.physx.tensors.plugin] Failed to find contact report API at '/World/envs/env_958/robot_a/joints/imu'
2026-10-02T10:32:05Z [43,759ms] [Warning] [omni.physx.tensors.plugin] Failed to find contact report API at '/World/envs/env_959/robot_a/joints/imu'
2026-10-02T10:32:05Z [43,759ms] [Warning] [omni.physx.tensors.plugin] Failed to find contact report API at '/World/envs/env_960/robot_a/joints/imu'
2026-10-02T10:32:05Z [43,759ms] [Warning] [omni.physx.tensors.plugin] Failed to find contact report API at '/World/envs/env_961/robot_a/joints/imu'
2026-10-02T10:32:05Z [43,759ms] [Warning] [omni.physx.tensors.plugin] Failed to find contact report API at '/World/envs/env_962/robot_a/joints/imu'
2026-10-02T10:32:05Z [43,759ms] [Warning] [omni.physx.tensors.plugin] Failed to find contact report API at '/World/envs/env_963/robot_a/joints/imu'
2026-10-02T10:32:05Z [43,759ms] [Warning] [omni.physx.tensors.plugin] Failed to find contact report API at '/World/envs/env_964/robot_a/joints/imu'
2026-10-02T10:32:05Z [43,759ms] [Warning] [omni.physx.tensors.plugin] Failed to find contact report API at '/World/envs/env_965/robot_a/joints/imu'
2026-10-02T10:32:05Z [43,759ms] [Warning] [omni.physx.tensors.plugin] Failed to find contact report API at '/World/envs/env_966/robot_a/joints/imu'
2026-10-02T10:32:05Z [43,759ms] [Warning] [omni.physx.tensors.plugin] Failed to find contact report API at '/World/envs/env_967/robot_a/joints/imu'
2026-10-02T10:32:05Z [43,759ms] [Warning] [omni.physx.tensors.plugin] Failed to find contact report API at '/World/envs/env_968/robot_a/joints/imu'
2026-10-02T10:32:05Z [43,759ms] [Warning] [omni.physx.tensors.plugin] Failed to find contact report API at '/World/envs/env_969/robot_a/joints/imu'
2026-10-02T10:32:05Z [43,759ms] [Warning] [omni.physx.tensors.plugin] Failed to find contact report API at '/World/envs/env_970/robot_a/joints/imu'
2026-10-02T10:32:05Z [43,759ms] [Warning] [omni.physx.tensors.plugin] Failed to find contact report API at '/World/envs/env_971/robot_a/joints/imu'
2026-10-02T10:32:05Z [43,759ms] [Warning] [omni.physx.tensors.plugin] Failed to find contact report API at '/World/envs/env_972/robot_a/joints/imu'
2026-10-02T10:32:05Z [43,759ms] [Warning] [omni.physx.tensors.plugin] Failed to find contact report API at '/World/envs/env_973/robot_a/joints/imu'
2026-10-02T10:32:05Z [43,759ms] [Warning] [omni.physx.tensors.plugin] Failed to find contact report API at '/World/envs/env_974/robot_a/joints/imu'
2026-10-02T10:32:05Z [43,759ms] [Warning] [omni.physx.tensors.plugin] Failed to find contact report API at '/World/envs/env_975/robot_a/joints/imu'
2026-10-02T10:32:05Z [43,759ms] [Warning] [omni.physx.tensors.plugin] Failed to find contact report API at '/World/envs/env_976/robot_a/joints/imu'
2026-10-02T10:32:05Z [43,759ms] [Warning] [omni.physx.tensors.plugin] Failed to find contact report API at '/World/envs/env_977/robot_a/joints/imu'
2026-10-02T10:32:05Z [43,760ms] [Warning] [omni.physx.tensors.plugin] Failed to find contact report API at '/World/envs/env_978/robot_a/joints/imu'
2026-10-02T10:32:05Z [43,760ms] [Warning] [omni.physx.tensors.plugin] Failed to find contact report API at '/World/envs/env_979/robot_a/joints/imu'
2026-10-02T10:32:05Z [43,760ms] [Warning] [omni.physx.tensors.plugin] Failed to find contact report API at '/World/envs/env_980/robot_a/joints/imu'
2026-10-02T10:32:05Z [43,760ms] [Warning] [omni.physx.tensors.plugin] Failed to find contact report API at '/World/envs/env_981/robot_a/joints/imu'
2026-10-02T10:32:05Z [43,760ms] [Warning] [omni.physx.tensors.plugin] Failed to find contact report API at '/World/envs/env_982/robot_a/joints/imu'
2026-10-02T10:32:05Z [43,760ms] [Warning] [omni.physx.tensors.plugin] Failed to find contact report API at '/World/envs/env_983/robot_a/joints/imu'
2026-10-02T10:32:05Z [43,760ms] [Warning] [omni.physx.tensors.plugin] Failed to find contact report API at '/World/envs/env_984/robot_a/joints/imu'
2026-10-02T10:32:05Z [43,760ms] [Warning] [omni.physx.tensors.plugin] Failed to find contact report API at '/World/envs/env_985/robot_a/joints/imu'
2026-10-02T10:32:05Z [43,760ms] [Warning] [omni.physx.tensors.plugin] Failed to find contact report API at '/World/envs/env_986/robot_a/joints/imu'
2026-10-02T10:32:05Z [43,760ms] [Warning] [omni.physx.tensors.plugin] Failed to find contact report API at '/World/envs/env_987/robot_a/joints/imu'
2026-10-02T10:32:05Z [43,760ms] [Warning] [omni.physx.tensors.plugin] Failed to find contact report API at '/World/envs/env_988/robot_a/joints/imu'
2026-10-02T10:32:05Z [43,760ms] [Warning] [omni.physx.tensors.plugin] Failed to find contact report API at '/World/envs/env_989/robot_a/joints/imu'
2026-10-02T10:32:05Z [43,760ms] [Warning] [omni.physx.tensors.plugin] Failed to find contact report API at '/World/envs/env_990/robot_a/joints/imu'
2026-10-02T10:32:05Z [43,760ms] [Warning] [omni.physx.tensors.plugin] Failed to find contact report API at '/World/envs/env_991/robot_a/joints/imu'
2026-10-02T10:32:05Z [43,760ms] [Warning] [omni.physx.tensors.plugin] Failed to find contact report API at '/World/envs/env_992/robot_a/joints/imu'
2026-10-02T10:32:05Z [43,760ms] [Warning] [omni.physx.tensors.plugin] Failed to find contact report API at '/World/envs/env_993/robot_a/joints/imu'
2026-10-02T10:32:05Z [43,760ms] [Warning] [omni.physx.tensors.plugin] Failed to find contact report API at '/World/envs/env_994/robot_a/joints/imu'
2026-10-02T10:32:05Z [43,760ms] [Warning] [omni.physx.tensors.plugin] Failed to find contact report API at '/World/envs/env_995/robot_a/joints/imu'
2026-10-02T10:32:05Z [43,760ms] [Warning] [omni.physx.tensors.plugin] Failed to find contact report API at '/World/envs/env_996/robot_a/joints/imu'
2026-10-02T10:32:05Z [43,760ms] [Warning] [omni.physx.tensors.plugin] Failed to find contact report API at '/World/envs/env_997/robot_a/joints/imu'
2026-10-02T10:32:05Z [43,760ms] [Warning] [omni.physx.tensors.plugin] Failed to find contact report API at '/World/envs/env_998/robot_a/joints/imu'
2026-10-02T10:32:05Z [43,760ms] [Warning] [omni.physx.tensors.plugin] Failed to find contact report API at '/World/envs/env_999/robot_a/joints/imu'
2026-10-02T10:32:05Z [43,760ms] [Warning] [omni.physx.tensors.plugin] Failed to find contact report API at '/World/envs/env_1000/robot_a/joints/imu'
2026-10-02T10:32:05Z [43,760ms] [Warning] [omni.physx.tensors.plugin] Failed to find contact report API at '/World/envs/env_1001/robot_a/joints/imu'
2026-10-02T10:32:05Z [43,760ms] [Warning] [omni.physx.tensors.plugin] Failed to find contact report API at '/World/envs/env_1002/robot_a/joints/imu'
2026-10-02T10:32:05Z [43,760ms] [Warning] [omni.physx.tensors.plugin] Failed to find contact report API at '/World/envs/env_1003/robot_a/joints/imu'
2026-10-02T10:32:05Z [43,760ms] [Warning] [omni.physx.tensors.plugin] Failed to find contact report API at '/World/envs/env_1004/robot_a/joints/imu'
2026-10-02T10:32:05Z [43,760ms] [Warning] [omni.physx.tensors.plugin] Failed to find contact report API at '/World/envs/env_1005/robot_a/joints/imu'
2026-10-02T10:32:05Z [43,760ms] [Warning] [omni.physx.tensors.plugin] Failed to find contact report API at '/World/envs/env_1006/robot_a/joints/imu'
2026-10-02T10:32:05Z [43,760ms] [Warning] [omni.physx.tensors.plugin] Failed to find contact report API at '/World/envs/env_1007/robot_a/joints/imu'
2026-10-02T10:32:05Z [43,760ms] [Warning] [omni.physx.tensors.plugin] Failed to find contact report API at '/World/envs/env_1008/robot_a/joints/imu'
2026-10-02T10:32:05Z [43,760ms] [Warning] [omni.physx.tensors.plugin] Failed to find contact report API at '/World/envs/env_1009/robot_a/joints/imu'
2026-10-02T10:32:05Z [43,760ms] [Warning] [omni.physx.tensors.plugin] Failed to find contact report API at '/World/envs/env_1010/robot_a/joints/imu'
2026-10-02T10:32:05Z [43,761ms] [Warning] [omni.physx.tensors.plugin] Failed to find contact report API at '/World/envs/env_1011/robot_a/joints/imu'
2026-10-02T10:32:05Z [43,761ms] [Warning] [omni.physx.tensors.plugin] Failed to find contact report API at '/World/envs/env_1012/robot_a/joints/imu'
2026-10-02T10:32:05Z [43,761ms] [Warning] [omni.physx.tensors.plugin] Failed to find contact report API at '/World/envs/env_1013/robot_a/joints/imu'
2026-10-02T10:32:05Z [43,761ms] [Warning] [omni.physx.tensors.plugin] Failed to find contact report API at '/World/envs/env_1014/robot_a/joints/imu'
2026-10-02T10:32:05Z [43,761ms] [Warning] [omni.physx.tensors.plugin] Failed to find contact report API at '/World/envs/env_1015/robot_a/joints/imu'
2026-10-02T10:32:05Z [43,761ms] [Warning] [omni.physx.tensors.plugin] Failed to find contact report API at '/World/envs/env_1016/robot_a/joints/imu'
2026-10-02T10:32:05Z [43,761ms] [Warning] [omni.physx.tensors.plugin] Failed to find contact report API at '/World/envs/env_1017/robot_a/joints/imu'
2026-10-02T10:32:05Z [43,761ms] [Warning] [omni.physx.tensors.plugin] Failed to find contact report API at '/World/envs/env_1018/robot_a/joints/imu'
2026-10-02T10:32:05Z [43,761ms] [Warning] [omni.physx.tensors.plugin] Failed to find contact report API at '/World/envs/env_1019/robot_a/joints/imu'
2026-10-02T10:32:05Z [43,761ms] [Warning] [omni.physx.tensors.plugin] Failed to find contact report API at '/World/envs/env_1020/robot_a/joints/imu'
2026-10-02T10:32:05Z [43,761ms] [Warning] [omni.physx.tensors.plugin] Failed to find contact report API at '/World/envs/env_1021/robot_a/joints/imu'
2026-10-02T10:32:05Z [43,761ms] [Warning] [omni.physx.tensors.plugin] Failed to find contact report API at '/World/envs/env_1022/robot_a/joints/imu'
2026-10-02T10:32:05Z [43,761ms] [Warning] [omni.physx.tensors.plugin] Failed to find contact report API at '/World/envs/env_1023/robot_a/joints/imu'
2026-10-02T10:32:05Z [44,123ms] [Warning] [omni.physx.tensors.plugin] Failed to find rigid body at '/World/envs/env_0/robot_b/joints/imu'
2026-10-02T10:32:05Z [44,124ms] [Warning] [omni.physx.tensors.plugin] Failed to find rigid body at '/World/envs/env_1/robot_b/joints/imu'
2026-10-02T10:32:05Z [44,124ms] [Warning] [omni.physx.tensors.plugin] Failed to find rigid body at '/World/envs/env_2/robot_b/joints/imu'
2026-10-02T10:32:05Z [44,124ms] [Warning] [omni.physx.tensors.plugin] Failed to find rigid body at '/World/envs/env_3/robot_b/joints/imu'
2026-10-02T10:32:05Z [44,124ms] [Warning] [omni.physx.tensors.plugin] Failed to find rigid body at '/World/envs/env_4/robot_b/joints/imu'
2026-10-02T10:32:05Z [44,124ms] [Warning] [omni.physx.tensors.plugin] Failed to find rigid body at '/World/envs/env_5/robot_b/joints/imu'
2026-10-02T10:32:05Z [44,124ms] [Warning] [omni.physx.tensors.plugin] Failed to find rigid body at '/World/envs/env_6/robot_b/joints/imu'
2026-10-02T10:32:05Z [44,124ms] [Warning] [omni.physx.tensors.plugin] Failed to find rigid body at '/World/envs/env_7/robot_b/joints/imu'
2026-10-02T10:32:05Z [44,124ms] [Warning] [omni.physx.tensors.plugin] Failed to find rigid body at '/World/envs/env_8/robot_b/joints/imu'
2026-10-02T10:32:05Z [44,124ms] [Warning] [omni.physx.tensors.plugin] Failed to find rigid body at '/World/envs/env_9/robot_b/joints/imu'
2026-10-02T10:32:05Z [44,124ms] [Warning] [omni.physx.tensors.plugin] Failed to find rigid body at '/World/envs/env_10/robot_b/joints/imu'
2026-10-02T10:32:05Z [44,124ms] [Warning] [omni.physx.tensors.plugin] Failed to find rigid body at '/World/envs/env_11/robot_b/joints/imu'
2026-10-02T10:32:05Z [44,124ms] [Warning] [omni.physx.tensors.plugin] Failed to find rigid body at '/World/envs/env_12/robot_b/joints/imu'
2026-10-02T10:32:05Z [44,124ms] [Warning] [omni.physx.tensors.plugin] Failed to find rigid body at '/World/envs/env_13/robot_b/joints/imu'
2026-10-02T10:32:05Z [44,124ms] [Warning] [omni.physx.tensors.plugin] Failed to find rigid body at '/World/envs/env_14/robot_b/joints/imu'
2026-10-02T10:32:05Z [44,124ms] [Warning] [omni.physx.tensors.plugin] Failed to find rigid body at '/World/envs/env_15/robot_b/joints/imu'
2026-10-02T10:32:05Z [44,124ms] [Warning] [omni.physx.tensors.plugin] Failed to find rigid body at '/World/envs/env_16/robot_b/joints/imu'
2026-10-02T10:32:05Z [44,124ms] [Warning] [omni.physx.tensors.plugin] Failed to find rigid body at '/World/envs/env_17/robot_b/joints/imu'
2026-10-02T10:32:05Z [44,124ms] [Warning] [omni.physx.tensors.plugin] Failed to find rigid body at '/World/envs/env_18/robot_b/joints/imu'
2026-10-02T10:32:05Z [44,124ms] [Warning] [omni.physx.tensors.plugin] Failed to find rigid body at '/World/envs/env_19/robot_b/joints/imu'
2026-10-02T10:32:05Z [44,124ms] [Warning] [omni.physx.tensors.plugin] Failed to find rigid body at '/World/envs/env_20/robot_b/joints/imu'
2026-10-02T10:32:05Z [44,124ms] [Warning] [omni.physx.tensors.plugin] Failed to find rigid body at '/World/envs/env_21/robot_b/joints/imu'
2026-10-02T10:32:05Z [44,124ms] [Warning] [omni.physx.tensors.plugin] Failed to find rigid body at '/World/envs/env_22/robot_b/joints/imu'
2026-10-02T10:32:05Z [44,124ms] [Warning] [omni.physx.tensors.plugin] Failed to find rigid body at '/World/envs/env_23/robot_b/joints/imu'
2026-10-02T10:32:05Z [44,124ms] [Warning] [omni.physx.tensors.plugin] Failed to find rigid body at '/World/envs/env_24/robot_b/joints/imu'
2026-10-02T10:32:05Z [44,124ms] [Warning] [omni.physx.tensors.plugin] Failed to find rigid body at '/World/envs/env_25/robot_b/joints/imu'
2026-10-02T10:32:05Z [44,124ms] [Warning] [omni.physx.tensors.plugin] Failed to find rigid body at '/World/envs/env_26/robot_b/joints/imu'
2026-10-02T10:32:05Z [44,125ms] [Warning] [omni.physx.tensors.plugin] Failed to find rigid body at '/World/envs/env_27/robot_b/joints/imu'
2026-10-02T10:32:05Z [44,125ms] [Warning] [omni.physx.tensors.plugin] Failed to find rigid body at '/World/envs/env_28/robot_b/joints/imu'
2026-10-02T10:32:05Z [44,125ms] [Warning] [omni.physx.tensors.plugin] Failed to find rigid body at '/World/envs/env_29/robot_b/joints/imu'
2026-10-02T10:32:05Z [44,125ms] [Warning] [omni.physx.tensors.plugin] Failed to find rigid body at '/World/envs/env_30/robot_b/joints/imu'
2026-10-02T10:32:05Z [44,125ms] [Warning] [omni.physx.tensors.plugin] Failed to find rigid body at '/World/envs/env_31/robot_b/joints/imu'
2026-10-02T10:32:05Z [44,125ms] [Warning] [omni.physx.tensors.plugin] Failed to find rigid body at '/World/envs/env_32/robot_b/joints/imu'
2026-10-02T10:32:05Z [44,125ms] [Warning] [omni.physx.tensors.plugin] Failed to find rigid body at '/World/envs/env_33/robot_b/joints/imu'
2026-10-02T10:32:05Z [44,125ms] [Warning] [omni.physx.tensors.plugin] Failed to find rigid body at '/World/envs/env_34/robot_b/joints/imu'
2026-10-02T10:32:05Z [44,125ms] [Warning] [omni.physx.tensors.plugin] Failed to find rigid body at '/World/envs/env_35/robot_b/joints/imu'
2026-10-02T10:32:05Z [44,125ms] [Warning] [omni.physx.tensors.plugin] Failed to find rigid body at '/World/envs/env_36/robot_b/joints/imu'
2026-10-02T10:32:05Z [44,125ms] [Warning] [omni.physx.tensors.plugin] Failed to find rigid body at '/World/envs/env_37/robot_b/joints/imu'
2026-10-02T10:32:05Z [44,125ms] [Warning] [omni.physx.tensors.plugin] Failed to find rigid body at '/World/envs/env_38/robot_b/joints/imu'
2026-10-02T10:32:05Z [44,125ms] [Warning] [omni.physx.tensors.plugin] Failed to find rigid body at '/World/envs/env_39/robot_b/joints/imu'
2026-10-02T10:32:05Z [44,125ms] [Warning] [omni.physx.tensors.plugin] Failed to find rigid body at '/World/envs/env_40/robot_b/joints/imu'
2026-10-02T10:32:05Z [44,125ms] [Warning] [omni.physx.tensors.plugin] Failed to find rigid body at '/World/envs/env_41/robot_b/joints/imu'
2026-10-02T10:32:05Z [44,125ms] [Warning] [omni.physx.tensors.plugin] Failed to find rigid body at '/World/envs/env_42/robot_b/joints/imu'
2026-10-02T10:32:05Z [44,125ms] [Warning] [omni.physx.tensors.plugin] Failed to find rigid body at '/World/envs/env_43/robot_b/joints/imu'
2026-10-02T10:32:05Z [44,125ms] [Warning] [omni.physx.tensors.plugin] Failed to find rigid body at '/World/envs/env_44/robot_b/joints/imu'
2026-10-02T10:32:05Z [44,125ms] [Warning] [omni.physx.tensors.plugin] Failed to find rigid body at '/World/envs/env_45/robot_b/joints/imu'
2026-10-02T10:32:05Z [44,125ms] [Warning] [omni.physx.tensors.plugin] Failed to find rigid body at '/World/envs/env_46/robot_b/joints/imu'
2026-10-02T10:32:05Z [44,125ms] [Warning] [omni.physx.tensors.plugin] Failed to find rigid body at '/World/envs/env_47/robot_b/joints/imu'
2026-10-02T10:32:05Z [44,125ms] [Warning] [omni.physx.tensors.plugin] Failed to find rigid body at '/World/envs/env_48/robot_b/joints/imu'
2026-10-02T10:32:05Z [44,125ms] [Warning] [omni.physx.tensors.plugin] Failed to find rigid body at '/World/envs/env_49/robot_b/joints/imu'
2026-10-02T10:32:05Z [44,125ms] [Warning] [omni.physx.tensors.plugin] Failed to find rigid body at '/World/envs/env_50/robot_b/joints/imu'
2026-10-02T10:32:05Z [44,125ms] [Warning] [omni.physx.tensors.plugin] Failed to find rigid body at '/World/envs/env_51/robot_b/joints/imu'
2026-10-02T10:32:05Z [44,125ms] [Warning] [omni.physx.tensors.plugin] Failed to find rigid body at '/World/envs/env_52/robot_b/joints/imu'
2026-10-02T10:32:05Z [44,125ms] [Warning] [omni.physx.tensors.plugin] Failed to find rigid body at '/World/envs/env_53/robot_b/joints/imu'
2026-10-02T10:32:05Z [44,125ms] [Warning] [omni.physx.tensors.plugin] Failed to find rigid body at '/World/envs/env_54/robot_b/joints/imu'
2026-10-02T10:32:05Z [44,125ms] [Warning] [omni.physx.tensors.plugin] Failed to find rigid body at '/World/envs/env_55/robot_b/joints/imu'
2026-10-02T10:32:05Z [44,125ms] [Warning] [omni.physx.tensors.plugin] Failed to find rigid body at '/World/envs/env_56/robot_b/joints/imu'
2026-10-02T10:32:05Z [44,126ms] [Warning] [omni.physx.tensors.plugin] Failed to find rigid body at '/World/envs/env_57/robot_b/joints/imu'
2026-10-02T10:32:05Z [44,126ms] [Warning] [omni.physx.tensors.plugin] Failed to find rigid body at '/World/envs/env_58/robot_b/joints/imu'
2026-10-02T10:32:05Z [44,126ms] [Warning] [omni.physx.tensors.plugin] Failed to find rigid body at '/World/envs/env_59/robot_b/joints/imu'
2026-10-02T10:32:05Z [44,126ms] [Warning] [omni.physx.tensors.plugin] Failed to find rigid body at '/World/envs/env_60/robot_b/joints/imu'
2026-10-02T10:32:05Z [44,126ms] [Warning] [omni.physx.tensors.plugin] Failed to find rigid body at '/World/envs/env_61/robot_b/joints/imu'
2026-10-02T10:32:05Z [44,126ms] [Warning] [omni.physx.tensors.plugin] Failed to find rigid body at '/World/envs/env_62/robot_b/joints/imu'
2026-10-02T10:32:05Z [44,126ms] [Warning] [omni.physx.tensors.plugin] Failed to find rigid body at '/World/envs/env_63/robot_b/joints/imu'
2026-10-02T10:32:05Z [44,126ms] [Warning] [omni.physx.tensors.plugin] Failed to find rigid body at '/World/envs/env_64/robot_b/joints/imu'
2026-10-02T10:32:05Z [44,126ms] [Warning] [omni.physx.tensors.plugin] Failed to find rigid body at '/World/envs/env_65/robot_b/joints/imu'
2026-10-02T10:32:05Z [44,126ms] [Warning] [omni.physx.tensors.plugin] Failed to find rigid body at '/World/envs/env_66/robot_b/joints/imu'
2026-10-02T10:32:05Z [44,126ms] [Warning] [omni.physx.tensors.plugin] Failed to find rigid body at '/World/envs/env_67/robot_b/joints/imu'
2026-10-02T10:32:05Z [44,126ms] [Warning] [omni.physx.tensors.plugin] Failed to find rigid body at '/World/envs/env_68/robot_b/joints/imu'
2026-10-02T10:32:05Z [44,126ms] [Warning] [omni.physx.tensors.plugin] Failed to find rigid body at '/World/envs/env_69/robot_b/joints/imu'
2026-10-02T10:32:05Z [44,126ms] [Warning] [omni.physx.tensors.plugin] Failed to find rigid body at '/World/envs/env_70/robot_b/joints/imu'
2026-10-02T10:32:05Z [44,126ms] [Warning] [omni.physx.tensors.plugin] Failed to find rigid body at '/World/envs/env_71/robot_b/joints/imu'
2026-10-02T10:32:05Z [44,126ms] [Warning] [omni.physx.tensors.plugin] Failed to find rigid body at '/World/envs/env_72/robot_b/joints/imu'
2026-10-02T10:32:05Z [44,126ms] [Warning] [omni.physx.tensors.plugin] Failed to find rigid body at '/World/envs/env_73/robot_b/joints/imu'
2026-10-02T10:32:05Z [44,126ms] [Warning] [omni.physx.tensors.plugin] Failed to find rigid body at '/World/envs/env_74/robot_b/joints/imu'
2026-10-02T10:32:05Z [44,126ms] [Warning] [omni.physx.tensors.plugin] Failed to find rigid body at '/World/envs/env_75/robot_b/joints/imu'
2026-10-02T10:32:05Z [44,126ms] [Warning] [omni.physx.tensors.plugin] Failed to find rigid body at '/World/envs/env_76/robot_b/joints/imu'
2026-10-02T10:32:05Z [44,126ms] [Warning] [omni.physx.tensors.plugin] Failed to find rigid body at '/World/envs/env_77/robot_b/joints/imu'
2026-10-02T10:32:05Z [44,126ms] [Warning] [omni.physx.tensors.plugin] Failed to find rigid body at '/World/envs/env_78/robot_b/joints/imu'
2026-10-02T10:32:05Z [44,126ms] [Warning] [omni.physx.tensors.plugin] Failed to find rigid body at '/World/envs/env_79/robot_b/joints/imu'
2026-10-02T10:32:05Z [44,126ms] [Warning] [omni.physx.tensors.plugin] Failed to find rigid body at '/World/envs/env_80/robot_b/joints/imu'
2026-10-02T10:32:05Z [44,126ms] [Warning] [omni.physx.tensors.plugin] Failed to find rigid body at '/World/envs/env_81/robot_b/joints/imu'
2026-10-02T10:32:05Z [44,126ms] [Warning] [omni.physx.tensors.plugin] Failed to find rigid body at '/World/envs/env_82/robot_b/joints/imu'
2026-10-02T10:32:05Z [44,126ms] [Warning] [omni.physx.tensors.plugin] Failed to find rigid body at '/World/envs/env_83/robot_b/joints/imu'
2026-10-02T10:32:05Z [44,126ms] [Warning] [omni.physx.tensors.plugin] Failed to find rigid body at '/World/envs/env_84/robot_b/joints/imu'
2026-10-02T10:32:05Z [44,126ms] [Warning] [omni.physx.tensors.plugin] Failed to find rigid body at '/World/envs/env_85/robot_b/joints/imu'
2026-10-02T10:32:05Z [44,126ms] [Warning] [omni.physx.tensors.plugin] Failed to find rigid body at '/World/envs/env_86/robot_b/joints/imu'
2026-10-02T10:32:05Z [44,126ms] [Warning] [omni.physx.tensors.plugin] Failed to find rigid body at '/World/envs/env_87/robot_b/joints/imu'
2026-10-02T10:32:05Z [44,126ms] [Warning] [omni.physx.tensors.plugin] Failed to find rigid body at '/World/envs/env_88/robot_b/joints/imu'
2026-10-02T10:32:05Z [44,127ms] [Warning] [omni.physx.tensors.plugin] Failed to find rigid body at '/World/envs/env_89/robot_b/joints/imu'
2026-10-02T10:32:05Z [44,127ms] [Warning] [omni.physx.tensors.plugin] Failed to find rigid body at '/World/envs/env_90/robot_b/joints/imu'
2026-10-02T10:32:05Z [44,127ms] [Warning] [omni.physx.tensors.plugin] Failed to find rigid body at '/World/envs/env_91/robot_b/joints/imu'
2026-10-02T10:32:05Z [44,127ms] [Warning] [omni.physx.tensors.plugin] Failed to find rigid body at '/World/envs/env_92/robot_b/joints/imu'
2026-10-02T10:32:05Z [44,127ms] [Warning] [omni.physx.tensors.plugin] Failed to find rigid body at '/World/envs/env_93/robot_b/joints/imu'
2026-10-02T10:32:05Z [44,127ms] [Warning] [omni.physx.tensors.plugin] Failed to find rigid body at '/World/envs/env_94/robot_b/joints/imu'
2026-10-02T10:32:05Z [44,127ms] [Warning] [omni.physx.tensors.plugin] Failed to find rigid body at '/World/envs/env_95/robot_b/joints/imu'
2026-10-02T10:32:05Z [44,127ms] [Warning] [omni.physx.tensors.plugin] Failed to find rigid body at '/World/envs/env_96/robot_b/joints/imu'
2026-10-02T10:32:05Z [44,127ms] [Warning] [omni.physx.tensors.plugin] Failed to find rigid body at '/World/envs/env_97/robot_b/joints/imu'
2026-10-02T10:32:05Z [44,127ms] [Warning] [omni.physx.tensors.plugin] Failed to find rigid body at '/World/envs/env_98/robot_b/joints/imu'
2026-10-02T10:32:05Z [44,127ms] [Warning] [omni.physx.tensors.plugin] Failed to find rigid body at '/World/envs/env_99/robot_b/joints/imu'
2026-10-02T10:32:05Z [44,127ms] [Warning] [omni.physx.tensors.plugin] Failed to find rigid body at '/World/envs/env_100/robot_b/joints/imu'
2026-10-02T10:32:05Z [44,127ms] [Warning] [omni.physx.tensors.plugin] Failed to find rigid body at '/World/envs/env_101/robot_b/joints/imu'
2026-10-02T10:32:05Z [44,127ms] [Warning] [omni.physx.tensors.plugin] Failed to find rigid body at '/World/envs/env_102/robot_b/joints/imu'
2026-10-02T10:32:05Z [44,127ms] [Warning] [omni.physx.tensors.plugin] Failed to find rigid body at '/World/envs/env_103/robot_b/joints/imu'
2026-10-02T10:32:05Z [44,127ms] [Warning] [omni.physx.tensors.plugin] Failed to find rigid body at '/World/envs/env_104/robot_b/joints/imu'
2026-10-02T10:32:05Z [44,127ms] [Warning] [omni.physx.tensors.plugin] Failed to find rigid body at '/World/envs/env_105/robot_b/joints/imu'
2026-10-02T10:32:05Z [44,127ms] [Warning] [omni.physx.tensors.plugin] Failed to find rigid body at '/World/envs/env_106/robot_b/joints/imu'
2026-10-02T10:32:05Z [44,127ms] [Warning] [omni.physx.tensors.plugin] Failed to find rigid body at '/World/envs/env_107/robot_b/joints/imu'
2026-10-02T10:32:05Z [44,127ms] [Warning] [omni.physx.tensors.plugin] Failed to find rigid body at '/World/envs/env_108/robot_b/joints/imu'
2026-10-02T10:32:05Z [44,127ms] [Warning] [omni.physx.tensors.plugin] Failed to find rigid body at '/World/envs/env_109/robot_b/joints/imu'
2026-10-02T10:32:05Z [44,127ms] [Warning] [omni.physx.tensors.plugin] Failed to find rigid body at '/World/envs/env_110/robot_b/joints/imu'
2026-10-02T10:32:05Z [44,127ms] [Warning] [omni.physx.tensors.plugin] Failed to find rigid body at '/World/envs/env_111/robot_b/joints/imu'
2026-10-02T10:32:05Z [44,127ms] [Warning] [omni.physx.tensors.plugin] Failed to find rigid body at '/World/envs/env_112/robot_b/joints/imu'
2026-10-02T10:32:05Z [44,127ms] [Warning] [omni.physx.tensors.plugin] Failed to find rigid body at '/World/envs/env_113/robot_b/joints/imu'
2026-10-02T10:32:05Z [44,127ms] [Warning] [omni.physx.tensors.plugin] Failed to find rigid body at '/World/envs/env_114/robot_b/joints/imu'
2026-10-02T10:32:05Z [44,127ms] [Warning] [omni.physx.tensors.plugin] Failed to find rigid body at '/World/envs/env_115/robot_b/joints/imu'
2026-10-02T10:32:05Z [44,127ms] [Warning] [omni.physx.tensors.plugin] Failed to find rigid body at '/World/envs/env_116/robot_b/joints/imu'
2026-10-02T10:32:05Z [44,127ms] [Warning] [omni.physx.tensors.plugin] Failed to find rigid body at '/World/envs/env_117/robot_b/joints/imu'
2026-10-02T10:32:05Z [44,127ms] [Warning] [omni.physx.tensors.plugin] Failed to find rigid body at '/World/envs/env_118/robot_b/joints/imu'
2026-10-02T10:32:05Z [44,127ms] [Warning] [omni.physx.tensors.plugin] Failed to find rigid body at '/World/envs/env_119/robot_b/joints/imu'
2026-10-02T10:32:05Z [44,127ms] [Warning] [omni.physx.tensors.plugin] Failed to find rigid body at '/World/envs/env_120/robot_b/joints/imu'
2026-10-02T10:32:05Z [44,127ms] [Warning] [omni.physx.tensors.plugin] Failed to find rigid body at '/World/envs/env_121/robot_b/joints/imu'
2026-10-02T10:32:05Z [44,128ms] [Warning] [omni.physx.tensors.plugin] Failed to find rigid body at '/World/envs/env_122/robot_b/joints/imu'
2026-10-02T10:32:05Z [44,128ms] [Warning] [omni.physx.tensors.plugin] Failed to find rigid body at '/World/envs/env_123/robot_b/joints/imu'
2026-10-02T10:32:05Z [44,128ms] [Warning] [omni.physx.tensors.plugin] Failed to find rigid body at '/World/envs/env_124/robot_b/joints/imu'
2026-10-02T10:32:05Z [44,128ms] [Warning] [omni.physx.tensors.plugin] Failed to find rigid body at '/World/envs/env_125/robot_b/joints/imu'
2026-10-02T10:32:05Z [44,128ms] [Warning] [omni.physx.tensors.plugin] Failed to find rigid body at '/World/envs/env_126/robot_b/joints/imu'
2026-10-02T10:32:05Z [44,128ms] [Warning] [omni.physx.tensors.plugin] Failed to find rigid body at '/World/envs/env_127/robot_b/joints/imu'
2026-10-02T10:32:05Z [44,128ms] [Warning] [omni.physx.tensors.plugin] Failed to find rigid body at '/World/envs/env_128/robot_b/joints/imu'
2026-10-02T10:32:05Z [44,128ms] [Warning] [omni.physx.tensors.plugin] Failed to find rigid body at '/World/envs/env_129/robot_b/joints/imu'
2026-10-02T10:32:05Z [44,128ms] [Warning] [omni.physx.tensors.plugin] Failed to find rigid body at '/World/envs/env_130/robot_b/joints/imu'
2026-10-02T10:32:05Z [44,128ms] [Warning] [omni.physx.tensors.plugin] Failed to find rigid body at '/World/envs/env_131/robot_b/joints/imu'
2026-10-02T10:32:05Z [44,128ms] [Warning] [omni.physx.tensors.plugin] Failed to find rigid body at '/World/envs/env_132/robot_b/joints/imu'
2026-10-02T10:32:05Z [44,128ms] [Warning] [omni.physx.tensors.plugin] Failed to find rigid body at '/World/envs/env_133/robot_b/joints/imu'
2026-10-02T10:32:05Z [44,128ms] [Warning] [omni.physx.tensors.plugin] Failed to find rigid body at '/World/envs/env_134/robot_b/joints/imu'
2026-10-02T10:32:05Z [44,128ms] [Warning] [omni.physx.tensors.plugin] Failed to find rigid body at '/World/envs/env_135/robot_b/joints/imu'
2026-10-02T10:32:05Z [44,128ms] [Warning] [omni.physx.tensors.plugin] Failed to find rigid body at '/World/envs/env_136/robot_b/joints/imu'
2026-10-02T10:32:05Z [44,128ms] [Warning] [omni.physx.tensors.plugin] Failed to find rigid body at '/World/envs/env_137/robot_b/joints/imu'
2026-10-02T10:32:05Z [44,128ms] [Warning] [omni.physx.tensors.plugin] Failed to find rigid body at '/World/envs/env_138/robot_b/joints/imu'
2026-10-02T10:32:05Z [44,128ms] [Warning] [omni.physx.tensors.plugin] Failed to find rigid body at '/World/envs/env_139/robot_b/joints/imu'
2026-10-02T10:32:05Z [44,128ms] [Warning] [omni.physx.tensors.plugin] Failed to find rigid body at '/World/envs/env_140/robot_b/joints/imu'
2026-10-02T10:32:05Z [44,128ms] [Warning] [omni.physx.tensors.plugin] Failed to find rigid body at '/World/envs/env_141/robot_b/joints/imu'
2026-10-02T10:32:05Z [44,128ms] [Warning] [omni.physx.tensors.plugin] Failed to find rigid body at '/World/envs/env_142/robot_b/joints/imu'
2026-10-02T10:32:05Z [44,128ms] [Warning] [omni.physx.tensors.plugin] Failed to find rigid body at '/World/envs/env_143/robot_b/joints/imu'
2026-10-02T10:32:05Z [44,128ms] [Warning] [omni.physx.tensors.plugin] Failed to find rigid body at '/World/envs/env_144/robot_b/joints/imu'
2026-10-02T10:32:05Z [44,128ms] [Warning] [omni.physx.tensors.plugin] Failed to find rigid body at '/World/envs/env_145/robot_b/joints/imu'
2026-10-02T10:32:05Z [44,128ms] [Warning] [omni.physx.tensors.plugin] Failed to find rigid body at '/World/envs/env_146/robot_b/joints/imu'
2026-10-02T10:32:05Z [44,128ms] [Warning] [omni.physx.tensors.plugin] Failed to find rigid body at '/World/envs/env_147/robot_b/joints/imu'
2026-10-02T10:32:05Z [44,128ms] [Warning] [omni.physx.tensors.plugin] Failed to find rigid body at '/World/envs/env_148/robot_b/joints/imu'
2026-10-02T10:32:05Z [44,128ms] [Warning] [omni.physx.tensors.plugin] Failed to find rigid body at '/World/envs/env_149/robot_b/joints/imu'
2026-10-02T10:32:05Z [44,128ms] [Warning] [omni.physx.tensors.plugin] Failed to find rigid body at '/World/envs/env_150/robot_b/joints/imu'
2026-10-02T10:32:05Z [44,128ms] [Warning] [omni.physx.tensors.plugin] Failed to find rigid body at '/World/envs/env_151/robot_b/joints/imu'
2026-10-02T10:32:05Z [44,129ms] [Warning] [omni.physx.tensors.plugin] Failed to find rigid body at '/World/envs/env_152/robot_b/joints/imu'
2026-10-02T10:32:05Z [44,129ms] [Warning] [omni.physx.tensors.plugin] Failed to find rigid body at '/World/envs/env_153/robot_b/joints/imu'
2026-10-02T10:32:05Z [44,129ms] [Warning] [omni.physx.tensors.plugin] Failed to find rigid body at '/World/envs/env_154/robot_b/joints/imu'
2026-10-02T10:32:05Z [44,129ms] [Warning] [omni.physx.tensors.plugin] Failed to find rigid body at '/World/envs/env_155/robot_b/joints/imu'
2026-10-02T10:32:05Z [44,129ms] [Warning] [omni.physx.tensors.plugin] Failed to find rigid body at '/World/envs/env_156/robot_b/joints/imu'
2026-10-02T10:32:05Z [44,129ms] [Warning] [omni.physx.tensors.plugin] Failed to find rigid body at '/World/envs/env_157/robot_b/joints/imu'
2026-10-02T10:32:05Z [44,129ms] [Warning] [omni.physx.tensors.plugin] Failed to find rigid body at '/World/envs/env_158/robot_b/joints/imu'
2026-10-02T10:32:05Z [44,129ms] [Warning] [omni.physx.tensors.plugin] Failed to find rigid body at '/World/envs/env_159/robot_b/joints/imu'
2026-10-02T10:32:05Z [44,129ms] [Warning] [omni.physx.tensors.plugin] Failed to find rigid body at '/World/envs/env_160/robot_b/joints/imu'
2026-10-02T10:32:05Z [44,129ms] [Warning] [omni.physx.tensors.plugin] Failed to find rigid body at '/World/envs/env_161/robot_b/joints/imu'
2026-10-02T10:32:05Z [44,129ms] [Warning] [omni.physx.tensors.plugin] Failed to find rigid body at '/World/envs/env_162/robot_b/joints/imu'
2026-10-02T10:32:05Z [44,129ms] [Warning] [omni.physx.tensors.plugin] Failed to find rigid body at '/World/envs/env_163/robot_b/joints/imu'
2026-10-02T10:32:05Z [44,129ms] [Warning] [omni.physx.tensors.plugin] Failed to find rigid body at '/World/envs/env_164/robot_b/joints/imu'
2026-10-02T10:32:05Z [44,129ms] [Warning] [omni.physx.tensors.plugin] Failed to find rigid body at '/World/envs/env_165/robot_b/joints/imu'
2026-10-02T10:32:05Z [44,129ms] [Warning] [omni.physx.tensors.plugin] Failed to find rigid body at '/World/envs/env_166/robot_b/joints/imu'
2026-10-02T10:32:05Z [44,129ms] [Warning] [omni.physx.tensors.plugin] Failed to find rigid body at '/World/envs/env_167/robot_b/joints/imu'
2026-10-02T10:32:05Z [44,129ms] [Warning] [omni.physx.tensors.plugin] Failed to find rigid body at '/World/envs/env_168/robot_b/joints/imu'
2026-10-02T10:32:05Z [44,129ms] [Warning] [omni.physx.tensors.plugin] Failed to find rigid body at '/World/envs/env_169/robot_b/joints/imu'
2026-10-02T10:32:05Z [44,129ms] [Warning] [omni.physx.tensors.plugin] Failed to find rigid body at '/World/envs/env_170/robot_b/joints/imu'
2026-10-02T10:32:05Z [44,129ms] [Warning] [omni.physx.tensors.plugin] Failed to find rigid body at '/World/envs/env_171/robot_b/joints/imu'
2026-10-02T10:32:05Z [44,129ms] [Warning] [omni.physx.tensors.plugin] Failed to find rigid body at '/World/envs/env_172/robot_b/joints/imu'
2026-10-02T10:32:05Z [44,129ms] [Warning] [omni.physx.tensors.plugin] Failed to find rigid body at '/World/envs/env_173/robot_b/joints/imu'
2026-10-02T10:32:05Z [44,129ms] [Warning] [omni.physx.tensors.plugin] Failed to find rigid body at '/World/envs/env_174/robot_b/joints/imu'
2026-10-02T10:32:05Z [44,129ms] [Warning] [omni.physx.tensors.plugin] Failed to find rigid body at '/World/envs/env_175/robot_b/joints/imu'
2026-10-02T10:32:05Z [44,129ms] [Warning] [omni.physx.tensors.plugin] Failed to find rigid body at '/World/envs/env_176/robot_b/joints/imu'
2026-10-02T10:32:05Z [44,129ms] [Warning] [omni.physx.tensors.plugin] Failed to find rigid body at '/World/envs/env_177/robot_b/joints/imu'
2026-10-02T10:32:05Z [44,129ms] [Warning] [omni.physx.tensors.plugin] Failed to find rigid body at '/World/envs/env_178/robot_b/joints/imu'
2026-10-02T10:32:05Z [44,129ms] [Warning] [omni.physx.tensors.plugin] Failed to find rigid body at '/World/envs/env_179/robot_b/joints/imu'
2026-10-02T10:32:05Z [44,129ms] [Warning] [omni.physx.tensors.plugin] Failed to find rigid body at '/World/envs/env_180/robot_b/joints/imu'
2026-10-02T10:32:05Z [44,129ms] [Warning] [omni.physx.tensors.plugin] Failed to find rigid body at '/World/envs/env_181/robot_b/joints/imu'
2026-10-02T10:32:05Z [44,129ms] [Warning] [omni.physx.tensors.plugin] Failed to find rigid body at '/World/envs/env_182/robot_b/joints/imu'
2026-10-02T10:32:05Z [44,129ms] [Warning] [omni.physx.tensors.plugin] Failed to find rigid body at '/World/envs/env_183/robot_b/joints/imu'
2026-10-02T10:32:05Z [44,130ms] [Warning] [omni.physx.tensors.plugin] Failed to find rigid body at '/World/envs/env_184/robot_b/joints/imu'
2026-10-02T10:32:05Z [44,130ms] [Warning] [omni.physx.tensors.plugin] Failed to find rigid body at '/World/envs/env_185/robot_b/joints/imu'
2026-10-02T10:32:05Z [44,130ms] [Warning] [omni.physx.tensors.plugin] Failed to find rigid body at '/World/envs/env_186/robot_b/joints/imu'
2026-10-02T10:32:05Z [44,130ms] [Warning] [omni.physx.tensors.plugin] Failed to find rigid body at '/World/envs/env_187/robot_b/joints/imu'
2026-10-02T10:32:05Z [44,130ms] [Warning] [omni.physx.tensors.plugin] Failed to find rigid body at '/World/envs/env_188/robot_b/joints/imu'
2026-10-02T10:32:05Z [44,130ms] [Warning] [omni.physx.tensors.plugin] Failed to find rigid body at '/World/envs/env_189/robot_b/joints/imu'
2026-10-02T10:32:05Z [44,130ms] [Warning] [omni.physx.tensors.plugin] Failed to find rigid body at '/World/envs/env_190/robot_b/joints/imu'
2026-10-02T10:32:05Z [44,130ms] [Warning] [omni.physx.tensors.plugin] Failed to find rigid body at '/World/envs/env_191/robot_b/joints/imu'
2026-10-02T10:32:05Z [44,130ms] [Warning] [omni.physx.tensors.plugin] Failed to find rigid body at '/World/envs/env_192/robot_b/joints/imu'
2026-10-02T10:32:05Z [44,130ms] [Warning] [omni.physx.tensors.plugin] Failed to find rigid body at '/World/envs/env_193/robot_b/joints/imu'
2026-10-02T10:32:05Z [44,130ms] [Warning] [omni.physx.tensors.plugin] Failed to find rigid body at '/World/envs/env_194/robot_b/joints/imu'
2026-10-02T10:32:05Z [44,130ms] [Warning] [omni.physx.tensors.plugin] Failed to find rigid body at '/World/envs/env_195/robot_b/joints/imu'
2026-10-02T10:32:05Z [44,130ms] [Warning] [omni.physx.tensors.plugin] Failed to find rigid body at '/World/envs/env_196/robot_b/joints/imu'
2026-10-02T10:32:05Z [44,130ms] [Warning] [omni.physx.tensors.plugin] Failed to find rigid body at '/World/envs/env_197/robot_b/joints/imu'
2026-10-02T10:32:05Z [44,130ms] [Warning] [omni.physx.tensors.plugin] Failed to find rigid body at '/World/envs/env_198/robot_b/joints/imu'
2026-10-02T10:32:05Z [44,130ms] [Warning] [omni.physx.tensors.plugin] Failed to find rigid body at '/World/envs/env_199/robot_b/joints/imu'
2026-10-02T10:32:05Z [44,130ms] [Warning] [omni.physx.tensors.plugin] Failed to find rigid body at '/World/envs/env_200/robot_b/joints/imu'
2026-10-02T10:32:05Z [44,130ms] [Warning] [omni.physx.tensors.plugin] Failed to find rigid body at '/World/envs/env_201/robot_b/joints/imu'
2026-10-02T10:32:05Z [44,130ms] [Warning] [omni.physx.tensors.plugin] Failed to find rigid body at '/World/envs/env_202/robot_b/joints/imu'
2026-10-02T10:32:05Z [44,130ms] [Warning] [omni.physx.tensors.plugin] Failed to find rigid body at '/World/envs/env_203/robot_b/joints/imu'
2026-10-02T10:32:05Z [44,130ms] [Warning] [omni.physx.tensors.plugin] Failed to find rigid body at '/World/envs/env_204/robot_b/joints/imu'
2026-10-02T10:32:05Z [44,130ms] [Warning] [omni.physx.tensors.plugin] Failed to find rigid body at '/World/envs/env_205/robot_b/joints/imu'
2026-10-02T10:32:05Z [44,130ms] [Warning] [omni.physx.tensors.plugin] Failed to find rigid body at '/World/envs/env_206/robot_b/joints/imu'
2026-10-02T10:32:05Z [44,130ms] [Warning] [omni.physx.tensors.plugin] Failed to find rigid body at '/World/envs/env_207/robot_b/joints/imu'
2026-10-02T10:32:05Z [44,130ms] [Warning] [omni.physx.tensors.plugin] Failed to find rigid body at '/World/envs/env_208/robot_b/joints/imu'
2026-10-02T10:32:05Z [44,130ms] [Warning] [omni.physx.tensors.plugin] Failed to find rigid body at '/World/envs/env_209/robot_b/joints/imu'
2026-10-02T10:32:05Z [44,131ms] [Warning] [omni.physx.tensors.plugin] Failed to find rigid body at '/World/envs/env_210/robot_b/joints/imu'
2026-10-02T10:32:05Z [44,131ms] [Warning] [omni.physx.tensors.plugin] Failed to find rigid body at '/World/envs/env_211/robot_b/joints/imu'
2026-10-02T10:32:05Z [44,131ms] [Warning] [omni.physx.tensors.plugin] Failed to find rigid body at '/World/envs/env_212/robot_b/joints/imu'
2026-10-02T10:32:05Z [44,131ms] [Warning] [omni.physx.tensors.plugin] Failed to find rigid body at '/World/envs/env_213/robot_b/joints/imu'
2026-10-02T10:32:05Z [44,131ms] [Warning] [omni.physx.tensors.plugin] Failed to find rigid body at '/World/envs/env_214/robot_b/joints/imu'
2026-10-02T10:32:05Z [44,131ms] [Warning] [omni.physx.tensors.plugin] Failed to find rigid body at '/World/envs/env_215/robot_b/joints/imu'
2026-10-02T10:32:05Z [44,131ms] [Warning] [omni.physx.tensors.plugin] Failed to find rigid body at '/World/envs/env_216/robot_b/joints/imu'
2026-10-02T10:32:05Z [44,131ms] [Warning] [omni.physx.tensors.plugin] Failed to find rigid body at '/World/envs/env_217/robot_b/joints/imu'
2026-10-02T10:32:05Z [44,131ms] [Warning] [omni.physx.tensors.plugin] Failed to find rigid body at '/World/envs/env_218/robot_b/joints/imu'
2026-10-02T10:32:05Z [44,131ms] [Warning] [omni.physx.tensors.plugin] Failed to find rigid body at '/World/envs/env_219/robot_b/joints/imu'
2026-10-02T10:32:05Z [44,131ms] [Warning] [omni.physx.tensors.plugin] Failed to find rigid body at '/World/envs/env_220/robot_b/joints/imu'
2026-10-02T10:32:05Z [44,131ms] [Warning] [omni.physx.tensors.plugin] Failed to find rigid body at '/World/envs/env_221/robot_b/joints/imu'
2026-10-02T10:32:05Z [44,131ms] [Warning] [omni.physx.tensors.plugin] Failed to find rigid body at '/World/envs/env_222/robot_b/joints/imu'
2026-10-02T10:32:05Z [44,131ms] [Warning] [omni.physx.tensors.plugin] Failed to find rigid body at '/World/envs/env_223/robot_b/joints/imu'
2026-10-02T10:32:05Z [44,131ms] [Warning] [omni.physx.tensors.plugin] Failed to find rigid body at '/World/envs/env_224/robot_b/joints/imu'
2026-10-02T10:32:05Z [44,131ms] [Warning] [omni.physx.tensors.plugin] Failed to find rigid body at '/World/envs/env_225/robot_b/joints/imu'
2026-10-02T10:32:05Z [44,131ms] [Warning] [omni.physx.tensors.plugin] Failed to find rigid body at '/World/envs/env_226/robot_b/joints/imu'
2026-10-02T10:32:05Z [44,131ms] [Warning] [omni.physx.tensors.plugin] Failed to find rigid body at '/World/envs/env_227/robot_b/joints/imu'
2026-10-02T10:32:05Z [44,131ms] [Warning] [omni.physx.tensors.plugin] Failed to find rigid body at '/World/envs/env_228/robot_b/joints/imu'
2026-10-02T10:32:05Z [44,131ms] [Warning] [omni.physx.tensors.plugin] Failed to find rigid body at '/World/envs/env_229/robot_b/joints/imu'
2026-10-02T10:32:05Z [44,131ms] [Warning] [omni.physx.tensors.plugin] Failed to find rigid body at '/World/envs/env_230/robot_b/joints/imu'
2026-10-02T10:32:05Z [44,131ms] [Warning] [omni.physx.tensors.plugin] Failed to find rigid body at '/World/envs/env_231/robot_b/joints/imu'
2026-10-02T10:32:05Z [44,131ms] [Warning] [omni.physx.tensors.plugin] Failed to find rigid body at '/World/envs/env_232/robot_b/joints/imu'
2026-10-02T10:32:05Z [44,131ms] [Warning] [omni.physx.tensors.plugin] Failed to find rigid body at '/World/envs/env_233/robot_b/joints/imu'
2026-10-02T10:32:05Z [44,131ms] [Warning] [omni.physx.tensors.plugin] Failed to find rigid body at '/World/envs/env_234/robot_b/joints/imu'
2026-10-02T10:32:05Z [44,131ms] [Warning] [omni.physx.tensors.plugin] Failed to find rigid body at '/World/envs/env_235/robot_b/joints/imu'
2026-10-02T10:32:05Z [44,131ms] [Warning] [omni.physx.tensors.plugin] Failed to find rigid body at '/World/envs/env_236/robot_b/joints/imu'
2026-10-02T10:32:05Z [44,131ms] [Warning] [omni.physx.tensors.plugin] Failed to find rigid body at '/World/envs/env_237/robot_b/joints/imu'
2026-10-02T10:32:05Z [44,131ms] [Warning] [omni.physx.tensors.plugin] Failed to find rigid body at '/World/envs/env_238/robot_b/joints/imu'
2026-10-02T10:32:05Z [44,131ms] [Warning] [omni.physx.tensors.plugin] Failed to find rigid body at '/World/envs/env_239/robot_b/joints/imu'
2026-10-02T10:32:05Z [44,131ms] [Warning] [omni.physx.tensors.plugin] Failed to find rigid body at '/World/envs/env_240/robot_b/joints/imu'
2026-10-02T10:32:05Z [44,131ms] [Warning] [omni.physx.tensors.plugin] Failed to find rigid body at '/World/envs/env_241/robot_b/joints/imu'
2026-10-02T10:32:05Z [44,132ms] [Warning] [omni.physx.tensors.plugin] Failed to find rigid body at '/World/envs/env_242/robot_b/joints/imu'
2026-10-02T10:32:05Z [44,132ms] [Warning] [omni.physx.tensors.plugin] Failed to find rigid body at '/World/envs/env_243/robot_b/joints/imu'
2026-10-02T10:32:05Z [44,132ms] [Warning] [omni.physx.tensors.plugin] Failed to find rigid body at '/World/envs/env_244/robot_b/joints/imu'
2026-10-02T10:32:05Z [44,132ms] [Warning] [omni.physx.tensors.plugin] Failed to find rigid body at '/World/envs/env_245/robot_b/joints/imu'
2026-10-02T10:32:05Z [44,132ms] [Warning] [omni.physx.tensors.plugin] Failed to find rigid body at '/World/envs/env_246/robot_b/joints/imu'
2026-10-02T10:32:05Z [44,132ms] [Warning] [omni.physx.tensors.plugin] Failed to find rigid body at '/World/envs/env_247/robot_b/joints/imu'
2026-10-02T10:32:05Z [44,132ms] [Warning] [omni.physx.tensors.plugin] Failed to find rigid body at '/World/envs/env_248/robot_b/joints/imu'
2026-10-02T10:32:05Z [44,132ms] [Warning] [omni.physx.tensors.plugin] Failed to find rigid body at '/World/envs/env_249/robot_b/joints/imu'
2026-10-02T10:32:05Z [44,132ms] [Warning] [omni.physx.tensors.plugin] Failed to find rigid body at '/World/envs/env_250/robot_b/joints/imu'
2026-10-02T10:32:05Z [44,132ms] [Warning] [omni.physx.tensors.plugin] Failed to find rigid body at '/World/envs/env_251/robot_b/joints/imu'
2026-10-02T10:32:05Z [44,132ms] [Warning] [omni.physx.tensors.plugin] Failed to find rigid body at '/World/envs/env_252/robot_b/joints/imu'
2026-10-02T10:32:05Z [44,132ms] [Warning] [omni.physx.tensors.plugin] Failed to find rigid body at '/World/envs/env_253/robot_b/joints/imu'
2026-10-02T10:32:05Z [44,132ms] [Warning] [omni.physx.tensors.plugin] Failed to find rigid body at '/World/envs/env_254/robot_b/joints/imu'
2026-10-02T10:32:05Z [44,132ms] [Warning] [omni.physx.tensors.plugin] Failed to find rigid body at '/World/envs/env_255/robot_b/joints/imu'
2026-10-02T10:32:05Z [44,132ms] [Warning] [omni.physx.tensors.plugin] Failed to find rigid body at '/World/envs/env_256/robot_b/joints/imu'
2026-10-02T10:32:05Z [44,132ms] [Warning] [omni.physx.tensors.plugin] Failed to find rigid body at '/World/envs/env_257/robot_b/joints/imu'
2026-10-02T10:32:05Z [44,132ms] [Warning] [omni.physx.tensors.plugin] Failed to find rigid body at '/World/envs/env_258/robot_b/joints/imu'
2026-10-02T10:32:05Z [44,132ms] [Warning] [omni.physx.tensors.plugin] Failed to find rigid body at '/World/envs/env_259/robot_b/joints/imu'
2026-10-02T10:32:05Z [44,132ms] [Warning] [omni.physx.tensors.plugin] Failed to find rigid body at '/World/envs/env_260/robot_b/joints/imu'
2026-10-02T10:32:05Z [44,132ms] [Warning] [omni.physx.tensors.plugin] Failed to find rigid body at '/World/envs/env_261/robot_b/joints/imu'
2026-10-02T10:32:05Z [44,132ms] [Warning] [omni.physx.tensors.plugin] Failed to find rigid body at '/World/envs/env_262/robot_b/joints/imu'
2026-10-02T10:32:05Z [44,132ms] [Warning] [omni.physx.tensors.plugin] Failed to find rigid body at '/World/envs/env_263/robot_b/joints/imu'
2026-10-02T10:32:05Z [44,132ms] [Warning] [omni.physx.tensors.plugin] Failed to find rigid body at '/World/envs/env_264/robot_b/joints/imu'
2026-10-02T10:32:05Z [44,132ms] [Warning] [omni.physx.tensors.plugin] Failed to find rigid body at '/World/envs/env_265/robot_b/joints/imu'
2026-10-02T10:32:05Z [44,132ms] [Warning] [omni.physx.tensors.plugin] Failed to find rigid body at '/World/envs/env_266/robot_b/joints/imu'
2026-10-02T10:32:05Z [44,132ms] [Warning] [omni.physx.tensors.plugin] Failed to find rigid body at '/World/envs/env_267/robot_b/joints/imu'
2026-10-02T10:32:05Z [44,132ms] [Warning] [omni.physx.tensors.plugin] Failed to find rigid body at '/World/envs/env_268/robot_b/joints/imu'
2026-10-02T10:32:05Z [44,132ms] [Warning] [omni.physx.tensors.plugin] Failed to find rigid body at '/World/envs/env_269/robot_b/joints/imu'
2026-10-02T10:32:05Z [44,132ms] [Warning] [omni.physx.tensors.plugin] Failed to find rigid body at '/World/envs/env_270/robot_b/joints/imu'
2026-10-02T10:32:05Z [44,132ms] [Warning] [omni.physx.tensors.plugin] Failed to find rigid body at '/World/envs/env_271/robot_b/joints/imu'
2026-10-02T10:32:05Z [44,132ms] [Warning] [omni.physx.tensors.plugin] Failed to find rigid body at '/World/envs/env_272/robot_b/joints/imu'
2026-10-02T10:32:05Z [44,132ms] [Warning] [omni.physx.tensors.plugin] Failed to find rigid body at '/World/envs/env_273/robot_b/joints/imu'
2026-10-02T10:32:05Z [44,132ms] [Warning] [omni.physx.tensors.plugin] Failed to find rigid body at '/World/envs/env_274/robot_b/joints/imu'
2026-10-02T10:32:05Z [44,133ms] [Warning] [omni.physx.tensors.plugin] Failed to find rigid body at '/World/envs/env_275/robot_b/joints/imu'
2026-10-02T10:32:05Z [44,133ms] [Warning] [omni.physx.tensors.plugin] Failed to find rigid body at '/World/envs/env_276/robot_b/joints/imu'
2026-10-02T10:32:05Z [44,133ms] [Warning] [omni.physx.tensors.plugin] Failed to find rigid body at '/World/envs/env_277/robot_b/joints/imu'
2026-10-02T10:32:05Z [44,133ms] [Warning] [omni.physx.tensors.plugin] Failed to find rigid body at '/World/envs/env_278/robot_b/joints/imu'
2026-10-02T10:32:05Z [44,133ms] [Warning] [omni.physx.tensors.plugin] Failed to find rigid body at '/World/envs/env_279/robot_b/joints/imu'
2026-10-02T10:32:05Z [44,133ms] [Warning] [omni.physx.tensors.plugin] Failed to find rigid body at '/World/envs/env_280/robot_b/joints/imu'
2026-10-02T10:32:05Z [44,133ms] [Warning] [omni.physx.tensors.plugin] Failed to find rigid body at '/World/envs/env_281/robot_b/joints/imu'
2026-10-02T10:32:05Z [44,133ms] [Warning] [omni.physx.tensors.plugin] Failed to find rigid body at '/World/envs/env_282/robot_b/joints/imu'
2026-10-02T10:32:05Z [44,133ms] [Warning] [omni.physx.tensors.plugin] Failed to find rigid body at '/World/envs/env_283/robot_b/joints/imu'
2026-10-02T10:32:05Z [44,133ms] [Warning] [omni.physx.tensors.plugin] Failed to find rigid body at '/World/envs/env_284/robot_b/joints/imu'
2026-10-02T10:32:05Z [44,133ms] [Warning] [omni.physx.tensors.plugin] Failed to find rigid body at '/World/envs/env_285/robot_b/joints/imu'
2026-10-02T10:32:05Z [44,133ms] [Warning] [omni.physx.tensors.plugin] Failed to find rigid body at '/World/envs/env_286/robot_b/joints/imu'
2026-10-02T10:32:05Z [44,133ms] [Warning] [omni.physx.tensors.plugin] Failed to find rigid body at '/World/envs/env_287/robot_b/joints/imu'
2026-10-02T10:32:05Z [44,133ms] [Warning] [omni.physx.tensors.plugin] Failed to find rigid body at '/World/envs/env_288/robot_b/joints/imu'
2026-10-02T10:32:05Z [44,133ms] [Warning] [omni.physx.tensors.plugin] Failed to find rigid body at '/World/envs/env_289/robot_b/joints/imu'
2026-10-02T10:32:05Z [44,133ms] [Warning] [omni.physx.tensors.plugin] Failed to find rigid body at '/World/envs/env_290/robot_b/joints/imu'
2026-10-02T10:32:05Z [44,133ms] [Warning] [omni.physx.tensors.plugin] Failed to find rigid body at '/World/envs/env_291/robot_b/joints/imu'
2026-10-02T10:32:05Z [44,133ms] [Warning] [omni.physx.tensors.plugin] Failed to find rigid body at '/World/envs/env_292/robot_b/joints/imu'
2026-10-02T10:32:05Z [44,133ms] [Warning] [omni.physx.tensors.plugin] Failed to find rigid body at '/World/envs/env_293/robot_b/joints/imu'
2026-10-02T10:32:05Z [44,133ms] [Warning] [omni.physx.tensors.plugin] Failed to find rigid body at '/World/envs/env_294/robot_b/joints/imu'
2026-10-02T10:32:05Z [44,133ms] [Warning] [omni.physx.tensors.plugin] Failed to find rigid body at '/World/envs/env_295/robot_b/joints/imu'
2026-10-02T10:32:05Z [44,133ms] [Warning] [omni.physx.tensors.plugin] Failed to find rigid body at '/World/envs/env_296/robot_b/joints/imu'
2026-10-02T10:32:05Z [44,133ms] [Warning] [omni.physx.tensors.plugin] Failed to find rigid body at '/World/envs/env_297/robot_b/joints/imu'
2026-10-02T10:32:05Z [44,133ms] [Warning] [omni.physx.tensors.plugin] Failed to find rigid body at '/World/envs/env_298/robot_b/joints/imu'
2026-10-02T10:32:05Z [44,133ms] [Warning] [omni.physx.tensors.plugin] Failed to find rigid body at '/World/envs/env_299/robot_b/joints/imu'
2026-10-02T10:32:05Z [44,133ms] [Warning] [omni.physx.tensors.plugin] Failed to find rigid body at '/World/envs/env_300/robot_b/joints/imu'
2026-10-02T10:32:05Z [44,133ms] [Warning] [omni.physx.tensors.plugin] Failed to find rigid body at '/World/envs/env_301/robot_b/joints/imu'
2026-10-02T10:32:05Z [44,133ms] [Warning] [omni.physx.tensors.plugin] Failed to find rigid body at '/World/envs/env_302/robot_b/joints/imu'
2026-10-02T10:32:05Z [44,133ms] [Warning] [omni.physx.tensors.plugin] Failed to find rigid body at '/World/envs/env_303/robot_b/joints/imu'
2026-10-02T10:32:05Z [44,133ms] [Warning] [omni.physx.tensors.plugin] Failed to find rigid body at '/World/envs/env_304/robot_b/joints/imu'
2026-10-02T10:32:05Z [44,134ms] [Warning] [omni.physx.tensors.plugin] Failed to find rigid body at '/World/envs/env_305/robot_b/joints/imu'
2026-10-02T10:32:05Z [44,134ms] [Warning] [omni.physx.tensors.plugin] Failed to find rigid body at '/World/envs/env_306/robot_b/joints/imu'
2026-10-02T10:32:05Z [44,134ms] [Warning] [omni.physx.tensors.plugin] Failed to find rigid body at '/World/envs/env_307/robot_b/joints/imu'
2026-10-02T10:32:05Z [44,134ms] [Warning] [omni.physx.tensors.plugin] Failed to find rigid body at '/World/envs/env_308/robot_b/joints/imu'
2026-10-02T10:32:05Z [44,134ms] [Warning] [omni.physx.tensors.plugin] Failed to find rigid body at '/World/envs/env_309/robot_b/joints/imu'
2026-10-02T10:32:05Z [44,134ms] [Warning] [omni.physx.tensors.plugin] Failed to find rigid body at '/World/envs/env_310/robot_b/joints/imu'
2026-10-02T10:32:05Z [44,134ms] [Warning] [omni.physx.tensors.plugin] Failed to find rigid body at '/World/envs/env_311/robot_b/joints/imu'
2026-10-02T10:32:05Z [44,134ms] [Warning] [omni.physx.tensors.plugin] Failed to find rigid body at '/World/envs/env_312/robot_b/joints/imu'
2026-10-02T10:32:05Z [44,134ms] [Warning] [omni.physx.tensors.plugin] Failed to find rigid body at '/World/envs/env_313/robot_b/joints/imu'
2026-10-02T10:32:05Z [44,134ms] [Warning] [omni.physx.tensors.plugin] Failed to find rigid body at '/World/envs/env_314/robot_b/joints/imu'
2026-10-02T10:32:05Z [44,134ms] [Warning] [omni.physx.tensors.plugin] Failed to find rigid body at '/World/envs/env_315/robot_b/joints/imu'
2026-10-02T10:32:05Z [44,134ms] [Warning] [omni.physx.tensors.plugin] Failed to find rigid body at '/World/envs/env_316/robot_b/joints/imu'
2026-10-02T10:32:05Z [44,134ms] [Warning] [omni.physx.tensors.plugin] Failed to find rigid body at '/World/envs/env_317/robot_b/joints/imu'
2026-10-02T10:32:05Z [44,134ms] [Warning] [omni.physx.tensors.plugin] Failed to find rigid body at '/World/envs/env_318/robot_b/joints/imu'
2026-10-02T10:32:05Z [44,134ms] [Warning] [omni.physx.tensors.plugin] Failed to find rigid body at '/World/envs/env_319/robot_b/joints/imu'
2026-10-02T10:32:05Z [44,134ms] [Warning] [omni.physx.tensors.plugin] Failed to find rigid body at '/World/envs/env_320/robot_b/joints/imu'
2026-10-02T10:32:05Z [44,134ms] [Warning] [omni.physx.tensors.plugin] Failed to find rigid body at '/World/envs/env_321/robot_b/joints/imu'
2026-10-02T10:32:05Z [44,134ms] [Warning] [omni.physx.tensors.plugin] Failed to find rigid body at '/World/envs/env_322/robot_b/joints/imu'
2026-10-02T10:32:05Z [44,134ms] [Warning] [omni.physx.tensors.plugin] Failed to find rigid body at '/World/envs/env_323/robot_b/joints/imu'
2026-10-02T10:32:05Z [44,134ms] [Warning] [omni.physx.tensors.plugin] Failed to find rigid body at '/World/envs/env_324/robot_b/joints/imu'
2026-10-02T10:32:05Z [44,134ms] [Warning] [omni.physx.tensors.plugin] Failed to find rigid body at '/World/envs/env_325/robot_b/joints/imu'
2026-10-02T10:32:05Z [44,134ms] [Warning] [omni.physx.tensors.plugin] Failed to find rigid body at '/World/envs/env_326/robot_b/joints/imu'
2026-10-02T10:32:05Z [44,134ms] [Warning] [omni.physx.tensors.plugin] Failed to find rigid body at '/World/envs/env_327/robot_b/joints/imu'
2026-10-02T10:32:05Z [44,134ms] [Warning] [omni.physx.tensors.plugin] Failed to find rigid body at '/World/envs/env_328/robot_b/joints/imu'
2026-10-02T10:32:05Z [44,134ms] [Warning] [omni.physx.tensors.plugin] Failed to find rigid body at '/World/envs/env_329/robot_b/joints/imu'
2026-10-02T10:32:05Z [44,134ms] [Warning] [omni.physx.tensors.plugin] Failed to find rigid body at '/World/envs/env_330/robot_b/joints/imu'
2026-10-02T10:32:05Z [44,134ms] [Warning] [omni.physx.tensors.plugin] Failed to find rigid body at '/World/envs/env_331/robot_b/joints/imu'
2026-10-02T10:32:05Z [44,134ms] [Warning] [omni.physx.tensors.plugin] Failed to find rigid body at '/World/envs/env_332/robot_b/joints/imu'
2026-10-02T10:32:05Z [44,134ms] [Warning] [omni.physx.tensors.plugin] Failed to find rigid body at '/World/envs/env_333/robot_b/joints/imu'
2026-10-02T10:32:05Z [44,134ms] [Warning] [omni.physx.tensors.plugin] Failed to find rigid body at '/World/envs/env_334/robot_b/joints/imu'
2026-10-02T10:32:05Z [44,134ms] [Warning] [omni.physx.tensors.plugin] Failed to find rigid body at '/World/envs/env_335/robot_b/joints/imu'
2026-10-02T10:32:05Z [44,134ms] [Warning] [omni.physx.tensors.plugin] Failed to find rigid body at '/World/envs/env_336/robot_b/joints/imu'
2026-10-02T10:32:05Z [44,134ms] [Warning] [omni.physx.tensors.plugin] Failed to find rigid body at '/World/envs/env_337/robot_b/joints/imu'
2026-10-02T10:32:05Z [44,134ms] [Warning] [omni.physx.tensors.plugin] Failed to find rigid body at '/World/envs/env_338/robot_b/joints/imu'
2026-10-02T10:32:05Z [44,135ms] [Warning] [omni.physx.tensors.plugin] Failed to find rigid body at '/World/envs/env_339/robot_b/joints/imu'
2026-10-02T10:32:05Z [44,135ms] [Warning] [omni.physx.tensors.plugin] Failed to find rigid body at '/World/envs/env_340/robot_b/joints/imu'
2026-10-02T10:32:05Z [44,135ms] [Warning] [omni.physx.tensors.plugin] Failed to find rigid body at '/World/envs/env_341/robot_b/joints/imu'
2026-10-02T10:32:05Z [44,135ms] [Warning] [omni.physx.tensors.plugin] Failed to find rigid body at '/World/envs/env_342/robot_b/joints/imu'
2026-10-02T10:32:05Z [44,135ms] [Warning] [omni.physx.tensors.plugin] Failed to find rigid body at '/World/envs/env_343/robot_b/joints/imu'
2026-10-02T10:32:05Z [44,135ms] [Warning] [omni.physx.tensors.plugin] Failed to find rigid body at '/World/envs/env_344/robot_b/joints/imu'
2026-10-02T10:32:05Z [44,135ms] [Warning] [omni.physx.tensors.plugin] Failed to find rigid body at '/World/envs/env_345/robot_b/joints/imu'
2026-10-02T10:32:05Z [44,135ms] [Warning] [omni.physx.tensors.plugin] Failed to find rigid body at '/World/envs/env_346/robot_b/joints/imu'
2026-10-02T10:32:05Z [44,135ms] [Warning] [omni.physx.tensors.plugin] Failed to find rigid body at '/World/envs/env_347/robot_b/joints/imu'
2026-10-02T10:32:05Z [44,135ms] [Warning] [omni.physx.tensors.plugin] Failed to find rigid body at '/World/envs/env_348/robot_b/joints/imu'
2026-10-02T10:32:05Z [44,135ms] [Warning] [omni.physx.tensors.plugin] Failed to find rigid body at '/World/envs/env_349/robot_b/joints/imu'
2026-10-02T10:32:05Z [44,135ms] [Warning] [omni.physx.tensors.plugin] Failed to find rigid body at '/World/envs/env_350/robot_b/joints/imu'
2026-10-02T10:32:05Z [44,135ms] [Warning] [omni.physx.tensors.plugin] Failed to find rigid body at '/World/envs/env_351/robot_b/joints/imu'
2026-10-02T10:32:05Z [44,135ms] [Warning] [omni.physx.tensors.plugin] Failed to find rigid body at '/World/envs/env_352/robot_b/joints/imu'
2026-10-02T10:32:05Z [44,135ms] [Warning] [omni.physx.tensors.plugin] Failed to find rigid body at '/World/envs/env_353/robot_b/joints/imu'
2026-10-02T10:32:05Z [44,135ms] [Warning] [omni.physx.tensors.plugin] Failed to find rigid body at '/World/envs/env_354/robot_b/joints/imu'
2026-10-02T10:32:05Z [44,135ms] [Warning] [omni.physx.tensors.plugin] Failed to find rigid body at '/World/envs/env_355/robot_b/joints/imu'
2026-10-02T10:32:05Z [44,135ms] [Warning] [omni.physx.tensors.plugin] Failed to find rigid body at '/World/envs/env_356/robot_b/joints/imu'
2026-10-02T10:32:05Z [44,135ms] [Warning] [omni.physx.tensors.plugin] Failed to find rigid body at '/World/envs/env_357/robot_b/joints/imu'
2026-10-02T10:32:05Z [44,135ms] [Warning] [omni.physx.tensors.plugin] Failed to find rigid body at '/World/envs/env_358/robot_b/joints/imu'
2026-10-02T10:32:05Z [44,135ms] [Warning] [omni.physx.tensors.plugin] Failed to find rigid body at '/World/envs/env_359/robot_b/joints/imu'
2026-10-02T10:32:05Z [44,135ms] [Warning] [omni.physx.tensors.plugin] Failed to find rigid body at '/World/envs/env_360/robot_b/joints/imu'
2026-10-02T10:32:05Z [44,135ms] [Warning] [omni.physx.tensors.plugin] Failed to find rigid body at '/World/envs/env_361/robot_b/joints/imu'
2026-10-02T10:32:05Z [44,135ms] [Warning] [omni.physx.tensors.plugin] Failed to find rigid body at '/World/envs/env_362/robot_b/joints/imu'
2026-10-02T10:32:05Z [44,135ms] [Warning] [omni.physx.tensors.plugin] Failed to find rigid body at '/World/envs/env_363/robot_b/joints/imu'
2026-10-02T10:32:05Z [44,135ms] [Warning] [omni.physx.tensors.plugin] Failed to find rigid body at '/World/envs/env_364/robot_b/joints/imu'
2026-10-02T10:32:05Z [44,135ms] [Warning] [omni.physx.tensors.plugin] Failed to find rigid body at '/World/envs/env_365/robot_b/joints/imu'
2026-10-02T10:32:05Z [44,135ms] [Warning] [omni.physx.tensors.plugin] Failed to find rigid body at '/World/envs/env_366/robot_b/joints/imu'
2026-10-02T10:32:05Z [44,135ms] [Warning] [omni.physx.tensors.plugin] Failed to find rigid body at '/World/envs/env_367/robot_b/joints/imu'
2026-10-02T10:32:05Z [44,135ms] [Warning] [omni.physx.tensors.plugin] Failed to find rigid body at '/World/envs/env_368/robot_b/joints/imu'
2026-10-02T10:32:05Z [44,135ms] [Warning] [omni.physx.tensors.plugin] Failed to find rigid body at '/World/envs/env_369/robot_b/joints/imu'
2026-10-02T10:32:05Z [44,135ms] [Warning] [omni.physx.tensors.plugin] Failed to find rigid body at '/World/envs/env_370/robot_b/joints/imu'
2026-10-02T10:32:05Z [44,135ms] [Warning] [omni.physx.tensors.plugin] Failed to find rigid body at '/World/envs/env_371/robot_b/joints/imu'
2026-10-02T10:32:05Z [44,135ms] [Warning] [omni.physx.tensors.plugin] Failed to find rigid body at '/World/envs/env_372/robot_b/joints/imu'
2026-10-02T10:32:05Z [44,135ms] [Warning] [omni.physx.tensors.plugin] Failed to find rigid body at '/World/envs/env_373/robot_b/joints/imu'
2026-10-02T10:32:05Z [44,135ms] [Warning] [omni.physx.tensors.plugin] Failed to find rigid body at '/World/envs/env_374/robot_b/joints/imu'
2026-10-02T10:32:05Z [44,136ms] [Warning] [omni.physx.tensors.plugin] Failed to find rigid body at '/World/envs/env_375/robot_b/joints/imu'
2026-10-02T10:32:05Z [44,136ms] [Warning] [omni.physx.tensors.plugin] Failed to find rigid body at '/World/envs/env_376/robot_b/joints/imu'
2026-10-02T10:32:05Z [44,136ms] [Warning] [omni.physx.tensors.plugin] Failed to find rigid body at '/World/envs/env_377/robot_b/joints/imu'
2026-10-02T10:32:05Z [44,136ms] [Warning] [omni.physx.tensors.plugin] Failed to find rigid body at '/World/envs/env_378/robot_b/joints/imu'
2026-10-02T10:32:05Z [44,136ms] [Warning] [omni.physx.tensors.plugin] Failed to find rigid body at '/World/envs/env_379/robot_b/joints/imu'
2026-10-02T10:32:05Z [44,136ms] [Warning] [omni.physx.tensors.plugin] Failed to find rigid body at '/World/envs/env_380/robot_b/joints/imu'
2026-10-02T10:32:05Z [44,136ms] [Warning] [omni.physx.tensors.plugin] Failed to find rigid body at '/World/envs/env_381/robot_b/joints/imu'
2026-10-02T10:32:05Z [44,136ms] [Warning] [omni.physx.tensors.plugin] Failed to find rigid body at '/World/envs/env_382/robot_b/joints/imu'
2026-10-02T10:32:05Z [44,136ms] [Warning] [omni.physx.tensors.plugin] Failed to find rigid body at '/World/envs/env_383/robot_b/joints/imu'
2026-10-02T10:32:05Z [44,136ms] [Warning] [omni.physx.tensors.plugin] Failed to find rigid body at '/World/envs/env_384/robot_b/joints/imu'
2026-10-02T10:32:05Z [44,136ms] [Warning] [omni.physx.tensors.plugin] Failed to find rigid body at '/World/envs/env_385/robot_b/joints/imu'
2026-10-02T10:32:05Z [44,136ms] [Warning] [omni.physx.tensors.plugin] Failed to find rigid body at '/World/envs/env_386/robot_b/joints/imu'
2026-10-02T10:32:05Z [44,136ms] [Warning] [omni.physx.tensors.plugin] Failed to find rigid body at '/World/envs/env_387/robot_b/joints/imu'
2026-10-02T10:32:05Z [44,136ms] [Warning] [omni.physx.tensors.plugin] Failed to find rigid body at '/World/envs/env_388/robot_b/joints/imu'
2026-10-02T10:32:05Z [44,136ms] [Warning] [omni.physx.tensors.plugin] Failed to find rigid body at '/World/envs/env_389/robot_b/joints/imu'
2026-10-02T10:32:05Z [44,136ms] [Warning] [omni.physx.tensors.plugin] Failed to find rigid body at '/World/envs/env_390/robot_b/joints/imu'
2026-10-02T10:32:05Z [44,136ms] [Warning] [omni.physx.tensors.plugin] Failed to find rigid body at '/World/envs/env_391/robot_b/joints/imu'
2026-10-02T10:32:05Z [44,136ms] [Warning] [omni.physx.tensors.plugin] Failed to find rigid body at '/World/envs/env_392/robot_b/joints/imu'
2026-10-02T10:32:05Z [44,137ms] [Warning] [omni.physx.tensors.plugin] Failed to find rigid body at '/World/envs/env_393/robot_b/joints/imu'
2026-10-02T10:32:05Z [44,137ms] [Warning] [omni.physx.tensors.plugin] Failed to find rigid body at '/World/envs/env_394/robot_b/joints/imu'
2026-10-02T10:32:05Z [44,137ms] [Warning] [omni.physx.tensors.plugin] Failed to find rigid body at '/World/envs/env_395/robot_b/joints/imu'
2026-10-02T10:32:05Z [44,137ms] [Warning] [omni.physx.tensors.plugin] Failed to find rigid body at '/World/envs/env_396/robot_b/joints/imu'
2026-10-02T10:32:05Z [44,137ms] [Warning] [omni.physx.tensors.plugin] Failed to find rigid body at '/World/envs/env_397/robot_b/joints/imu'
2026-10-02T10:32:05Z [44,137ms] [Warning] [omni.physx.tensors.plugin] Failed to find rigid body at '/World/envs/env_398/robot_b/joints/imu'
2026-10-02T10:32:05Z [44,137ms] [Warning] [omni.physx.tensors.plugin] Failed to find rigid body at '/World/envs/env_399/robot_b/joints/imu'
2026-10-02T10:32:05Z [44,137ms] [Warning] [omni.physx.tensors.plugin] Failed to find rigid body at '/World/envs/env_400/robot_b/joints/imu'
2026-10-02T10:32:05Z [44,137ms] [Warning] [omni.physx.tensors.plugin] Failed to find rigid body at '/World/envs/env_401/robot_b/joints/imu'
2026-10-02T10:32:05Z [44,137ms] [Warning] [omni.physx.tensors.plugin] Failed to find rigid body at '/World/envs/env_402/robot_b/joints/imu'
2026-10-02T10:32:05Z [44,137ms] [Warning] [omni.physx.tensors.plugin] Failed to find rigid body at '/World/envs/env_403/robot_b/joints/imu'
2026-10-02T10:32:05Z [44,137ms] [Warning] [omni.physx.tensors.plugin] Failed to find rigid body at '/World/envs/env_404/robot_b/joints/imu'
2026-10-02T10:32:05Z [44,137ms] [Warning] [omni.physx.tensors.plugin] Failed to find rigid body at '/World/envs/env_405/robot_b/joints/imu'
2026-10-02T10:32:05Z [44,137ms] [Warning] [omni.physx.tensors.plugin] Failed to find rigid body at '/World/envs/env_406/robot_b/joints/imu'
2026-10-02T10:32:05Z [44,137ms] [Warning] [omni.physx.tensors.plugin] Failed to find rigid body at '/World/envs/env_407/robot_b/joints/imu'
2026-10-02T10:32:05Z [44,137ms] [Warning] [omni.physx.tensors.plugin] Failed to find rigid body at '/World/envs/env_408/robot_b/joints/imu'
2026-10-02T10:32:05Z [44,137ms] [Warning] [omni.physx.tensors.plugin] Failed to find rigid body at '/World/envs/env_409/robot_b/joints/imu'
2026-10-02T10:32:05Z [44,137ms] [Warning] [omni.physx.tensors.plugin] Failed to find rigid body at '/World/envs/env_410/robot_b/joints/imu'
2026-10-02T10:32:05Z [44,137ms] [Warning] [omni.physx.tensors.plugin] Failed to find rigid body at '/World/envs/env_411/robot_b/joints/imu'
2026-10-02T10:32:05Z [44,137ms] [Warning] [omni.physx.tensors.plugin] Failed to find rigid body at '/World/envs/env_412/robot_b/joints/imu'
2026-10-02T10:32:05Z [44,137ms] [Warning] [omni.physx.tensors.plugin] Failed to find rigid body at '/World/envs/env_413/robot_b/joints/imu'
2026-10-02T10:32:05Z [44,137ms] [Warning] [omni.physx.tensors.plugin] Failed to find rigid body at '/World/envs/env_414/robot_b/joints/imu'
2026-10-02T10:32:05Z [44,137ms] [Warning] [omni.physx.tensors.plugin] Failed to find rigid body at '/World/envs/env_415/robot_b/joints/imu'
2026-10-02T10:32:05Z [44,137ms] [Warning] [omni.physx.tensors.plugin] Failed to find rigid body at '/World/envs/env_416/robot_b/joints/imu'
2026-10-02T10:32:05Z [44,137ms] [Warning] [omni.physx.tensors.plugin] Failed to find rigid body at '/World/envs/env_417/robot_b/joints/imu'
2026-10-02T10:32:05Z [44,137ms] [Warning] [omni.physx.tensors.plugin] Failed to find rigid body at '/World/envs/env_418/robot_b/joints/imu'
2026-10-02T10:32:05Z [44,137ms] [Warning] [omni.physx.tensors.plugin] Failed to find rigid body at '/World/envs/env_419/robot_b/joints/imu'
2026-10-02T10:32:05Z [44,137ms] [Warning] [omni.physx.tensors.plugin] Failed to find rigid body at '/World/envs/env_420/robot_b/joints/imu'
2026-10-02T10:32:05Z [44,137ms] [Warning] [omni.physx.tensors.plugin] Failed to find rigid body at '/World/envs/env_421/robot_b/joints/imu'
2026-10-02T10:32:05Z [44,137ms] [Warning] [omni.physx.tensors.plugin] Failed to find rigid body at '/World/envs/env_422/robot_b/joints/imu'
2026-10-02T10:32:05Z [44,137ms] [Warning] [omni.physx.tensors.plugin] Failed to find rigid body at '/World/envs/env_423/robot_b/joints/imu'
2026-10-02T10:32:05Z [44,137ms] [Warning] [omni.physx.tensors.plugin] Failed to find rigid body at '/World/envs/env_424/robot_b/joints/imu'
2026-10-02T10:32:05Z [44,137ms] [Warning] [omni.physx.tensors.plugin] Failed to find rigid body at '/World/envs/env_425/robot_b/joints/imu'
2026-10-02T10:32:05Z [44,137ms] [Warning] [omni.physx.tensors.plugin] Failed to find rigid body at '/World/envs/env_426/robot_b/joints/imu'
2026-10-02T10:32:05Z [44,137ms] [Warning] [omni.physx.tensors.plugin] Failed to find rigid body at '/World/envs/env_427/robot_b/joints/imu'
2026-10-02T10:32:05Z [44,137ms] [Warning] [omni.physx.tensors.plugin] Failed to find rigid body at '/World/envs/env_428/robot_b/joints/imu'
2026-10-02T10:32:05Z [44,137ms] [Warning] [omni.physx.tensors.plugin] Failed to find rigid body at '/World/envs/env_429/robot_b/joints/imu'
2026-10-02T10:32:05Z [44,137ms] [Warning] [omni.physx.tensors.plugin] Failed to find rigid body at '/World/envs/env_430/robot_b/joints/imu'
2026-10-02T10:32:05Z [44,138ms] [Warning] [omni.physx.tensors.plugin] Failed to find rigid body at '/World/envs/env_431/robot_b/joints/imu'
2026-10-02T10:32:05Z [44,138ms] [Warning] [omni.physx.tensors.plugin] Failed to find rigid body at '/World/envs/env_432/robot_b/joints/imu'
2026-10-02T10:32:05Z [44,138ms] [Warning] [omni.physx.tensors.plugin] Failed to find rigid body at '/World/envs/env_433/robot_b/joints/imu'
2026-10-02T10:32:05Z [44,138ms] [Warning] [omni.physx.tensors.plugin] Failed to find rigid body at '/World/envs/env_434/robot_b/joints/imu'
2026-10-02T10:32:05Z [44,138ms] [Warning] [omni.physx.tensors.plugin] Failed to find rigid body at '/World/envs/env_435/robot_b/joints/imu'
2026-10-02T10:32:05Z [44,138ms] [Warning] [omni.physx.tensors.plugin] Failed to find rigid body at '/World/envs/env_436/robot_b/joints/imu'
2026-10-02T10:32:05Z [44,138ms] [Warning] [omni.physx.tensors.plugin] Failed to find rigid body at '/World/envs/env_437/robot_b/joints/imu'
2026-10-02T10:32:05Z [44,138ms] [Warning] [omni.physx.tensors.plugin] Failed to find rigid body at '/World/envs/env_438/robot_b/joints/imu'
2026-10-02T10:32:05Z [44,138ms] [Warning] [omni.physx.tensors.plugin] Failed to find rigid body at '/World/envs/env_439/robot_b/joints/imu'
2026-10-02T10:32:05Z [44,138ms] [Warning] [omni.physx.tensors.plugin] Failed to find rigid body at '/World/envs/env_440/robot_b/joints/imu'
2026-10-02T10:32:05Z [44,138ms] [Warning] [omni.physx.tensors.plugin] Failed to find rigid body at '/World/envs/env_441/robot_b/joints/imu'
2026-10-02T10:32:05Z [44,138ms] [Warning] [omni.physx.tensors.plugin] Failed to find rigid body at '/World/envs/env_442/robot_b/joints/imu'
2026-10-02T10:32:05Z [44,138ms] [Warning] [omni.physx.tensors.plugin] Failed to find rigid body at '/World/envs/env_443/robot_b/joints/imu'
2026-10-02T10:32:05Z [44,138ms] [Warning] [omni.physx.tensors.plugin] Failed to find rigid body at '/World/envs/env_444/robot_b/joints/imu'
2026-10-02T10:32:05Z [44,138ms] [Warning] [omni.physx.tensors.plugin] Failed to find rigid body at '/World/envs/env_445/robot_b/joints/imu'
2026-10-02T10:32:05Z [44,138ms] [Warning] [omni.physx.tensors.plugin] Failed to find rigid body at '/World/envs/env_446/robot_b/joints/imu'
2026-10-02T10:32:05Z [44,138ms] [Warning] [omni.physx.tensors.plugin] Failed to find rigid body at '/World/envs/env_447/robot_b/joints/imu'
2026-10-02T10:32:05Z [44,138ms] [Warning] [omni.physx.tensors.plugin] Failed to find rigid body at '/World/envs/env_448/robot_b/joints/imu'
2026-10-02T10:32:05Z [44,138ms] [Warning] [omni.physx.tensors.plugin] Failed to find rigid body at '/World/envs/env_449/robot_b/joints/imu'
2026-10-02T10:32:05Z [44,138ms] [Warning] [omni.physx.tensors.plugin] Failed to find rigid body at '/World/envs/env_450/robot_b/joints/imu'
2026-10-02T10:32:05Z [44,138ms] [Warning] [omni.physx.tensors.plugin] Failed to find rigid body at '/World/envs/env_451/robot_b/joints/imu'
2026-10-02T10:32:05Z [44,138ms] [Warning] [omni.physx.tensors.plugin] Failed to find rigid body at '/World/envs/env_452/robot_b/joints/imu'
2026-10-02T10:32:05Z [44,138ms] [Warning] [omni.physx.tensors.plugin] Failed to find rigid body at '/World/envs/env_453/robot_b/joints/imu'
2026-10-02T10:32:05Z [44,138ms] [Warning] [omni.physx.tensors.plugin] Failed to find rigid body at '/World/envs/env_454/robot_b/joints/imu'
2026-10-02T10:32:05Z [44,138ms] [Warning] [omni.physx.tensors.plugin] Failed to find rigid body at '/World/envs/env_455/robot_b/joints/imu'
2026-10-02T10:32:05Z [44,138ms] [Warning] [omni.physx.tensors.plugin] Failed to find rigid body at '/World/envs/env_456/robot_b/joints/imu'
2026-10-02T10:32:05Z [44,138ms] [Warning] [omni.physx.tensors.plugin] Failed to find rigid body at '/World/envs/env_457/robot_b/joints/imu'
2026-10-02T10:32:05Z [44,138ms] [Warning] [omni.physx.tensors.plugin] Failed to find rigid body at '/World/envs/env_458/robot_b/joints/imu'
2026-10-02T10:32:05Z [44,138ms] [Warning] [omni.physx.tensors.plugin] Failed to find rigid body at '/World/envs/env_459/robot_b/joints/imu'
2026-10-02T10:32:05Z [44,138ms] [Warning] [omni.physx.tensors.plugin] Failed to find rigid body at '/World/envs/env_460/robot_b/joints/imu'
2026-10-02T10:32:05Z [44,138ms] [Warning] [omni.physx.tensors.plugin] Failed to find rigid body at '/World/envs/env_461/robot_b/joints/imu'
2026-10-02T10:32:05Z [44,138ms] [Warning] [omni.physx.tensors.plugin] Failed to find rigid body at '/World/envs/env_462/robot_b/joints/imu'
2026-10-02T10:32:05Z [44,138ms] [Warning] [omni.physx.tensors.plugin] Failed to find rigid body at '/World/envs/env_463/robot_b/joints/imu'
2026-10-02T10:32:05Z [44,138ms] [Warning] [omni.physx.tensors.plugin] Failed to find rigid body at '/World/envs/env_464/robot_b/joints/imu'
2026-10-02T10:32:05Z [44,138ms] [Warning] [omni.physx.tensors.plugin] Failed to find rigid body at '/World/envs/env_465/robot_b/joints/imu'
2026-10-02T10:32:05Z [44,138ms] [Warning] [omni.physx.tensors.plugin] Failed to find rigid body at '/World/envs/env_466/robot_b/joints/imu'
2026-10-02T10:32:05Z [44,138ms] [Warning] [omni.physx.tensors.plugin] Failed to find rigid body at '/World/envs/env_467/robot_b/joints/imu'
2026-10-02T10:32:05Z [44,138ms] [Warning] [omni.physx.tensors.plugin] Failed to find rigid body at '/World/envs/env_468/robot_b/joints/imu'
2026-10-02T10:32:05Z [44,138ms] [Warning] [omni.physx.tensors.plugin] Failed to find rigid body at '/World/envs/env_469/robot_b/joints/imu'
2026-10-02T10:32:05Z [44,139ms] [Warning] [omni.physx.tensors.plugin] Failed to find rigid body at '/World/envs/env_470/robot_b/joints/imu'
2026-10-02T10:32:05Z [44,139ms] [Warning] [omni.physx.tensors.plugin] Failed to find rigid body at '/World/envs/env_471/robot_b/joints/imu'
2026-10-02T10:32:05Z [44,139ms] [Warning] [omni.physx.tensors.plugin] Failed to find rigid body at '/World/envs/env_472/robot_b/joints/imu'
2026-10-02T10:32:05Z [44,139ms] [Warning] [omni.physx.tensors.plugin] Failed to find rigid body at '/World/envs/env_473/robot_b/joints/imu'
2026-10-02T10:32:05Z [44,139ms] [Warning] [omni.physx.tensors.plugin] Failed to find rigid body at '/World/envs/env_474/robot_b/joints/imu'
2026-10-02T10:32:05Z [44,139ms] [Warning] [omni.physx.tensors.plugin] Failed to find rigid body at '/World/envs/env_475/robot_b/joints/imu'
2026-10-02T10:32:05Z [44,139ms] [Warning] [omni.physx.tensors.plugin] Failed to find rigid body at '/World/envs/env_476/robot_b/joints/imu'
2026-10-02T10:32:05Z [44,139ms] [Warning] [omni.physx.tensors.plugin] Failed to find rigid body at '/World/envs/env_477/robot_b/joints/imu'
2026-10-02T10:32:05Z [44,139ms] [Warning] [omni.physx.tensors.plugin] Failed to find rigid body at '/World/envs/env_478/robot_b/joints/imu'
2026-10-02T10:32:05Z [44,139ms] [Warning] [omni.physx.tensors.plugin] Failed to find rigid body at '/World/envs/env_479/robot_b/joints/imu'
2026-10-02T10:32:05Z [44,139ms] [Warning] [omni.physx.tensors.plugin] Failed to find rigid body at '/World/envs/env_480/robot_b/joints/imu'
2026-10-02T10:32:05Z [44,139ms] [Warning] [omni.physx.tensors.plugin] Failed to find rigid body at '/World/envs/env_481/robot_b/joints/imu'
2026-10-02T10:32:05Z [44,139ms] [Warning] [omni.physx.tensors.plugin] Failed to find rigid body at '/World/envs/env_482/robot_b/joints/imu'
2026-10-02T10:32:05Z [44,139ms] [Warning] [omni.physx.tensors.plugin] Failed to find rigid body at '/World/envs/env_483/robot_b/joints/imu'
2026-10-02T10:32:05Z [44,139ms] [Warning] [omni.physx.tensors.plugin] Failed to find rigid body at '/World/envs/env_484/robot_b/joints/imu'
2026-10-02T10:32:05Z [44,139ms] [Warning] [omni.physx.tensors.plugin] Failed to find rigid body at '/World/envs/env_485/robot_b/joints/imu'
2026-10-02T10:32:05Z [44,139ms] [Warning] [omni.physx.tensors.plugin] Failed to find rigid body at '/World/envs/env_486/robot_b/joints/imu'
2026-10-02T10:32:05Z [44,139ms] [Warning] [omni.physx.tensors.plugin] Failed to find rigid body at '/World/envs/env_487/robot_b/joints/imu'
2026-10-02T10:32:05Z [44,139ms] [Warning] [omni.physx.tensors.plugin] Failed to find rigid body at '/World/envs/env_488/robot_b/joints/imu'
2026-10-02T10:32:05Z [44,139ms] [Warning] [omni.physx.tensors.plugin] Failed to find rigid body at '/World/envs/env_489/robot_b/joints/imu'
2026-10-02T10:32:05Z [44,139ms] [Warning] [omni.physx.tensors.plugin] Failed to find rigid body at '/World/envs/env_490/robot_b/joints/imu'
2026-10-02T10:32:05Z [44,139ms] [Warning] [omni.physx.tensors.plugin] Failed to find rigid body at '/World/envs/env_491/robot_b/joints/imu'
2026-10-02T10:32:05Z [44,139ms] [Warning] [omni.physx.tensors.plugin] Failed to find rigid body at '/World/envs/env_492/robot_b/joints/imu'
2026-10-02T10:32:05Z [44,139ms] [Warning] [omni.physx.tensors.plugin] Failed to find rigid body at '/World/envs/env_493/robot_b/joints/imu'
2026-10-02T10:32:05Z [44,139ms] [Warning] [omni.physx.tensors.plugin] Failed to find rigid body at '/World/envs/env_494/robot_b/joints/imu'
2026-10-02T10:32:05Z [44,139ms] [Warning] [omni.physx.tensors.plugin] Failed to find rigid body at '/World/envs/env_495/robot_b/joints/imu'
2026-10-02T10:32:05Z [44,139ms] [Warning] [omni.physx.tensors.plugin] Failed to find rigid body at '/World/envs/env_496/robot_b/joints/imu'
2026-10-02T10:32:05Z [44,139ms] [Warning] [omni.physx.tensors.plugin] Failed to find rigid body at '/World/envs/env_497/robot_b/joints/imu'
2026-10-02T10:32:05Z [44,139ms] [Warning] [omni.physx.tensors.plugin] Failed to find rigid body at '/World/envs/env_498/robot_b/joints/imu'
2026-10-02T10:32:05Z [44,139ms] [Warning] [omni.physx.tensors.plugin] Failed to find rigid body at '/World/envs/env_499/robot_b/joints/imu'
2026-10-02T10:32:05Z [44,139ms] [Warning] [omni.physx.tensors.plugin] Failed to find rigid body at '/World/envs/env_500/robot_b/joints/imu'
2026-10-02T10:32:05Z [44,139ms] [Warning] [omni.physx.tensors.plugin] Failed to find rigid body at '/World/envs/env_501/robot_b/joints/imu'
2026-10-02T10:32:05Z [44,139ms] [Warning] [omni.physx.tensors.plugin] Failed to find rigid body at '/World/envs/env_502/robot_b/joints/imu'
2026-10-02T10:32:05Z [44,139ms] [Warning] [omni.physx.tensors.plugin] Failed to find rigid body at '/World/envs/env_503/robot_b/joints/imu'
2026-10-02T10:32:05Z [44,139ms] [Warning] [omni.physx.tensors.plugin] Failed to find rigid body at '/World/envs/env_504/robot_b/joints/imu'
2026-10-02T10:32:05Z [44,139ms] [Warning] [omni.physx.tensors.plugin] Failed to find rigid body at '/World/envs/env_505/robot_b/joints/imu'
2026-10-02T10:32:05Z [44,139ms] [Warning] [omni.physx.tensors.plugin] Failed to find rigid body at '/World/envs/env_506/robot_b/joints/imu'
2026-10-02T10:32:05Z [44,139ms] [Warning] [omni.physx.tensors.plugin] Failed to find rigid body at '/World/envs/env_507/robot_b/joints/imu'
2026-10-02T10:32:05Z [44,140ms] [Warning] [omni.physx.tensors.plugin] Failed to find rigid body at '/World/envs/env_508/robot_b/joints/imu'
2026-10-02T10:32:05Z [44,140ms] [Warning] [omni.physx.tensors.plugin] Failed to find rigid body at '/World/envs/env_509/robot_b/joints/imu'
2026-10-02T10:32:05Z [44,140ms] [Warning] [omni.physx.tensors.plugin] Failed to find rigid body at '/World/envs/env_510/robot_b/joints/imu'
2026-10-02T10:32:05Z [44,140ms] [Warning] [omni.physx.tensors.plugin] Failed to find rigid body at '/World/envs/env_511/robot_b/joints/imu'
2026-10-02T10:32:05Z [44,140ms] [Warning] [omni.physx.tensors.plugin] Failed to find rigid body at '/World/envs/env_512/robot_b/joints/imu'
2026-10-02T10:32:05Z [44,140ms] [Warning] [omni.physx.tensors.plugin] Failed to find rigid body at '/World/envs/env_513/robot_b/joints/imu'
2026-10-02T10:32:05Z [44,140ms] [Warning] [omni.physx.tensors.plugin] Failed to find rigid body at '/World/envs/env_514/robot_b/joints/imu'
2026-10-02T10:32:05Z [44,140ms] [Warning] [omni.physx.tensors.plugin] Failed to find rigid body at '/World/envs/env_515/robot_b/joints/imu'
2026-10-02T10:32:05Z [44,140ms] [Warning] [omni.physx.tensors.plugin] Failed to find rigid body at '/World/envs/env_516/robot_b/joints/imu'
2026-10-02T10:32:05Z [44,140ms] [Warning] [omni.physx.tensors.plugin] Failed to find rigid body at '/World/envs/env_517/robot_b/joints/imu'
2026-10-02T10:32:05Z [44,140ms] [Warning] [omni.physx.tensors.plugin] Failed to find rigid body at '/World/envs/env_518/robot_b/joints/imu'
2026-10-02T10:32:05Z [44,140ms] [Warning] [omni.physx.tensors.plugin] Failed to find rigid body at '/World/envs/env_519/robot_b/joints/imu'
2026-10-02T10:32:05Z [44,140ms] [Warning] [omni.physx.tensors.plugin] Failed to find rigid body at '/World/envs/env_520/robot_b/joints/imu'
2026-10-02T10:32:05Z [44,140ms] [Warning] [omni.physx.tensors.plugin] Failed to find rigid body at '/World/envs/env_521/robot_b/joints/imu'
2026-10-02T10:32:05Z [44,140ms] [Warning] [omni.physx.tensors.plugin] Failed to find rigid body at '/World/envs/env_522/robot_b/joints/imu'
2026-10-02T10:32:05Z [44,140ms] [Warning] [omni.physx.tensors.plugin] Failed to find rigid body at '/World/envs/env_523/robot_b/joints/imu'
2026-10-02T10:32:05Z [44,140ms] [Warning] [omni.physx.tensors.plugin] Failed to find rigid body at '/World/envs/env_524/robot_b/joints/imu'
2026-10-02T10:32:05Z [44,140ms] [Warning] [omni.physx.tensors.plugin] Failed to find rigid body at '/World/envs/env_525/robot_b/joints/imu'
2026-10-02T10:32:05Z [44,140ms] [Warning] [omni.physx.tensors.plugin] Failed to find rigid body at '/World/envs/env_526/robot_b/joints/imu'
2026-10-02T10:32:05Z [44,140ms] [Warning] [omni.physx.tensors.plugin] Failed to find rigid body at '/World/envs/env_527/robot_b/joints/imu'
2026-10-02T10:32:05Z [44,140ms] [Warning] [omni.physx.tensors.plugin] Failed to find rigid body at '/World/envs/env_528/robot_b/joints/imu'
2026-10-02T10:32:05Z [44,140ms] [Warning] [omni.physx.tensors.plugin] Failed to find rigid body at '/World/envs/env_529/robot_b/joints/imu'
2026-10-02T10:32:05Z [44,140ms] [Warning] [omni.physx.tensors.plugin] Failed to find rigid body at '/World/envs/env_530/robot_b/joints/imu'
2026-10-02T10:32:05Z [44,140ms] [Warning] [omni.physx.tensors.plugin] Failed to find rigid body at '/World/envs/env_531/robot_b/joints/imu'
2026-10-02T10:32:05Z [44,140ms] [Warning] [omni.physx.tensors.plugin] Failed to find rigid body at '/World/envs/env_532/robot_b/joints/imu'
2026-10-02T10:32:05Z [44,140ms] [Warning] [omni.physx.tensors.plugin] Failed to find rigid body at '/World/envs/env_533/robot_b/joints/imu'
2026-10-02T10:32:05Z [44,140ms] [Warning] [omni.physx.tensors.plugin] Failed to find rigid body at '/World/envs/env_534/robot_b/joints/imu'
2026-10-02T10:32:05Z [44,140ms] [Warning] [omni.physx.tensors.plugin] Failed to find rigid body at '/World/envs/env_535/robot_b/joints/imu'
2026-10-02T10:32:05Z [44,140ms] [Warning] [omni.physx.tensors.plugin] Failed to find rigid body at '/World/envs/env_536/robot_b/joints/imu'
2026-10-02T10:32:05Z [44,140ms] [Warning] [omni.physx.tensors.plugin] Failed to find rigid body at '/World/envs/env_537/robot_b/joints/imu'
2026-10-02T10:32:05Z [44,140ms] [Warning] [omni.physx.tensors.plugin] Failed to find rigid body at '/World/envs/env_538/robot_b/joints/imu'
2026-10-02T10:32:05Z [44,140ms] [Warning] [omni.physx.tensors.plugin] Failed to find rigid body at '/World/envs/env_539/robot_b/joints/imu'
2026-10-02T10:32:05Z [44,140ms] [Warning] [omni.physx.tensors.plugin] Failed to find rigid body at '/World/envs/env_540/robot_b/joints/imu'
2026-10-02T10:32:05Z [44,140ms] [Warning] [omni.physx.tensors.plugin] Failed to find rigid body at '/World/envs/env_541/robot_b/joints/imu'
2026-10-02T10:32:05Z [44,140ms] [Warning] [omni.physx.tensors.plugin] Failed to find rigid body at '/World/envs/env_542/robot_b/joints/imu'
2026-10-02T10:32:05Z [44,140ms] [Warning] [omni.physx.tensors.plugin] Failed to find rigid body at '/World/envs/env_543/robot_b/joints/imu'
2026-10-02T10:32:05Z [44,140ms] [Warning] [omni.physx.tensors.plugin] Failed to find rigid body at '/World/envs/env_544/robot_b/joints/imu'
2026-10-02T10:32:05Z [44,140ms] [Warning] [omni.physx.tensors.plugin] Failed to find rigid body at '/World/envs/env_545/robot_b/joints/imu'
2026-10-02T10:32:05Z [44,140ms] [Warning] [omni.physx.tensors.plugin] Failed to find rigid body at '/World/envs/env_546/robot_b/joints/imu'
2026-10-02T10:32:05Z [44,140ms] [Warning] [omni.physx.tensors.plugin] Failed to find rigid body at '/World/envs/env_547/robot_b/joints/imu'
2026-10-02T10:32:05Z [44,141ms] [Warning] [omni.physx.tensors.plugin] Failed to find rigid body at '/World/envs/env_548/robot_b/joints/imu'
2026-10-02T10:32:05Z [44,141ms] [Warning] [omni.physx.tensors.plugin] Failed to find rigid body at '/World/envs/env_549/robot_b/joints/imu'
2026-10-02T10:32:05Z [44,141ms] [Warning] [omni.physx.tensors.plugin] Failed to find rigid body at '/World/envs/env_550/robot_b/joints/imu'
2026-10-02T10:32:05Z [44,141ms] [Warning] [omni.physx.tensors.plugin] Failed to find rigid body at '/World/envs/env_551/robot_b/joints/imu'
2026-10-02T10:32:05Z [44,141ms] [Warning] [omni.physx.tensors.plugin] Failed to find rigid body at '/World/envs/env_552/robot_b/joints/imu'
2026-10-02T10:32:05Z [44,141ms] [Warning] [omni.physx.tensors.plugin] Failed to find rigid body at '/World/envs/env_553/robot_b/joints/imu'
2026-10-02T10:32:05Z [44,141ms] [Warning] [omni.physx.tensors.plugin] Failed to find rigid body at '/World/envs/env_554/robot_b/joints/imu'
2026-10-02T10:32:05Z [44,141ms] [Warning] [omni.physx.tensors.plugin] Failed to find rigid body at '/World/envs/env_555/robot_b/joints/imu'
2026-10-02T10:32:05Z [44,141ms] [Warning] [omni.physx.tensors.plugin] Failed to find rigid body at '/World/envs/env_556/robot_b/joints/imu'
2026-10-02T10:32:05Z [44,141ms] [Warning] [omni.physx.tensors.plugin] Failed to find rigid body at '/World/envs/env_557/robot_b/joints/imu'
2026-10-02T10:32:05Z [44,141ms] [Warning] [omni.physx.tensors.plugin] Failed to find rigid body at '/World/envs/env_558/robot_b/joints/imu'
2026-10-02T10:32:05Z [44,141ms] [Warning] [omni.physx.tensors.plugin] Failed to find rigid body at '/World/envs/env_559/robot_b/joints/imu'
2026-10-02T10:32:05Z [44,141ms] [Warning] [omni.physx.tensors.plugin] Failed to find rigid body at '/World/envs/env_560/robot_b/joints/imu'
2026-10-02T10:32:05Z [44,141ms] [Warning] [omni.physx.tensors.plugin] Failed to find rigid body at '/World/envs/env_561/robot_b/joints/imu'
2026-10-02T10:32:05Z [44,141ms] [Warning] [omni.physx.tensors.plugin] Failed to find rigid body at '/World/envs/env_562/robot_b/joints/imu'
2026-10-02T10:32:05Z [44,141ms] [Warning] [omni.physx.tensors.plugin] Failed to find rigid body at '/World/envs/env_563/robot_b/joints/imu'
2026-10-02T10:32:05Z [44,141ms] [Warning] [omni.physx.tensors.plugin] Failed to find rigid body at '/World/envs/env_564/robot_b/joints/imu'
2026-10-02T10:32:05Z [44,141ms] [Warning] [omni.physx.tensors.plugin] Failed to find rigid body at '/World/envs/env_565/robot_b/joints/imu'
2026-10-02T10:32:05Z [44,141ms] [Warning] [omni.physx.tensors.plugin] Failed to find rigid body at '/World/envs/env_566/robot_b/joints/imu'
2026-10-02T10:32:05Z [44,141ms] [Warning] [omni.physx.tensors.plugin] Failed to find rigid body at '/World/envs/env_567/robot_b/joints/imu'
2026-10-02T10:32:05Z [44,141ms] [Warning] [omni.physx.tensors.plugin] Failed to find rigid body at '/World/envs/env_568/robot_b/joints/imu'
2026-10-02T10:32:05Z [44,141ms] [Warning] [omni.physx.tensors.plugin] Failed to find rigid body at '/World/envs/env_569/robot_b/joints/imu'
2026-10-02T10:32:05Z [44,141ms] [Warning] [omni.physx.tensors.plugin] Failed to find rigid body at '/World/envs/env_570/robot_b/joints/imu'
2026-10-02T10:32:05Z [44,141ms] [Warning] [omni.physx.tensors.plugin] Failed to find rigid body at '/World/envs/env_571/robot_b/joints/imu'
2026-10-02T10:32:05Z [44,141ms] [Warning] [omni.physx.tensors.plugin] Failed to find rigid body at '/World/envs/env_572/robot_b/joints/imu'
2026-10-02T10:32:05Z [44,141ms] [Warning] [omni.physx.tensors.plugin] Failed to find rigid body at '/World/envs/env_573/robot_b/joints/imu'
2026-10-02T10:32:05Z [44,141ms] [Warning] [omni.physx.tensors.plugin] Failed to find rigid body at '/World/envs/env_574/robot_b/joints/imu'
2026-10-02T10:32:05Z [44,141ms] [Warning] [omni.physx.tensors.plugin] Failed to find rigid body at '/World/envs/env_575/robot_b/joints/imu'
2026-10-02T10:32:05Z [44,141ms] [Warning] [omni.physx.tensors.plugin] Failed to find rigid body at '/World/envs/env_576/robot_b/joints/imu'
2026-10-02T10:32:05Z [44,141ms] [Warning] [omni.physx.tensors.plugin] Failed to find rigid body at '/World/envs/env_577/robot_b/joints/imu'
2026-10-02T10:32:05Z [44,141ms] [Warning] [omni.physx.tensors.plugin] Failed to find rigid body at '/World/envs/env_578/robot_b/joints/imu'
2026-10-02T10:32:05Z [44,141ms] [Warning] [omni.physx.tensors.plugin] Failed to find rigid body at '/World/envs/env_579/robot_b/joints/imu'
2026-10-02T10:32:05Z [44,141ms] [Warning] [omni.physx.tensors.plugin] Failed to find rigid body at '/World/envs/env_580/robot_b/joints/imu'
2026-10-02T10:32:05Z [44,141ms] [Warning] [omni.physx.tensors.plugin] Failed to find rigid body at '/World/envs/env_581/robot_b/joints/imu'
2026-10-02T10:32:05Z [44,141ms] [Warning] [omni.physx.tensors.plugin] Failed to find rigid body at '/World/envs/env_582/robot_b/joints/imu'
2026-10-02T10:32:05Z [44,141ms] [Warning] [omni.physx.tensors.plugin] Failed to find rigid body at '/World/envs/env_583/robot_b/joints/imu'
2026-10-02T10:32:05Z [44,141ms] [Warning] [omni.physx.tensors.plugin] Failed to find rigid body at '/World/envs/env_584/robot_b/joints/imu'
2026-10-02T10:32:05Z [44,141ms] [Warning] [omni.physx.tensors.plugin] Failed to find rigid body at '/World/envs/env_585/robot_b/joints/imu'
2026-10-02T10:32:05Z [44,141ms] [Warning] [omni.physx.tensors.plugin] Failed to find rigid body at '/World/envs/env_586/robot_b/joints/imu'
2026-10-02T10:32:05Z [44,141ms] [Warning] [omni.physx.tensors.plugin] Failed to find rigid body at '/World/envs/env_587/robot_b/joints/imu'
2026-10-02T10:32:05Z [44,141ms] [Warning] [omni.physx.tensors.plugin] Failed to find rigid body at '/World/envs/env_588/robot_b/joints/imu'
2026-10-02T10:32:05Z [44,142ms] [Warning] [omni.physx.tensors.plugin] Failed to find rigid body at '/World/envs/env_589/robot_b/joints/imu'
2026-10-02T10:32:05Z [44,142ms] [Warning] [omni.physx.tensors.plugin] Failed to find rigid body at '/World/envs/env_590/robot_b/joints/imu'
2026-10-02T10:32:05Z [44,142ms] [Warning] [omni.physx.tensors.plugin] Failed to find rigid body at '/World/envs/env_591/robot_b/joints/imu'
2026-10-02T10:32:05Z [44,142ms] [Warning] [omni.physx.tensors.plugin] Failed to find rigid body at '/World/envs/env_592/robot_b/joints/imu'
2026-10-02T10:32:05Z [44,142ms] [Warning] [omni.physx.tensors.plugin] Failed to find rigid body at '/World/envs/env_593/robot_b/joints/imu'
2026-10-02T10:32:05Z [44,142ms] [Warning] [omni.physx.tensors.plugin] Failed to find rigid body at '/World/envs/env_594/robot_b/joints/imu'
2026-10-02T10:32:05Z [44,142ms] [Warning] [omni.physx.tensors.plugin] Failed to find rigid body at '/World/envs/env_595/robot_b/joints/imu'
2026-10-02T10:32:05Z [44,142ms] [Warning] [omni.physx.tensors.plugin] Failed to find rigid body at '/World/envs/env_596/robot_b/joints/imu'
2026-10-02T10:32:05Z [44,142ms] [Warning] [omni.physx.tensors.plugin] Failed to find rigid body at '/World/envs/env_597/robot_b/joints/imu'
2026-10-02T10:32:05Z [44,142ms] [Warning] [omni.physx.tensors.plugin] Failed to find rigid body at '/World/envs/env_598/robot_b/joints/imu'
2026-10-02T10:32:05Z [44,142ms] [Warning] [omni.physx.tensors.plugin] Failed to find rigid body at '/World/envs/env_599/robot_b/joints/imu'
2026-10-02T10:32:05Z [44,142ms] [Warning] [omni.physx.tensors.plugin] Failed to find rigid body at '/World/envs/env_600/robot_b/joints/imu'
2026-10-02T10:32:05Z [44,142ms] [Warning] [omni.physx.tensors.plugin] Failed to find rigid body at '/World/envs/env_601/robot_b/joints/imu'
2026-10-02T10:32:05Z [44,142ms] [Warning] [omni.physx.tensors.plugin] Failed to find rigid body at '/World/envs/env_602/robot_b/joints/imu'
2026-10-02T10:32:05Z [44,142ms] [Warning] [omni.physx.tensors.plugin] Failed to find rigid body at '/World/envs/env_603/robot_b/joints/imu'
2026-10-02T10:32:05Z [44,142ms] [Warning] [omni.physx.tensors.plugin] Failed to find rigid body at '/World/envs/env_604/robot_b/joints/imu'
2026-10-02T10:32:05Z [44,142ms] [Warning] [omni.physx.tensors.plugin] Failed to find rigid body at '/World/envs/env_605/robot_b/joints/imu'
2026-10-02T10:32:05Z [44,142ms] [Warning] [omni.physx.tensors.plugin] Failed to find rigid body at '/World/envs/env_606/robot_b/joints/imu'
2026-10-02T10:32:05Z [44,142ms] [Warning] [omni.physx.tensors.plugin] Failed to find rigid body at '/World/envs/env_607/robot_b/joints/imu'
2026-10-02T10:32:05Z [44,142ms] [Warning] [omni.physx.tensors.plugin] Failed to find rigid body at '/World/envs/env_608/robot_b/joints/imu'
2026-10-02T10:32:05Z [44,142ms] [Warning] [omni.physx.tensors.plugin] Failed to find rigid body at '/World/envs/env_609/robot_b/joints/imu'
2026-10-02T10:32:05Z [44,142ms] [Warning] [omni.physx.tensors.plugin] Failed to find rigid body at '/World/envs/env_610/robot_b/joints/imu'
2026-10-02T10:32:05Z [44,142ms] [Warning] [omni.physx.tensors.plugin] Failed to find rigid body at '/World/envs/env_611/robot_b/joints/imu'
2026-10-02T10:32:05Z [44,142ms] [Warning] [omni.physx.tensors.plugin] Failed to find rigid body at '/World/envs/env_612/robot_b/joints/imu'
2026-10-02T10:32:05Z [44,142ms] [Warning] [omni.physx.tensors.plugin] Failed to find rigid body at '/World/envs/env_613/robot_b/joints/imu'
2026-10-02T10:32:05Z [44,142ms] [Warning] [omni.physx.tensors.plugin] Failed to find rigid body at '/World/envs/env_614/robot_b/joints/imu'
2026-10-02T10:32:05Z [44,142ms] [Warning] [omni.physx.tensors.plugin] Failed to find rigid body at '/World/envs/env_615/robot_b/joints/imu'
2026-10-02T10:32:05Z [44,142ms] [Warning] [omni.physx.tensors.plugin] Failed to find rigid body at '/World/envs/env_616/robot_b/joints/imu'
2026-10-02T10:32:05Z [44,142ms] [Warning] [omni.physx.tensors.plugin] Failed to find rigid body at '/World/envs/env_617/robot_b/joints/imu'
2026-10-02T10:32:05Z [44,142ms] [Warning] [omni.physx.tensors.plugin] Failed to find rigid body at '/World/envs/env_618/robot_b/joints/imu'
2026-10-02T10:32:05Z [44,142ms] [Warning] [omni.physx.tensors.plugin] Failed to find rigid body at '/World/envs/env_619/robot_b/joints/imu'
2026-10-02T10:32:05Z [44,142ms] [Warning] [omni.physx.tensors.plugin] Failed to find rigid body at '/World/envs/env_620/robot_b/joints/imu'
2026-10-02T10:32:05Z [44,143ms] [Warning] [omni.physx.tensors.plugin] Failed to find rigid body at '/World/envs/env_621/robot_b/joints/imu'
2026-10-02T10:32:05Z [44,143ms] [Warning] [omni.physx.tensors.plugin] Failed to find rigid body at '/World/envs/env_622/robot_b/joints/imu'
2026-10-02T10:32:05Z [44,143ms] [Warning] [omni.physx.tensors.plugin] Failed to find rigid body at '/World/envs/env_623/robot_b/joints/imu'
2026-10-02T10:32:05Z [44,143ms] [Warning] [omni.physx.tensors.plugin] Failed to find rigid body at '/World/envs/env_624/robot_b/joints/imu'
2026-10-02T10:32:05Z [44,143ms] [Warning] [omni.physx.tensors.plugin] Failed to find rigid body at '/World/envs/env_625/robot_b/joints/imu'
2026-10-02T10:32:05Z [44,143ms] [Warning] [omni.physx.tensors.plugin] Failed to find rigid body at '/World/envs/env_626/robot_b/joints/imu'
2026-10-02T10:32:05Z [44,143ms] [Warning] [omni.physx.tensors.plugin] Failed to find rigid body at '/World/envs/env_627/robot_b/joints/imu'
2026-10-02T10:32:05Z [44,143ms] [Warning] [omni.physx.tensors.plugin] Failed to find rigid body at '/World/envs/env_628/robot_b/joints/imu'
2026-10-02T10:32:05Z [44,143ms] [Warning] [omni.physx.tensors.plugin] Failed to find rigid body at '/World/envs/env_629/robot_b/joints/imu'
2026-10-02T10:32:05Z [44,143ms] [Warning] [omni.physx.tensors.plugin] Failed to find rigid body at '/World/envs/env_630/robot_b/joints/imu'
2026-10-02T10:32:05Z [44,143ms] [Warning] [omni.physx.tensors.plugin] Failed to find rigid body at '/World/envs/env_631/robot_b/joints/imu'
2026-10-02T10:32:05Z [44,143ms] [Warning] [omni.physx.tensors.plugin] Failed to find rigid body at '/World/envs/env_632/robot_b/joints/imu'
2026-10-02T10:32:05Z [44,143ms] [Warning] [omni.physx.tensors.plugin] Failed to find rigid body at '/World/envs/env_633/robot_b/joints/imu'
2026-10-02T10:32:05Z [44,143ms] [Warning] [omni.physx.tensors.plugin] Failed to find rigid body at '/World/envs/env_634/robot_b/joints/imu'
2026-10-02T10:32:05Z [44,143ms] [Warning] [omni.physx.tensors.plugin] Failed to find rigid body at '/World/envs/env_635/robot_b/joints/imu'
2026-10-02T10:32:05Z [44,143ms] [Warning] [omni.physx.tensors.plugin] Failed to find rigid body at '/World/envs/env_636/robot_b/joints/imu'
2026-10-02T10:32:05Z [44,143ms] [Warning] [omni.physx.tensors.plugin] Failed to find rigid body at '/World/envs/env_637/robot_b/joints/imu'
2026-10-02T10:32:05Z [44,143ms] [Warning] [omni.physx.tensors.plugin] Failed to find rigid body at '/World/envs/env_638/robot_b/joints/imu'
2026-10-02T10:32:05Z [44,143ms] [Warning] [omni.physx.tensors.plugin] Failed to find rigid body at '/World/envs/env_639/robot_b/joints/imu'
2026-10-02T10:32:05Z [44,143ms] [Warning] [omni.physx.tensors.plugin] Failed to find rigid body at '/World/envs/env_640/robot_b/joints/imu'
2026-10-02T10:32:05Z [44,143ms] [Warning] [omni.physx.tensors.plugin] Failed to find rigid body at '/World/envs/env_641/robot_b/joints/imu'
2026-10-02T10:32:05Z [44,143ms] [Warning] [omni.physx.tensors.plugin] Failed to find rigid body at '/World/envs/env_642/robot_b/joints/imu'
2026-10-02T10:32:05Z [44,143ms] [Warning] [omni.physx.tensors.plugin] Failed to find rigid body at '/World/envs/env_643/robot_b/joints/imu'
2026-10-02T10:32:05Z [44,143ms] [Warning] [omni.physx.tensors.plugin] Failed to find rigid body at '/World/envs/env_644/robot_b/joints/imu'
2026-10-02T10:32:05Z [44,143ms] [Warning] [omni.physx.tensors.plugin] Failed to find rigid body at '/World/envs/env_645/robot_b/joints/imu'
2026-10-02T10:32:05Z [44,143ms] [Warning] [omni.physx.tensors.plugin] Failed to find rigid body at '/World/envs/env_646/robot_b/joints/imu'
2026-10-02T10:32:05Z [44,143ms] [Warning] [omni.physx.tensors.plugin] Failed to find rigid body at '/World/envs/env_647/robot_b/joints/imu'
2026-10-02T10:32:05Z [44,143ms] [Warning] [omni.physx.tensors.plugin] Failed to find rigid body at '/World/envs/env_648/robot_b/joints/imu'
2026-10-02T10:32:05Z [44,143ms] [Warning] [omni.physx.tensors.plugin] Failed to find rigid body at '/World/envs/env_649/robot_b/joints/imu'
2026-10-02T10:32:05Z [44,143ms] [Warning] [omni.physx.tensors.plugin] Failed to find rigid body at '/World/envs/env_650/robot_b/joints/imu'
2026-10-02T10:32:05Z [44,143ms] [Warning] [omni.physx.tensors.plugin] Failed to find rigid body at '/World/envs/env_651/robot_b/joints/imu'
2026-10-02T10:32:05Z [44,143ms] [Warning] [omni.physx.tensors.plugin] Failed to find rigid body at '/World/envs/env_652/robot_b/joints/imu'
2026-10-02T10:32:05Z [44,143ms] [Warning] [omni.physx.tensors.plugin] Failed to find rigid body at '/World/envs/env_653/robot_b/joints/imu'
2026-10-02T10:32:05Z [44,143ms] [Warning] [omni.physx.tensors.plugin] Failed to find rigid body at '/World/envs/env_654/robot_b/joints/imu'
2026-10-02T10:32:05Z [44,143ms] [Warning] [omni.physx.tensors.plugin] Failed to find rigid body at '/World/envs/env_655/robot_b/joints/imu'
2026-10-02T10:32:05Z [44,143ms] [Warning] [omni.physx.tensors.plugin] Failed to find rigid body at '/World/envs/env_656/robot_b/joints/imu'
2026-10-02T10:32:05Z [44,143ms] [Warning] [omni.physx.tensors.plugin] Failed to find rigid body at '/World/envs/env_657/robot_b/joints/imu'
2026-10-02T10:32:05Z [44,143ms] [Warning] [omni.physx.tensors.plugin] Failed to find rigid body at '/World/envs/env_658/robot_b/joints/imu'
2026-10-02T10:32:05Z [44,143ms] [Warning] [omni.physx.tensors.plugin] Failed to find rigid body at '/World/envs/env_659/robot_b/joints/imu'
2026-10-02T10:32:05Z [44,143ms] [Warning] [omni.physx.tensors.plugin] Failed to find rigid body at '/World/envs/env_660/robot_b/joints/imu'
2026-10-02T10:32:05Z [44,143ms] [Warning] [omni.physx.tensors.plugin] Failed to find rigid body at '/World/envs/env_661/robot_b/joints/imu'
2026-10-02T10:32:05Z [44,144ms] [Warning] [omni.physx.tensors.plugin] Failed to find rigid body at '/World/envs/env_662/robot_b/joints/imu'
2026-10-02T10:32:05Z [44,144ms] [Warning] [omni.physx.tensors.plugin] Failed to find rigid body at '/World/envs/env_663/robot_b/joints/imu'
2026-10-02T10:32:05Z [44,144ms] [Warning] [omni.physx.tensors.plugin] Failed to find rigid body at '/World/envs/env_664/robot_b/joints/imu'
2026-10-02T10:32:05Z [44,144ms] [Warning] [omni.physx.tensors.plugin] Failed to find rigid body at '/World/envs/env_665/robot_b/joints/imu'
2026-10-02T10:32:05Z [44,144ms] [Warning] [omni.physx.tensors.plugin] Failed to find rigid body at '/World/envs/env_666/robot_b/joints/imu'
2026-10-02T10:32:05Z [44,144ms] [Warning] [omni.physx.tensors.plugin] Failed to find rigid body at '/World/envs/env_667/robot_b/joints/imu'
2026-10-02T10:32:05Z [44,144ms] [Warning] [omni.physx.tensors.plugin] Failed to find rigid body at '/World/envs/env_668/robot_b/joints/imu'
2026-10-02T10:32:05Z [44,144ms] [Warning] [omni.physx.tensors.plugin] Failed to find rigid body at '/World/envs/env_669/robot_b/joints/imu'
2026-10-02T10:32:05Z [44,144ms] [Warning] [omni.physx.tensors.plugin] Failed to find rigid body at '/World/envs/env_670/robot_b/joints/imu'
2026-10-02T10:32:05Z [44,144ms] [Warning] [omni.physx.tensors.plugin] Failed to find rigid body at '/World/envs/env_671/robot_b/joints/imu'
2026-10-02T10:32:05Z [44,144ms] [Warning] [omni.physx.tensors.plugin] Failed to find rigid body at '/World/envs/env_672/robot_b/joints/imu'
2026-10-02T10:32:05Z [44,144ms] [Warning] [omni.physx.tensors.plugin] Failed to find rigid body at '/World/envs/env_673/robot_b/joints/imu'
2026-10-02T10:32:05Z [44,144ms] [Warning] [omni.physx.tensors.plugin] Failed to find rigid body at '/World/envs/env_674/robot_b/joints/imu'
2026-10-02T10:32:05Z [44,144ms] [Warning] [omni.physx.tensors.plugin] Failed to find rigid body at '/World/envs/env_675/robot_b/joints/imu'
2026-10-02T10:32:05Z [44,144ms] [Warning] [omni.physx.tensors.plugin] Failed to find rigid body at '/World/envs/env_676/robot_b/joints/imu'
2026-10-02T10:32:05Z [44,144ms] [Warning] [omni.physx.tensors.plugin] Failed to find rigid body at '/World/envs/env_677/robot_b/joints/imu'
2026-10-02T10:32:05Z [44,144ms] [Warning] [omni.physx.tensors.plugin] Failed to find rigid body at '/World/envs/env_678/robot_b/joints/imu'
2026-10-02T10:32:05Z [44,144ms] [Warning] [omni.physx.tensors.plugin] Failed to find rigid body at '/World/envs/env_679/robot_b/joints/imu'
2026-10-02T10:32:05Z [44,144ms] [Warning] [omni.physx.tensors.plugin] Failed to find rigid body at '/World/envs/env_680/robot_b/joints/imu'
2026-10-02T10:32:05Z [44,144ms] [Warning] [omni.physx.tensors.plugin] Failed to find rigid body at '/World/envs/env_681/robot_b/joints/imu'
2026-10-02T10:32:05Z [44,144ms] [Warning] [omni.physx.tensors.plugin] Failed to find rigid body at '/World/envs/env_682/robot_b/joints/imu'
2026-10-02T10:32:05Z [44,144ms] [Warning] [omni.physx.tensors.plugin] Failed to find rigid body at '/World/envs/env_683/robot_b/joints/imu'
2026-10-02T10:32:05Z [44,144ms] [Warning] [omni.physx.tensors.plugin] Failed to find rigid body at '/World/envs/env_684/robot_b/joints/imu'
2026-10-02T10:32:05Z [44,144ms] [Warning] [omni.physx.tensors.plugin] Failed to find rigid body at '/World/envs/env_685/robot_b/joints/imu'
2026-10-02T10:32:05Z [44,144ms] [Warning] [omni.physx.tensors.plugin] Failed to find rigid body at '/World/envs/env_686/robot_b/joints/imu'
2026-10-02T10:32:05Z [44,144ms] [Warning] [omni.physx.tensors.plugin] Failed to find rigid body at '/World/envs/env_687/robot_b/joints/imu'
2026-10-02T10:32:05Z [44,144ms] [Warning] [omni.physx.tensors.plugin] Failed to find rigid body at '/World/envs/env_688/robot_b/joints/imu'
2026-10-02T10:32:05Z [44,144ms] [Warning] [omni.physx.tensors.plugin] Failed to find rigid body at '/World/envs/env_689/robot_b/joints/imu'
2026-10-02T10:32:05Z [44,144ms] [Warning] [omni.physx.tensors.plugin] Failed to find rigid body at '/World/envs/env_690/robot_b/joints/imu'
2026-10-02T10:32:05Z [44,144ms] [Warning] [omni.physx.tensors.plugin] Failed to find rigid body at '/World/envs/env_691/robot_b/joints/imu'
2026-10-02T10:32:05Z [44,144ms] [Warning] [omni.physx.tensors.plugin] Failed to find rigid body at '/World/envs/env_692/robot_b/joints/imu'
2026-10-02T10:32:05Z [44,144ms] [Warning] [omni.physx.tensors.plugin] Failed to find rigid body at '/World/envs/env_693/robot_b/joints/imu'
2026-10-02T10:32:05Z [44,144ms] [Warning] [omni.physx.tensors.plugin] Failed to find rigid body at '/World/envs/env_694/robot_b/joints/imu'
2026-10-02T10:32:05Z [44,144ms] [Warning] [omni.physx.tensors.plugin] Failed to find rigid body at '/World/envs/env_695/robot_b/joints/imu'
2026-10-02T10:32:05Z [44,144ms] [Warning] [omni.physx.tensors.plugin] Failed to find rigid body at '/World/envs/env_696/robot_b/joints/imu'
2026-10-02T10:32:05Z [44,144ms] [Warning] [omni.physx.tensors.plugin] Failed to find rigid body at '/World/envs/env_697/robot_b/joints/imu'
2026-10-02T10:32:05Z [44,144ms] [Warning] [omni.physx.tensors.plugin] Failed to find rigid body at '/World/envs/env_698/robot_b/joints/imu'
2026-10-02T10:32:05Z [44,144ms] [Warning] [omni.physx.tensors.plugin] Failed to find rigid body at '/World/envs/env_699/robot_b/joints/imu'
2026-10-02T10:32:05Z [44,144ms] [Warning] [omni.physx.tensors.plugin] Failed to find rigid body at '/World/envs/env_700/robot_b/joints/imu'
2026-10-02T10:32:05Z [44,144ms] [Warning] [omni.physx.tensors.plugin] Failed to find rigid body at '/World/envs/env_701/robot_b/joints/imu'
2026-10-02T10:32:05Z [44,144ms] [Warning] [omni.physx.tensors.plugin] Failed to find rigid body at '/World/envs/env_702/robot_b/joints/imu'
2026-10-02T10:32:05Z [44,144ms] [Warning] [omni.physx.tensors.plugin] Failed to find rigid body at '/World/envs/env_703/robot_b/joints/imu'
2026-10-02T10:32:05Z [44,145ms] [Warning] [omni.physx.tensors.plugin] Failed to find rigid body at '/World/envs/env_704/robot_b/joints/imu'
2026-10-02T10:32:05Z [44,145ms] [Warning] [omni.physx.tensors.plugin] Failed to find rigid body at '/World/envs/env_705/robot_b/joints/imu'
2026-10-02T10:32:05Z [44,145ms] [Warning] [omni.physx.tensors.plugin] Failed to find rigid body at '/World/envs/env_706/robot_b/joints/imu'
2026-10-02T10:32:05Z [44,145ms] [Warning] [omni.physx.tensors.plugin] Failed to find rigid body at '/World/envs/env_707/robot_b/joints/imu'
2026-10-02T10:32:05Z [44,145ms] [Warning] [omni.physx.tensors.plugin] Failed to find rigid body at '/World/envs/env_708/robot_b/joints/imu'
2026-10-02T10:32:05Z [44,145ms] [Warning] [omni.physx.tensors.plugin] Failed to find rigid body at '/World/envs/env_709/robot_b/joints/imu'
2026-10-02T10:32:05Z [44,145ms] [Warning] [omni.physx.tensors.plugin] Failed to find rigid body at '/World/envs/env_710/robot_b/joints/imu'
2026-10-02T10:32:05Z [44,145ms] [Warning] [omni.physx.tensors.plugin] Failed to find rigid body at '/World/envs/env_711/robot_b/joints/imu'
2026-10-02T10:32:05Z [44,145ms] [Warning] [omni.physx.tensors.plugin] Failed to find rigid body at '/World/envs/env_712/robot_b/joints/imu'
2026-10-02T10:32:05Z [44,145ms] [Warning] [omni.physx.tensors.plugin] Failed to find rigid body at '/World/envs/env_713/robot_b/joints/imu'
2026-10-02T10:32:05Z [44,145ms] [Warning] [omni.physx.tensors.plugin] Failed to find rigid body at '/World/envs/env_714/robot_b/joints/imu'
2026-10-02T10:32:05Z [44,145ms] [Warning] [omni.physx.tensors.plugin] Failed to find rigid body at '/World/envs/env_715/robot_b/joints/imu'
2026-10-02T10:32:05Z [44,145ms] [Warning] [omni.physx.tensors.plugin] Failed to find rigid body at '/World/envs/env_716/robot_b/joints/imu'
2026-10-02T10:32:05Z [44,145ms] [Warning] [omni.physx.tensors.plugin] Failed to find rigid body at '/World/envs/env_717/robot_b/joints/imu'
2026-10-02T10:32:05Z [44,145ms] [Warning] [omni.physx.tensors.plugin] Failed to find rigid body at '/World/envs/env_718/robot_b/joints/imu'
2026-10-02T10:32:05Z [44,145ms] [Warning] [omni.physx.tensors.plugin] Failed to find rigid body at '/World/envs/env_719/robot_b/joints/imu'
2026-10-02T10:32:05Z [44,145ms] [Warning] [omni.physx.tensors.plugin] Failed to find rigid body at '/World/envs/env_720/robot_b/joints/imu'
2026-10-02T10:32:05Z [44,145ms] [Warning] [omni.physx.tensors.plugin] Failed to find rigid body at '/World/envs/env_721/robot_b/joints/imu'
2026-10-02T10:32:05Z [44,145ms] [Warning] [omni.physx.tensors.plugin] Failed to find rigid body at '/World/envs/env_722/robot_b/joints/imu'
2026-10-02T10:32:05Z [44,145ms] [Warning] [omni.physx.tensors.plugin] Failed to find rigid body at '/World/envs/env_723/robot_b/joints/imu'
2026-10-02T10:32:05Z [44,145ms] [Warning] [omni.physx.tensors.plugin] Failed to find rigid body at '/World/envs/env_724/robot_b/joints/imu'
2026-10-02T10:32:05Z [44,145ms] [Warning] [omni.physx.tensors.plugin] Failed to find rigid body at '/World/envs/env_725/robot_b/joints/imu'
2026-10-02T10:32:05Z [44,145ms] [Warning] [omni.physx.tensors.plugin] Failed to find rigid body at '/World/envs/env_726/robot_b/joints/imu'
2026-10-02T10:32:05Z [44,145ms] [Warning] [omni.physx.tensors.plugin] Failed to find rigid body at '/World/envs/env_727/robot_b/joints/imu'
2026-10-02T10:32:05Z [44,145ms] [Warning] [omni.physx.tensors.plugin] Failed to find rigid body at '/World/envs/env_728/robot_b/joints/imu'
2026-10-02T10:32:05Z [44,145ms] [Warning] [omni.physx.tensors.plugin] Failed to find rigid body at '/World/envs/env_729/robot_b/joints/imu'
2026-10-02T10:32:05Z [44,145ms] [Warning] [omni.physx.tensors.plugin] Failed to find rigid body at '/World/envs/env_730/robot_b/joints/imu'
2026-10-02T10:32:05Z [44,145ms] [Warning] [omni.physx.tensors.plugin] Failed to find rigid body at '/World/envs/env_731/robot_b/joints/imu'
2026-10-02T10:32:05Z [44,145ms] [Warning] [omni.physx.tensors.plugin] Failed to find rigid body at '/World/envs/env_732/robot_b/joints/imu'
2026-10-02T10:32:05Z [44,145ms] [Warning] [omni.physx.tensors.plugin] Failed to find rigid body at '/World/envs/env_733/robot_b/joints/imu'
2026-10-02T10:32:05Z [44,145ms] [Warning] [omni.physx.tensors.plugin] Failed to find rigid body at '/World/envs/env_734/robot_b/joints/imu'
2026-10-02T10:32:05Z [44,145ms] [Warning] [omni.physx.tensors.plugin] Failed to find rigid body at '/World/envs/env_735/robot_b/joints/imu'
2026-10-02T10:32:05Z [44,145ms] [Warning] [omni.physx.tensors.plugin] Failed to find rigid body at '/World/envs/env_736/robot_b/joints/imu'
2026-10-02T10:32:05Z [44,145ms] [Warning] [omni.physx.tensors.plugin] Failed to find rigid body at '/World/envs/env_737/robot_b/joints/imu'
2026-10-02T10:32:05Z [44,145ms] [Warning] [omni.physx.tensors.plugin] Failed to find rigid body at '/World/envs/env_738/robot_b/joints/imu'
2026-10-02T10:32:05Z [44,145ms] [Warning] [omni.physx.tensors.plugin] Failed to find rigid body at '/World/envs/env_739/robot_b/joints/imu'
2026-10-02T10:32:05Z [44,145ms] [Warning] [omni.physx.tensors.plugin] Failed to find rigid body at '/World/envs/env_740/robot_b/joints/imu'
2026-10-02T10:32:05Z [44,145ms] [Warning] [omni.physx.tensors.plugin] Failed to find rigid body at '/World/envs/env_741/robot_b/joints/imu'
2026-10-02T10:32:05Z [44,145ms] [Warning] [omni.physx.tensors.plugin] Failed to find rigid body at '/World/envs/env_742/robot_b/joints/imu'
2026-10-02T10:32:05Z [44,145ms] [Warning] [omni.physx.tensors.plugin] Failed to find rigid body at '/World/envs/env_743/robot_b/joints/imu'
2026-10-02T10:32:05Z [44,145ms] [Warning] [omni.physx.tensors.plugin] Failed to find rigid body at '/World/envs/env_744/robot_b/joints/imu'
2026-10-02T10:32:05Z [44,146ms] [Warning] [omni.physx.tensors.plugin] Failed to find rigid body at '/World/envs/env_745/robot_b/joints/imu'
2026-10-02T10:32:05Z [44,146ms] [Warning] [omni.physx.tensors.plugin] Failed to find rigid body at '/World/envs/env_746/robot_b/joints/imu'
2026-10-02T10:32:05Z [44,146ms] [Warning] [omni.physx.tensors.plugin] Failed to find rigid body at '/World/envs/env_747/robot_b/joints/imu'
2026-10-02T10:32:05Z [44,146ms] [Warning] [omni.physx.tensors.plugin] Failed to find rigid body at '/World/envs/env_748/robot_b/joints/imu'
2026-10-02T10:32:05Z [44,146ms] [Warning] [omni.physx.tensors.plugin] Failed to find rigid body at '/World/envs/env_749/robot_b/joints/imu'
2026-10-02T10:32:05Z [44,146ms] [Warning] [omni.physx.tensors.plugin] Failed to find rigid body at '/World/envs/env_750/robot_b/joints/imu'
2026-10-02T10:32:05Z [44,146ms] [Warning] [omni.physx.tensors.plugin] Failed to find rigid body at '/World/envs/env_751/robot_b/joints/imu'
2026-10-02T10:32:05Z [44,146ms] [Warning] [omni.physx.tensors.plugin] Failed to find rigid body at '/World/envs/env_752/robot_b/joints/imu'
2026-10-02T10:32:05Z [44,146ms] [Warning] [omni.physx.tensors.plugin] Failed to find rigid body at '/World/envs/env_753/robot_b/joints/imu'
2026-10-02T10:32:05Z [44,146ms] [Warning] [omni.physx.tensors.plugin] Failed to find rigid body at '/World/envs/env_754/robot_b/joints/imu'
2026-10-02T10:32:05Z [44,146ms] [Warning] [omni.physx.tensors.plugin] Failed to find rigid body at '/World/envs/env_755/robot_b/joints/imu'
2026-10-02T10:32:05Z [44,146ms] [Warning] [omni.physx.tensors.plugin] Failed to find rigid body at '/World/envs/env_756/robot_b/joints/imu'
2026-10-02T10:32:05Z [44,146ms] [Warning] [omni.physx.tensors.plugin] Failed to find rigid body at '/World/envs/env_757/robot_b/joints/imu'
2026-10-02T10:32:05Z [44,146ms] [Warning] [omni.physx.tensors.plugin] Failed to find rigid body at '/World/envs/env_758/robot_b/joints/imu'
2026-10-02T10:32:05Z [44,146ms] [Warning] [omni.physx.tensors.plugin] Failed to find rigid body at '/World/envs/env_759/robot_b/joints/imu'
2026-10-02T10:32:05Z [44,146ms] [Warning] [omni.physx.tensors.plugin] Failed to find rigid body at '/World/envs/env_760/robot_b/joints/imu'
2026-10-02T10:32:05Z [44,146ms] [Warning] [omni.physx.tensors.plugin] Failed to find rigid body at '/World/envs/env_761/robot_b/joints/imu'
2026-10-02T10:32:05Z [44,146ms] [Warning] [omni.physx.tensors.plugin] Failed to find rigid body at '/World/envs/env_762/robot_b/joints/imu'
2026-10-02T10:32:05Z [44,146ms] [Warning] [omni.physx.tensors.plugin] Failed to find rigid body at '/World/envs/env_763/robot_b/joints/imu'
2026-10-02T10:32:05Z [44,146ms] [Warning] [omni.physx.tensors.plugin] Failed to find rigid body at '/World/envs/env_764/robot_b/joints/imu'
2026-10-02T10:32:05Z [44,146ms] [Warning] [omni.physx.tensors.plugin] Failed to find rigid body at '/World/envs/env_765/robot_b/joints/imu'
2026-10-02T10:32:05Z [44,146ms] [Warning] [omni.physx.tensors.plugin] Failed to find rigid body at '/World/envs/env_766/robot_b/joints/imu'
2026-10-02T10:32:05Z [44,146ms] [Warning] [omni.physx.tensors.plugin] Failed to find rigid body at '/World/envs/env_767/robot_b/joints/imu'
2026-10-02T10:32:05Z [44,146ms] [Warning] [omni.physx.tensors.plugin] Failed to find rigid body at '/World/envs/env_768/robot_b/joints/imu'
2026-10-02T10:32:05Z [44,147ms] [Warning] [omni.physx.tensors.plugin] Failed to find rigid body at '/World/envs/env_769/robot_b/joints/imu'
2026-10-02T10:32:05Z [44,147ms] [Warning] [omni.physx.tensors.plugin] Failed to find rigid body at '/World/envs/env_770/robot_b/joints/imu'
2026-10-02T10:32:05Z [44,147ms] [Warning] [omni.physx.tensors.plugin] Failed to find rigid body at '/World/envs/env_771/robot_b/joints/imu'
2026-10-02T10:32:05Z [44,147ms] [Warning] [omni.physx.tensors.plugin] Failed to find rigid body at '/World/envs/env_772/robot_b/joints/imu'
2026-10-02T10:32:05Z [44,147ms] [Warning] [omni.physx.tensors.plugin] Failed to find rigid body at '/World/envs/env_773/robot_b/joints/imu'
2026-10-02T10:32:05Z [44,147ms] [Warning] [omni.physx.tensors.plugin] Failed to find rigid body at '/World/envs/env_774/robot_b/joints/imu'
2026-10-02T10:32:05Z [44,147ms] [Warning] [omni.physx.tensors.plugin] Failed to find rigid body at '/World/envs/env_775/robot_b/joints/imu'
2026-10-02T10:32:05Z [44,147ms] [Warning] [omni.physx.tensors.plugin] Failed to find rigid body at '/World/envs/env_776/robot_b/joints/imu'
2026-10-02T10:32:05Z [44,147ms] [Warning] [omni.physx.tensors.plugin] Failed to find rigid body at '/World/envs/env_777/robot_b/joints/imu'
2026-10-02T10:32:05Z [44,147ms] [Warning] [omni.physx.tensors.plugin] Failed to find rigid body at '/World/envs/env_778/robot_b/joints/imu'
2026-10-02T10:32:05Z [44,147ms] [Warning] [omni.physx.tensors.plugin] Failed to find rigid body at '/World/envs/env_779/robot_b/joints/imu'
2026-10-02T10:32:05Z [44,147ms] [Warning] [omni.physx.tensors.plugin] Failed to find rigid body at '/World/envs/env_780/robot_b/joints/imu'
2026-10-02T10:32:05Z [44,147ms] [Warning] [omni.physx.tensors.plugin] Failed to find rigid body at '/World/envs/env_781/robot_b/joints/imu'
2026-10-02T10:32:05Z [44,147ms] [Warning] [omni.physx.tensors.plugin] Failed to find rigid body at '/World/envs/env_782/robot_b/joints/imu'
2026-10-02T10:32:05Z [44,147ms] [Warning] [omni.physx.tensors.plugin] Failed to find rigid body at '/World/envs/env_783/robot_b/joints/imu'
2026-10-02T10:32:05Z [44,147ms] [Warning] [omni.physx.tensors.plugin] Failed to find rigid body at '/World/envs/env_784/robot_b/joints/imu'
2026-10-02T10:32:05Z [44,147ms] [Warning] [omni.physx.tensors.plugin] Failed to find rigid body at '/World/envs/env_785/robot_b/joints/imu'
2026-10-02T10:32:05Z [44,147ms] [Warning] [omni.physx.tensors.plugin] Failed to find rigid body at '/World/envs/env_786/robot_b/joints/imu'
2026-10-02T10:32:05Z [44,147ms] [Warning] [omni.physx.tensors.plugin] Failed to find rigid body at '/World/envs/env_787/robot_b/joints/imu'
2026-10-02T10:32:05Z [44,147ms] [Warning] [omni.physx.tensors.plugin] Failed to find rigid body at '/World/envs/env_788/robot_b/joints/imu'
2026-10-02T10:32:05Z [44,147ms] [Warning] [omni.physx.tensors.plugin] Failed to find rigid body at '/World/envs/env_789/robot_b/joints/imu'
2026-10-02T10:32:05Z [44,147ms] [Warning] [omni.physx.tensors.plugin] Failed to find rigid body at '/World/envs/env_790/robot_b/joints/imu'
2026-10-02T10:32:05Z [44,147ms] [Warning] [omni.physx.tensors.plugin] Failed to find rigid body at '/World/envs/env_791/robot_b/joints/imu'
2026-10-02T10:32:05Z [44,147ms] [Warning] [omni.physx.tensors.plugin] Failed to find rigid body at '/World/envs/env_792/robot_b/joints/imu'
2026-10-02T10:32:05Z [44,147ms] [Warning] [omni.physx.tensors.plugin] Failed to find rigid body at '/World/envs/env_793/robot_b/joints/imu'
2026-10-02T10:32:05Z [44,147ms] [Warning] [omni.physx.tensors.plugin] Failed to find rigid body at '/World/envs/env_794/robot_b/joints/imu'
2026-10-02T10:32:05Z [44,147ms] [Warning] [omni.physx.tensors.plugin] Failed to find rigid body at '/World/envs/env_795/robot_b/joints/imu'
2026-10-02T10:32:05Z [44,147ms] [Warning] [omni.physx.tensors.plugin] Failed to find rigid body at '/World/envs/env_796/robot_b/joints/imu'
2026-10-02T10:32:05Z [44,147ms] [Warning] [omni.physx.tensors.plugin] Failed to find rigid body at '/World/envs/env_797/robot_b/joints/imu'
2026-10-02T10:32:05Z [44,147ms] [Warning] [omni.physx.tensors.plugin] Failed to find rigid body at '/World/envs/env_798/robot_b/joints/imu'
2026-10-02T10:32:05Z [44,147ms] [Warning] [omni.physx.tensors.plugin] Failed to find rigid body at '/World/envs/env_799/robot_b/joints/imu'
2026-10-02T10:32:05Z [44,147ms] [Warning] [omni.physx.tensors.plugin] Failed to find rigid body at '/World/envs/env_800/robot_b/joints/imu'
2026-10-02T10:32:05Z [44,147ms] [Warning] [omni.physx.tensors.plugin] Failed to find rigid body at '/World/envs/env_801/robot_b/joints/imu'
2026-10-02T10:32:05Z [44,147ms] [Warning] [omni.physx.tensors.plugin] Failed to find rigid body at '/World/envs/env_802/robot_b/joints/imu'
2026-10-02T10:32:05Z [44,148ms] [Warning] [omni.physx.tensors.plugin] Failed to find rigid body at '/World/envs/env_803/robot_b/joints/imu'
2026-10-02T10:32:05Z [44,148ms] [Warning] [omni.physx.tensors.plugin] Failed to find rigid body at '/World/envs/env_804/robot_b/joints/imu'
2026-10-02T10:32:05Z [44,148ms] [Warning] [omni.physx.tensors.plugin] Failed to find rigid body at '/World/envs/env_805/robot_b/joints/imu'
2026-10-02T10:32:05Z [44,148ms] [Warning] [omni.physx.tensors.plugin] Failed to find rigid body at '/World/envs/env_806/robot_b/joints/imu'
2026-10-02T10:32:05Z [44,148ms] [Warning] [omni.physx.tensors.plugin] Failed to find rigid body at '/World/envs/env_807/robot_b/joints/imu'
2026-10-02T10:32:05Z [44,148ms] [Warning] [omni.physx.tensors.plugin] Failed to find rigid body at '/World/envs/env_808/robot_b/joints/imu'
2026-10-02T10:32:05Z [44,148ms] [Warning] [omni.physx.tensors.plugin] Failed to find rigid body at '/World/envs/env_809/robot_b/joints/imu'
2026-10-02T10:32:05Z [44,148ms] [Warning] [omni.physx.tensors.plugin] Failed to find rigid body at '/World/envs/env_810/robot_b/joints/imu'
2026-10-02T10:32:05Z [44,148ms] [Warning] [omni.physx.tensors.plugin] Failed to find rigid body at '/World/envs/env_811/robot_b/joints/imu'
2026-10-02T10:32:05Z [44,148ms] [Warning] [omni.physx.tensors.plugin] Failed to find rigid body at '/World/envs/env_812/robot_b/joints/imu'
2026-10-02T10:32:05Z [44,148ms] [Warning] [omni.physx.tensors.plugin] Failed to find rigid body at '/World/envs/env_813/robot_b/joints/imu'
2026-10-02T10:32:05Z [44,148ms] [Warning] [omni.physx.tensors.plugin] Failed to find rigid body at '/World/envs/env_814/robot_b/joints/imu'
2026-10-02T10:32:05Z [44,148ms] [Warning] [omni.physx.tensors.plugin] Failed to find rigid body at '/World/envs/env_815/robot_b/joints/imu'
2026-10-02T10:32:05Z [44,148ms] [Warning] [omni.physx.tensors.plugin] Failed to find rigid body at '/World/envs/env_816/robot_b/joints/imu'
2026-10-02T10:32:05Z [44,148ms] [Warning] [omni.physx.tensors.plugin] Failed to find rigid body at '/World/envs/env_817/robot_b/joints/imu'
2026-10-02T10:32:05Z [44,148ms] [Warning] [omni.physx.tensors.plugin] Failed to find rigid body at '/World/envs/env_818/robot_b/joints/imu'
2026-10-02T10:32:05Z [44,148ms] [Warning] [omni.physx.tensors.plugin] Failed to find rigid body at '/World/envs/env_819/robot_b/joints/imu'
2026-10-02T10:32:05Z [44,148ms] [Warning] [omni.physx.tensors.plugin] Failed to find rigid body at '/World/envs/env_820/robot_b/joints/imu'
2026-10-02T10:32:05Z [44,148ms] [Warning] [omni.physx.tensors.plugin] Failed to find rigid body at '/World/envs/env_821/robot_b/joints/imu'
2026-10-02T10:32:05Z [44,148ms] [Warning] [omni.physx.tensors.plugin] Failed to find rigid body at '/World/envs/env_822/robot_b/joints/imu'
2026-10-02T10:32:05Z [44,148ms] [Warning] [omni.physx.tensors.plugin] Failed to find rigid body at '/World/envs/env_823/robot_b/joints/imu'
2026-10-02T10:32:05Z [44,148ms] [Warning] [omni.physx.tensors.plugin] Failed to find rigid body at '/World/envs/env_824/robot_b/joints/imu'
2026-10-02T10:32:05Z [44,148ms] [Warning] [omni.physx.tensors.plugin] Failed to find rigid body at '/World/envs/env_825/robot_b/joints/imu'
2026-10-02T10:32:05Z [44,148ms] [Warning] [omni.physx.tensors.plugin] Failed to find rigid body at '/World/envs/env_826/robot_b/joints/imu'
2026-10-02T10:32:05Z [44,148ms] [Warning] [omni.physx.tensors.plugin] Failed to find rigid body at '/World/envs/env_827/robot_b/joints/imu'
2026-10-02T10:32:05Z [44,148ms] [Warning] [omni.physx.tensors.plugin] Failed to find rigid body at '/World/envs/env_828/robot_b/joints/imu'
2026-10-02T10:32:05Z [44,148ms] [Warning] [omni.physx.tensors.plugin] Failed to find rigid body at '/World/envs/env_829/robot_b/joints/imu'
2026-10-02T10:32:05Z [44,148ms] [Warning] [omni.physx.tensors.plugin] Failed to find rigid body at '/World/envs/env_830/robot_b/joints/imu'
2026-10-02T10:32:05Z [44,148ms] [Warning] [omni.physx.tensors.plugin] Failed to find rigid body at '/World/envs/env_831/robot_b/joints/imu'
2026-10-02T10:32:05Z [44,148ms] [Warning] [omni.physx.tensors.plugin] Failed to find rigid body at '/World/envs/env_832/robot_b/joints/imu'
2026-10-02T10:32:05Z [44,148ms] [Warning] [omni.physx.tensors.plugin] Failed to find rigid body at '/World/envs/env_833/robot_b/joints/imu'
2026-10-02T10:32:05Z [44,148ms] [Warning] [omni.physx.tensors.plugin] Failed to find rigid body at '/World/envs/env_834/robot_b/joints/imu'
2026-10-02T10:32:05Z [44,148ms] [Warning] [omni.physx.tensors.plugin] Failed to find rigid body at '/World/envs/env_835/robot_b/joints/imu'
2026-10-02T10:32:05Z [44,148ms] [Warning] [omni.physx.tensors.plugin] Failed to find rigid body at '/World/envs/env_836/robot_b/joints/imu'
2026-10-02T10:32:05Z [44,148ms] [Warning] [omni.physx.tensors.plugin] Failed to find rigid body at '/World/envs/env_837/robot_b/joints/imu'
2026-10-02T10:32:05Z [44,148ms] [Warning] [omni.physx.tensors.plugin] Failed to find rigid body at '/World/envs/env_838/robot_b/joints/imu'
2026-10-02T10:32:05Z [44,148ms] [Warning] [omni.physx.tensors.plugin] Failed to find rigid body at '/World/envs/env_839/robot_b/joints/imu'
2026-10-02T10:32:05Z [44,148ms] [Warning] [omni.physx.tensors.plugin] Failed to find rigid body at '/World/envs/env_840/robot_b/joints/imu'
2026-10-02T10:32:05Z [44,148ms] [Warning] [omni.physx.tensors.plugin] Failed to find rigid body at '/World/envs/env_841/robot_b/joints/imu'
2026-10-02T10:32:05Z [44,148ms] [Warning] [omni.physx.tensors.plugin] Failed to find rigid body at '/World/envs/env_842/robot_b/joints/imu'
2026-10-02T10:32:05Z [44,148ms] [Warning] [omni.physx.tensors.plugin] Failed to find rigid body at '/World/envs/env_843/robot_b/joints/imu'
2026-10-02T10:32:05Z [44,149ms] [Warning] [omni.physx.tensors.plugin] Failed to find rigid body at '/World/envs/env_844/robot_b/joints/imu'
2026-10-02T10:32:05Z [44,149ms] [Warning] [omni.physx.tensors.plugin] Failed to find rigid body at '/World/envs/env_845/robot_b/joints/imu'
2026-10-02T10:32:05Z [44,149ms] [Warning] [omni.physx.tensors.plugin] Failed to find rigid body at '/World/envs/env_846/robot_b/joints/imu'
2026-10-02T10:32:05Z [44,149ms] [Warning] [omni.physx.tensors.plugin] Failed to find rigid body at '/World/envs/env_847/robot_b/joints/imu'
2026-10-02T10:32:05Z [44,149ms] [Warning] [omni.physx.tensors.plugin] Failed to find rigid body at '/World/envs/env_848/robot_b/joints/imu'
2026-10-02T10:32:05Z [44,149ms] [Warning] [omni.physx.tensors.plugin] Failed to find rigid body at '/World/envs/env_849/robot_b/joints/imu'
2026-10-02T10:32:05Z [44,149ms] [Warning] [omni.physx.tensors.plugin] Failed to find rigid body at '/World/envs/env_850/robot_b/joints/imu'
2026-10-02T10:32:05Z [44,149ms] [Warning] [omni.physx.tensors.plugin] Failed to find rigid body at '/World/envs/env_851/robot_b/joints/imu'
2026-10-02T10:32:05Z [44,149ms] [Warning] [omni.physx.tensors.plugin] Failed to find rigid body at '/World/envs/env_852/robot_b/joints/imu'
2026-10-02T10:32:05Z [44,149ms] [Warning] [omni.physx.tensors.plugin] Failed to find rigid body at '/World/envs/env_853/robot_b/joints/imu'
2026-10-02T10:32:05Z [44,149ms] [Warning] [omni.physx.tensors.plugin] Failed to find rigid body at '/World/envs/env_854/robot_b/joints/imu'
2026-10-02T10:32:05Z [44,149ms] [Warning] [omni.physx.tensors.plugin] Failed to find rigid body at '/World/envs/env_855/robot_b/joints/imu'
2026-10-02T10:32:05Z [44,149ms] [Warning] [omni.physx.tensors.plugin] Failed to find rigid body at '/World/envs/env_856/robot_b/joints/imu'
2026-10-02T10:32:05Z [44,149ms] [Warning] [omni.physx.tensors.plugin] Failed to find rigid body at '/World/envs/env_857/robot_b/joints/imu'
2026-10-02T10:32:05Z [44,149ms] [Warning] [omni.physx.tensors.plugin] Failed to find rigid body at '/World/envs/env_858/robot_b/joints/imu'
2026-10-02T10:32:05Z [44,149ms] [Warning] [omni.physx.tensors.plugin] Failed to find rigid body at '/World/envs/env_859/robot_b/joints/imu'
2026-10-02T10:32:05Z [44,149ms] [Warning] [omni.physx.tensors.plugin] Failed to find rigid body at '/World/envs/env_860/robot_b/joints/imu'
2026-10-02T10:32:05Z [44,149ms] [Warning] [omni.physx.tensors.plugin] Failed to find rigid body at '/World/envs/env_861/robot_b/joints/imu'
2026-10-02T10:32:05Z [44,149ms] [Warning] [omni.physx.tensors.plugin] Failed to find rigid body at '/World/envs/env_862/robot_b/joints/imu'
2026-10-02T10:32:05Z [44,149ms] [Warning] [omni.physx.tensors.plugin] Failed to find rigid body at '/World/envs/env_863/robot_b/joints/imu'
2026-10-02T10:32:05Z [44,149ms] [Warning] [omni.physx.tensors.plugin] Failed to find rigid body at '/World/envs/env_864/robot_b/joints/imu'
2026-10-02T10:32:05Z [44,149ms] [Warning] [omni.physx.tensors.plugin] Failed to find rigid body at '/World/envs/env_865/robot_b/joints/imu'
2026-10-02T10:32:05Z [44,149ms] [Warning] [omni.physx.tensors.plugin] Failed to find rigid body at '/World/envs/env_866/robot_b/joints/imu'
2026-10-02T10:32:05Z [44,149ms] [Warning] [omni.physx.tensors.plugin] Failed to find rigid body at '/World/envs/env_867/robot_b/joints/imu'
2026-10-02T10:32:05Z [44,149ms] [Warning] [omni.physx.tensors.plugin] Failed to find rigid body at '/World/envs/env_868/robot_b/joints/imu'
2026-10-02T10:32:05Z [44,149ms] [Warning] [omni.physx.tensors.plugin] Failed to find rigid body at '/World/envs/env_869/robot_b/joints/imu'
2026-10-02T10:32:05Z [44,149ms] [Warning] [omni.physx.tensors.plugin] Failed to find rigid body at '/World/envs/env_870/robot_b/joints/imu'
2026-10-02T10:32:05Z [44,149ms] [Warning] [omni.physx.tensors.plugin] Failed to find rigid body at '/World/envs/env_871/robot_b/joints/imu'
2026-10-02T10:32:05Z [44,149ms] [Warning] [omni.physx.tensors.plugin] Failed to find rigid body at '/World/envs/env_872/robot_b/joints/imu'
2026-10-02T10:32:05Z [44,149ms] [Warning] [omni.physx.tensors.plugin] Failed to find rigid body at '/World/envs/env_873/robot_b/joints/imu'
2026-10-02T10:32:05Z [44,149ms] [Warning] [omni.physx.tensors.plugin] Failed to find rigid body at '/World/envs/env_874/robot_b/joints/imu'
2026-10-02T10:32:05Z [44,149ms] [Warning] [omni.physx.tensors.plugin] Failed to find rigid body at '/World/envs/env_875/robot_b/joints/imu'
2026-10-02T10:32:05Z [44,149ms] [Warning] [omni.physx.tensors.plugin] Failed to find rigid body at '/World/envs/env_876/robot_b/joints/imu'
2026-10-02T10:32:05Z [44,149ms] [Warning] [omni.physx.tensors.plugin] Failed to find rigid body at '/World/envs/env_877/robot_b/joints/imu'
2026-10-02T10:32:05Z [44,149ms] [Warning] [omni.physx.tensors.plugin] Failed to find rigid body at '/World/envs/env_878/robot_b/joints/imu'
2026-10-02T10:32:05Z [44,149ms] [Warning] [omni.physx.tensors.plugin] Failed to find rigid body at '/World/envs/env_879/robot_b/joints/imu'
2026-10-02T10:32:05Z [44,149ms] [Warning] [omni.physx.tensors.plugin] Failed to find rigid body at '/World/envs/env_880/robot_b/joints/imu'
2026-10-02T10:32:05Z [44,149ms] [Warning] [omni.physx.tensors.plugin] Failed to find rigid body at '/World/envs/env_881/robot_b/joints/imu'
2026-10-02T10:32:05Z [44,149ms] [Warning] [omni.physx.tensors.plugin] Failed to find rigid body at '/World/envs/env_882/robot_b/joints/imu'
2026-10-02T10:32:05Z [44,149ms] [Warning] [omni.physx.tensors.plugin] Failed to find rigid body at '/World/envs/env_883/robot_b/joints/imu'
2026-10-02T10:32:05Z [44,150ms] [Warning] [omni.physx.tensors.plugin] Failed to find rigid body at '/World/envs/env_884/robot_b/joints/imu'
2026-10-02T10:32:05Z [44,150ms] [Warning] [omni.physx.tensors.plugin] Failed to find rigid body at '/World/envs/env_885/robot_b/joints/imu'
2026-10-02T10:32:05Z [44,150ms] [Warning] [omni.physx.tensors.plugin] Failed to find rigid body at '/World/envs/env_886/robot_b/joints/imu'
2026-10-02T10:32:05Z [44,150ms] [Warning] [omni.physx.tensors.plugin] Failed to find rigid body at '/World/envs/env_887/robot_b/joints/imu'
2026-10-02T10:32:05Z [44,150ms] [Warning] [omni.physx.tensors.plugin] Failed to find rigid body at '/World/envs/env_888/robot_b/joints/imu'
2026-10-02T10:32:05Z [44,150ms] [Warning] [omni.physx.tensors.plugin] Failed to find rigid body at '/World/envs/env_889/robot_b/joints/imu'
2026-10-02T10:32:05Z [44,150ms] [Warning] [omni.physx.tensors.plugin] Failed to find rigid body at '/World/envs/env_890/robot_b/joints/imu'
2026-10-02T10:32:05Z [44,150ms] [Warning] [omni.physx.tensors.plugin] Failed to find rigid body at '/World/envs/env_891/robot_b/joints/imu'
2026-10-02T10:32:05Z [44,150ms] [Warning] [omni.physx.tensors.plugin] Failed to find rigid body at '/World/envs/env_892/robot_b/joints/imu'
2026-10-02T10:32:05Z [44,150ms] [Warning] [omni.physx.tensors.plugin] Failed to find rigid body at '/World/envs/env_893/robot_b/joints/imu'
2026-10-02T10:32:05Z [44,150ms] [Warning] [omni.physx.tensors.plugin] Failed to find rigid body at '/World/envs/env_894/robot_b/joints/imu'
2026-10-02T10:32:05Z [44,150ms] [Warning] [omni.physx.tensors.plugin] Failed to find rigid body at '/World/envs/env_895/robot_b/joints/imu'
2026-10-02T10:32:05Z [44,150ms] [Warning] [omni.physx.tensors.plugin] Failed to find rigid body at '/World/envs/env_896/robot_b/joints/imu'
2026-10-02T10:32:05Z [44,150ms] [Warning] [omni.physx.tensors.plugin] Failed to find rigid body at '/World/envs/env_897/robot_b/joints/imu'
2026-10-02T10:32:05Z [44,150ms] [Warning] [omni.physx.tensors.plugin] Failed to find rigid body at '/World/envs/env_898/robot_b/joints/imu'
2026-10-02T10:32:05Z [44,150ms] [Warning] [omni.physx.tensors.plugin] Failed to find rigid body at '/World/envs/env_899/robot_b/joints/imu'
2026-10-02T10:32:05Z [44,150ms] [Warning] [omni.physx.tensors.plugin] Failed to find rigid body at '/World/envs/env_900/robot_b/joints/imu'
2026-10-02T10:32:05Z [44,150ms] [Warning] [omni.physx.tensors.plugin] Failed to find rigid body at '/World/envs/env_901/robot_b/joints/imu'
2026-10-02T10:32:05Z [44,150ms] [Warning] [omni.physx.tensors.plugin] Failed to find rigid body at '/World/envs/env_902/robot_b/joints/imu'
2026-10-02T10:32:05Z [44,150ms] [Warning] [omni.physx.tensors.plugin] Failed to find rigid body at '/World/envs/env_903/robot_b/joints/imu'
2026-10-02T10:32:05Z [44,150ms] [Warning] [omni.physx.tensors.plugin] Failed to find rigid body at '/World/envs/env_904/robot_b/joints/imu'
2026-10-02T10:32:05Z [44,150ms] [Warning] [omni.physx.tensors.plugin] Failed to find rigid body at '/World/envs/env_905/robot_b/joints/imu'
2026-10-02T10:32:05Z [44,150ms] [Warning] [omni.physx.tensors.plugin] Failed to find rigid body at '/World/envs/env_906/robot_b/joints/imu'
2026-10-02T10:32:05Z [44,150ms] [Warning] [omni.physx.tensors.plugin] Failed to find rigid body at '/World/envs/env_907/robot_b/joints/imu'
2026-10-02T10:32:05Z [44,150ms] [Warning] [omni.physx.tensors.plugin] Failed to find rigid body at '/World/envs/env_908/robot_b/joints/imu'
2026-10-02T10:32:05Z [44,150ms] [Warning] [omni.physx.tensors.plugin] Failed to find rigid body at '/World/envs/env_909/robot_b/joints/imu'
2026-10-02T10:32:05Z [44,150ms] [Warning] [omni.physx.tensors.plugin] Failed to find rigid body at '/World/envs/env_910/robot_b/joints/imu'
2026-10-02T10:32:05Z [44,150ms] [Warning] [omni.physx.tensors.plugin] Failed to find rigid body at '/World/envs/env_911/robot_b/joints/imu'
2026-10-02T10:32:05Z [44,150ms] [Warning] [omni.physx.tensors.plugin] Failed to find rigid body at '/World/envs/env_912/robot_b/joints/imu'
2026-10-02T10:32:05Z [44,150ms] [Warning] [omni.physx.tensors.plugin] Failed to find rigid body at '/World/envs/env_913/robot_b/joints/imu'
2026-10-02T10:32:05Z [44,150ms] [Warning] [omni.physx.tensors.plugin] Failed to find rigid body at '/World/envs/env_914/robot_b/joints/imu'
2026-10-02T10:32:05Z [44,150ms] [Warning] [omni.physx.tensors.plugin] Failed to find rigid body at '/World/envs/env_915/robot_b/joints/imu'
2026-10-02T10:32:05Z [44,150ms] [Warning] [omni.physx.tensors.plugin] Failed to find rigid body at '/World/envs/env_916/robot_b/joints/imu'
2026-10-02T10:32:05Z [44,150ms] [Warning] [omni.physx.tensors.plugin] Failed to find rigid body at '/World/envs/env_917/robot_b/joints/imu'
2026-10-02T10:32:05Z [44,150ms] [Warning] [omni.physx.tensors.plugin] Failed to find rigid body at '/World/envs/env_918/robot_b/joints/imu'
2026-10-02T10:32:05Z [44,150ms] [Warning] [omni.physx.tensors.plugin] Failed to find rigid body at '/World/envs/env_919/robot_b/joints/imu'
2026-10-02T10:32:05Z [44,150ms] [Warning] [omni.physx.tensors.plugin] Failed to find rigid body at '/World/envs/env_920/robot_b/joints/imu'
2026-10-02T10:32:05Z [44,150ms] [Warning] [omni.physx.tensors.plugin] Failed to find rigid body at '/World/envs/env_921/robot_b/joints/imu'
2026-10-02T10:32:05Z [44,150ms] [Warning] [omni.physx.tensors.plugin] Failed to find rigid body at '/World/envs/env_922/robot_b/joints/imu'
2026-10-02T10:32:05Z [44,150ms] [Warning] [omni.physx.tensors.plugin] Failed to find rigid body at '/World/envs/env_923/robot_b/joints/imu'
2026-10-02T10:32:05Z [44,150ms] [Warning] [omni.physx.tensors.plugin] Failed to find rigid body at '/World/envs/env_924/robot_b/joints/imu'
2026-10-02T10:32:05Z [44,150ms] [Warning] [omni.physx.tensors.plugin] Failed to find rigid body at '/World/envs/env_925/robot_b/joints/imu'
2026-10-02T10:32:05Z [44,150ms] [Warning] [omni.physx.tensors.plugin] Failed to find rigid body at '/World/envs/env_926/robot_b/joints/imu'
2026-10-02T10:32:05Z [44,150ms] [Warning] [omni.physx.tensors.plugin] Failed to find rigid body at '/World/envs/env_927/robot_b/joints/imu'
2026-10-02T10:32:05Z [44,150ms] [Warning] [omni.physx.tensors.plugin] Failed to find rigid body at '/World/envs/env_928/robot_b/joints/imu'
2026-10-02T10:32:05Z [44,150ms] [Warning] [omni.physx.tensors.plugin] Failed to find rigid body at '/World/envs/env_929/robot_b/joints/imu'
2026-10-02T10:32:05Z [44,150ms] [Warning] [omni.physx.tensors.plugin] Failed to find rigid body at '/World/envs/env_930/robot_b/joints/imu'
2026-10-02T10:32:05Z [44,151ms] [Warning] [omni.physx.tensors.plugin] Failed to find rigid body at '/World/envs/env_931/robot_b/joints/imu'
2026-10-02T10:32:05Z [44,151ms] [Warning] [omni.physx.tensors.plugin] Failed to find rigid body at '/World/envs/env_932/robot_b/joints/imu'
2026-10-02T10:32:05Z [44,151ms] [Warning] [omni.physx.tensors.plugin] Failed to find rigid body at '/World/envs/env_933/robot_b/joints/imu'
2026-10-02T10:32:05Z [44,151ms] [Warning] [omni.physx.tensors.plugin] Failed to find rigid body at '/World/envs/env_934/robot_b/joints/imu'
2026-10-02T10:32:05Z [44,151ms] [Warning] [omni.physx.tensors.plugin] Failed to find rigid body at '/World/envs/env_935/robot_b/joints/imu'
2026-10-02T10:32:05Z [44,151ms] [Warning] [omni.physx.tensors.plugin] Failed to find rigid body at '/World/envs/env_936/robot_b/joints/imu'
2026-10-02T10:32:05Z [44,151ms] [Warning] [omni.physx.tensors.plugin] Failed to find rigid body at '/World/envs/env_937/robot_b/joints/imu'
2026-10-02T10:32:05Z [44,151ms] [Warning] [omni.physx.tensors.plugin] Failed to find rigid body at '/World/envs/env_938/robot_b/joints/imu'
2026-10-02T10:32:05Z [44,151ms] [Warning] [omni.physx.tensors.plugin] Failed to find rigid body at '/World/envs/env_939/robot_b/joints/imu'
2026-10-02T10:32:05Z [44,151ms] [Warning] [omni.physx.tensors.plugin] Failed to find rigid body at '/World/envs/env_940/robot_b/joints/imu'
2026-10-02T10:32:05Z [44,151ms] [Warning] [omni.physx.tensors.plugin] Failed to find rigid body at '/World/envs/env_941/robot_b/joints/imu'
2026-10-02T10:32:05Z [44,151ms] [Warning] [omni.physx.tensors.plugin] Failed to find rigid body at '/World/envs/env_942/robot_b/joints/imu'
2026-10-02T10:32:05Z [44,151ms] [Warning] [omni.physx.tensors.plugin] Failed to find rigid body at '/World/envs/env_943/robot_b/joints/imu'
2026-10-02T10:32:05Z [44,151ms] [Warning] [omni.physx.tensors.plugin] Failed to find rigid body at '/World/envs/env_944/robot_b/joints/imu'
2026-10-02T10:32:05Z [44,151ms] [Warning] [omni.physx.tensors.plugin] Failed to find rigid body at '/World/envs/env_945/robot_b/joints/imu'
2026-10-02T10:32:05Z [44,151ms] [Warning] [omni.physx.tensors.plugin] Failed to find rigid body at '/World/envs/env_946/robot_b/joints/imu'
2026-10-02T10:32:05Z [44,151ms] [Warning] [omni.physx.tensors.plugin] Failed to find rigid body at '/World/envs/env_947/robot_b/joints/imu'
2026-10-02T10:32:05Z [44,151ms] [Warning] [omni.physx.tensors.plugin] Failed to find rigid body at '/World/envs/env_948/robot_b/joints/imu'
2026-10-02T10:32:05Z [44,151ms] [Warning] [omni.physx.tensors.plugin] Failed to find rigid body at '/World/envs/env_949/robot_b/joints/imu'
2026-10-02T10:32:05Z [44,151ms] [Warning] [omni.physx.tensors.plugin] Failed to find rigid body at '/World/envs/env_950/robot_b/joints/imu'
2026-10-02T10:32:05Z [44,151ms] [Warning] [omni.physx.tensors.plugin] Failed to find rigid body at '/World/envs/env_951/robot_b/joints/imu'
2026-10-02T10:32:05Z [44,151ms] [Warning] [omni.physx.tensors.plugin] Failed to find rigid body at '/World/envs/env_952/robot_b/joints/imu'
2026-10-02T10:32:05Z [44,151ms] [Warning] [omni.physx.tensors.plugin] Failed to find rigid body at '/World/envs/env_953/robot_b/joints/imu'
2026-10-02T10:32:05Z [44,151ms] [Warning] [omni.physx.tensors.plugin] Failed to find rigid body at '/World/envs/env_954/robot_b/joints/imu'
2026-10-02T10:32:05Z [44,151ms] [Warning] [omni.physx.tensors.plugin] Failed to find rigid body at '/World/envs/env_955/robot_b/joints/imu'
2026-10-02T10:32:05Z [44,151ms] [Warning] [omni.physx.tensors.plugin] Failed to find rigid body at '/World/envs/env_956/robot_b/joints/imu'
2026-10-02T10:32:05Z [44,151ms] [Warning] [omni.physx.tensors.plugin] Failed to find rigid body at '/World/envs/env_957/robot_b/joints/imu'
2026-10-02T10:32:05Z [44,151ms] [Warning] [omni.physx.tensors.plugin] Failed to find rigid body at '/World/envs/env_958/robot_b/joints/imu'
2026-10-02T10:32:05Z [44,151ms] [Warning] [omni.physx.tensors.plugin] Failed to find rigid body at '/World/envs/env_959/robot_b/joints/imu'
2026-10-02T10:32:05Z [44,151ms] [Warning] [omni.physx.tensors.plugin] Failed to find rigid body at '/World/envs/env_960/robot_b/joints/imu'
2026-10-02T10:32:05Z [44,151ms] [Warning] [omni.physx.tensors.plugin] Failed to find rigid body at '/World/envs/env_961/robot_b/joints/imu'
2026-10-02T10:32:05Z [44,151ms] [Warning] [omni.physx.tensors.plugin] Failed to find rigid body at '/World/envs/env_962/robot_b/joints/imu'
2026-10-02T10:32:05Z [44,151ms] [Warning] [omni.physx.tensors.plugin] Failed to find rigid body at '/World/envs/env_963/robot_b/joints/imu'
2026-10-02T10:32:05Z [44,151ms] [Warning] [omni.physx.tensors.plugin] Failed to find rigid body at '/World/envs/env_964/robot_b/joints/imu'
2026-10-02T10:32:05Z [44,151ms] [Warning] [omni.physx.tensors.plugin] Failed to find rigid body at '/World/envs/env_965/robot_b/joints/imu'
2026-10-02T10:32:05Z [44,151ms] [Warning] [omni.physx.tensors.plugin] Failed to find rigid body at '/World/envs/env_966/robot_b/joints/imu'
2026-10-02T10:32:05Z [44,151ms] [Warning] [omni.physx.tensors.plugin] Failed to find rigid body at '/World/envs/env_967/robot_b/joints/imu'
2026-10-02T10:32:05Z [44,151ms] [Warning] [omni.physx.tensors.plugin] Failed to find rigid body at '/World/envs/env_968/robot_b/joints/imu'
2026-10-02T10:32:05Z [44,151ms] [Warning] [omni.physx.tensors.plugin] Failed to find rigid body at '/World/envs/env_969/robot_b/joints/imu'
2026-10-02T10:32:05Z [44,151ms] [Warning] [omni.physx.tensors.plugin] Failed to find rigid body at '/World/envs/env_970/robot_b/joints/imu'
2026-10-02T10:32:05Z [44,151ms] [Warning] [omni.physx.tensors.plugin] Failed to find rigid body at '/World/envs/env_971/robot_b/joints/imu'
2026-10-02T10:32:05Z [44,151ms] [Warning] [omni.physx.tensors.plugin] Failed to find rigid body at '/World/envs/env_972/robot_b/joints/imu'
2026-10-02T10:32:05Z [44,151ms] [Warning] [omni.physx.tensors.plugin] Failed to find rigid body at '/World/envs/env_973/robot_b/joints/imu'
2026-10-02T10:32:05Z [44,151ms] [Warning] [omni.physx.tensors.plugin] Failed to find rigid body at '/World/envs/env_974/robot_b/joints/imu'
2026-10-02T10:32:05Z [44,151ms] [Warning] [omni.physx.tensors.plugin] Failed to find rigid body at '/World/envs/env_975/robot_b/joints/imu'
2026-10-02T10:32:05Z [44,151ms] [Warning] [omni.physx.tensors.plugin] Failed to find rigid body at '/World/envs/env_976/robot_b/joints/imu'
2026-10-02T10:32:05Z [44,152ms] [Warning] [omni.physx.tensors.plugin] Failed to find rigid body at '/World/envs/env_977/robot_b/joints/imu'
2026-10-02T10:32:05Z [44,152ms] [Warning] [omni.physx.tensors.plugin] Failed to find rigid body at '/World/envs/env_978/robot_b/joints/imu'
2026-10-02T10:32:05Z [44,152ms] [Warning] [omni.physx.tensors.plugin] Failed to find rigid body at '/World/envs/env_979/robot_b/joints/imu'
2026-10-02T10:32:05Z [44,152ms] [Warning] [omni.physx.tensors.plugin] Failed to find rigid body at '/World/envs/env_980/robot_b/joints/imu'
2026-10-02T10:32:05Z [44,152ms] [Warning] [omni.physx.tensors.plugin] Failed to find rigid body at '/World/envs/env_981/robot_b/joints/imu'
2026-10-02T10:32:05Z [44,152ms] [Warning] [omni.physx.tensors.plugin] Failed to find rigid body at '/World/envs/env_982/robot_b/joints/imu'
2026-10-02T10:32:05Z [44,152ms] [Warning] [omni.physx.tensors.plugin] Failed to find rigid body at '/World/envs/env_983/robot_b/joints/imu'
2026-10-02T10:32:05Z [44,152ms] [Warning] [omni.physx.tensors.plugin] Failed to find rigid body at '/World/envs/env_984/robot_b/joints/imu'
2026-10-02T10:32:05Z [44,152ms] [Warning] [omni.physx.tensors.plugin] Failed to find rigid body at '/World/envs/env_985/robot_b/joints/imu'
2026-10-02T10:32:05Z [44,152ms] [Warning] [omni.physx.tensors.plugin] Failed to find rigid body at '/World/envs/env_986/robot_b/joints/imu'
2026-10-02T10:32:05Z [44,152ms] [Warning] [omni.physx.tensors.plugin] Failed to find rigid body at '/World/envs/env_987/robot_b/joints/imu'
2026-10-02T10:32:05Z [44,152ms] [Warning] [omni.physx.tensors.plugin] Failed to find rigid body at '/World/envs/env_988/robot_b/joints/imu'
2026-10-02T10:32:05Z [44,152ms] [Warning] [omni.physx.tensors.plugin] Failed to find rigid body at '/World/envs/env_989/robot_b/joints/imu'
2026-10-02T10:32:05Z [44,152ms] [Warning] [omni.physx.tensors.plugin] Failed to find rigid body at '/World/envs/env_990/robot_b/joints/imu'
2026-10-02T10:32:05Z [44,152ms] [Warning] [omni.physx.tensors.plugin] Failed to find rigid body at '/World/envs/env_991/robot_b/joints/imu'
2026-10-02T10:32:05Z [44,152ms] [Warning] [omni.physx.tensors.plugin] Failed to find rigid body at '/World/envs/env_992/robot_b/joints/imu'
2026-10-02T10:32:05Z [44,152ms] [Warning] [omni.physx.tensors.plugin] Failed to find rigid body at '/World/envs/env_993/robot_b/joints/imu'
2026-10-02T10:32:05Z [44,152ms] [Warning] [omni.physx.tensors.plugin] Failed to find rigid body at '/World/envs/env_994/robot_b/joints/imu'
2026-10-02T10:32:05Z [44,152ms] [Warning] [omni.physx.tensors.plugin] Failed to find rigid body at '/World/envs/env_995/robot_b/joints/imu'
2026-10-02T10:32:05Z [44,152ms] [Warning] [omni.physx.tensors.plugin] Failed to find rigid body at '/World/envs/env_996/robot_b/joints/imu'
2026-10-02T10:32:05Z [44,152ms] [Warning] [omni.physx.tensors.plugin] Failed to find rigid body at '/World/envs/env_997/robot_b/joints/imu'
2026-10-02T10:32:05Z [44,152ms] [Warning] [omni.physx.tensors.plugin] Failed to find rigid body at '/World/envs/env_998/robot_b/joints/imu'
2026-10-02T10:32:05Z [44,152ms] [Warning] [omni.physx.tensors.plugin] Failed to find rigid body at '/World/envs/env_999/robot_b/joints/imu'
2026-10-02T10:32:05Z [44,152ms] [Warning] [omni.physx.tensors.plugin] Failed to find rigid body at '/World/envs/env_1000/robot_b/joints/imu'
2026-10-02T10:32:05Z [44,152ms] [Warning] [omni.physx.tensors.plugin] Failed to find rigid body at '/World/envs/env_1001/robot_b/joints/imu'
2026-10-02T10:32:05Z [44,152ms] [Warning] [omni.physx.tensors.plugin] Failed to find rigid body at '/World/envs/env_1002/robot_b/joints/imu'
2026-10-02T10:32:05Z [44,152ms] [Warning] [omni.physx.tensors.plugin] Failed to find rigid body at '/World/envs/env_1003/robot_b/joints/imu'
2026-10-02T10:32:05Z [44,152ms] [Warning] [omni.physx.tensors.plugin] Failed to find rigid body at '/World/envs/env_1004/robot_b/joints/imu'
2026-10-02T10:32:05Z [44,152ms] [Warning] [omni.physx.tensors.plugin] Failed to find rigid body at '/World/envs/env_1005/robot_b/joints/imu'
2026-10-02T10:32:05Z [44,152ms] [Warning] [omni.physx.tensors.plugin] Failed to find rigid body at '/World/envs/env_1006/robot_b/joints/imu'
2026-10-02T10:32:05Z [44,152ms] [Warning] [omni.physx.tensors.plugin] Failed to find rigid body at '/World/envs/env_1007/robot_b/joints/imu'
2026-10-02T10:32:05Z [44,152ms] [Warning] [omni.physx.tensors.plugin] Failed to find rigid body at '/World/envs/env_1008/robot_b/joints/imu'
2026-10-02T10:32:05Z [44,152ms] [Warning] [omni.physx.tensors.plugin] Failed to find rigid body at '/World/envs/env_1009/robot_b/joints/imu'
2026-10-02T10:32:05Z [44,152ms] [Warning] [omni.physx.tensors.plugin] Failed to find rigid body at '/World/envs/env_1010/robot_b/joints/imu'
2026-10-02T10:32:05Z [44,152ms] [Warning] [omni.physx.tensors.plugin] Failed to find rigid body at '/World/envs/env_1011/robot_b/joints/imu'
2026-10-02T10:32:05Z [44,152ms] [Warning] [omni.physx.tensors.plugin] Failed to find rigid body at '/World/envs/env_1012/robot_b/joints/imu'
2026-10-02T10:32:05Z [44,152ms] [Warning] [omni.physx.tensors.plugin] Failed to find rigid body at '/World/envs/env_1013/robot_b/joints/imu'
2026-10-02T10:32:05Z [44,152ms] [Warning] [omni.physx.tensors.plugin] Failed to find rigid body at '/World/envs/env_1014/robot_b/joints/imu'
2026-10-02T10:32:05Z [44,152ms] [Warning] [omni.physx.tensors.plugin] Failed to find rigid body at '/World/envs/env_1015/robot_b/joints/imu'
2026-10-02T10:32:05Z [44,152ms] [Warning] [omni.physx.tensors.plugin] Failed to find rigid body at '/World/envs/env_1016/robot_b/joints/imu'
2026-10-02T10:32:05Z [44,152ms] [Warning] [omni.physx.tensors.plugin] Failed to find rigid body at '/World/envs/env_1017/robot_b/joints/imu'
2026-10-02T10:32:05Z [44,152ms] [Warning] [omni.physx.tensors.plugin] Failed to find rigid body at '/World/envs/env_1018/robot_b/joints/imu'
2026-10-02T10:32:05Z [44,153ms] [Warning] [omni.physx.tensors.plugin] Failed to find rigid body at '/World/envs/env_1019/robot_b/joints/imu'
2026-10-02T10:32:05Z [44,153ms] [Warning] [omni.physx.tensors.plugin] Failed to find rigid body at '/World/envs/env_1020/robot_b/joints/imu'
2026-10-02T10:32:05Z [44,153ms] [Warning] [omni.physx.tensors.plugin] Failed to find rigid body at '/World/envs/env_1021/robot_b/joints/imu'
2026-10-02T10:32:05Z [44,153ms] [Warning] [omni.physx.tensors.plugin] Failed to find rigid body at '/World/envs/env_1022/robot_b/joints/imu'
2026-10-02T10:32:05Z [44,153ms] [Warning] [omni.physx.tensors.plugin] Failed to find rigid body at '/World/envs/env_1023/robot_b/joints/imu'
2026-10-02T10:32:05Z [44,248ms] [Warning] [omni.physx.tensors.plugin] Failed to find contact report API at '/World/envs/env_0/robot_b/joints/imu'
2026-10-02T10:32:05Z [44,248ms] [Warning] [omni.physx.tensors.plugin] Failed to find contact report API at '/World/envs/env_1/robot_b/joints/imu'
2026-10-02T10:32:05Z [44,248ms] [Warning] [omni.physx.tensors.plugin] Failed to find contact report API at '/World/envs/env_2/robot_b/joints/imu'
2026-10-02T10:32:05Z [44,248ms] [Warning] [omni.physx.tensors.plugin] Failed to find contact report API at '/World/envs/env_3/robot_b/joints/imu'
2026-10-02T10:32:05Z [44,249ms] [Warning] [omni.physx.tensors.plugin] Failed to find contact report API at '/World/envs/env_4/robot_b/joints/imu'
2026-10-02T10:32:05Z [44,249ms] [Warning] [omni.physx.tensors.plugin] Failed to find contact report API at '/World/envs/env_5/robot_b/joints/imu'
2026-10-02T10:32:05Z [44,249ms] [Warning] [omni.physx.tensors.plugin] Failed to find contact report API at '/World/envs/env_6/robot_b/joints/imu'
2026-10-02T10:32:05Z [44,249ms] [Warning] [omni.physx.tensors.plugin] Failed to find contact report API at '/World/envs/env_7/robot_b/joints/imu'
2026-10-02T10:32:05Z [44,249ms] [Warning] [omni.physx.tensors.plugin] Failed to find contact report API at '/World/envs/env_8/robot_b/joints/imu'
2026-10-02T10:32:05Z [44,249ms] [Warning] [omni.physx.tensors.plugin] Failed to find contact report API at '/World/envs/env_9/robot_b/joints/imu'
2026-10-02T10:32:05Z [44,249ms] [Warning] [omni.physx.tensors.plugin] Failed to find contact report API at '/World/envs/env_10/robot_b/joints/imu'
2026-10-02T10:32:05Z [44,249ms] [Warning] [omni.physx.tensors.plugin] Failed to find contact report API at '/World/envs/env_11/robot_b/joints/imu'
2026-10-02T10:32:05Z [44,249ms] [Warning] [omni.physx.tensors.plugin] Failed to find contact report API at '/World/envs/env_12/robot_b/joints/imu'
2026-10-02T10:32:05Z [44,249ms] [Warning] [omni.physx.tensors.plugin] Failed to find contact report API at '/World/envs/env_13/robot_b/joints/imu'
2026-10-02T10:32:05Z [44,249ms] [Warning] [omni.physx.tensors.plugin] Failed to find contact report API at '/World/envs/env_14/robot_b/joints/imu'
2026-10-02T10:32:05Z [44,249ms] [Warning] [omni.physx.tensors.plugin] Failed to find contact report API at '/World/envs/env_15/robot_b/joints/imu'
2026-10-02T10:32:05Z [44,249ms] [Warning] [omni.physx.tensors.plugin] Failed to find contact report API at '/World/envs/env_16/robot_b/joints/imu'
2026-10-02T10:32:05Z [44,249ms] [Warning] [omni.physx.tensors.plugin] Failed to find contact report API at '/World/envs/env_17/robot_b/joints/imu'
2026-10-02T10:32:05Z [44,249ms] [Warning] [omni.physx.tensors.plugin] Failed to find contact report API at '/World/envs/env_18/robot_b/joints/imu'
2026-10-02T10:32:05Z [44,249ms] [Warning] [omni.physx.tensors.plugin] Failed to find contact report API at '/World/envs/env_19/robot_b/joints/imu'
2026-10-02T10:32:05Z [44,249ms] [Warning] [omni.physx.tensors.plugin] Failed to find contact report API at '/World/envs/env_20/robot_b/joints/imu'
2026-10-02T10:32:05Z [44,249ms] [Warning] [omni.physx.tensors.plugin] Failed to find contact report API at '/World/envs/env_21/robot_b/joints/imu'
2026-10-02T10:32:05Z [44,249ms] [Warning] [omni.physx.tensors.plugin] Failed to find contact report API at '/World/envs/env_22/robot_b/joints/imu'
2026-10-02T10:32:05Z [44,249ms] [Warning] [omni.physx.tensors.plugin] Failed to find contact report API at '/World/envs/env_23/robot_b/joints/imu'
2026-10-02T10:32:05Z [44,249ms] [Warning] [omni.physx.tensors.plugin] Failed to find contact report API at '/World/envs/env_24/robot_b/joints/imu'
2026-10-02T10:32:05Z [44,249ms] [Warning] [omni.physx.tensors.plugin] Failed to find contact report API at '/World/envs/env_25/robot_b/joints/imu'
2026-10-02T10:32:05Z [44,249ms] [Warning] [omni.physx.tensors.plugin] Failed to find contact report API at '/World/envs/env_26/robot_b/joints/imu'
2026-10-02T10:32:05Z [44,249ms] [Warning] [omni.physx.tensors.plugin] Failed to find contact report API at '/World/envs/env_27/robot_b/joints/imu'
2026-10-02T10:32:05Z [44,249ms] [Warning] [omni.physx.tensors.plugin] Failed to find contact report API at '/World/envs/env_28/robot_b/joints/imu'
2026-10-02T10:32:05Z [44,249ms] [Warning] [omni.physx.tensors.plugin] Failed to find contact report API at '/World/envs/env_29/robot_b/joints/imu'
2026-10-02T10:32:05Z [44,249ms] [Warning] [omni.physx.tensors.plugin] Failed to find contact report API at '/World/envs/env_30/robot_b/joints/imu'
2026-10-02T10:32:05Z [44,249ms] [Warning] [omni.physx.tensors.plugin] Failed to find contact report API at '/World/envs/env_31/robot_b/joints/imu'
2026-10-02T10:32:05Z [44,249ms] [Warning] [omni.physx.tensors.plugin] Failed to find contact report API at '/World/envs/env_32/robot_b/joints/imu'
2026-10-02T10:32:05Z [44,249ms] [Warning] [omni.physx.tensors.plugin] Failed to find contact report API at '/World/envs/env_33/robot_b/joints/imu'
2026-10-02T10:32:05Z [44,250ms] [Warning] [omni.physx.tensors.plugin] Failed to find contact report API at '/World/envs/env_34/robot_b/joints/imu'
2026-10-02T10:32:05Z [44,250ms] [Warning] [omni.physx.tensors.plugin] Failed to find contact report API at '/World/envs/env_35/robot_b/joints/imu'
2026-10-02T10:32:05Z [44,250ms] [Warning] [omni.physx.tensors.plugin] Failed to find contact report API at '/World/envs/env_36/robot_b/joints/imu'
2026-10-02T10:32:05Z [44,250ms] [Warning] [omni.physx.tensors.plugin] Failed to find contact report API at '/World/envs/env_37/robot_b/joints/imu'
2026-10-02T10:32:05Z [44,250ms] [Warning] [omni.physx.tensors.plugin] Failed to find contact report API at '/World/envs/env_38/robot_b/joints/imu'
2026-10-02T10:32:05Z [44,250ms] [Warning] [omni.physx.tensors.plugin] Failed to find contact report API at '/World/envs/env_39/robot_b/joints/imu'
2026-10-02T10:32:05Z [44,250ms] [Warning] [omni.physx.tensors.plugin] Failed to find contact report API at '/World/envs/env_40/robot_b/joints/imu'
2026-10-02T10:32:05Z [44,250ms] [Warning] [omni.physx.tensors.plugin] Failed to find contact report API at '/World/envs/env_41/robot_b/joints/imu'
2026-10-02T10:32:05Z [44,250ms] [Warning] [omni.physx.tensors.plugin] Failed to find contact report API at '/World/envs/env_42/robot_b/joints/imu'
2026-10-02T10:32:05Z [44,250ms] [Warning] [omni.physx.tensors.plugin] Failed to find contact report API at '/World/envs/env_43/robot_b/joints/imu'
2026-10-02T10:32:05Z [44,250ms] [Warning] [omni.physx.tensors.plugin] Failed to find contact report API at '/World/envs/env_44/robot_b/joints/imu'
2026-10-02T10:32:05Z [44,250ms] [Warning] [omni.physx.tensors.plugin] Failed to find contact report API at '/World/envs/env_45/robot_b/joints/imu'
2026-10-02T10:32:05Z [44,250ms] [Warning] [omni.physx.tensors.plugin] Failed to find contact report API at '/World/envs/env_46/robot_b/joints/imu'
2026-10-02T10:32:05Z [44,250ms] [Warning] [omni.physx.tensors.plugin] Failed to find contact report API at '/World/envs/env_47/robot_b/joints/imu'
2026-10-02T10:32:05Z [44,250ms] [Warning] [omni.physx.tensors.plugin] Failed to find contact report API at '/World/envs/env_48/robot_b/joints/imu'
2026-10-02T10:32:05Z [44,250ms] [Warning] [omni.physx.tensors.plugin] Failed to find contact report API at '/World/envs/env_49/robot_b/joints/imu'
2026-10-02T10:32:05Z [44,250ms] [Warning] [omni.physx.tensors.plugin] Failed to find contact report API at '/World/envs/env_50/robot_b/joints/imu'
2026-10-02T10:32:05Z [44,250ms] [Warning] [omni.physx.tensors.plugin] Failed to find contact report API at '/World/envs/env_51/robot_b/joints/imu'
2026-10-02T10:32:05Z [44,250ms] [Warning] [omni.physx.tensors.plugin] Failed to find contact report API at '/World/envs/env_52/robot_b/joints/imu'
2026-10-02T10:32:05Z [44,250ms] [Warning] [omni.physx.tensors.plugin] Failed to find contact report API at '/World/envs/env_53/robot_b/joints/imu'
2026-10-02T10:32:05Z [44,250ms] [Warning] [omni.physx.tensors.plugin] Failed to find contact report API at '/World/envs/env_54/robot_b/joints/imu'
2026-10-02T10:32:05Z [44,250ms] [Warning] [omni.physx.tensors.plugin] Failed to find contact report API at '/World/envs/env_55/robot_b/joints/imu'
2026-10-02T10:32:05Z [44,250ms] [Warning] [omni.physx.tensors.plugin] Failed to find contact report API at '/World/envs/env_56/robot_b/joints/imu'
2026-10-02T10:32:05Z [44,250ms] [Warning] [omni.physx.tensors.plugin] Failed to find contact report API at '/World/envs/env_57/robot_b/joints/imu'
2026-10-02T10:32:05Z [44,250ms] [Warning] [omni.physx.tensors.plugin] Failed to find contact report API at '/World/envs/env_58/robot_b/joints/imu'
2026-10-02T10:32:05Z [44,250ms] [Warning] [omni.physx.tensors.plugin] Failed to find contact report API at '/World/envs/env_59/robot_b/joints/imu'
2026-10-02T10:32:05Z [44,250ms] [Warning] [omni.physx.tensors.plugin] Failed to find contact report API at '/World/envs/env_60/robot_b/joints/imu'
2026-10-02T10:32:05Z [44,250ms] [Warning] [omni.physx.tensors.plugin] Failed to find contact report API at '/World/envs/env_61/robot_b/joints/imu'
2026-10-02T10:32:05Z [44,250ms] [Warning] [omni.physx.tensors.plugin] Failed to find contact report API at '/World/envs/env_62/robot_b/joints/imu'
2026-10-02T10:32:05Z [44,250ms] [Warning] [omni.physx.tensors.plugin] Failed to find contact report API at '/World/envs/env_63/robot_b/joints/imu'
2026-10-02T10:32:05Z [44,250ms] [Warning] [omni.physx.tensors.plugin] Failed to find contact report API at '/World/envs/env_64/robot_b/joints/imu'
2026-10-02T10:32:05Z [44,250ms] [Warning] [omni.physx.tensors.plugin] Failed to find contact report API at '/World/envs/env_65/robot_b/joints/imu'
2026-10-02T10:32:05Z [44,250ms] [Warning] [omni.physx.tensors.plugin] Failed to find contact report API at '/World/envs/env_66/robot_b/joints/imu'
2026-10-02T10:32:05Z [44,251ms] [Warning] [omni.physx.tensors.plugin] Failed to find contact report API at '/World/envs/env_67/robot_b/joints/imu'
2026-10-02T10:32:05Z [44,251ms] [Warning] [omni.physx.tensors.plugin] Failed to find contact report API at '/World/envs/env_68/robot_b/joints/imu'
2026-10-02T10:32:05Z [44,251ms] [Warning] [omni.physx.tensors.plugin] Failed to find contact report API at '/World/envs/env_69/robot_b/joints/imu'
2026-10-02T10:32:05Z [44,251ms] [Warning] [omni.physx.tensors.plugin] Failed to find contact report API at '/World/envs/env_70/robot_b/joints/imu'
2026-10-02T10:32:05Z [44,251ms] [Warning] [omni.physx.tensors.plugin] Failed to find contact report API at '/World/envs/env_71/robot_b/joints/imu'
2026-10-02T10:32:05Z [44,251ms] [Warning] [omni.physx.tensors.plugin] Failed to find contact report API at '/World/envs/env_72/robot_b/joints/imu'
2026-10-02T10:32:05Z [44,251ms] [Warning] [omni.physx.tensors.plugin] Failed to find contact report API at '/World/envs/env_73/robot_b/joints/imu'
2026-10-02T10:32:05Z [44,251ms] [Warning] [omni.physx.tensors.plugin] Failed to find contact report API at '/World/envs/env_74/robot_b/joints/imu'
2026-10-02T10:32:05Z [44,251ms] [Warning] [omni.physx.tensors.plugin] Failed to find contact report API at '/World/envs/env_75/robot_b/joints/imu'
2026-10-02T10:32:05Z [44,251ms] [Warning] [omni.physx.tensors.plugin] Failed to find contact report API at '/World/envs/env_76/robot_b/joints/imu'
2026-10-02T10:32:05Z [44,251ms] [Warning] [omni.physx.tensors.plugin] Failed to find contact report API at '/World/envs/env_77/robot_b/joints/imu'
2026-10-02T10:32:05Z [44,251ms] [Warning] [omni.physx.tensors.plugin] Failed to find contact report API at '/World/envs/env_78/robot_b/joints/imu'
2026-10-02T10:32:05Z [44,251ms] [Warning] [omni.physx.tensors.plugin] Failed to find contact report API at '/World/envs/env_79/robot_b/joints/imu'
2026-10-02T10:32:05Z [44,251ms] [Warning] [omni.physx.tensors.plugin] Failed to find contact report API at '/World/envs/env_80/robot_b/joints/imu'
2026-10-02T10:32:05Z [44,251ms] [Warning] [omni.physx.tensors.plugin] Failed to find contact report API at '/World/envs/env_81/robot_b/joints/imu'
2026-10-02T10:32:05Z [44,251ms] [Warning] [omni.physx.tensors.plugin] Failed to find contact report API at '/World/envs/env_82/robot_b/joints/imu'
2026-10-02T10:32:05Z [44,251ms] [Warning] [omni.physx.tensors.plugin] Failed to find contact report API at '/World/envs/env_83/robot_b/joints/imu'
2026-10-02T10:32:05Z [44,251ms] [Warning] [omni.physx.tensors.plugin] Failed to find contact report API at '/World/envs/env_84/robot_b/joints/imu'
2026-10-02T10:32:05Z [44,251ms] [Warning] [omni.physx.tensors.plugin] Failed to find contact report API at '/World/envs/env_85/robot_b/joints/imu'
2026-10-02T10:32:05Z [44,251ms] [Warning] [omni.physx.tensors.plugin] Failed to find contact report API at '/World/envs/env_86/robot_b/joints/imu'
2026-10-02T10:32:05Z [44,251ms] [Warning] [omni.physx.tensors.plugin] Failed to find contact report API at '/World/envs/env_87/robot_b/joints/imu'
2026-10-02T10:32:05Z [44,251ms] [Warning] [omni.physx.tensors.plugin] Failed to find contact report API at '/World/envs/env_88/robot_b/joints/imu'
2026-10-02T10:32:05Z [44,251ms] [Warning] [omni.physx.tensors.plugin] Failed to find contact report API at '/World/envs/env_89/robot_b/joints/imu'
2026-10-02T10:32:05Z [44,251ms] [Warning] [omni.physx.tensors.plugin] Failed to find contact report API at '/World/envs/env_90/robot_b/joints/imu'
2026-10-02T10:32:05Z [44,251ms] [Warning] [omni.physx.tensors.plugin] Failed to find contact report API at '/World/envs/env_91/robot_b/joints/imu'
2026-10-02T10:32:05Z [44,251ms] [Warning] [omni.physx.tensors.plugin] Failed to find contact report API at '/World/envs/env_92/robot_b/joints/imu'
2026-10-02T10:32:05Z [44,251ms] [Warning] [omni.physx.tensors.plugin] Failed to find contact report API at '/World/envs/env_93/robot_b/joints/imu'
2026-10-02T10:32:05Z [44,251ms] [Warning] [omni.physx.tensors.plugin] Failed to find contact report API at '/World/envs/env_94/robot_b/joints/imu'
2026-10-02T10:32:05Z [44,251ms] [Warning] [omni.physx.tensors.plugin] Failed to find contact report API at '/World/envs/env_95/robot_b/joints/imu'
2026-10-02T10:32:05Z [44,251ms] [Warning] [omni.physx.tensors.plugin] Failed to find contact report API at '/World/envs/env_96/robot_b/joints/imu'
2026-10-02T10:32:05Z [44,251ms] [Warning] [omni.physx.tensors.plugin] Failed to find contact report API at '/World/envs/env_97/robot_b/joints/imu'
2026-10-02T10:32:05Z [44,251ms] [Warning] [omni.physx.tensors.plugin] Failed to find contact report API at '/World/envs/env_98/robot_b/joints/imu'
2026-10-02T10:32:05Z [44,251ms] [Warning] [omni.physx.tensors.plugin] Failed to find contact report API at '/World/envs/env_99/robot_b/joints/imu'
2026-10-02T10:32:05Z [44,251ms] [Warning] [omni.physx.tensors.plugin] Failed to find contact report API at '/World/envs/env_100/robot_b/joints/imu'
2026-10-02T10:32:05Z [44,251ms] [Warning] [omni.physx.tensors.plugin] Failed to find contact report API at '/World/envs/env_101/robot_b/joints/imu'
2026-10-02T10:32:05Z [44,252ms] [Warning] [omni.physx.tensors.plugin] Failed to find contact report API at '/World/envs/env_102/robot_b/joints/imu'
2026-10-02T10:32:05Z [44,252ms] [Warning] [omni.physx.tensors.plugin] Failed to find contact report API at '/World/envs/env_103/robot_b/joints/imu'
2026-10-02T10:32:05Z [44,252ms] [Warning] [omni.physx.tensors.plugin] Failed to find contact report API at '/World/envs/env_104/robot_b/joints/imu'
2026-10-02T10:32:05Z [44,252ms] [Warning] [omni.physx.tensors.plugin] Failed to find contact report API at '/World/envs/env_105/robot_b/joints/imu'
2026-10-02T10:32:05Z [44,252ms] [Warning] [omni.physx.tensors.plugin] Failed to find contact report API at '/World/envs/env_106/robot_b/joints/imu'
2026-10-02T10:32:05Z [44,252ms] [Warning] [omni.physx.tensors.plugin] Failed to find contact report API at '/World/envs/env_107/robot_b/joints/imu'
2026-10-02T10:32:05Z [44,252ms] [Warning] [omni.physx.tensors.plugin] Failed to find contact report API at '/World/envs/env_108/robot_b/joints/imu'
2026-10-02T10:32:05Z [44,252ms] [Warning] [omni.physx.tensors.plugin] Failed to find contact report API at '/World/envs/env_109/robot_b/joints/imu'
2026-10-02T10:32:05Z [44,252ms] [Warning] [omni.physx.tensors.plugin] Failed to find contact report API at '/World/envs/env_110/robot_b/joints/imu'
2026-10-02T10:32:05Z [44,252ms] [Warning] [omni.physx.tensors.plugin] Failed to find contact report API at '/World/envs/env_111/robot_b/joints/imu'
2026-10-02T10:32:05Z [44,252ms] [Warning] [omni.physx.tensors.plugin] Failed to find contact report API at '/World/envs/env_112/robot_b/joints/imu'
2026-10-02T10:32:05Z [44,252ms] [Warning] [omni.physx.tensors.plugin] Failed to find contact report API at '/World/envs/env_113/robot_b/joints/imu'
2026-10-02T10:32:05Z [44,252ms] [Warning] [omni.physx.tensors.plugin] Failed to find contact report API at '/World/envs/env_114/robot_b/joints/imu'
2026-10-02T10:32:05Z [44,252ms] [Warning] [omni.physx.tensors.plugin] Failed to find contact report API at '/World/envs/env_115/robot_b/joints/imu'
2026-10-02T10:32:05Z [44,252ms] [Warning] [omni.physx.tensors.plugin] Failed to find contact report API at '/World/envs/env_116/robot_b/joints/imu'
2026-10-02T10:32:05Z [44,252ms] [Warning] [omni.physx.tensors.plugin] Failed to find contact report API at '/World/envs/env_117/robot_b/joints/imu'
2026-10-02T10:32:05Z [44,252ms] [Warning] [omni.physx.tensors.plugin] Failed to find contact report API at '/World/envs/env_118/robot_b/joints/imu'
2026-10-02T10:32:05Z [44,252ms] [Warning] [omni.physx.tensors.plugin] Failed to find contact report API at '/World/envs/env_119/robot_b/joints/imu'
2026-10-02T10:32:05Z [44,252ms] [Warning] [omni.physx.tensors.plugin] Failed to find contact report API at '/World/envs/env_120/robot_b/joints/imu'
2026-10-02T10:32:05Z [44,252ms] [Warning] [omni.physx.tensors.plugin] Failed to find contact report API at '/World/envs/env_121/robot_b/joints/imu'
2026-10-02T10:32:05Z [44,252ms] [Warning] [omni.physx.tensors.plugin] Failed to find contact report API at '/World/envs/env_122/robot_b/joints/imu'
2026-10-02T10:32:05Z [44,252ms] [Warning] [omni.physx.tensors.plugin] Failed to find contact report API at '/World/envs/env_123/robot_b/joints/imu'
2026-10-02T10:32:05Z [44,252ms] [Warning] [omni.physx.tensors.plugin] Failed to find contact report API at '/World/envs/env_124/robot_b/joints/imu'
2026-10-02T10:32:05Z [44,252ms] [Warning] [omni.physx.tensors.plugin] Failed to find contact report API at '/World/envs/env_125/robot_b/joints/imu'
2026-10-02T10:32:05Z [44,252ms] [Warning] [omni.physx.tensors.plugin] Failed to find contact report API at '/World/envs/env_126/robot_b/joints/imu'
2026-10-02T10:32:05Z [44,252ms] [Warning] [omni.physx.tensors.plugin] Failed to find contact report API at '/World/envs/env_127/robot_b/joints/imu'
2026-10-02T10:32:05Z [44,252ms] [Warning] [omni.physx.tensors.plugin] Failed to find contact report API at '/World/envs/env_128/robot_b/joints/imu'
2026-10-02T10:32:05Z [44,252ms] [Warning] [omni.physx.tensors.plugin] Failed to find contact report API at '/World/envs/env_129/robot_b/joints/imu'
2026-10-02T10:32:05Z [44,252ms] [Warning] [omni.physx.tensors.plugin] Failed to find contact report API at '/World/envs/env_130/robot_b/joints/imu'
2026-10-02T10:32:05Z [44,252ms] [Warning] [omni.physx.tensors.plugin] Failed to find contact report API at '/World/envs/env_131/robot_b/joints/imu'
2026-10-02T10:32:05Z [44,252ms] [Warning] [omni.physx.tensors.plugin] Failed to find contact report API at '/World/envs/env_132/robot_b/joints/imu'
2026-10-02T10:32:05Z [44,253ms] [Warning] [omni.physx.tensors.plugin] Failed to find contact report API at '/World/envs/env_133/robot_b/joints/imu'
2026-10-02T10:32:05Z [44,253ms] [Warning] [omni.physx.tensors.plugin] Failed to find contact report API at '/World/envs/env_134/robot_b/joints/imu'
2026-10-02T10:32:05Z [44,253ms] [Warning] [omni.physx.tensors.plugin] Failed to find contact report API at '/World/envs/env_135/robot_b/joints/imu'
2026-10-02T10:32:05Z [44,253ms] [Warning] [omni.physx.tensors.plugin] Failed to find contact report API at '/World/envs/env_136/robot_b/joints/imu'
2026-10-02T10:32:05Z [44,253ms] [Warning] [omni.physx.tensors.plugin] Failed to find contact report API at '/World/envs/env_137/robot_b/joints/imu'
2026-10-02T10:32:05Z [44,253ms] [Warning] [omni.physx.tensors.plugin] Failed to find contact report API at '/World/envs/env_138/robot_b/joints/imu'
2026-10-02T10:32:05Z [44,253ms] [Warning] [omni.physx.tensors.plugin] Failed to find contact report API at '/World/envs/env_139/robot_b/joints/imu'
2026-10-02T10:32:05Z [44,253ms] [Warning] [omni.physx.tensors.plugin] Failed to find contact report API at '/World/envs/env_140/robot_b/joints/imu'
2026-10-02T10:32:05Z [44,253ms] [Warning] [omni.physx.tensors.plugin] Failed to find contact report API at '/World/envs/env_141/robot_b/joints/imu'
2026-10-02T10:32:05Z [44,253ms] [Warning] [omni.physx.tensors.plugin] Failed to find contact report API at '/World/envs/env_142/robot_b/joints/imu'
2026-10-02T10:32:05Z [44,253ms] [Warning] [omni.physx.tensors.plugin] Failed to find contact report API at '/World/envs/env_143/robot_b/joints/imu'
2026-10-02T10:32:05Z [44,253ms] [Warning] [omni.physx.tensors.plugin] Failed to find contact report API at '/World/envs/env_144/robot_b/joints/imu'
2026-10-02T10:32:05Z [44,253ms] [Warning] [omni.physx.tensors.plugin] Failed to find contact report API at '/World/envs/env_145/robot_b/joints/imu'
2026-10-02T10:32:05Z [44,253ms] [Warning] [omni.physx.tensors.plugin] Failed to find contact report API at '/World/envs/env_146/robot_b/joints/imu'
2026-10-02T10:32:05Z [44,253ms] [Warning] [omni.physx.tensors.plugin] Failed to find contact report API at '/World/envs/env_147/robot_b/joints/imu'
2026-10-02T10:32:05Z [44,253ms] [Warning] [omni.physx.tensors.plugin] Failed to find contact report API at '/World/envs/env_148/robot_b/joints/imu'
2026-10-02T10:32:05Z [44,253ms] [Warning] [omni.physx.tensors.plugin] Failed to find contact report API at '/World/envs/env_149/robot_b/joints/imu'
2026-10-02T10:32:05Z [44,253ms] [Warning] [omni.physx.tensors.plugin] Failed to find contact report API at '/World/envs/env_150/robot_b/joints/imu'
2026-10-02T10:32:05Z [44,253ms] [Warning] [omni.physx.tensors.plugin] Failed to find contact report API at '/World/envs/env_151/robot_b/joints/imu'
2026-10-02T10:32:05Z [44,253ms] [Warning] [omni.physx.tensors.plugin] Failed to find contact report API at '/World/envs/env_152/robot_b/joints/imu'
2026-10-02T10:32:05Z [44,253ms] [Warning] [omni.physx.tensors.plugin] Failed to find contact report API at '/World/envs/env_153/robot_b/joints/imu'
2026-10-02T10:32:05Z [44,253ms] [Warning] [omni.physx.tensors.plugin] Failed to find contact report API at '/World/envs/env_154/robot_b/joints/imu'
2026-10-02T10:32:05Z [44,253ms] [Warning] [omni.physx.tensors.plugin] Failed to find contact report API at '/World/envs/env_155/robot_b/joints/imu'
2026-10-02T10:32:05Z [44,253ms] [Warning] [omni.physx.tensors.plugin] Failed to find contact report API at '/World/envs/env_156/robot_b/joints/imu'
2026-10-02T10:32:05Z [44,253ms] [Warning] [omni.physx.tensors.plugin] Failed to find contact report API at '/World/envs/env_157/robot_b/joints/imu'
2026-10-02T10:32:05Z [44,253ms] [Warning] [omni.physx.tensors.plugin] Failed to find contact report API at '/World/envs/env_158/robot_b/joints/imu'
2026-10-02T10:32:05Z [44,253ms] [Warning] [omni.physx.tensors.plugin] Failed to find contact report API at '/World/envs/env_159/robot_b/joints/imu'
2026-10-02T10:32:05Z [44,253ms] [Warning] [omni.physx.tensors.plugin] Failed to find contact report API at '/World/envs/env_160/robot_b/joints/imu'
2026-10-02T10:32:05Z [44,253ms] [Warning] [omni.physx.tensors.plugin] Failed to find contact report API at '/World/envs/env_161/robot_b/joints/imu'
2026-10-02T10:32:05Z [44,254ms] [Warning] [omni.physx.tensors.plugin] Failed to find contact report API at '/World/envs/env_162/robot_b/joints/imu'
2026-10-02T10:32:05Z [44,254ms] [Warning] [omni.physx.tensors.plugin] Failed to find contact report API at '/World/envs/env_163/robot_b/joints/imu'
2026-10-02T10:32:05Z [44,254ms] [Warning] [omni.physx.tensors.plugin] Failed to find contact report API at '/World/envs/env_164/robot_b/joints/imu'
2026-10-02T10:32:05Z [44,254ms] [Warning] [omni.physx.tensors.plugin] Failed to find contact report API at '/World/envs/env_165/robot_b/joints/imu'
2026-10-02T10:32:05Z [44,254ms] [Warning] [omni.physx.tensors.plugin] Failed to find contact report API at '/World/envs/env_166/robot_b/joints/imu'
2026-10-02T10:32:05Z [44,254ms] [Warning] [omni.physx.tensors.plugin] Failed to find contact report API at '/World/envs/env_167/robot_b/joints/imu'
2026-10-02T10:32:05Z [44,254ms] [Warning] [omni.physx.tensors.plugin] Failed to find contact report API at '/World/envs/env_168/robot_b/joints/imu'
2026-10-02T10:32:05Z [44,254ms] [Warning] [omni.physx.tensors.plugin] Failed to find contact report API at '/World/envs/env_169/robot_b/joints/imu'
2026-10-02T10:32:05Z [44,254ms] [Warning] [omni.physx.tensors.plugin] Failed to find contact report API at '/World/envs/env_170/robot_b/joints/imu'
2026-10-02T10:32:05Z [44,254ms] [Warning] [omni.physx.tensors.plugin] Failed to find contact report API at '/World/envs/env_171/robot_b/joints/imu'
2026-10-02T10:32:05Z [44,254ms] [Warning] [omni.physx.tensors.plugin] Failed to find contact report API at '/World/envs/env_172/robot_b/joints/imu'
2026-10-02T10:32:05Z [44,254ms] [Warning] [omni.physx.tensors.plugin] Failed to find contact report API at '/World/envs/env_173/robot_b/joints/imu'
2026-10-02T10:32:05Z [44,254ms] [Warning] [omni.physx.tensors.plugin] Failed to find contact report API at '/World/envs/env_174/robot_b/joints/imu'
2026-10-02T10:32:05Z [44,254ms] [Warning] [omni.physx.tensors.plugin] Failed to find contact report API at '/World/envs/env_175/robot_b/joints/imu'
2026-10-02T10:32:05Z [44,254ms] [Warning] [omni.physx.tensors.plugin] Failed to find contact report API at '/World/envs/env_176/robot_b/joints/imu'
2026-10-02T10:32:05Z [44,254ms] [Warning] [omni.physx.tensors.plugin] Failed to find contact report API at '/World/envs/env_177/robot_b/joints/imu'
2026-10-02T10:32:05Z [44,254ms] [Warning] [omni.physx.tensors.plugin] Failed to find contact report API at '/World/envs/env_178/robot_b/joints/imu'
2026-10-02T10:32:05Z [44,254ms] [Warning] [omni.physx.tensors.plugin] Failed to find contact report API at '/World/envs/env_179/robot_b/joints/imu'
2026-10-02T10:32:05Z [44,254ms] [Warning] [omni.physx.tensors.plugin] Failed to find contact report API at '/World/envs/env_180/robot_b/joints/imu'
2026-10-02T10:32:05Z [44,254ms] [Warning] [omni.physx.tensors.plugin] Failed to find contact report API at '/World/envs/env_181/robot_b/joints/imu'
2026-10-02T10:32:05Z [44,254ms] [Warning] [omni.physx.tensors.plugin] Failed to find contact report API at '/World/envs/env_182/robot_b/joints/imu'
2026-10-02T10:32:05Z [44,254ms] [Warning] [omni.physx.tensors.plugin] Failed to find contact report API at '/World/envs/env_183/robot_b/joints/imu'
2026-10-02T10:32:05Z [44,254ms] [Warning] [omni.physx.tensors.plugin] Failed to find contact report API at '/World/envs/env_184/robot_b/joints/imu'
2026-10-02T10:32:05Z [44,254ms] [Warning] [omni.physx.tensors.plugin] Failed to find contact report API at '/World/envs/env_185/robot_b/joints/imu'
2026-10-02T10:32:05Z [44,254ms] [Warning] [omni.physx.tensors.plugin] Failed to find contact report API at '/World/envs/env_186/robot_b/joints/imu'
2026-10-02T10:32:05Z [44,254ms] [Warning] [omni.physx.tensors.plugin] Failed to find contact report API at '/World/envs/env_187/robot_b/joints/imu'
2026-10-02T10:32:05Z [44,254ms] [Warning] [omni.physx.tensors.plugin] Failed to find contact report API at '/World/envs/env_188/robot_b/joints/imu'
2026-10-02T10:32:05Z [44,254ms] [Warning] [omni.physx.tensors.plugin] Failed to find contact report API at '/World/envs/env_189/robot_b/joints/imu'
2026-10-02T10:32:05Z [44,254ms] [Warning] [omni.physx.tensors.plugin] Failed to find contact report API at '/World/envs/env_190/robot_b/joints/imu'
2026-10-02T10:32:05Z [44,254ms] [Warning] [omni.physx.tensors.plugin] Failed to find contact report API at '/World/envs/env_191/robot_b/joints/imu'
2026-10-02T10:32:05Z [44,254ms] [Warning] [omni.physx.tensors.plugin] Failed to find contact report API at '/World/envs/env_192/robot_b/joints/imu'
2026-10-02T10:32:05Z [44,254ms] [Warning] [omni.physx.tensors.plugin] Failed to find contact report API at '/World/envs/env_193/robot_b/joints/imu'
2026-10-02T10:32:05Z [44,254ms] [Warning] [omni.physx.tensors.plugin] Failed to find contact report API at '/World/envs/env_194/robot_b/joints/imu'
2026-10-02T10:32:05Z [44,255ms] [Warning] [omni.physx.tensors.plugin] Failed to find contact report API at '/World/envs/env_195/robot_b/joints/imu'
2026-10-02T10:32:05Z [44,255ms] [Warning] [omni.physx.tensors.plugin] Failed to find contact report API at '/World/envs/env_196/robot_b/joints/imu'
2026-10-02T10:32:05Z [44,255ms] [Warning] [omni.physx.tensors.plugin] Failed to find contact report API at '/World/envs/env_197/robot_b/joints/imu'
2026-10-02T10:32:05Z [44,255ms] [Warning] [omni.physx.tensors.plugin] Failed to find contact report API at '/World/envs/env_198/robot_b/joints/imu'
2026-10-02T10:32:05Z [44,255ms] [Warning] [omni.physx.tensors.plugin] Failed to find contact report API at '/World/envs/env_199/robot_b/joints/imu'
2026-10-02T10:32:05Z [44,255ms] [Warning] [omni.physx.tensors.plugin] Failed to find contact report API at '/World/envs/env_200/robot_b/joints/imu'
2026-10-02T10:32:05Z [44,255ms] [Warning] [omni.physx.tensors.plugin] Failed to find contact report API at '/World/envs/env_201/robot_b/joints/imu'
2026-10-02T10:32:05Z [44,255ms] [Warning] [omni.physx.tensors.plugin] Failed to find contact report API at '/World/envs/env_202/robot_b/joints/imu'
2026-10-02T10:32:05Z [44,255ms] [Warning] [omni.physx.tensors.plugin] Failed to find contact report API at '/World/envs/env_203/robot_b/joints/imu'
2026-10-02T10:32:05Z [44,255ms] [Warning] [omni.physx.tensors.plugin] Failed to find contact report API at '/World/envs/env_204/robot_b/joints/imu'
2026-10-02T10:32:05Z [44,255ms] [Warning] [omni.physx.tensors.plugin] Failed to find contact report API at '/World/envs/env_205/robot_b/joints/imu'
2026-10-02T10:32:05Z [44,255ms] [Warning] [omni.physx.tensors.plugin] Failed to find contact report API at '/World/envs/env_206/robot_b/joints/imu'
2026-10-02T10:32:05Z [44,255ms] [Warning] [omni.physx.tensors.plugin] Failed to find contact report API at '/World/envs/env_207/robot_b/joints/imu'
2026-10-02T10:32:05Z [44,255ms] [Warning] [omni.physx.tensors.plugin] Failed to find contact report API at '/World/envs/env_208/robot_b/joints/imu'
2026-10-02T10:32:05Z [44,255ms] [Warning] [omni.physx.tensors.plugin] Failed to find contact report API at '/World/envs/env_209/robot_b/joints/imu'
2026-10-02T10:32:05Z [44,255ms] [Warning] [omni.physx.tensors.plugin] Failed to find contact report API at '/World/envs/env_210/robot_b/joints/imu'
2026-10-02T10:32:05Z [44,255ms] [Warning] [omni.physx.tensors.plugin] Failed to find contact report API at '/World/envs/env_211/robot_b/joints/imu'
2026-10-02T10:32:05Z [44,255ms] [Warning] [omni.physx.tensors.plugin] Failed to find contact report API at '/World/envs/env_212/robot_b/joints/imu'
2026-10-02T10:32:05Z [44,255ms] [Warning] [omni.physx.tensors.plugin] Failed to find contact report API at '/World/envs/env_213/robot_b/joints/imu'
2026-10-02T10:32:05Z [44,255ms] [Warning] [omni.physx.tensors.plugin] Failed to find contact report API at '/World/envs/env_214/robot_b/joints/imu'
2026-10-02T10:32:05Z [44,255ms] [Warning] [omni.physx.tensors.plugin] Failed to find contact report API at '/World/envs/env_215/robot_b/joints/imu'
2026-10-02T10:32:05Z [44,255ms] [Warning] [omni.physx.tensors.plugin] Failed to find contact report API at '/World/envs/env_216/robot_b/joints/imu'
2026-10-02T10:32:05Z [44,255ms] [Warning] [omni.physx.tensors.plugin] Failed to find contact report API at '/World/envs/env_217/robot_b/joints/imu'
2026-10-02T10:32:05Z [44,255ms] [Warning] [omni.physx.tensors.plugin] Failed to find contact report API at '/World/envs/env_218/robot_b/joints/imu'
2026-10-02T10:32:05Z [44,255ms] [Warning] [omni.physx.tensors.plugin] Failed to find contact report API at '/World/envs/env_219/robot_b/joints/imu'
2026-10-02T10:32:05Z [44,255ms] [Warning] [omni.physx.tensors.plugin] Failed to find contact report API at '/World/envs/env_220/robot_b/joints/imu'
2026-10-02T10:32:05Z [44,255ms] [Warning] [omni.physx.tensors.plugin] Failed to find contact report API at '/World/envs/env_221/robot_b/joints/imu'
2026-10-02T10:32:05Z [44,255ms] [Warning] [omni.physx.tensors.plugin] Failed to find contact report API at '/World/envs/env_222/robot_b/joints/imu'
2026-10-02T10:32:05Z [44,255ms] [Warning] [omni.physx.tensors.plugin] Failed to find contact report API at '/World/envs/env_223/robot_b/joints/imu'
2026-10-02T10:32:05Z [44,255ms] [Warning] [omni.physx.tensors.plugin] Failed to find contact report API at '/World/envs/env_224/robot_b/joints/imu'
2026-10-02T10:32:05Z [44,255ms] [Warning] [omni.physx.tensors.plugin] Failed to find contact report API at '/World/envs/env_225/robot_b/joints/imu'
2026-10-02T10:32:05Z [44,255ms] [Warning] [omni.physx.tensors.plugin] Failed to find contact report API at '/World/envs/env_226/robot_b/joints/imu'
2026-10-02T10:32:05Z [44,255ms] [Warning] [omni.physx.tensors.plugin] Failed to find contact report API at '/World/envs/env_227/robot_b/joints/imu'
2026-10-02T10:32:05Z [44,256ms] [Warning] [omni.physx.tensors.plugin] Failed to find contact report API at '/World/envs/env_228/robot_b/joints/imu'
2026-10-02T10:32:05Z [44,256ms] [Warning] [omni.physx.tensors.plugin] Failed to find contact report API at '/World/envs/env_229/robot_b/joints/imu'
2026-10-02T10:32:05Z [44,256ms] [Warning] [omni.physx.tensors.plugin] Failed to find contact report API at '/World/envs/env_230/robot_b/joints/imu'
2026-10-02T10:32:05Z [44,256ms] [Warning] [omni.physx.tensors.plugin] Failed to find contact report API at '/World/envs/env_231/robot_b/joints/imu'
2026-10-02T10:32:05Z [44,256ms] [Warning] [omni.physx.tensors.plugin] Failed to find contact report API at '/World/envs/env_232/robot_b/joints/imu'
2026-10-02T10:32:05Z [44,256ms] [Warning] [omni.physx.tensors.plugin] Failed to find contact report API at '/World/envs/env_233/robot_b/joints/imu'
2026-10-02T10:32:05Z [44,256ms] [Warning] [omni.physx.tensors.plugin] Failed to find contact report API at '/World/envs/env_234/robot_b/joints/imu'
2026-10-02T10:32:05Z [44,256ms] [Warning] [omni.physx.tensors.plugin] Failed to find contact report API at '/World/envs/env_235/robot_b/joints/imu'
2026-10-02T10:32:05Z [44,256ms] [Warning] [omni.physx.tensors.plugin] Failed to find contact report API at '/World/envs/env_236/robot_b/joints/imu'
2026-10-02T10:32:05Z [44,256ms] [Warning] [omni.physx.tensors.plugin] Failed to find contact report API at '/World/envs/env_237/robot_b/joints/imu'
2026-10-02T10:32:05Z [44,256ms] [Warning] [omni.physx.tensors.plugin] Failed to find contact report API at '/World/envs/env_238/robot_b/joints/imu'
2026-10-02T10:32:05Z [44,256ms] [Warning] [omni.physx.tensors.plugin] Failed to find contact report API at '/World/envs/env_239/robot_b/joints/imu'
2026-10-02T10:32:05Z [44,256ms] [Warning] [omni.physx.tensors.plugin] Failed to find contact report API at '/World/envs/env_240/robot_b/joints/imu'
2026-10-02T10:32:05Z [44,256ms] [Warning] [omni.physx.tensors.plugin] Failed to find contact report API at '/World/envs/env_241/robot_b/joints/imu'
2026-10-02T10:32:05Z [44,256ms] [Warning] [omni.physx.tensors.plugin] Failed to find contact report API at '/World/envs/env_242/robot_b/joints/imu'
2026-10-02T10:32:05Z [44,256ms] [Warning] [omni.physx.tensors.plugin] Failed to find contact report API at '/World/envs/env_243/robot_b/joints/imu'
2026-10-02T10:32:05Z [44,256ms] [Warning] [omni.physx.tensors.plugin] Failed to find contact report API at '/World/envs/env_244/robot_b/joints/imu'
2026-10-02T10:32:05Z [44,256ms] [Warning] [omni.physx.tensors.plugin] Failed to find contact report API at '/World/envs/env_245/robot_b/joints/imu'
2026-10-02T10:32:05Z [44,256ms] [Warning] [omni.physx.tensors.plugin] Failed to find contact report API at '/World/envs/env_246/robot_b/joints/imu'
2026-10-02T10:32:05Z [44,256ms] [Warning] [omni.physx.tensors.plugin] Failed to find contact report API at '/World/envs/env_247/robot_b/joints/imu'
2026-10-02T10:32:05Z [44,256ms] [Warning] [omni.physx.tensors.plugin] Failed to find contact report API at '/World/envs/env_248/robot_b/joints/imu'
2026-10-02T10:32:05Z [44,256ms] [Warning] [omni.physx.tensors.plugin] Failed to find contact report API at '/World/envs/env_249/robot_b/joints/imu'
2026-10-02T10:32:05Z [44,256ms] [Warning] [omni.physx.tensors.plugin] Failed to find contact report API at '/World/envs/env_250/robot_b/joints/imu'
2026-10-02T10:32:05Z [44,256ms] [Warning] [omni.physx.tensors.plugin] Failed to find contact report API at '/World/envs/env_251/robot_b/joints/imu'
2026-10-02T10:32:05Z [44,256ms] [Warning] [omni.physx.tensors.plugin] Failed to find contact report API at '/World/envs/env_252/robot_b/joints/imu'
2026-10-02T10:32:05Z [44,256ms] [Warning] [omni.physx.tensors.plugin] Failed to find contact report API at '/World/envs/env_253/robot_b/joints/imu'
2026-10-02T10:32:05Z [44,256ms] [Warning] [omni.physx.tensors.plugin] Failed to find contact report API at '/World/envs/env_254/robot_b/joints/imu'
2026-10-02T10:32:05Z [44,256ms] [Warning] [omni.physx.tensors.plugin] Failed to find contact report API at '/World/envs/env_255/robot_b/joints/imu'
2026-10-02T10:32:05Z [44,256ms] [Warning] [omni.physx.tensors.plugin] Failed to find contact report API at '/World/envs/env_256/robot_b/joints/imu'
2026-10-02T10:32:05Z [44,256ms] [Warning] [omni.physx.tensors.plugin] Failed to find contact report API at '/World/envs/env_257/robot_b/joints/imu'
2026-10-02T10:32:05Z [44,256ms] [Warning] [omni.physx.tensors.plugin] Failed to find contact report API at '/World/envs/env_258/robot_b/joints/imu'
2026-10-02T10:32:05Z [44,256ms] [Warning] [omni.physx.tensors.plugin] Failed to find contact report API at '/World/envs/env_259/robot_b/joints/imu'
2026-10-02T10:32:05Z [44,257ms] [Warning] [omni.physx.tensors.plugin] Failed to find contact report API at '/World/envs/env_260/robot_b/joints/imu'
2026-10-02T10:32:05Z [44,257ms] [Warning] [omni.physx.tensors.plugin] Failed to find contact report API at '/World/envs/env_261/robot_b/joints/imu'
2026-10-02T10:32:05Z [44,257ms] [Warning] [omni.physx.tensors.plugin] Failed to find contact report API at '/World/envs/env_262/robot_b/joints/imu'
2026-10-02T10:32:05Z [44,257ms] [Warning] [omni.physx.tensors.plugin] Failed to find contact report API at '/World/envs/env_263/robot_b/joints/imu'
2026-10-02T10:32:05Z [44,257ms] [Warning] [omni.physx.tensors.plugin] Failed to find contact report API at '/World/envs/env_264/robot_b/joints/imu'
2026-10-02T10:32:05Z [44,257ms] [Warning] [omni.physx.tensors.plugin] Failed to find contact report API at '/World/envs/env_265/robot_b/joints/imu'
2026-10-02T10:32:05Z [44,257ms] [Warning] [omni.physx.tensors.plugin] Failed to find contact report API at '/World/envs/env_266/robot_b/joints/imu'
2026-10-02T10:32:05Z [44,257ms] [Warning] [omni.physx.tensors.plugin] Failed to find contact report API at '/World/envs/env_267/robot_b/joints/imu'
2026-10-02T10:32:05Z [44,257ms] [Warning] [omni.physx.tensors.plugin] Failed to find contact report API at '/World/envs/env_268/robot_b/joints/imu'
2026-10-02T10:32:05Z [44,257ms] [Warning] [omni.physx.tensors.plugin] Failed to find contact report API at '/World/envs/env_269/robot_b/joints/imu'
2026-10-02T10:32:05Z [44,257ms] [Warning] [omni.physx.tensors.plugin] Failed to find contact report API at '/World/envs/env_270/robot_b/joints/imu'
2026-10-02T10:32:05Z [44,257ms] [Warning] [omni.physx.tensors.plugin] Failed to find contact report API at '/World/envs/env_271/robot_b/joints/imu'
2026-10-02T10:32:05Z [44,257ms] [Warning] [omni.physx.tensors.plugin] Failed to find contact report API at '/World/envs/env_272/robot_b/joints/imu'
2026-10-02T10:32:05Z [44,257ms] [Warning] [omni.physx.tensors.plugin] Failed to find contact report API at '/World/envs/env_273/robot_b/joints/imu'
2026-10-02T10:32:05Z [44,257ms] [Warning] [omni.physx.tensors.plugin] Failed to find contact report API at '/World/envs/env_274/robot_b/joints/imu'
2026-10-02T10:32:05Z [44,257ms] [Warning] [omni.physx.tensors.plugin] Failed to find contact report API at '/World/envs/env_275/robot_b/joints/imu'
2026-10-02T10:32:05Z [44,257ms] [Warning] [omni.physx.tensors.plugin] Failed to find contact report API at '/World/envs/env_276/robot_b/joints/imu'
2026-10-02T10:32:05Z [44,257ms] [Warning] [omni.physx.tensors.plugin] Failed to find contact report API at '/World/envs/env_277/robot_b/joints/imu'
2026-10-02T10:32:05Z [44,257ms] [Warning] [omni.physx.tensors.plugin] Failed to find contact report API at '/World/envs/env_278/robot_b/joints/imu'
2026-10-02T10:32:05Z [44,257ms] [Warning] [omni.physx.tensors.plugin] Failed to find contact report API at '/World/envs/env_279/robot_b/joints/imu'
2026-10-02T10:32:05Z [44,257ms] [Warning] [omni.physx.tensors.plugin] Failed to find contact report API at '/World/envs/env_280/robot_b/joints/imu'
2026-10-02T10:32:05Z [44,257ms] [Warning] [omni.physx.tensors.plugin] Failed to find contact report API at '/World/envs/env_281/robot_b/joints/imu'
2026-10-02T10:32:05Z [44,257ms] [Warning] [omni.physx.tensors.plugin] Failed to find contact report API at '/World/envs/env_282/robot_b/joints/imu'
2026-10-02T10:32:05Z [44,257ms] [Warning] [omni.physx.tensors.plugin] Failed to find contact report API at '/World/envs/env_283/robot_b/joints/imu'
2026-10-02T10:32:05Z [44,257ms] [Warning] [omni.physx.tensors.plugin] Failed to find contact report API at '/World/envs/env_284/robot_b/joints/imu'
2026-10-02T10:32:05Z [44,257ms] [Warning] [omni.physx.tensors.plugin] Failed to find contact report API at '/World/envs/env_285/robot_b/joints/imu'
2026-10-02T10:32:05Z [44,257ms] [Warning] [omni.physx.tensors.plugin] Failed to find contact report API at '/World/envs/env_286/robot_b/joints/imu'
2026-10-02T10:32:05Z [44,257ms] [Warning] [omni.physx.tensors.plugin] Failed to find contact report API at '/World/envs/env_287/robot_b/joints/imu'
2026-10-02T10:32:05Z [44,257ms] [Warning] [omni.physx.tensors.plugin] Failed to find contact report API at '/World/envs/env_288/robot_b/joints/imu'
2026-10-02T10:32:05Z [44,257ms] [Warning] [omni.physx.tensors.plugin] Failed to find contact report API at '/World/envs/env_289/robot_b/joints/imu'
2026-10-02T10:32:05Z [44,257ms] [Warning] [omni.physx.tensors.plugin] Failed to find contact report API at '/World/envs/env_290/robot_b/joints/imu'
2026-10-02T10:32:05Z [44,257ms] [Warning] [omni.physx.tensors.plugin] Failed to find contact report API at '/World/envs/env_291/robot_b/joints/imu'
2026-10-02T10:32:05Z [44,257ms] [Warning] [omni.physx.tensors.plugin] Failed to find contact report API at '/World/envs/env_292/robot_b/joints/imu'
2026-10-02T10:32:05Z [44,258ms] [Warning] [omni.physx.tensors.plugin] Failed to find contact report API at '/World/envs/env_293/robot_b/joints/imu'
2026-10-02T10:32:05Z [44,258ms] [Warning] [omni.physx.tensors.plugin] Failed to find contact report API at '/World/envs/env_294/robot_b/joints/imu'
2026-10-02T10:32:05Z [44,258ms] [Warning] [omni.physx.tensors.plugin] Failed to find contact report API at '/World/envs/env_295/robot_b/joints/imu'
2026-10-02T10:32:05Z [44,258ms] [Warning] [omni.physx.tensors.plugin] Failed to find contact report API at '/World/envs/env_296/robot_b/joints/imu'
2026-10-02T10:32:05Z [44,258ms] [Warning] [omni.physx.tensors.plugin] Failed to find contact report API at '/World/envs/env_297/robot_b/joints/imu'
2026-10-02T10:32:05Z [44,258ms] [Warning] [omni.physx.tensors.plugin] Failed to find contact report API at '/World/envs/env_298/robot_b/joints/imu'
2026-10-02T10:32:05Z [44,258ms] [Warning] [omni.physx.tensors.plugin] Failed to find contact report API at '/World/envs/env_299/robot_b/joints/imu'
2026-10-02T10:32:05Z [44,258ms] [Warning] [omni.physx.tensors.plugin] Failed to find contact report API at '/World/envs/env_300/robot_b/joints/imu'
2026-10-02T10:32:05Z [44,258ms] [Warning] [omni.physx.tensors.plugin] Failed to find contact report API at '/World/envs/env_301/robot_b/joints/imu'
2026-10-02T10:32:05Z [44,258ms] [Warning] [omni.physx.tensors.plugin] Failed to find contact report API at '/World/envs/env_302/robot_b/joints/imu'
2026-10-02T10:32:05Z [44,258ms] [Warning] [omni.physx.tensors.plugin] Failed to find contact report API at '/World/envs/env_303/robot_b/joints/imu'
2026-10-02T10:32:05Z [44,258ms] [Warning] [omni.physx.tensors.plugin] Failed to find contact report API at '/World/envs/env_304/robot_b/joints/imu'
2026-10-02T10:32:05Z [44,258ms] [Warning] [omni.physx.tensors.plugin] Failed to find contact report API at '/World/envs/env_305/robot_b/joints/imu'
2026-10-02T10:32:05Z [44,258ms] [Warning] [omni.physx.tensors.plugin] Failed to find contact report API at '/World/envs/env_306/robot_b/joints/imu'
2026-10-02T10:32:05Z [44,258ms] [Warning] [omni.physx.tensors.plugin] Failed to find contact report API at '/World/envs/env_307/robot_b/joints/imu'
2026-10-02T10:32:05Z [44,258ms] [Warning] [omni.physx.tensors.plugin] Failed to find contact report API at '/World/envs/env_308/robot_b/joints/imu'
2026-10-02T10:32:05Z [44,258ms] [Warning] [omni.physx.tensors.plugin] Failed to find contact report API at '/World/envs/env_309/robot_b/joints/imu'
2026-10-02T10:32:05Z [44,258ms] [Warning] [omni.physx.tensors.plugin] Failed to find contact report API at '/World/envs/env_310/robot_b/joints/imu'
2026-10-02T10:32:05Z [44,258ms] [Warning] [omni.physx.tensors.plugin] Failed to find contact report API at '/World/envs/env_311/robot_b/joints/imu'
2026-10-02T10:32:05Z [44,258ms] [Warning] [omni.physx.tensors.plugin] Failed to find contact report API at '/World/envs/env_312/robot_b/joints/imu'
2026-10-02T10:32:05Z [44,258ms] [Warning] [omni.physx.tensors.plugin] Failed to find contact report API at '/World/envs/env_313/robot_b/joints/imu'
2026-10-02T10:32:05Z [44,258ms] [Warning] [omni.physx.tensors.plugin] Failed to find contact report API at '/World/envs/env_314/robot_b/joints/imu'
2026-10-02T10:32:05Z [44,258ms] [Warning] [omni.physx.tensors.plugin] Failed to find contact report API at '/World/envs/env_315/robot_b/joints/imu'
2026-10-02T10:32:05Z [44,258ms] [Warning] [omni.physx.tensors.plugin] Failed to find contact report API at '/World/envs/env_316/robot_b/joints/imu'
2026-10-02T10:32:05Z [44,258ms] [Warning] [omni.physx.tensors.plugin] Failed to find contact report API at '/World/envs/env_317/robot_b/joints/imu'
2026-10-02T10:32:05Z [44,258ms] [Warning] [omni.physx.tensors.plugin] Failed to find contact report API at '/World/envs/env_318/robot_b/joints/imu'
2026-10-02T10:32:05Z [44,259ms] [Warning] [omni.physx.tensors.plugin] Failed to find contact report API at '/World/envs/env_319/robot_b/joints/imu'
2026-10-02T10:32:05Z [44,259ms] [Warning] [omni.physx.tensors.plugin] Failed to find contact report API at '/World/envs/env_320/robot_b/joints/imu'
2026-10-02T10:32:05Z [44,259ms] [Warning] [omni.physx.tensors.plugin] Failed to find contact report API at '/World/envs/env_321/robot_b/joints/imu'
2026-10-02T10:32:05Z [44,259ms] [Warning] [omni.physx.tensors.plugin] Failed to find contact report API at '/World/envs/env_322/robot_b/joints/imu'
2026-10-02T10:32:05Z [44,259ms] [Warning] [omni.physx.tensors.plugin] Failed to find contact report API at '/World/envs/env_323/robot_b/joints/imu'
2026-10-02T10:32:05Z [44,259ms] [Warning] [omni.physx.tensors.plugin] Failed to find contact report API at '/World/envs/env_324/robot_b/joints/imu'
2026-10-02T10:32:05Z [44,259ms] [Warning] [omni.physx.tensors.plugin] Failed to find contact report API at '/World/envs/env_325/robot_b/joints/imu'
2026-10-02T10:32:05Z [44,259ms] [Warning] [omni.physx.tensors.plugin] Failed to find contact report API at '/World/envs/env_326/robot_b/joints/imu'
2026-10-02T10:32:05Z [44,259ms] [Warning] [omni.physx.tensors.plugin] Failed to find contact report API at '/World/envs/env_327/robot_b/joints/imu'
2026-10-02T10:32:05Z [44,259ms] [Warning] [omni.physx.tensors.plugin] Failed to find contact report API at '/World/envs/env_328/robot_b/joints/imu'
2026-10-02T10:32:05Z [44,259ms] [Warning] [omni.physx.tensors.plugin] Failed to find contact report API at '/World/envs/env_329/robot_b/joints/imu'
2026-10-02T10:32:05Z [44,259ms] [Warning] [omni.physx.tensors.plugin] Failed to find contact report API at '/World/envs/env_330/robot_b/joints/imu'
2026-10-02T10:32:05Z [44,259ms] [Warning] [omni.physx.tensors.plugin] Failed to find contact report API at '/World/envs/env_331/robot_b/joints/imu'
2026-10-02T10:32:05Z [44,259ms] [Warning] [omni.physx.tensors.plugin] Failed to find contact report API at '/World/envs/env_332/robot_b/joints/imu'
2026-10-02T10:32:05Z [44,259ms] [Warning] [omni.physx.tensors.plugin] Failed to find contact report API at '/World/envs/env_333/robot_b/joints/imu'
2026-10-02T10:32:05Z [44,259ms] [Warning] [omni.physx.tensors.plugin] Failed to find contact report API at '/World/envs/env_334/robot_b/joints/imu'
2026-10-02T10:32:05Z [44,259ms] [Warning] [omni.physx.tensors.plugin] Failed to find contact report API at '/World/envs/env_335/robot_b/joints/imu'
2026-10-02T10:32:05Z [44,259ms] [Warning] [omni.physx.tensors.plugin] Failed to find contact report API at '/World/envs/env_336/robot_b/joints/imu'
2026-10-02T10:32:05Z [44,259ms] [Warning] [omni.physx.tensors.plugin] Failed to find contact report API at '/World/envs/env_337/robot_b/joints/imu'
2026-10-02T10:32:05Z [44,259ms] [Warning] [omni.physx.tensors.plugin] Failed to find contact report API at '/World/envs/env_338/robot_b/joints/imu'
2026-10-02T10:32:05Z [44,259ms] [Warning] [omni.physx.tensors.plugin] Failed to find contact report API at '/World/envs/env_339/robot_b/joints/imu'
2026-10-02T10:32:05Z [44,259ms] [Warning] [omni.physx.tensors.plugin] Failed to find contact report API at '/World/envs/env_340/robot_b/joints/imu'
2026-10-02T10:32:05Z [44,259ms] [Warning] [omni.physx.tensors.plugin] Failed to find contact report API at '/World/envs/env_341/robot_b/joints/imu'
2026-10-02T10:32:05Z [44,259ms] [Warning] [omni.physx.tensors.plugin] Failed to find contact report API at '/World/envs/env_342/robot_b/joints/imu'
2026-10-02T10:32:05Z [44,259ms] [Warning] [omni.physx.tensors.plugin] Failed to find contact report API at '/World/envs/env_343/robot_b/joints/imu'
2026-10-02T10:32:05Z [44,259ms] [Warning] [omni.physx.tensors.plugin] Failed to find contact report API at '/World/envs/env_344/robot_b/joints/imu'
2026-10-02T10:32:05Z [44,259ms] [Warning] [omni.physx.tensors.plugin] Failed to find contact report API at '/World/envs/env_345/robot_b/joints/imu'
2026-10-02T10:32:05Z [44,259ms] [Warning] [omni.physx.tensors.plugin] Failed to find contact report API at '/World/envs/env_346/robot_b/joints/imu'
2026-10-02T10:32:05Z [44,259ms] [Warning] [omni.physx.tensors.plugin] Failed to find contact report API at '/World/envs/env_347/robot_b/joints/imu'
2026-10-02T10:32:05Z [44,259ms] [Warning] [omni.physx.tensors.plugin] Failed to find contact report API at '/World/envs/env_348/robot_b/joints/imu'
2026-10-02T10:32:05Z [44,259ms] [Warning] [omni.physx.tensors.plugin] Failed to find contact report API at '/World/envs/env_349/robot_b/joints/imu'
2026-10-02T10:32:05Z [44,259ms] [Warning] [omni.physx.tensors.plugin] Failed to find contact report API at '/World/envs/env_350/robot_b/joints/imu'
2026-10-02T10:32:05Z [44,260ms] [Warning] [omni.physx.tensors.plugin] Failed to find contact report API at '/World/envs/env_351/robot_b/joints/imu'
2026-10-02T10:32:05Z [44,260ms] [Warning] [omni.physx.tensors.plugin] Failed to find contact report API at '/World/envs/env_352/robot_b/joints/imu'
2026-10-02T10:32:05Z [44,260ms] [Warning] [omni.physx.tensors.plugin] Failed to find contact report API at '/World/envs/env_353/robot_b/joints/imu'
2026-10-02T10:32:05Z [44,260ms] [Warning] [omni.physx.tensors.plugin] Failed to find contact report API at '/World/envs/env_354/robot_b/joints/imu'
2026-10-02T10:32:05Z [44,260ms] [Warning] [omni.physx.tensors.plugin] Failed to find contact report API at '/World/envs/env_355/robot_b/joints/imu'
2026-10-02T10:32:05Z [44,260ms] [Warning] [omni.physx.tensors.plugin] Failed to find contact report API at '/World/envs/env_356/robot_b/joints/imu'
2026-10-02T10:32:05Z [44,260ms] [Warning] [omni.physx.tensors.plugin] Failed to find contact report API at '/World/envs/env_357/robot_b/joints/imu'
2026-10-02T10:32:05Z [44,260ms] [Warning] [omni.physx.tensors.plugin] Failed to find contact report API at '/World/envs/env_358/robot_b/joints/imu'
2026-10-02T10:32:05Z [44,260ms] [Warning] [omni.physx.tensors.plugin] Failed to find contact report API at '/World/envs/env_359/robot_b/joints/imu'
2026-10-02T10:32:05Z [44,260ms] [Warning] [omni.physx.tensors.plugin] Failed to find contact report API at '/World/envs/env_360/robot_b/joints/imu'
2026-10-02T10:32:05Z [44,260ms] [Warning] [omni.physx.tensors.plugin] Failed to find contact report API at '/World/envs/env_361/robot_b/joints/imu'
2026-10-02T10:32:05Z [44,260ms] [Warning] [omni.physx.tensors.plugin] Failed to find contact report API at '/World/envs/env_362/robot_b/joints/imu'
2026-10-02T10:32:05Z [44,260ms] [Warning] [omni.physx.tensors.plugin] Failed to find contact report API at '/World/envs/env_363/robot_b/joints/imu'
2026-10-02T10:32:05Z [44,260ms] [Warning] [omni.physx.tensors.plugin] Failed to find contact report API at '/World/envs/env_364/robot_b/joints/imu'
2026-10-02T10:32:05Z [44,260ms] [Warning] [omni.physx.tensors.plugin] Failed to find contact report API at '/World/envs/env_365/robot_b/joints/imu'
2026-10-02T10:32:05Z [44,260ms] [Warning] [omni.physx.tensors.plugin] Failed to find contact report API at '/World/envs/env_366/robot_b/joints/imu'
2026-10-02T10:32:05Z [44,260ms] [Warning] [omni.physx.tensors.plugin] Failed to find contact report API at '/World/envs/env_367/robot_b/joints/imu'
2026-10-02T10:32:05Z [44,260ms] [Warning] [omni.physx.tensors.plugin] Failed to find contact report API at '/World/envs/env_368/robot_b/joints/imu'
2026-10-02T10:32:05Z [44,260ms] [Warning] [omni.physx.tensors.plugin] Failed to find contact report API at '/World/envs/env_369/robot_b/joints/imu'
2026-10-02T10:32:05Z [44,260ms] [Warning] [omni.physx.tensors.plugin] Failed to find contact report API at '/World/envs/env_370/robot_b/joints/imu'
2026-10-02T10:32:05Z [44,260ms] [Warning] [omni.physx.tensors.plugin] Failed to find contact report API at '/World/envs/env_371/robot_b/joints/imu'
2026-10-02T10:32:05Z [44,260ms] [Warning] [omni.physx.tensors.plugin] Failed to find contact report API at '/World/envs/env_372/robot_b/joints/imu'
2026-10-02T10:32:05Z [44,260ms] [Warning] [omni.physx.tensors.plugin] Failed to find contact report API at '/World/envs/env_373/robot_b/joints/imu'
2026-10-02T10:32:05Z [44,260ms] [Warning] [omni.physx.tensors.plugin] Failed to find contact report API at '/World/envs/env_374/robot_b/joints/imu'
2026-10-02T10:32:05Z [44,260ms] [Warning] [omni.physx.tensors.plugin] Failed to find contact report API at '/World/envs/env_375/robot_b/joints/imu'
2026-10-02T10:32:05Z [44,260ms] [Warning] [omni.physx.tensors.plugin] Failed to find contact report API at '/World/envs/env_376/robot_b/joints/imu'
2026-10-02T10:32:05Z [44,260ms] [Warning] [omni.physx.tensors.plugin] Failed to find contact report API at '/World/envs/env_377/robot_b/joints/imu'
2026-10-02T10:32:05Z [44,260ms] [Warning] [omni.physx.tensors.plugin] Failed to find contact report API at '/World/envs/env_378/robot_b/joints/imu'
2026-10-02T10:32:05Z [44,260ms] [Warning] [omni.physx.tensors.plugin] Failed to find contact report API at '/World/envs/env_379/robot_b/joints/imu'
2026-10-02T10:32:05Z [44,260ms] [Warning] [omni.physx.tensors.plugin] Failed to find contact report API at '/World/envs/env_380/robot_b/joints/imu'
2026-10-02T10:32:05Z [44,260ms] [Warning] [omni.physx.tensors.plugin] Failed to find contact report API at '/World/envs/env_381/robot_b/joints/imu'
2026-10-02T10:32:05Z [44,260ms] [Warning] [omni.physx.tensors.plugin] Failed to find contact report API at '/World/envs/env_382/robot_b/joints/imu'
2026-10-02T10:32:05Z [44,260ms] [Warning] [omni.physx.tensors.plugin] Failed to find contact report API at '/World/envs/env_383/robot_b/joints/imu'
2026-10-02T10:32:05Z [44,261ms] [Warning] [omni.physx.tensors.plugin] Failed to find contact report API at '/World/envs/env_384/robot_b/joints/imu'
2026-10-02T10:32:05Z [44,261ms] [Warning] [omni.physx.tensors.plugin] Failed to find contact report API at '/World/envs/env_385/robot_b/joints/imu'
2026-10-02T10:32:05Z [44,261ms] [Warning] [omni.physx.tensors.plugin] Failed to find contact report API at '/World/envs/env_386/robot_b/joints/imu'
2026-10-02T10:32:05Z [44,261ms] [Warning] [omni.physx.tensors.plugin] Failed to find contact report API at '/World/envs/env_387/robot_b/joints/imu'
2026-10-02T10:32:05Z [44,261ms] [Warning] [omni.physx.tensors.plugin] Failed to find contact report API at '/World/envs/env_388/robot_b/joints/imu'
2026-10-02T10:32:05Z [44,261ms] [Warning] [omni.physx.tensors.plugin] Failed to find contact report API at '/World/envs/env_389/robot_b/joints/imu'
2026-10-02T10:32:05Z [44,261ms] [Warning] [omni.physx.tensors.plugin] Failed to find contact report API at '/World/envs/env_390/robot_b/joints/imu'
2026-10-02T10:32:05Z [44,261ms] [Warning] [omni.physx.tensors.plugin] Failed to find contact report API at '/World/envs/env_391/robot_b/joints/imu'
2026-10-02T10:32:05Z [44,261ms] [Warning] [omni.physx.tensors.plugin] Failed to find contact report API at '/World/envs/env_392/robot_b/joints/imu'
2026-10-02T10:32:05Z [44,261ms] [Warning] [omni.physx.tensors.plugin] Failed to find contact report API at '/World/envs/env_393/robot_b/joints/imu'
2026-10-02T10:32:05Z [44,261ms] [Warning] [omni.physx.tensors.plugin] Failed to find contact report API at '/World/envs/env_394/robot_b/joints/imu'
2026-10-02T10:32:05Z [44,261ms] [Warning] [omni.physx.tensors.plugin] Failed to find contact report API at '/World/envs/env_395/robot_b/joints/imu'
2026-10-02T10:32:05Z [44,261ms] [Warning] [omni.physx.tensors.plugin] Failed to find contact report API at '/World/envs/env_396/robot_b/joints/imu'
2026-10-02T10:32:05Z [44,261ms] [Warning] [omni.physx.tensors.plugin] Failed to find contact report API at '/World/envs/env_397/robot_b/joints/imu'
2026-10-02T10:32:05Z [44,261ms] [Warning] [omni.physx.tensors.plugin] Failed to find contact report API at '/World/envs/env_398/robot_b/joints/imu'
2026-10-02T10:32:05Z [44,261ms] [Warning] [omni.physx.tensors.plugin] Failed to find contact report API at '/World/envs/env_399/robot_b/joints/imu'
2026-10-02T10:32:05Z [44,261ms] [Warning] [omni.physx.tensors.plugin] Failed to find contact report API at '/World/envs/env_400/robot_b/joints/imu'
2026-10-02T10:32:05Z [44,261ms] [Warning] [omni.physx.tensors.plugin] Failed to find contact report API at '/World/envs/env_401/robot_b/joints/imu'
2026-10-02T10:32:05Z [44,261ms] [Warning] [omni.physx.tensors.plugin] Failed to find contact report API at '/World/envs/env_402/robot_b/joints/imu'
2026-10-02T10:32:05Z [44,261ms] [Warning] [omni.physx.tensors.plugin] Failed to find contact report API at '/World/envs/env_403/robot_b/joints/imu'
2026-10-02T10:32:05Z [44,261ms] [Warning] [omni.physx.tensors.plugin] Failed to find contact report API at '/World/envs/env_404/robot_b/joints/imu'
2026-10-02T10:32:05Z [44,261ms] [Warning] [omni.physx.tensors.plugin] Failed to find contact report API at '/World/envs/env_405/robot_b/joints/imu'
2026-10-02T10:32:05Z [44,261ms] [Warning] [omni.physx.tensors.plugin] Failed to find contact report API at '/World/envs/env_406/robot_b/joints/imu'
2026-10-02T10:32:05Z [44,261ms] [Warning] [omni.physx.tensors.plugin] Failed to find contact report API at '/World/envs/env_407/robot_b/joints/imu'
2026-10-02T10:32:05Z [44,261ms] [Warning] [omni.physx.tensors.plugin] Failed to find contact report API at '/World/envs/env_408/robot_b/joints/imu'
2026-10-02T10:32:05Z [44,261ms] [Warning] [omni.physx.tensors.plugin] Failed to find contact report API at '/World/envs/env_409/robot_b/joints/imu'
2026-10-02T10:32:05Z [44,261ms] [Warning] [omni.physx.tensors.plugin] Failed to find contact report API at '/World/envs/env_410/robot_b/joints/imu'
2026-10-02T10:32:05Z [44,261ms] [Warning] [omni.physx.tensors.plugin] Failed to find contact report API at '/World/envs/env_411/robot_b/joints/imu'
2026-10-02T10:32:05Z [44,261ms] [Warning] [omni.physx.tensors.plugin] Failed to find contact report API at '/World/envs/env_412/robot_b/joints/imu'
2026-10-02T10:32:05Z [44,261ms] [Warning] [omni.physx.tensors.plugin] Failed to find contact report API at '/World/envs/env_413/robot_b/joints/imu'
2026-10-02T10:32:05Z [44,261ms] [Warning] [omni.physx.tensors.plugin] Failed to find contact report API at '/World/envs/env_414/robot_b/joints/imu'
2026-10-02T10:32:05Z [44,261ms] [Warning] [omni.physx.tensors.plugin] Failed to find contact report API at '/World/envs/env_415/robot_b/joints/imu'
2026-10-02T10:32:05Z [44,261ms] [Warning] [omni.physx.tensors.plugin] Failed to find contact report API at '/World/envs/env_416/robot_b/joints/imu'
2026-10-02T10:32:05Z [44,261ms] [Warning] [omni.physx.tensors.plugin] Failed to find contact report API at '/World/envs/env_417/robot_b/joints/imu'
2026-10-02T10:32:05Z [44,262ms] [Warning] [omni.physx.tensors.plugin] Failed to find contact report API at '/World/envs/env_418/robot_b/joints/imu'
2026-10-02T10:32:05Z [44,262ms] [Warning] [omni.physx.tensors.plugin] Failed to find contact report API at '/World/envs/env_419/robot_b/joints/imu'
2026-10-02T10:32:05Z [44,262ms] [Warning] [omni.physx.tensors.plugin] Failed to find contact report API at '/World/envs/env_420/robot_b/joints/imu'
2026-10-02T10:32:05Z [44,262ms] [Warning] [omni.physx.tensors.plugin] Failed to find contact report API at '/World/envs/env_421/robot_b/joints/imu'
2026-10-02T10:32:05Z [44,262ms] [Warning] [omni.physx.tensors.plugin] Failed to find contact report API at '/World/envs/env_422/robot_b/joints/imu'
2026-10-02T10:32:05Z [44,262ms] [Warning] [omni.physx.tensors.plugin] Failed to find contact report API at '/World/envs/env_423/robot_b/joints/imu'
2026-10-02T10:32:05Z [44,262ms] [Warning] [omni.physx.tensors.plugin] Failed to find contact report API at '/World/envs/env_424/robot_b/joints/imu'
2026-10-02T10:32:05Z [44,262ms] [Warning] [omni.physx.tensors.plugin] Failed to find contact report API at '/World/envs/env_425/robot_b/joints/imu'
2026-10-02T10:32:05Z [44,262ms] [Warning] [omni.physx.tensors.plugin] Failed to find contact report API at '/World/envs/env_426/robot_b/joints/imu'
2026-10-02T10:32:05Z [44,262ms] [Warning] [omni.physx.tensors.plugin] Failed to find contact report API at '/World/envs/env_427/robot_b/joints/imu'
2026-10-02T10:32:05Z [44,262ms] [Warning] [omni.physx.tensors.plugin] Failed to find contact report API at '/World/envs/env_428/robot_b/joints/imu'
2026-10-02T10:32:05Z [44,262ms] [Warning] [omni.physx.tensors.plugin] Failed to find contact report API at '/World/envs/env_429/robot_b/joints/imu'
2026-10-02T10:32:05Z [44,262ms] [Warning] [omni.physx.tensors.plugin] Failed to find contact report API at '/World/envs/env_430/robot_b/joints/imu'
2026-10-02T10:32:05Z [44,262ms] [Warning] [omni.physx.tensors.plugin] Failed to find contact report API at '/World/envs/env_431/robot_b/joints/imu'
2026-10-02T10:32:05Z [44,262ms] [Warning] [omni.physx.tensors.plugin] Failed to find contact report API at '/World/envs/env_432/robot_b/joints/imu'
2026-10-02T10:32:05Z [44,262ms] [Warning] [omni.physx.tensors.plugin] Failed to find contact report API at '/World/envs/env_433/robot_b/joints/imu'
2026-10-02T10:32:05Z [44,262ms] [Warning] [omni.physx.tensors.plugin] Failed to find contact report API at '/World/envs/env_434/robot_b/joints/imu'
2026-10-02T10:32:05Z [44,262ms] [Warning] [omni.physx.tensors.plugin] Failed to find contact report API at '/World/envs/env_435/robot_b/joints/imu'
2026-10-02T10:32:05Z [44,262ms] [Warning] [omni.physx.tensors.plugin] Failed to find contact report API at '/World/envs/env_436/robot_b/joints/imu'
2026-10-02T10:32:05Z [44,262ms] [Warning] [omni.physx.tensors.plugin] Failed to find contact report API at '/World/envs/env_437/robot_b/joints/imu'
2026-10-02T10:32:05Z [44,262ms] [Warning] [omni.physx.tensors.plugin] Failed to find contact report API at '/World/envs/env_438/robot_b/joints/imu'
2026-10-02T10:32:05Z [44,262ms] [Warning] [omni.physx.tensors.plugin] Failed to find contact report API at '/World/envs/env_439/robot_b/joints/imu'
2026-10-02T10:32:05Z [44,262ms] [Warning] [omni.physx.tensors.plugin] Failed to find contact report API at '/World/envs/env_440/robot_b/joints/imu'
2026-10-02T10:32:05Z [44,262ms] [Warning] [omni.physx.tensors.plugin] Failed to find contact report API at '/World/envs/env_441/robot_b/joints/imu'
2026-10-02T10:32:05Z [44,262ms] [Warning] [omni.physx.tensors.plugin] Failed to find contact report API at '/World/envs/env_442/robot_b/joints/imu'
2026-10-02T10:32:05Z [44,262ms] [Warning] [omni.physx.tensors.plugin] Failed to find contact report API at '/World/envs/env_443/robot_b/joints/imu'
2026-10-02T10:32:05Z [44,262ms] [Warning] [omni.physx.tensors.plugin] Failed to find contact report API at '/World/envs/env_444/robot_b/joints/imu'
2026-10-02T10:32:05Z [44,262ms] [Warning] [omni.physx.tensors.plugin] Failed to find contact report API at '/World/envs/env_445/robot_b/joints/imu'
2026-10-02T10:32:05Z [44,262ms] [Warning] [omni.physx.tensors.plugin] Failed to find contact report API at '/World/envs/env_446/robot_b/joints/imu'
2026-10-02T10:32:05Z [44,262ms] [Warning] [omni.physx.tensors.plugin] Failed to find contact report API at '/World/envs/env_447/robot_b/joints/imu'
2026-10-02T10:32:05Z [44,262ms] [Warning] [omni.physx.tensors.plugin] Failed to find contact report API at '/World/envs/env_448/robot_b/joints/imu'
2026-10-02T10:32:05Z [44,262ms] [Warning] [omni.physx.tensors.plugin] Failed to find contact report API at '/World/envs/env_449/robot_b/joints/imu'
2026-10-02T10:32:05Z [44,263ms] [Warning] [omni.physx.tensors.plugin] Failed to find contact report API at '/World/envs/env_450/robot_b/joints/imu'
2026-10-02T10:32:05Z [44,263ms] [Warning] [omni.physx.tensors.plugin] Failed to find contact report API at '/World/envs/env_451/robot_b/joints/imu'
2026-10-02T10:32:05Z [44,263ms] [Warning] [omni.physx.tensors.plugin] Failed to find contact report API at '/World/envs/env_452/robot_b/joints/imu'
2026-10-02T10:32:05Z [44,263ms] [Warning] [omni.physx.tensors.plugin] Failed to find contact report API at '/World/envs/env_453/robot_b/joints/imu'
2026-10-02T10:32:05Z [44,263ms] [Warning] [omni.physx.tensors.plugin] Failed to find contact report API at '/World/envs/env_454/robot_b/joints/imu'
2026-10-02T10:32:05Z [44,263ms] [Warning] [omni.physx.tensors.plugin] Failed to find contact report API at '/World/envs/env_455/robot_b/joints/imu'
2026-10-02T10:32:05Z [44,263ms] [Warning] [omni.physx.tensors.plugin] Failed to find contact report API at '/World/envs/env_456/robot_b/joints/imu'
2026-10-02T10:32:05Z [44,263ms] [Warning] [omni.physx.tensors.plugin] Failed to find contact report API at '/World/envs/env_457/robot_b/joints/imu'
2026-10-02T10:32:05Z [44,263ms] [Warning] [omni.physx.tensors.plugin] Failed to find contact report API at '/World/envs/env_458/robot_b/joints/imu'
2026-10-02T10:32:05Z [44,263ms] [Warning] [omni.physx.tensors.plugin] Failed to find contact report API at '/World/envs/env_459/robot_b/joints/imu'
2026-10-02T10:32:05Z [44,263ms] [Warning] [omni.physx.tensors.plugin] Failed to find contact report API at '/World/envs/env_460/robot_b/joints/imu'
2026-10-02T10:32:05Z [44,263ms] [Warning] [omni.physx.tensors.plugin] Failed to find contact report API at '/World/envs/env_461/robot_b/joints/imu'
2026-10-02T10:32:05Z [44,263ms] [Warning] [omni.physx.tensors.plugin] Failed to find contact report API at '/World/envs/env_462/robot_b/joints/imu'
2026-10-02T10:32:05Z [44,263ms] [Warning] [omni.physx.tensors.plugin] Failed to find contact report API at '/World/envs/env_463/robot_b/joints/imu'
2026-10-02T10:32:05Z [44,263ms] [Warning] [omni.physx.tensors.plugin] Failed to find contact report API at '/World/envs/env_464/robot_b/joints/imu'
2026-10-02T10:32:05Z [44,263ms] [Warning] [omni.physx.tensors.plugin] Failed to find contact report API at '/World/envs/env_465/robot_b/joints/imu'
2026-10-02T10:32:05Z [44,263ms] [Warning] [omni.physx.tensors.plugin] Failed to find contact report API at '/World/envs/env_466/robot_b/joints/imu'
2026-10-02T10:32:05Z [44,263ms] [Warning] [omni.physx.tensors.plugin] Failed to find contact report API at '/World/envs/env_467/robot_b/joints/imu'
2026-10-02T10:32:05Z [44,263ms] [Warning] [omni.physx.tensors.plugin] Failed to find contact report API at '/World/envs/env_468/robot_b/joints/imu'
2026-10-02T10:32:05Z [44,263ms] [Warning] [omni.physx.tensors.plugin] Failed to find contact report API at '/World/envs/env_469/robot_b/joints/imu'
2026-10-02T10:32:05Z [44,263ms] [Warning] [omni.physx.tensors.plugin] Failed to find contact report API at '/World/envs/env_470/robot_b/joints/imu'
2026-10-02T10:32:05Z [44,263ms] [Warning] [omni.physx.tensors.plugin] Failed to find contact report API at '/World/envs/env_471/robot_b/joints/imu'
2026-10-02T10:32:05Z [44,263ms] [Warning] [omni.physx.tensors.plugin] Failed to find contact report API at '/World/envs/env_472/robot_b/joints/imu'
2026-10-02T10:32:05Z [44,263ms] [Warning] [omni.physx.tensors.plugin] Failed to find contact report API at '/World/envs/env_473/robot_b/joints/imu'
2026-10-02T10:32:05Z [44,263ms] [Warning] [omni.physx.tensors.plugin] Failed to find contact report API at '/World/envs/env_474/robot_b/joints/imu'
2026-10-02T10:32:05Z [44,263ms] [Warning] [omni.physx.tensors.plugin] Failed to find contact report API at '/World/envs/env_475/robot_b/joints/imu'
2026-10-02T10:32:05Z [44,263ms] [Warning] [omni.physx.tensors.plugin] Failed to find contact report API at '/World/envs/env_476/robot_b/joints/imu'
2026-10-02T10:32:05Z [44,263ms] [Warning] [omni.physx.tensors.plugin] Failed to find contact report API at '/World/envs/env_477/robot_b/joints/imu'
2026-10-02T10:32:05Z [44,263ms] [Warning] [omni.physx.tensors.plugin] Failed to find contact report API at '/World/envs/env_478/robot_b/joints/imu'
2026-10-02T10:32:05Z [44,263ms] [Warning] [omni.physx.tensors.plugin] Failed to find contact report API at '/World/envs/env_479/robot_b/joints/imu'
2026-10-02T10:32:05Z [44,263ms] [Warning] [omni.physx.tensors.plugin] Failed to find contact report API at '/World/envs/env_480/robot_b/joints/imu'
2026-10-02T10:32:05Z [44,263ms] [Warning] [omni.physx.tensors.plugin] Failed to find contact report API at '/World/envs/env_481/robot_b/joints/imu'
2026-10-02T10:32:05Z [44,263ms] [Warning] [omni.physx.tensors.plugin] Failed to find contact report API at '/World/envs/env_482/robot_b/joints/imu'
2026-10-02T10:32:05Z [44,263ms] [Warning] [omni.physx.tensors.plugin] Failed to find contact report API at '/World/envs/env_483/robot_b/joints/imu'
2026-10-02T10:32:05Z [44,264ms] [Warning] [omni.physx.tensors.plugin] Failed to find contact report API at '/World/envs/env_484/robot_b/joints/imu'
2026-10-02T10:32:05Z [44,264ms] [Warning] [omni.physx.tensors.plugin] Failed to find contact report API at '/World/envs/env_485/robot_b/joints/imu'
2026-10-02T10:32:05Z [44,264ms] [Warning] [omni.physx.tensors.plugin] Failed to find contact report API at '/World/envs/env_486/robot_b/joints/imu'
2026-10-02T10:32:05Z [44,264ms] [Warning] [omni.physx.tensors.plugin] Failed to find contact report API at '/World/envs/env_487/robot_b/joints/imu'
2026-10-02T10:32:05Z [44,264ms] [Warning] [omni.physx.tensors.plugin] Failed to find contact report API at '/World/envs/env_488/robot_b/joints/imu'
2026-10-02T10:32:05Z [44,264ms] [Warning] [omni.physx.tensors.plugin] Failed to find contact report API at '/World/envs/env_489/robot_b/joints/imu'
2026-10-02T10:32:05Z [44,264ms] [Warning] [omni.physx.tensors.plugin] Failed to find contact report API at '/World/envs/env_490/robot_b/joints/imu'
2026-10-02T10:32:05Z [44,264ms] [Warning] [omni.physx.tensors.plugin] Failed to find contact report API at '/World/envs/env_491/robot_b/joints/imu'
2026-10-02T10:32:05Z [44,264ms] [Warning] [omni.physx.tensors.plugin] Failed to find contact report API at '/World/envs/env_492/robot_b/joints/imu'
2026-10-02T10:32:05Z [44,264ms] [Warning] [omni.physx.tensors.plugin] Failed to find contact report API at '/World/envs/env_493/robot_b/joints/imu'
2026-10-02T10:32:05Z [44,264ms] [Warning] [omni.physx.tensors.plugin] Failed to find contact report API at '/World/envs/env_494/robot_b/joints/imu'
2026-10-02T10:32:05Z [44,264ms] [Warning] [omni.physx.tensors.plugin] Failed to find contact report API at '/World/envs/env_495/robot_b/joints/imu'
2026-10-02T10:32:05Z [44,264ms] [Warning] [omni.physx.tensors.plugin] Failed to find contact report API at '/World/envs/env_496/robot_b/joints/imu'
2026-10-02T10:32:05Z [44,264ms] [Warning] [omni.physx.tensors.plugin] Failed to find contact report API at '/World/envs/env_497/robot_b/joints/imu'
2026-10-02T10:32:05Z [44,264ms] [Warning] [omni.physx.tensors.plugin] Failed to find contact report API at '/World/envs/env_498/robot_b/joints/imu'
2026-10-02T10:32:05Z [44,264ms] [Warning] [omni.physx.tensors.plugin] Failed to find contact report API at '/World/envs/env_499/robot_b/joints/imu'
2026-10-02T10:32:05Z [44,264ms] [Warning] [omni.physx.tensors.plugin] Failed to find contact report API at '/World/envs/env_500/robot_b/joints/imu'
2026-10-02T10:32:05Z [44,264ms] [Warning] [omni.physx.tensors.plugin] Failed to find contact report API at '/World/envs/env_501/robot_b/joints/imu'
2026-10-02T10:32:05Z [44,264ms] [Warning] [omni.physx.tensors.plugin] Failed to find contact report API at '/World/envs/env_502/robot_b/joints/imu'
2026-10-02T10:32:05Z [44,264ms] [Warning] [omni.physx.tensors.plugin] Failed to find contact report API at '/World/envs/env_503/robot_b/joints/imu'
2026-10-02T10:32:05Z [44,264ms] [Warning] [omni.physx.tensors.plugin] Failed to find contact report API at '/World/envs/env_504/robot_b/joints/imu'
2026-10-02T10:32:05Z [44,264ms] [Warning] [omni.physx.tensors.plugin] Failed to find contact report API at '/World/envs/env_505/robot_b/joints/imu'
2026-10-02T10:32:05Z [44,264ms] [Warning] [omni.physx.tensors.plugin] Failed to find contact report API at '/World/envs/env_506/robot_b/joints/imu'
2026-10-02T10:32:05Z [44,264ms] [Warning] [omni.physx.tensors.plugin] Failed to find contact report API at '/World/envs/env_507/robot_b/joints/imu'
2026-10-02T10:32:05Z [44,264ms] [Warning] [omni.physx.tensors.plugin] Failed to find contact report API at '/World/envs/env_508/robot_b/joints/imu'
2026-10-02T10:32:05Z [44,264ms] [Warning] [omni.physx.tensors.plugin] Failed to find contact report API at '/World/envs/env_509/robot_b/joints/imu'
2026-10-02T10:32:05Z [44,264ms] [Warning] [omni.physx.tensors.plugin] Failed to find contact report API at '/World/envs/env_510/robot_b/joints/imu'
2026-10-02T10:32:05Z [44,264ms] [Warning] [omni.physx.tensors.plugin] Failed to find contact report API at '/World/envs/env_511/robot_b/joints/imu'
2026-10-02T10:32:05Z [44,264ms] [Warning] [omni.physx.tensors.plugin] Failed to find contact report API at '/World/envs/env_512/robot_b/joints/imu'
2026-10-02T10:32:05Z [44,264ms] [Warning] [omni.physx.tensors.plugin] Failed to find contact report API at '/World/envs/env_513/robot_b/joints/imu'
2026-10-02T10:32:05Z [44,264ms] [Warning] [omni.physx.tensors.plugin] Failed to find contact report API at '/World/envs/env_514/robot_b/joints/imu'
2026-10-02T10:32:05Z [44,264ms] [Warning] [omni.physx.tensors.plugin] Failed to find contact report API at '/World/envs/env_515/robot_b/joints/imu'
2026-10-02T10:32:05Z [44,264ms] [Warning] [omni.physx.tensors.plugin] Failed to find contact report API at '/World/envs/env_516/robot_b/joints/imu'
2026-10-02T10:32:05Z [44,264ms] [Warning] [omni.physx.tensors.plugin] Failed to find contact report API at '/World/envs/env_517/robot_b/joints/imu'
2026-10-02T10:32:05Z [44,264ms] [Warning] [omni.physx.tensors.plugin] Failed to find contact report API at '/World/envs/env_518/robot_b/joints/imu'
2026-10-02T10:32:05Z [44,264ms] [Warning] [omni.physx.tensors.plugin] Failed to find contact report API at '/World/envs/env_519/robot_b/joints/imu'
2026-10-02T10:32:05Z [44,265ms] [Warning] [omni.physx.tensors.plugin] Failed to find contact report API at '/World/envs/env_520/robot_b/joints/imu'
2026-10-02T10:32:05Z [44,265ms] [Warning] [omni.physx.tensors.plugin] Failed to find contact report API at '/World/envs/env_521/robot_b/joints/imu'
2026-10-02T10:32:05Z [44,265ms] [Warning] [omni.physx.tensors.plugin] Failed to find contact report API at '/World/envs/env_522/robot_b/joints/imu'
2026-10-02T10:32:05Z [44,265ms] [Warning] [omni.physx.tensors.plugin] Failed to find contact report API at '/World/envs/env_523/robot_b/joints/imu'
2026-10-02T10:32:05Z [44,265ms] [Warning] [omni.physx.tensors.plugin] Failed to find contact report API at '/World/envs/env_524/robot_b/joints/imu'
2026-10-02T10:32:05Z [44,265ms] [Warning] [omni.physx.tensors.plugin] Failed to find contact report API at '/World/envs/env_525/robot_b/joints/imu'
2026-10-02T10:32:05Z [44,265ms] [Warning] [omni.physx.tensors.plugin] Failed to find contact report API at '/World/envs/env_526/robot_b/joints/imu'
2026-10-02T10:32:05Z [44,265ms] [Warning] [omni.physx.tensors.plugin] Failed to find contact report API at '/World/envs/env_527/robot_b/joints/imu'
2026-10-02T10:32:05Z [44,265ms] [Warning] [omni.physx.tensors.plugin] Failed to find contact report API at '/World/envs/env_528/robot_b/joints/imu'
2026-10-02T10:32:05Z [44,265ms] [Warning] [omni.physx.tensors.plugin] Failed to find contact report API at '/World/envs/env_529/robot_b/joints/imu'
2026-10-02T10:32:05Z [44,265ms] [Warning] [omni.physx.tensors.plugin] Failed to find contact report API at '/World/envs/env_530/robot_b/joints/imu'
2026-10-02T10:32:05Z [44,265ms] [Warning] [omni.physx.tensors.plugin] Failed to find contact report API at '/World/envs/env_531/robot_b/joints/imu'
2026-10-02T10:32:05Z [44,265ms] [Warning] [omni.physx.tensors.plugin] Failed to find contact report API at '/World/envs/env_532/robot_b/joints/imu'
2026-10-02T10:32:05Z [44,265ms] [Warning] [omni.physx.tensors.plugin] Failed to find contact report API at '/World/envs/env_533/robot_b/joints/imu'
2026-10-02T10:32:05Z [44,265ms] [Warning] [omni.physx.tensors.plugin] Failed to find contact report API at '/World/envs/env_534/robot_b/joints/imu'
2026-10-02T10:32:05Z [44,265ms] [Warning] [omni.physx.tensors.plugin] Failed to find contact report API at '/World/envs/env_535/robot_b/joints/imu'
2026-10-02T10:32:05Z [44,265ms] [Warning] [omni.physx.tensors.plugin] Failed to find contact report API at '/World/envs/env_536/robot_b/joints/imu'
2026-10-02T10:32:05Z [44,265ms] [Warning] [omni.physx.tensors.plugin] Failed to find contact report API at '/World/envs/env_537/robot_b/joints/imu'
2026-10-02T10:32:05Z [44,265ms] [Warning] [omni.physx.tensors.plugin] Failed to find contact report API at '/World/envs/env_538/robot_b/joints/imu'
2026-10-02T10:32:05Z [44,265ms] [Warning] [omni.physx.tensors.plugin] Failed to find contact report API at '/World/envs/env_539/robot_b/joints/imu'
2026-10-02T10:32:05Z [44,265ms] [Warning] [omni.physx.tensors.plugin] Failed to find contact report API at '/World/envs/env_540/robot_b/joints/imu'
2026-10-02T10:32:05Z [44,265ms] [Warning] [omni.physx.tensors.plugin] Failed to find contact report API at '/World/envs/env_541/robot_b/joints/imu'
2026-10-02T10:32:05Z [44,265ms] [Warning] [omni.physx.tensors.plugin] Failed to find contact report API at '/World/envs/env_542/robot_b/joints/imu'
2026-10-02T10:32:05Z [44,265ms] [Warning] [omni.physx.tensors.plugin] Failed to find contact report API at '/World/envs/env_543/robot_b/joints/imu'
2026-10-02T10:32:05Z [44,265ms] [Warning] [omni.physx.tensors.plugin] Failed to find contact report API at '/World/envs/env_544/robot_b/joints/imu'
2026-10-02T10:32:05Z [44,265ms] [Warning] [omni.physx.tensors.plugin] Failed to find contact report API at '/World/envs/env_545/robot_b/joints/imu'
2026-10-02T10:32:05Z [44,265ms] [Warning] [omni.physx.tensors.plugin] Failed to find contact report API at '/World/envs/env_546/robot_b/joints/imu'
2026-10-02T10:32:05Z [44,265ms] [Warning] [omni.physx.tensors.plugin] Failed to find contact report API at '/World/envs/env_547/robot_b/joints/imu'
2026-10-02T10:32:05Z [44,265ms] [Warning] [omni.physx.tensors.plugin] Failed to find contact report API at '/World/envs/env_548/robot_b/joints/imu'
2026-10-02T10:32:05Z [44,265ms] [Warning] [omni.physx.tensors.plugin] Failed to find contact report API at '/World/envs/env_549/robot_b/joints/imu'
2026-10-02T10:32:05Z [44,265ms] [Warning] [omni.physx.tensors.plugin] Failed to find contact report API at '/World/envs/env_550/robot_b/joints/imu'
2026-10-02T10:32:05Z [44,266ms] [Warning] [omni.physx.tensors.plugin] Failed to find contact report API at '/World/envs/env_551/robot_b/joints/imu'
2026-10-02T10:32:05Z [44,266ms] [Warning] [omni.physx.tensors.plugin] Failed to find contact report API at '/World/envs/env_552/robot_b/joints/imu'
2026-10-02T10:32:05Z [44,266ms] [Warning] [omni.physx.tensors.plugin] Failed to find contact report API at '/World/envs/env_553/robot_b/joints/imu'
2026-10-02T10:32:05Z [44,266ms] [Warning] [omni.physx.tensors.plugin] Failed to find contact report API at '/World/envs/env_554/robot_b/joints/imu'
2026-10-02T10:32:05Z [44,266ms] [Warning] [omni.physx.tensors.plugin] Failed to find contact report API at '/World/envs/env_555/robot_b/joints/imu'
2026-10-02T10:32:05Z [44,266ms] [Warning] [omni.physx.tensors.plugin] Failed to find contact report API at '/World/envs/env_556/robot_b/joints/imu'
2026-10-02T10:32:05Z [44,266ms] [Warning] [omni.physx.tensors.plugin] Failed to find contact report API at '/World/envs/env_557/robot_b/joints/imu'
2026-10-02T10:32:05Z [44,266ms] [Warning] [omni.physx.tensors.plugin] Failed to find contact report API at '/World/envs/env_558/robot_b/joints/imu'
2026-10-02T10:32:05Z [44,266ms] [Warning] [omni.physx.tensors.plugin] Failed to find contact report API at '/World/envs/env_559/robot_b/joints/imu'
2026-10-02T10:32:05Z [44,266ms] [Warning] [omni.physx.tensors.plugin] Failed to find contact report API at '/World/envs/env_560/robot_b/joints/imu'
2026-10-02T10:32:05Z [44,266ms] [Warning] [omni.physx.tensors.plugin] Failed to find contact report API at '/World/envs/env_561/robot_b/joints/imu'
2026-10-02T10:32:05Z [44,266ms] [Warning] [omni.physx.tensors.plugin] Failed to find contact report API at '/World/envs/env_562/robot_b/joints/imu'
2026-10-02T10:32:05Z [44,266ms] [Warning] [omni.physx.tensors.plugin] Failed to find contact report API at '/World/envs/env_563/robot_b/joints/imu'
2026-10-02T10:32:05Z [44,266ms] [Warning] [omni.physx.tensors.plugin] Failed to find contact report API at '/World/envs/env_564/robot_b/joints/imu'
2026-10-02T10:32:05Z [44,266ms] [Warning] [omni.physx.tensors.plugin] Failed to find contact report API at '/World/envs/env_565/robot_b/joints/imu'
2026-10-02T10:32:05Z [44,266ms] [Warning] [omni.physx.tensors.plugin] Failed to find contact report API at '/World/envs/env_566/robot_b/joints/imu'
2026-10-02T10:32:05Z [44,266ms] [Warning] [omni.physx.tensors.plugin] Failed to find contact report API at '/World/envs/env_567/robot_b/joints/imu'
2026-10-02T10:32:05Z [44,266ms] [Warning] [omni.physx.tensors.plugin] Failed to find contact report API at '/World/envs/env_568/robot_b/joints/imu'
2026-10-02T10:32:05Z [44,266ms] [Warning] [omni.physx.tensors.plugin] Failed to find contact report API at '/World/envs/env_569/robot_b/joints/imu'
2026-10-02T10:32:05Z [44,266ms] [Warning] [omni.physx.tensors.plugin] Failed to find contact report API at '/World/envs/env_570/robot_b/joints/imu'
2026-10-02T10:32:05Z [44,266ms] [Warning] [omni.physx.tensors.plugin] Failed to find contact report API at '/World/envs/env_571/robot_b/joints/imu'
2026-10-02T10:32:05Z [44,266ms] [Warning] [omni.physx.tensors.plugin] Failed to find contact report API at '/World/envs/env_572/robot_b/joints/imu'
2026-10-02T10:32:05Z [44,266ms] [Warning] [omni.physx.tensors.plugin] Failed to find contact report API at '/World/envs/env_573/robot_b/joints/imu'
2026-10-02T10:32:05Z [44,266ms] [Warning] [omni.physx.tensors.plugin] Failed to find contact report API at '/World/envs/env_574/robot_b/joints/imu'
2026-10-02T10:32:05Z [44,266ms] [Warning] [omni.physx.tensors.plugin] Failed to find contact report API at '/World/envs/env_575/robot_b/joints/imu'
2026-10-02T10:32:05Z [44,266ms] [Warning] [omni.physx.tensors.plugin] Failed to find contact report API at '/World/envs/env_576/robot_b/joints/imu'
2026-10-02T10:32:05Z [44,266ms] [Warning] [omni.physx.tensors.plugin] Failed to find contact report API at '/World/envs/env_577/robot_b/joints/imu'
2026-10-02T10:32:05Z [44,266ms] [Warning] [omni.physx.tensors.plugin] Failed to find contact report API at '/World/envs/env_578/robot_b/joints/imu'
2026-10-02T10:32:05Z [44,266ms] [Warning] [omni.physx.tensors.plugin] Failed to find contact report API at '/World/envs/env_579/robot_b/joints/imu'
2026-10-02T10:32:05Z [44,266ms] [Warning] [omni.physx.tensors.plugin] Failed to find contact report API at '/World/envs/env_580/robot_b/joints/imu'
2026-10-02T10:32:05Z [44,266ms] [Warning] [omni.physx.tensors.plugin] Failed to find contact report API at '/World/envs/env_581/robot_b/joints/imu'
2026-10-02T10:32:05Z [44,266ms] [Warning] [omni.physx.tensors.plugin] Failed to find contact report API at '/World/envs/env_582/robot_b/joints/imu'
2026-10-02T10:32:05Z [44,266ms] [Warning] [omni.physx.tensors.plugin] Failed to find contact report API at '/World/envs/env_583/robot_b/joints/imu'
2026-10-02T10:32:05Z [44,266ms] [Warning] [omni.physx.tensors.plugin] Failed to find contact report API at '/World/envs/env_584/robot_b/joints/imu'
2026-10-02T10:32:05Z [44,266ms] [Warning] [omni.physx.tensors.plugin] Failed to find contact report API at '/World/envs/env_585/robot_b/joints/imu'
2026-10-02T10:32:05Z [44,266ms] [Warning] [omni.physx.tensors.plugin] Failed to find contact report API at '/World/envs/env_586/robot_b/joints/imu'
2026-10-02T10:32:05Z [44,266ms] [Warning] [omni.physx.tensors.plugin] Failed to find contact report API at '/World/envs/env_587/robot_b/joints/imu'
2026-10-02T10:32:05Z [44,267ms] [Warning] [omni.physx.tensors.plugin] Failed to find contact report API at '/World/envs/env_588/robot_b/joints/imu'
2026-10-02T10:32:05Z [44,267ms] [Warning] [omni.physx.tensors.plugin] Failed to find contact report API at '/World/envs/env_589/robot_b/joints/imu'
2026-10-02T10:32:05Z [44,267ms] [Warning] [omni.physx.tensors.plugin] Failed to find contact report API at '/World/envs/env_590/robot_b/joints/imu'
2026-10-02T10:32:05Z [44,267ms] [Warning] [omni.physx.tensors.plugin] Failed to find contact report API at '/World/envs/env_591/robot_b/joints/imu'
2026-10-02T10:32:05Z [44,267ms] [Warning] [omni.physx.tensors.plugin] Failed to find contact report API at '/World/envs/env_592/robot_b/joints/imu'
2026-10-02T10:32:05Z [44,267ms] [Warning] [omni.physx.tensors.plugin] Failed to find contact report API at '/World/envs/env_593/robot_b/joints/imu'
2026-10-02T10:32:05Z [44,267ms] [Warning] [omni.physx.tensors.plugin] Failed to find contact report API at '/World/envs/env_594/robot_b/joints/imu'
2026-10-02T10:32:05Z [44,267ms] [Warning] [omni.physx.tensors.plugin] Failed to find contact report API at '/World/envs/env_595/robot_b/joints/imu'
2026-10-02T10:32:05Z [44,267ms] [Warning] [omni.physx.tensors.plugin] Failed to find contact report API at '/World/envs/env_596/robot_b/joints/imu'
2026-10-02T10:32:05Z [44,267ms] [Warning] [omni.physx.tensors.plugin] Failed to find contact report API at '/World/envs/env_597/robot_b/joints/imu'
2026-10-02T10:32:05Z [44,267ms] [Warning] [omni.physx.tensors.plugin] Failed to find contact report API at '/World/envs/env_598/robot_b/joints/imu'
2026-10-02T10:32:05Z [44,267ms] [Warning] [omni.physx.tensors.plugin] Failed to find contact report API at '/World/envs/env_599/robot_b/joints/imu'
2026-10-02T10:32:05Z [44,267ms] [Warning] [omni.physx.tensors.plugin] Failed to find contact report API at '/World/envs/env_600/robot_b/joints/imu'
2026-10-02T10:32:05Z [44,267ms] [Warning] [omni.physx.tensors.plugin] Failed to find contact report API at '/World/envs/env_601/robot_b/joints/imu'
2026-10-02T10:32:05Z [44,267ms] [Warning] [omni.physx.tensors.plugin] Failed to find contact report API at '/World/envs/env_602/robot_b/joints/imu'
2026-10-02T10:32:05Z [44,267ms] [Warning] [omni.physx.tensors.plugin] Failed to find contact report API at '/World/envs/env_603/robot_b/joints/imu'
2026-10-02T10:32:05Z [44,267ms] [Warning] [omni.physx.tensors.plugin] Failed to find contact report API at '/World/envs/env_604/robot_b/joints/imu'
2026-10-02T10:32:05Z [44,267ms] [Warning] [omni.physx.tensors.plugin] Failed to find contact report API at '/World/envs/env_605/robot_b/joints/imu'
2026-10-02T10:32:05Z [44,267ms] [Warning] [omni.physx.tensors.plugin] Failed to find contact report API at '/World/envs/env_606/robot_b/joints/imu'
2026-10-02T10:32:05Z [44,268ms] [Warning] [omni.physx.tensors.plugin] Failed to find contact report API at '/World/envs/env_607/robot_b/joints/imu'
2026-10-02T10:32:05Z [44,268ms] [Warning] [omni.physx.tensors.plugin] Failed to find contact report API at '/World/envs/env_608/robot_b/joints/imu'
2026-10-02T10:32:05Z [44,268ms] [Warning] [omni.physx.tensors.plugin] Failed to find contact report API at '/World/envs/env_609/robot_b/joints/imu'
2026-10-02T10:32:05Z [44,268ms] [Warning] [omni.physx.tensors.plugin] Failed to find contact report API at '/World/envs/env_610/robot_b/joints/imu'
2026-10-02T10:32:05Z [44,268ms] [Warning] [omni.physx.tensors.plugin] Failed to find contact report API at '/World/envs/env_611/robot_b/joints/imu'
2026-10-02T10:32:05Z [44,268ms] [Warning] [omni.physx.tensors.plugin] Failed to find contact report API at '/World/envs/env_612/robot_b/joints/imu'
2026-10-02T10:32:05Z [44,268ms] [Warning] [omni.physx.tensors.plugin] Failed to find contact report API at '/World/envs/env_613/robot_b/joints/imu'
2026-10-02T10:32:05Z [44,268ms] [Warning] [omni.physx.tensors.plugin] Failed to find contact report API at '/World/envs/env_614/robot_b/joints/imu'
2026-10-02T10:32:05Z [44,268ms] [Warning] [omni.physx.tensors.plugin] Failed to find contact report API at '/World/envs/env_615/robot_b/joints/imu'
2026-10-02T10:32:05Z [44,268ms] [Warning] [omni.physx.tensors.plugin] Failed to find contact report API at '/World/envs/env_616/robot_b/joints/imu'
2026-10-02T10:32:05Z [44,268ms] [Warning] [omni.physx.tensors.plugin] Failed to find contact report API at '/World/envs/env_617/robot_b/joints/imu'
2026-10-02T10:32:05Z [44,268ms] [Warning] [omni.physx.tensors.plugin] Failed to find contact report API at '/World/envs/env_618/robot_b/joints/imu'
2026-10-02T10:32:05Z [44,268ms] [Warning] [omni.physx.tensors.plugin] Failed to find contact report API at '/World/envs/env_619/robot_b/joints/imu'
2026-10-02T10:32:05Z [44,268ms] [Warning] [omni.physx.tensors.plugin] Failed to find contact report API at '/World/envs/env_620/robot_b/joints/imu'
2026-10-02T10:32:05Z [44,268ms] [Warning] [omni.physx.tensors.plugin] Failed to find contact report API at '/World/envs/env_621/robot_b/joints/imu'
2026-10-02T10:32:05Z [44,268ms] [Warning] [omni.physx.tensors.plugin] Failed to find contact report API at '/World/envs/env_622/robot_b/joints/imu'
2026-10-02T10:32:05Z [44,268ms] [Warning] [omni.physx.tensors.plugin] Failed to find contact report API at '/World/envs/env_623/robot_b/joints/imu'
2026-10-02T10:32:05Z [44,268ms] [Warning] [omni.physx.tensors.plugin] Failed to find contact report API at '/World/envs/env_624/robot_b/joints/imu'
2026-10-02T10:32:05Z [44,268ms] [Warning] [omni.physx.tensors.plugin] Failed to find contact report API at '/World/envs/env_625/robot_b/joints/imu'
2026-10-02T10:32:05Z [44,268ms] [Warning] [omni.physx.tensors.plugin] Failed to find contact report API at '/World/envs/env_626/robot_b/joints/imu'
2026-10-02T10:32:05Z [44,268ms] [Warning] [omni.physx.tensors.plugin] Failed to find contact report API at '/World/envs/env_627/robot_b/joints/imu'
2026-10-02T10:32:05Z [44,269ms] [Warning] [omni.physx.tensors.plugin] Failed to find contact report API at '/World/envs/env_628/robot_b/joints/imu'
2026-10-02T10:32:05Z [44,269ms] [Warning] [omni.physx.tensors.plugin] Failed to find contact report API at '/World/envs/env_629/robot_b/joints/imu'
2026-10-02T10:32:05Z [44,269ms] [Warning] [omni.physx.tensors.plugin] Failed to find contact report API at '/World/envs/env_630/robot_b/joints/imu'
2026-10-02T10:32:05Z [44,269ms] [Warning] [omni.physx.tensors.plugin] Failed to find contact report API at '/World/envs/env_631/robot_b/joints/imu'
2026-10-02T10:32:05Z [44,269ms] [Warning] [omni.physx.tensors.plugin] Failed to find contact report API at '/World/envs/env_632/robot_b/joints/imu'
2026-10-02T10:32:05Z [44,269ms] [Warning] [omni.physx.tensors.plugin] Failed to find contact report API at '/World/envs/env_633/robot_b/joints/imu'
2026-10-02T10:32:05Z [44,269ms] [Warning] [omni.physx.tensors.plugin] Failed to find contact report API at '/World/envs/env_634/robot_b/joints/imu'
2026-10-02T10:32:05Z [44,269ms] [Warning] [omni.physx.tensors.plugin] Failed to find contact report API at '/World/envs/env_635/robot_b/joints/imu'
2026-10-02T10:32:05Z [44,269ms] [Warning] [omni.physx.tensors.plugin] Failed to find contact report API at '/World/envs/env_636/robot_b/joints/imu'
2026-10-02T10:32:05Z [44,269ms] [Warning] [omni.physx.tensors.plugin] Failed to find contact report API at '/World/envs/env_637/robot_b/joints/imu'
2026-10-02T10:32:05Z [44,269ms] [Warning] [omni.physx.tensors.plugin] Failed to find contact report API at '/World/envs/env_638/robot_b/joints/imu'
2026-10-02T10:32:05Z [44,269ms] [Warning] [omni.physx.tensors.plugin] Failed to find contact report API at '/World/envs/env_639/robot_b/joints/imu'
2026-10-02T10:32:05Z [44,269ms] [Warning] [omni.physx.tensors.plugin] Failed to find contact report API at '/World/envs/env_640/robot_b/joints/imu'
2026-10-02T10:32:05Z [44,269ms] [Warning] [omni.physx.tensors.plugin] Failed to find contact report API at '/World/envs/env_641/robot_b/joints/imu'
2026-10-02T10:32:05Z [44,269ms] [Warning] [omni.physx.tensors.plugin] Failed to find contact report API at '/World/envs/env_642/robot_b/joints/imu'
2026-10-02T10:32:05Z [44,269ms] [Warning] [omni.physx.tensors.plugin] Failed to find contact report API at '/World/envs/env_643/robot_b/joints/imu'
2026-10-02T10:32:05Z [44,269ms] [Warning] [omni.physx.tensors.plugin] Failed to find contact report API at '/World/envs/env_644/robot_b/joints/imu'
2026-10-02T10:32:05Z [44,269ms] [Warning] [omni.physx.tensors.plugin] Failed to find contact report API at '/World/envs/env_645/robot_b/joints/imu'
2026-10-02T10:32:05Z [44,269ms] [Warning] [omni.physx.tensors.plugin] Failed to find contact report API at '/World/envs/env_646/robot_b/joints/imu'
2026-10-02T10:32:05Z [44,269ms] [Warning] [omni.physx.tensors.plugin] Failed to find contact report API at '/World/envs/env_647/robot_b/joints/imu'
2026-10-02T10:32:05Z [44,269ms] [Warning] [omni.physx.tensors.plugin] Failed to find contact report API at '/World/envs/env_648/robot_b/joints/imu'
2026-10-02T10:32:05Z [44,269ms] [Warning] [omni.physx.tensors.plugin] Failed to find contact report API at '/World/envs/env_649/robot_b/joints/imu'
2026-10-02T10:32:05Z [44,269ms] [Warning] [omni.physx.tensors.plugin] Failed to find contact report API at '/World/envs/env_650/robot_b/joints/imu'
2026-10-02T10:32:05Z [44,269ms] [Warning] [omni.physx.tensors.plugin] Failed to find contact report API at '/World/envs/env_651/robot_b/joints/imu'
2026-10-02T10:32:05Z [44,269ms] [Warning] [omni.physx.tensors.plugin] Failed to find contact report API at '/World/envs/env_652/robot_b/joints/imu'
2026-10-02T10:32:05Z [44,269ms] [Warning] [omni.physx.tensors.plugin] Failed to find contact report API at '/World/envs/env_653/robot_b/joints/imu'
2026-10-02T10:32:05Z [44,269ms] [Warning] [omni.physx.tensors.plugin] Failed to find contact report API at '/World/envs/env_654/robot_b/joints/imu'
2026-10-02T10:32:05Z [44,269ms] [Warning] [omni.physx.tensors.plugin] Failed to find contact report API at '/World/envs/env_655/robot_b/joints/imu'
2026-10-02T10:32:05Z [44,269ms] [Warning] [omni.physx.tensors.plugin] Failed to find contact report API at '/World/envs/env_656/robot_b/joints/imu'
2026-10-02T10:32:05Z [44,269ms] [Warning] [omni.physx.tensors.plugin] Failed to find contact report API at '/World/envs/env_657/robot_b/joints/imu'
2026-10-02T10:32:05Z [44,270ms] [Warning] [omni.physx.tensors.plugin] Failed to find contact report API at '/World/envs/env_658/robot_b/joints/imu'
2026-10-02T10:32:05Z [44,270ms] [Warning] [omni.physx.tensors.plugin] Failed to find contact report API at '/World/envs/env_659/robot_b/joints/imu'
2026-10-02T10:32:05Z [44,270ms] [Warning] [omni.physx.tensors.plugin] Failed to find contact report API at '/World/envs/env_660/robot_b/joints/imu'
2026-10-02T10:32:05Z [44,270ms] [Warning] [omni.physx.tensors.plugin] Failed to find contact report API at '/World/envs/env_661/robot_b/joints/imu'
2026-10-02T10:32:05Z [44,270ms] [Warning] [omni.physx.tensors.plugin] Failed to find contact report API at '/World/envs/env_662/robot_b/joints/imu'
2026-10-02T10:32:05Z [44,270ms] [Warning] [omni.physx.tensors.plugin] Failed to find contact report API at '/World/envs/env_663/robot_b/joints/imu'
2026-10-02T10:32:05Z [44,270ms] [Warning] [omni.physx.tensors.plugin] Failed to find contact report API at '/World/envs/env_664/robot_b/joints/imu'
2026-10-02T10:32:05Z [44,270ms] [Warning] [omni.physx.tensors.plugin] Failed to find contact report API at '/World/envs/env_665/robot_b/joints/imu'
2026-10-02T10:32:05Z [44,270ms] [Warning] [omni.physx.tensors.plugin] Failed to find contact report API at '/World/envs/env_666/robot_b/joints/imu'
2026-10-02T10:32:05Z [44,270ms] [Warning] [omni.physx.tensors.plugin] Failed to find contact report API at '/World/envs/env_667/robot_b/joints/imu'
2026-10-02T10:32:05Z [44,270ms] [Warning] [omni.physx.tensors.plugin] Failed to find contact report API at '/World/envs/env_668/robot_b/joints/imu'
2026-10-02T10:32:05Z [44,270ms] [Warning] [omni.physx.tensors.plugin] Failed to find contact report API at '/World/envs/env_669/robot_b/joints/imu'
2026-10-02T10:32:05Z [44,270ms] [Warning] [omni.physx.tensors.plugin] Failed to find contact report API at '/World/envs/env_670/robot_b/joints/imu'
2026-10-02T10:32:05Z [44,270ms] [Warning] [omni.physx.tensors.plugin] Failed to find contact report API at '/World/envs/env_671/robot_b/joints/imu'
2026-10-02T10:32:05Z [44,270ms] [Warning] [omni.physx.tensors.plugin] Failed to find contact report API at '/World/envs/env_672/robot_b/joints/imu'
2026-10-02T10:32:05Z [44,270ms] [Warning] [omni.physx.tensors.plugin] Failed to find contact report API at '/World/envs/env_673/robot_b/joints/imu'
2026-10-02T10:32:05Z [44,270ms] [Warning] [omni.physx.tensors.plugin] Failed to find contact report API at '/World/envs/env_674/robot_b/joints/imu'
2026-10-02T10:32:05Z [44,270ms] [Warning] [omni.physx.tensors.plugin] Failed to find contact report API at '/World/envs/env_675/robot_b/joints/imu'
2026-10-02T10:32:05Z [44,270ms] [Warning] [omni.physx.tensors.plugin] Failed to find contact report API at '/World/envs/env_676/robot_b/joints/imu'
2026-10-02T10:32:05Z [44,270ms] [Warning] [omni.physx.tensors.plugin] Failed to find contact report API at '/World/envs/env_677/robot_b/joints/imu'
2026-10-02T10:32:05Z [44,270ms] [Warning] [omni.physx.tensors.plugin] Failed to find contact report API at '/World/envs/env_678/robot_b/joints/imu'
2026-10-02T10:32:05Z [44,270ms] [Warning] [omni.physx.tensors.plugin] Failed to find contact report API at '/World/envs/env_679/robot_b/joints/imu'
2026-10-02T10:32:05Z [44,270ms] [Warning] [omni.physx.tensors.plugin] Failed to find contact report API at '/World/envs/env_680/robot_b/joints/imu'
2026-10-02T10:32:05Z [44,270ms] [Warning] [omni.physx.tensors.plugin] Failed to find contact report API at '/World/envs/env_681/robot_b/joints/imu'
2026-10-02T10:32:05Z [44,270ms] [Warning] [omni.physx.tensors.plugin] Failed to find contact report API at '/World/envs/env_682/robot_b/joints/imu'
2026-10-02T10:32:05Z [44,270ms] [Warning] [omni.physx.tensors.plugin] Failed to find contact report API at '/World/envs/env_683/robot_b/joints/imu'
2026-10-02T10:32:05Z [44,270ms] [Warning] [omni.physx.tensors.plugin] Failed to find contact report API at '/World/envs/env_684/robot_b/joints/imu'
2026-10-02T10:32:05Z [44,270ms] [Warning] [omni.physx.tensors.plugin] Failed to find contact report API at '/World/envs/env_685/robot_b/joints/imu'
2026-10-02T10:32:05Z [44,273ms] [Warning] [omni.physx.tensors.plugin] Failed to find contact report API at '/World/envs/env_686/robot_b/joints/imu'
2026-10-02T10:32:05Z [44,273ms] [Warning] [omni.physx.tensors.plugin] Failed to find contact report API at '/World/envs/env_687/robot_b/joints/imu'
2026-10-02T10:32:05Z [44,273ms] [Warning] [omni.physx.tensors.plugin] Failed to find contact report API at '/World/envs/env_688/robot_b/joints/imu'
2026-10-02T10:32:05Z [44,273ms] [Warning] [omni.physx.tensors.plugin] Failed to find contact report API at '/World/envs/env_689/robot_b/joints/imu'
2026-10-02T10:32:05Z [44,273ms] [Warning] [omni.physx.tensors.plugin] Failed to find contact report API at '/World/envs/env_690/robot_b/joints/imu'
2026-10-02T10:32:05Z [44,273ms] [Warning] [omni.physx.tensors.plugin] Failed to find contact report API at '/World/envs/env_691/robot_b/joints/imu'
2026-10-02T10:32:05Z [44,273ms] [Warning] [omni.physx.tensors.plugin] Failed to find contact report API at '/World/envs/env_692/robot_b/joints/imu'
2026-10-02T10:32:05Z [44,273ms] [Warning] [omni.physx.tensors.plugin] Failed to find contact report API at '/World/envs/env_693/robot_b/joints/imu'
2026-10-02T10:32:05Z [44,273ms] [Warning] [omni.physx.tensors.plugin] Failed to find contact report API at '/World/envs/env_694/robot_b/joints/imu'
2026-10-02T10:32:05Z [44,273ms] [Warning] [omni.physx.tensors.plugin] Failed to find contact report API at '/World/envs/env_695/robot_b/joints/imu'
2026-10-02T10:32:05Z [44,273ms] [Warning] [omni.physx.tensors.plugin] Failed to find contact report API at '/World/envs/env_696/robot_b/joints/imu'
2026-10-02T10:32:05Z [44,273ms] [Warning] [omni.physx.tensors.plugin] Failed to find contact report API at '/World/envs/env_697/robot_b/joints/imu'
2026-10-02T10:32:05Z [44,273ms] [Warning] [omni.physx.tensors.plugin] Failed to find contact report API at '/World/envs/env_698/robot_b/joints/imu'
2026-10-02T10:32:05Z [44,273ms] [Warning] [omni.physx.tensors.plugin] Failed to find contact report API at '/World/envs/env_699/robot_b/joints/imu'
2026-10-02T10:32:05Z [44,273ms] [Warning] [omni.physx.tensors.plugin] Failed to find contact report API at '/World/envs/env_700/robot_b/joints/imu'
2026-10-02T10:32:05Z [44,273ms] [Warning] [omni.physx.tensors.plugin] Failed to find contact report API at '/World/envs/env_701/robot_b/joints/imu'
2026-10-02T10:32:05Z [44,273ms] [Warning] [omni.physx.tensors.plugin] Failed to find contact report API at '/World/envs/env_702/robot_b/joints/imu'
2026-10-02T10:32:05Z [44,273ms] [Warning] [omni.physx.tensors.plugin] Failed to find contact report API at '/World/envs/env_703/robot_b/joints/imu'
2026-10-02T10:32:05Z [44,274ms] [Warning] [omni.physx.tensors.plugin] Failed to find contact report API at '/World/envs/env_704/robot_b/joints/imu'
2026-10-02T10:32:05Z [44,274ms] [Warning] [omni.physx.tensors.plugin] Failed to find contact report API at '/World/envs/env_705/robot_b/joints/imu'
2026-10-02T10:32:05Z [44,274ms] [Warning] [omni.physx.tensors.plugin] Failed to find contact report API at '/World/envs/env_706/robot_b/joints/imu'
2026-10-02T10:32:05Z [44,274ms] [Warning] [omni.physx.tensors.plugin] Failed to find contact report API at '/World/envs/env_707/robot_b/joints/imu'
2026-10-02T10:32:05Z [44,274ms] [Warning] [omni.physx.tensors.plugin] Failed to find contact report API at '/World/envs/env_708/robot_b/joints/imu'
2026-10-02T10:32:05Z [44,274ms] [Warning] [omni.physx.tensors.plugin] Failed to find contact report API at '/World/envs/env_709/robot_b/joints/imu'
2026-10-02T10:32:05Z [44,274ms] [Warning] [omni.physx.tensors.plugin] Failed to find contact report API at '/World/envs/env_710/robot_b/joints/imu'
2026-10-02T10:32:05Z [44,274ms] [Warning] [omni.physx.tensors.plugin] Failed to find contact report API at '/World/envs/env_711/robot_b/joints/imu'
2026-10-02T10:32:05Z [44,274ms] [Warning] [omni.physx.tensors.plugin] Failed to find contact report API at '/World/envs/env_712/robot_b/joints/imu'
2026-10-02T10:32:05Z [44,274ms] [Warning] [omni.physx.tensors.plugin] Failed to find contact report API at '/World/envs/env_713/robot_b/joints/imu'
2026-10-02T10:32:05Z [44,274ms] [Warning] [omni.physx.tensors.plugin] Failed to find contact report API at '/World/envs/env_714/robot_b/joints/imu'
2026-10-02T10:32:05Z [44,274ms] [Warning] [omni.physx.tensors.plugin] Failed to find contact report API at '/World/envs/env_715/robot_b/joints/imu'
2026-10-02T10:32:05Z [44,274ms] [Warning] [omni.physx.tensors.plugin] Failed to find contact report API at '/World/envs/env_716/robot_b/joints/imu'
2026-10-02T10:32:05Z [44,274ms] [Warning] [omni.physx.tensors.plugin] Failed to find contact report API at '/World/envs/env_717/robot_b/joints/imu'
2026-10-02T10:32:05Z [44,274ms] [Warning] [omni.physx.tensors.plugin] Failed to find contact report API at '/World/envs/env_718/robot_b/joints/imu'
2026-10-02T10:32:05Z [44,274ms] [Warning] [omni.physx.tensors.plugin] Failed to find contact report API at '/World/envs/env_719/robot_b/joints/imu'
2026-10-02T10:32:05Z [44,274ms] [Warning] [omni.physx.tensors.plugin] Failed to find contact report API at '/World/envs/env_720/robot_b/joints/imu'
2026-10-02T10:32:05Z [44,274ms] [Warning] [omni.physx.tensors.plugin] Failed to find contact report API at '/World/envs/env_721/robot_b/joints/imu'
2026-10-02T10:32:05Z [44,274ms] [Warning] [omni.physx.tensors.plugin] Failed to find contact report API at '/World/envs/env_722/robot_b/joints/imu'
2026-10-02T10:32:05Z [44,274ms] [Warning] [omni.physx.tensors.plugin] Failed to find contact report API at '/World/envs/env_723/robot_b/joints/imu'
2026-10-02T10:32:05Z [44,274ms] [Warning] [omni.physx.tensors.plugin] Failed to find contact report API at '/World/envs/env_724/robot_b/joints/imu'
2026-10-02T10:32:05Z [44,274ms] [Warning] [omni.physx.tensors.plugin] Failed to find contact report API at '/World/envs/env_725/robot_b/joints/imu'
2026-10-02T10:32:05Z [44,274ms] [Warning] [omni.physx.tensors.plugin] Failed to find contact report API at '/World/envs/env_726/robot_b/joints/imu'
2026-10-02T10:32:05Z [44,274ms] [Warning] [omni.physx.tensors.plugin] Failed to find contact report API at '/World/envs/env_727/robot_b/joints/imu'
2026-10-02T10:32:05Z [44,274ms] [Warning] [omni.physx.tensors.plugin] Failed to find contact report API at '/World/envs/env_728/robot_b/joints/imu'
2026-10-02T10:32:05Z [44,274ms] [Warning] [omni.physx.tensors.plugin] Failed to find contact report API at '/World/envs/env_729/robot_b/joints/imu'
2026-10-02T10:32:05Z [44,274ms] [Warning] [omni.physx.tensors.plugin] Failed to find contact report API at '/World/envs/env_730/robot_b/joints/imu'
2026-10-02T10:32:05Z [44,274ms] [Warning] [omni.physx.tensors.plugin] Failed to find contact report API at '/World/envs/env_731/robot_b/joints/imu'
2026-10-02T10:32:05Z [44,274ms] [Warning] [omni.physx.tensors.plugin] Failed to find contact report API at '/World/envs/env_732/robot_b/joints/imu'
2026-10-02T10:32:05Z [44,274ms] [Warning] [omni.physx.tensors.plugin] Failed to find contact report API at '/World/envs/env_733/robot_b/joints/imu'
2026-10-02T10:32:05Z [44,274ms] [Warning] [omni.physx.tensors.plugin] Failed to find contact report API at '/World/envs/env_734/robot_b/joints/imu'
2026-10-02T10:32:05Z [44,274ms] [Warning] [omni.physx.tensors.plugin] Failed to find contact report API at '/World/envs/env_735/robot_b/joints/imu'
2026-10-02T10:32:05Z [44,274ms] [Warning] [omni.physx.tensors.plugin] Failed to find contact report API at '/World/envs/env_736/robot_b/joints/imu'
2026-10-02T10:32:05Z [44,274ms] [Warning] [omni.physx.tensors.plugin] Failed to find contact report API at '/World/envs/env_737/robot_b/joints/imu'
2026-10-02T10:32:05Z [44,274ms] [Warning] [omni.physx.tensors.plugin] Failed to find contact report API at '/World/envs/env_738/robot_b/joints/imu'
2026-10-02T10:32:05Z [44,274ms] [Warning] [omni.physx.tensors.plugin] Failed to find contact report API at '/World/envs/env_739/robot_b/joints/imu'
2026-10-02T10:32:05Z [44,275ms] [Warning] [omni.physx.tensors.plugin] Failed to find contact report API at '/World/envs/env_740/robot_b/joints/imu'
2026-10-02T10:32:05Z [44,275ms] [Warning] [omni.physx.tensors.plugin] Failed to find contact report API at '/World/envs/env_741/robot_b/joints/imu'
2026-10-02T10:32:05Z [44,275ms] [Warning] [omni.physx.tensors.plugin] Failed to find contact report API at '/World/envs/env_742/robot_b/joints/imu'
2026-10-02T10:32:05Z [44,275ms] [Warning] [omni.physx.tensors.plugin] Failed to find contact report API at '/World/envs/env_743/robot_b/joints/imu'
2026-10-02T10:32:05Z [44,275ms] [Warning] [omni.physx.tensors.plugin] Failed to find contact report API at '/World/envs/env_744/robot_b/joints/imu'
2026-10-02T10:32:05Z [44,275ms] [Warning] [omni.physx.tensors.plugin] Failed to find contact report API at '/World/envs/env_745/robot_b/joints/imu'
2026-10-02T10:32:05Z [44,275ms] [Warning] [omni.physx.tensors.plugin] Failed to find contact report API at '/World/envs/env_746/robot_b/joints/imu'
2026-10-02T10:32:05Z [44,275ms] [Warning] [omni.physx.tensors.plugin] Failed to find contact report API at '/World/envs/env_747/robot_b/joints/imu'
2026-10-02T10:32:05Z [44,275ms] [Warning] [omni.physx.tensors.plugin] Failed to find contact report API at '/World/envs/env_748/robot_b/joints/imu'
2026-10-02T10:32:05Z [44,275ms] [Warning] [omni.physx.tensors.plugin] Failed to find contact report API at '/World/envs/env_749/robot_b/joints/imu'
2026-10-02T10:32:05Z [44,275ms] [Warning] [omni.physx.tensors.plugin] Failed to find contact report API at '/World/envs/env_750/robot_b/joints/imu'
2026-10-02T10:32:05Z [44,275ms] [Warning] [omni.physx.tensors.plugin] Failed to find contact report API at '/World/envs/env_751/robot_b/joints/imu'
2026-10-02T10:32:05Z [44,275ms] [Warning] [omni.physx.tensors.plugin] Failed to find contact report API at '/World/envs/env_752/robot_b/joints/imu'
2026-10-02T10:32:05Z [44,275ms] [Warning] [omni.physx.tensors.plugin] Failed to find contact report API at '/World/envs/env_753/robot_b/joints/imu'
2026-10-02T10:32:05Z [44,275ms] [Warning] [omni.physx.tensors.plugin] Failed to find contact report API at '/World/envs/env_754/robot_b/joints/imu'
2026-10-02T10:32:05Z [44,275ms] [Warning] [omni.physx.tensors.plugin] Failed to find contact report API at '/World/envs/env_755/robot_b/joints/imu'
2026-10-02T10:32:05Z [44,275ms] [Warning] [omni.physx.tensors.plugin] Failed to find contact report API at '/World/envs/env_756/robot_b/joints/imu'
2026-10-02T10:32:05Z [44,275ms] [Warning] [omni.physx.tensors.plugin] Failed to find contact report API at '/World/envs/env_757/robot_b/joints/imu'
2026-10-02T10:32:05Z [44,275ms] [Warning] [omni.physx.tensors.plugin] Failed to find contact report API at '/World/envs/env_758/robot_b/joints/imu'
2026-10-02T10:32:05Z [44,275ms] [Warning] [omni.physx.tensors.plugin] Failed to find contact report API at '/World/envs/env_759/robot_b/joints/imu'
2026-10-02T10:32:05Z [44,275ms] [Warning] [omni.physx.tensors.plugin] Failed to find contact report API at '/World/envs/env_760/robot_b/joints/imu'
2026-10-02T10:32:05Z [44,275ms] [Warning] [omni.physx.tensors.plugin] Failed to find contact report API at '/World/envs/env_761/robot_b/joints/imu'
2026-10-02T10:32:05Z [44,275ms] [Warning] [omni.physx.tensors.plugin] Failed to find contact report API at '/World/envs/env_762/robot_b/joints/imu'
2026-10-02T10:32:05Z [44,275ms] [Warning] [omni.physx.tensors.plugin] Failed to find contact report API at '/World/envs/env_763/robot_b/joints/imu'
2026-10-02T10:32:05Z [44,275ms] [Warning] [omni.physx.tensors.plugin] Failed to find contact report API at '/World/envs/env_764/robot_b/joints/imu'
2026-10-02T10:32:05Z [44,275ms] [Warning] [omni.physx.tensors.plugin] Failed to find contact report API at '/World/envs/env_765/robot_b/joints/imu'
2026-10-02T10:32:05Z [44,275ms] [Warning] [omni.physx.tensors.plugin] Failed to find contact report API at '/World/envs/env_766/robot_b/joints/imu'
2026-10-02T10:32:05Z [44,275ms] [Warning] [omni.physx.tensors.plugin] Failed to find contact report API at '/World/envs/env_767/robot_b/joints/imu'
2026-10-02T10:32:05Z [44,275ms] [Warning] [omni.physx.tensors.plugin] Failed to find contact report API at '/World/envs/env_768/robot_b/joints/imu'
2026-10-02T10:32:05Z [44,275ms] [Warning] [omni.physx.tensors.plugin] Failed to find contact report API at '/World/envs/env_769/robot_b/joints/imu'
2026-10-02T10:32:05Z [44,275ms] [Warning] [omni.physx.tensors.plugin] Failed to find contact report API at '/World/envs/env_770/robot_b/joints/imu'
2026-10-02T10:32:05Z [44,275ms] [Warning] [omni.physx.tensors.plugin] Failed to find contact report API at '/World/envs/env_771/robot_b/joints/imu'
2026-10-02T10:32:05Z [44,275ms] [Warning] [omni.physx.tensors.plugin] Failed to find contact report API at '/World/envs/env_772/robot_b/joints/imu'
2026-10-02T10:32:05Z [44,275ms] [Warning] [omni.physx.tensors.plugin] Failed to find contact report API at '/World/envs/env_773/robot_b/joints/imu'
2026-10-02T10:32:05Z [44,275ms] [Warning] [omni.physx.tensors.plugin] Failed to find contact report API at '/World/envs/env_774/robot_b/joints/imu'
2026-10-02T10:32:05Z [44,275ms] [Warning] [omni.physx.tensors.plugin] Failed to find contact report API at '/World/envs/env_775/robot_b/joints/imu'
2026-10-02T10:32:05Z [44,275ms] [Warning] [omni.physx.tensors.plugin] Failed to find contact report API at '/World/envs/env_776/robot_b/joints/imu'
2026-10-02T10:32:05Z [44,276ms] [Warning] [omni.physx.tensors.plugin] Failed to find contact report API at '/World/envs/env_777/robot_b/joints/imu'
2026-10-02T10:32:05Z [44,276ms] [Warning] [omni.physx.tensors.plugin] Failed to find contact report API at '/World/envs/env_778/robot_b/joints/imu'
2026-10-02T10:32:05Z [44,276ms] [Warning] [omni.physx.tensors.plugin] Failed to find contact report API at '/World/envs/env_779/robot_b/joints/imu'
2026-10-02T10:32:05Z [44,276ms] [Warning] [omni.physx.tensors.plugin] Failed to find contact report API at '/World/envs/env_780/robot_b/joints/imu'
2026-10-02T10:32:05Z [44,276ms] [Warning] [omni.physx.tensors.plugin] Failed to find contact report API at '/World/envs/env_781/robot_b/joints/imu'
2026-10-02T10:32:05Z [44,276ms] [Warning] [omni.physx.tensors.plugin] Failed to find contact report API at '/World/envs/env_782/robot_b/joints/imu'
2026-10-02T10:32:05Z [44,276ms] [Warning] [omni.physx.tensors.plugin] Failed to find contact report API at '/World/envs/env_783/robot_b/joints/imu'
2026-10-02T10:32:05Z [44,276ms] [Warning] [omni.physx.tensors.plugin] Failed to find contact report API at '/World/envs/env_784/robot_b/joints/imu'
2026-10-02T10:32:05Z [44,276ms] [Warning] [omni.physx.tensors.plugin] Failed to find contact report API at '/World/envs/env_785/robot_b/joints/imu'
2026-10-02T10:32:05Z [44,276ms] [Warning] [omni.physx.tensors.plugin] Failed to find contact report API at '/World/envs/env_786/robot_b/joints/imu'
2026-10-02T10:32:05Z [44,276ms] [Warning] [omni.physx.tensors.plugin] Failed to find contact report API at '/World/envs/env_787/robot_b/joints/imu'
2026-10-02T10:32:05Z [44,276ms] [Warning] [omni.physx.tensors.plugin] Failed to find contact report API at '/World/envs/env_788/robot_b/joints/imu'
2026-10-02T10:32:05Z [44,276ms] [Warning] [omni.physx.tensors.plugin] Failed to find contact report API at '/World/envs/env_789/robot_b/joints/imu'
2026-10-02T10:32:05Z [44,276ms] [Warning] [omni.physx.tensors.plugin] Failed to find contact report API at '/World/envs/env_790/robot_b/joints/imu'
2026-10-02T10:32:05Z [44,276ms] [Warning] [omni.physx.tensors.plugin] Failed to find contact report API at '/World/envs/env_791/robot_b/joints/imu'
2026-10-02T10:32:05Z [44,276ms] [Warning] [omni.physx.tensors.plugin] Failed to find contact report API at '/World/envs/env_792/robot_b/joints/imu'
2026-10-02T10:32:05Z [44,276ms] [Warning] [omni.physx.tensors.plugin] Failed to find contact report API at '/World/envs/env_793/robot_b/joints/imu'
2026-10-02T10:32:05Z [44,276ms] [Warning] [omni.physx.tensors.plugin] Failed to find contact report API at '/World/envs/env_794/robot_b/joints/imu'
2026-10-02T10:32:05Z [44,276ms] [Warning] [omni.physx.tensors.plugin] Failed to find contact report API at '/World/envs/env_795/robot_b/joints/imu'
2026-10-02T10:32:05Z [44,276ms] [Warning] [omni.physx.tensors.plugin] Failed to find contact report API at '/World/envs/env_796/robot_b/joints/imu'
2026-10-02T10:32:05Z [44,276ms] [Warning] [omni.physx.tensors.plugin] Failed to find contact report API at '/World/envs/env_797/robot_b/joints/imu'
2026-10-02T10:32:05Z [44,276ms] [Warning] [omni.physx.tensors.plugin] Failed to find contact report API at '/World/envs/env_798/robot_b/joints/imu'
2026-10-02T10:32:05Z [44,276ms] [Warning] [omni.physx.tensors.plugin] Failed to find contact report API at '/World/envs/env_799/robot_b/joints/imu'
2026-10-02T10:32:05Z [44,276ms] [Warning] [omni.physx.tensors.plugin] Failed to find contact report API at '/World/envs/env_800/robot_b/joints/imu'
2026-10-02T10:32:05Z [44,276ms] [Warning] [omni.physx.tensors.plugin] Failed to find contact report API at '/World/envs/env_801/robot_b/joints/imu'
2026-10-02T10:32:05Z [44,276ms] [Warning] [omni.physx.tensors.plugin] Failed to find contact report API at '/World/envs/env_802/robot_b/joints/imu'
2026-10-02T10:32:05Z [44,276ms] [Warning] [omni.physx.tensors.plugin] Failed to find contact report API at '/World/envs/env_803/robot_b/joints/imu'
2026-10-02T10:32:05Z [44,276ms] [Warning] [omni.physx.tensors.plugin] Failed to find contact report API at '/World/envs/env_804/robot_b/joints/imu'
2026-10-02T10:32:05Z [44,276ms] [Warning] [omni.physx.tensors.plugin] Failed to find contact report API at '/World/envs/env_805/robot_b/joints/imu'
2026-10-02T10:32:05Z [44,276ms] [Warning] [omni.physx.tensors.plugin] Failed to find contact report API at '/World/envs/env_806/robot_b/joints/imu'
2026-10-02T10:32:05Z [44,276ms] [Warning] [omni.physx.tensors.plugin] Failed to find contact report API at '/World/envs/env_807/robot_b/joints/imu'
2026-10-02T10:32:05Z [44,276ms] [Warning] [omni.physx.tensors.plugin] Failed to find contact report API at '/World/envs/env_808/robot_b/joints/imu'
2026-10-02T10:32:05Z [44,276ms] [Warning] [omni.physx.tensors.plugin] Failed to find contact report API at '/World/envs/env_809/robot_b/joints/imu'
2026-10-02T10:32:05Z [44,276ms] [Warning] [omni.physx.tensors.plugin] Failed to find contact report API at '/World/envs/env_810/robot_b/joints/imu'
2026-10-02T10:32:05Z [44,276ms] [Warning] [omni.physx.tensors.plugin] Failed to find contact report API at '/World/envs/env_811/robot_b/joints/imu'
2026-10-02T10:32:05Z [44,276ms] [Warning] [omni.physx.tensors.plugin] Failed to find contact report API at '/World/envs/env_812/robot_b/joints/imu'
2026-10-02T10:32:05Z [44,276ms] [Warning] [omni.physx.tensors.plugin] Failed to find contact report API at '/World/envs/env_813/robot_b/joints/imu'
2026-10-02T10:32:05Z [44,276ms] [Warning] [omni.physx.tensors.plugin] Failed to find contact report API at '/World/envs/env_814/robot_b/joints/imu'
2026-10-02T10:32:05Z [44,277ms] [Warning] [omni.physx.tensors.plugin] Failed to find contact report API at '/World/envs/env_815/robot_b/joints/imu'
2026-10-02T10:32:05Z [44,277ms] [Warning] [omni.physx.tensors.plugin] Failed to find contact report API at '/World/envs/env_816/robot_b/joints/imu'
2026-10-02T10:32:05Z [44,277ms] [Warning] [omni.physx.tensors.plugin] Failed to find contact report API at '/World/envs/env_817/robot_b/joints/imu'
2026-10-02T10:32:05Z [44,277ms] [Warning] [omni.physx.tensors.plugin] Failed to find contact report API at '/World/envs/env_818/robot_b/joints/imu'
2026-10-02T10:32:05Z [44,277ms] [Warning] [omni.physx.tensors.plugin] Failed to find contact report API at '/World/envs/env_819/robot_b/joints/imu'
2026-10-02T10:32:05Z [44,277ms] [Warning] [omni.physx.tensors.plugin] Failed to find contact report API at '/World/envs/env_820/robot_b/joints/imu'
2026-10-02T10:32:05Z [44,277ms] [Warning] [omni.physx.tensors.plugin] Failed to find contact report API at '/World/envs/env_821/robot_b/joints/imu'
2026-10-02T10:32:05Z [44,277ms] [Warning] [omni.physx.tensors.plugin] Failed to find contact report API at '/World/envs/env_822/robot_b/joints/imu'
2026-10-02T10:32:05Z [44,277ms] [Warning] [omni.physx.tensors.plugin] Failed to find contact report API at '/World/envs/env_823/robot_b/joints/imu'
2026-10-02T10:32:05Z [44,277ms] [Warning] [omni.physx.tensors.plugin] Failed to find contact report API at '/World/envs/env_824/robot_b/joints/imu'
2026-10-02T10:32:05Z [44,277ms] [Warning] [omni.physx.tensors.plugin] Failed to find contact report API at '/World/envs/env_825/robot_b/joints/imu'
2026-10-02T10:32:05Z [44,277ms] [Warning] [omni.physx.tensors.plugin] Failed to find contact report API at '/World/envs/env_826/robot_b/joints/imu'
2026-10-02T10:32:05Z [44,277ms] [Warning] [omni.physx.tensors.plugin] Failed to find contact report API at '/World/envs/env_827/robot_b/joints/imu'
2026-10-02T10:32:05Z [44,277ms] [Warning] [omni.physx.tensors.plugin] Failed to find contact report API at '/World/envs/env_828/robot_b/joints/imu'
2026-10-02T10:32:05Z [44,277ms] [Warning] [omni.physx.tensors.plugin] Failed to find contact report API at '/World/envs/env_829/robot_b/joints/imu'
2026-10-02T10:32:05Z [44,277ms] [Warning] [omni.physx.tensors.plugin] Failed to find contact report API at '/World/envs/env_830/robot_b/joints/imu'
2026-10-02T10:32:05Z [44,277ms] [Warning] [omni.physx.tensors.plugin] Failed to find contact report API at '/World/envs/env_831/robot_b/joints/imu'
2026-10-02T10:32:05Z [44,277ms] [Warning] [omni.physx.tensors.plugin] Failed to find contact report API at '/World/envs/env_832/robot_b/joints/imu'
2026-10-02T10:32:05Z [44,277ms] [Warning] [omni.physx.tensors.plugin] Failed to find contact report API at '/World/envs/env_833/robot_b/joints/imu'
2026-10-02T10:32:05Z [44,277ms] [Warning] [omni.physx.tensors.plugin] Failed to find contact report API at '/World/envs/env_834/robot_b/joints/imu'
2026-10-02T10:32:05Z [44,277ms] [Warning] [omni.physx.tensors.plugin] Failed to find contact report API at '/World/envs/env_835/robot_b/joints/imu'
2026-10-02T10:32:05Z [44,277ms] [Warning] [omni.physx.tensors.plugin] Failed to find contact report API at '/World/envs/env_836/robot_b/joints/imu'
2026-10-02T10:32:05Z [44,277ms] [Warning] [omni.physx.tensors.plugin] Failed to find contact report API at '/World/envs/env_837/robot_b/joints/imu'
2026-10-02T10:32:05Z [44,277ms] [Warning] [omni.physx.tensors.plugin] Failed to find contact report API at '/World/envs/env_838/robot_b/joints/imu'
2026-10-02T10:32:05Z [44,277ms] [Warning] [omni.physx.tensors.plugin] Failed to find contact report API at '/World/envs/env_839/robot_b/joints/imu'
2026-10-02T10:32:05Z [44,277ms] [Warning] [omni.physx.tensors.plugin] Failed to find contact report API at '/World/envs/env_840/robot_b/joints/imu'
2026-10-02T10:32:05Z [44,277ms] [Warning] [omni.physx.tensors.plugin] Failed to find contact report API at '/World/envs/env_841/robot_b/joints/imu'
2026-10-02T10:32:05Z [44,277ms] [Warning] [omni.physx.tensors.plugin] Failed to find contact report API at '/World/envs/env_842/robot_b/joints/imu'
2026-10-02T10:32:05Z [44,277ms] [Warning] [omni.physx.tensors.plugin] Failed to find contact report API at '/World/envs/env_843/robot_b/joints/imu'
2026-10-02T10:32:05Z [44,277ms] [Warning] [omni.physx.tensors.plugin] Failed to find contact report API at '/World/envs/env_844/robot_b/joints/imu'
2026-10-02T10:32:05Z [44,277ms] [Warning] [omni.physx.tensors.plugin] Failed to find contact report API at '/World/envs/env_845/robot_b/joints/imu'
2026-10-02T10:32:05Z [44,277ms] [Warning] [omni.physx.tensors.plugin] Failed to find contact report API at '/World/envs/env_846/robot_b/joints/imu'
2026-10-02T10:32:05Z [44,277ms] [Warning] [omni.physx.tensors.plugin] Failed to find contact report API at '/World/envs/env_847/robot_b/joints/imu'
2026-10-02T10:32:05Z [44,277ms] [Warning] [omni.physx.tensors.plugin] Failed to find contact report API at '/World/envs/env_848/robot_b/joints/imu'
2026-10-02T10:32:05Z [44,277ms] [Warning] [omni.physx.tensors.plugin] Failed to find contact report API at '/World/envs/env_849/robot_b/joints/imu'
2026-10-02T10:32:05Z [44,277ms] [Warning] [omni.physx.tensors.plugin] Failed to find contact report API at '/World/envs/env_850/robot_b/joints/imu'
2026-10-02T10:32:05Z [44,277ms] [Warning] [omni.physx.tensors.plugin] Failed to find contact report API at '/World/envs/env_851/robot_b/joints/imu'
2026-10-02T10:32:05Z [44,277ms] [Warning] [omni.physx.tensors.plugin] Failed to find contact report API at '/World/envs/env_852/robot_b/joints/imu'
2026-10-02T10:32:05Z [44,278ms] [Warning] [omni.physx.tensors.plugin] Failed to find contact report API at '/World/envs/env_853/robot_b/joints/imu'
2026-10-02T10:32:05Z [44,278ms] [Warning] [omni.physx.tensors.plugin] Failed to find contact report API at '/World/envs/env_854/robot_b/joints/imu'
2026-10-02T10:32:05Z [44,278ms] [Warning] [omni.physx.tensors.plugin] Failed to find contact report API at '/World/envs/env_855/robot_b/joints/imu'
2026-10-02T10:32:05Z [44,278ms] [Warning] [omni.physx.tensors.plugin] Failed to find contact report API at '/World/envs/env_856/robot_b/joints/imu'
2026-10-02T10:32:05Z [44,278ms] [Warning] [omni.physx.tensors.plugin] Failed to find contact report API at '/World/envs/env_857/robot_b/joints/imu'
2026-10-02T10:32:05Z [44,278ms] [Warning] [omni.physx.tensors.plugin] Failed to find contact report API at '/World/envs/env_858/robot_b/joints/imu'
2026-10-02T10:32:05Z [44,278ms] [Warning] [omni.physx.tensors.plugin] Failed to find contact report API at '/World/envs/env_859/robot_b/joints/imu'
2026-10-02T10:32:05Z [44,278ms] [Warning] [omni.physx.tensors.plugin] Failed to find contact report API at '/World/envs/env_860/robot_b/joints/imu'
2026-10-02T10:32:05Z [44,278ms] [Warning] [omni.physx.tensors.plugin] Failed to find contact report API at '/World/envs/env_861/robot_b/joints/imu'
2026-10-02T10:32:05Z [44,278ms] [Warning] [omni.physx.tensors.plugin] Failed to find contact report API at '/World/envs/env_862/robot_b/joints/imu'
2026-10-02T10:32:05Z [44,278ms] [Warning] [omni.physx.tensors.plugin] Failed to find contact report API at '/World/envs/env_863/robot_b/joints/imu'
2026-10-02T10:32:05Z [44,278ms] [Warning] [omni.physx.tensors.plugin] Failed to find contact report API at '/World/envs/env_864/robot_b/joints/imu'
2026-10-02T10:32:05Z [44,278ms] [Warning] [omni.physx.tensors.plugin] Failed to find contact report API at '/World/envs/env_865/robot_b/joints/imu'
2026-10-02T10:32:05Z [44,278ms] [Warning] [omni.physx.tensors.plugin] Failed to find contact report API at '/World/envs/env_866/robot_b/joints/imu'
2026-10-02T10:32:05Z [44,278ms] [Warning] [omni.physx.tensors.plugin] Failed to find contact report API at '/World/envs/env_867/robot_b/joints/imu'
2026-10-02T10:32:05Z [44,278ms] [Warning] [omni.physx.tensors.plugin] Failed to find contact report API at '/World/envs/env_868/robot_b/joints/imu'
2026-10-02T10:32:05Z [44,278ms] [Warning] [omni.physx.tensors.plugin] Failed to find contact report API at '/World/envs/env_869/robot_b/joints/imu'
2026-10-02T10:32:05Z [44,278ms] [Warning] [omni.physx.tensors.plugin] Failed to find contact report API at '/World/envs/env_870/robot_b/joints/imu'
2026-10-02T10:32:05Z [44,278ms] [Warning] [omni.physx.tensors.plugin] Failed to find contact report API at '/World/envs/env_871/robot_b/joints/imu'
2026-10-02T10:32:05Z [44,278ms] [Warning] [omni.physx.tensors.plugin] Failed to find contact report API at '/World/envs/env_872/robot_b/joints/imu'
2026-10-02T10:32:05Z [44,278ms] [Warning] [omni.physx.tensors.plugin] Failed to find contact report API at '/World/envs/env_873/robot_b/joints/imu'
2026-10-02T10:32:05Z [44,278ms] [Warning] [omni.physx.tensors.plugin] Failed to find contact report API at '/World/envs/env_874/robot_b/joints/imu'
2026-10-02T10:32:05Z [44,278ms] [Warning] [omni.physx.tensors.plugin] Failed to find contact report API at '/World/envs/env_875/robot_b/joints/imu'
2026-10-02T10:32:05Z [44,278ms] [Warning] [omni.physx.tensors.plugin] Failed to find contact report API at '/World/envs/env_876/robot_b/joints/imu'
2026-10-02T10:32:05Z [44,278ms] [Warning] [omni.physx.tensors.plugin] Failed to find contact report API at '/World/envs/env_877/robot_b/joints/imu'
2026-10-02T10:32:05Z [44,278ms] [Warning] [omni.physx.tensors.plugin] Failed to find contact report API at '/World/envs/env_878/robot_b/joints/imu'
2026-10-02T10:32:05Z [44,278ms] [Warning] [omni.physx.tensors.plugin] Failed to find contact report API at '/World/envs/env_879/robot_b/joints/imu'
2026-10-02T10:32:05Z [44,278ms] [Warning] [omni.physx.tensors.plugin] Failed to find contact report API at '/World/envs/env_880/robot_b/joints/imu'
2026-10-02T10:32:05Z [44,278ms] [Warning] [omni.physx.tensors.plugin] Failed to find contact report API at '/World/envs/env_881/robot_b/joints/imu'
2026-10-02T10:32:05Z [44,278ms] [Warning] [omni.physx.tensors.plugin] Failed to find contact report API at '/World/envs/env_882/robot_b/joints/imu'
2026-10-02T10:32:05Z [44,278ms] [Warning] [omni.physx.tensors.plugin] Failed to find contact report API at '/World/envs/env_883/robot_b/joints/imu'
2026-10-02T10:32:05Z [44,278ms] [Warning] [omni.physx.tensors.plugin] Failed to find contact report API at '/World/envs/env_884/robot_b/joints/imu'
2026-10-02T10:32:05Z [44,278ms] [Warning] [omni.physx.tensors.plugin] Failed to find contact report API at '/World/envs/env_885/robot_b/joints/imu'
2026-10-02T10:32:05Z [44,278ms] [Warning] [omni.physx.tensors.plugin] Failed to find contact report API at '/World/envs/env_886/robot_b/joints/imu'
2026-10-02T10:32:05Z [44,278ms] [Warning] [omni.physx.tensors.plugin] Failed to find contact report API at '/World/envs/env_887/robot_b/joints/imu'
2026-10-02T10:32:05Z [44,278ms] [Warning] [omni.physx.tensors.plugin] Failed to find contact report API at '/World/envs/env_888/robot_b/joints/imu'
2026-10-02T10:32:05Z [44,278ms] [Warning] [omni.physx.tensors.plugin] Failed to find contact report API at '/World/envs/env_889/robot_b/joints/imu'
2026-10-02T10:32:05Z [44,278ms] [Warning] [omni.physx.tensors.plugin] Failed to find contact report API at '/World/envs/env_890/robot_b/joints/imu'
2026-10-02T10:32:05Z [44,278ms] [Warning] [omni.physx.tensors.plugin] Failed to find contact report API at '/World/envs/env_891/robot_b/joints/imu'
2026-10-02T10:32:05Z [44,279ms] [Warning] [omni.physx.tensors.plugin] Failed to find contact report API at '/World/envs/env_892/robot_b/joints/imu'
2026-10-02T10:32:05Z [44,279ms] [Warning] [omni.physx.tensors.plugin] Failed to find contact report API at '/World/envs/env_893/robot_b/joints/imu'
2026-10-02T10:32:05Z [44,279ms] [Warning] [omni.physx.tensors.plugin] Failed to find contact report API at '/World/envs/env_894/robot_b/joints/imu'
2026-10-02T10:32:05Z [44,279ms] [Warning] [omni.physx.tensors.plugin] Failed to find contact report API at '/World/envs/env_895/robot_b/joints/imu'
2026-10-02T10:32:05Z [44,279ms] [Warning] [omni.physx.tensors.plugin] Failed to find contact report API at '/World/envs/env_896/robot_b/joints/imu'
2026-10-02T10:32:05Z [44,279ms] [Warning] [omni.physx.tensors.plugin] Failed to find contact report API at '/World/envs/env_897/robot_b/joints/imu'
2026-10-02T10:32:05Z [44,279ms] [Warning] [omni.physx.tensors.plugin] Failed to find contact report API at '/World/envs/env_898/robot_b/joints/imu'
2026-10-02T10:32:05Z [44,279ms] [Warning] [omni.physx.tensors.plugin] Failed to find contact report API at '/World/envs/env_899/robot_b/joints/imu'
2026-10-02T10:32:05Z [44,279ms] [Warning] [omni.physx.tensors.plugin] Failed to find contact report API at '/World/envs/env_900/robot_b/joints/imu'
2026-10-02T10:32:05Z [44,279ms] [Warning] [omni.physx.tensors.plugin] Failed to find contact report API at '/World/envs/env_901/robot_b/joints/imu'
2026-10-02T10:32:05Z [44,279ms] [Warning] [omni.physx.tensors.plugin] Failed to find contact report API at '/World/envs/env_902/robot_b/joints/imu'
2026-10-02T10:32:05Z [44,279ms] [Warning] [omni.physx.tensors.plugin] Failed to find contact report API at '/World/envs/env_903/robot_b/joints/imu'
2026-10-02T10:32:05Z [44,279ms] [Warning] [omni.physx.tensors.plugin] Failed to find contact report API at '/World/envs/env_904/robot_b/joints/imu'
2026-10-02T10:32:05Z [44,279ms] [Warning] [omni.physx.tensors.plugin] Failed to find contact report API at '/World/envs/env_905/robot_b/joints/imu'
2026-10-02T10:32:05Z [44,279ms] [Warning] [omni.physx.tensors.plugin] Failed to find contact report API at '/World/envs/env_906/robot_b/joints/imu'
2026-10-02T10:32:05Z [44,279ms] [Warning] [omni.physx.tensors.plugin] Failed to find contact report API at '/World/envs/env_907/robot_b/joints/imu'
2026-10-02T10:32:05Z [44,279ms] [Warning] [omni.physx.tensors.plugin] Failed to find contact report API at '/World/envs/env_908/robot_b/joints/imu'
2026-10-02T10:32:05Z [44,279ms] [Warning] [omni.physx.tensors.plugin] Failed to find contact report API at '/World/envs/env_909/robot_b/joints/imu'
2026-10-02T10:32:05Z [44,279ms] [Warning] [omni.physx.tensors.plugin] Failed to find contact report API at '/World/envs/env_910/robot_b/joints/imu'
2026-10-02T10:32:05Z [44,279ms] [Warning] [omni.physx.tensors.plugin] Failed to find contact report API at '/World/envs/env_911/robot_b/joints/imu'
2026-10-02T10:32:05Z [44,279ms] [Warning] [omni.physx.tensors.plugin] Failed to find contact report API at '/World/envs/env_912/robot_b/joints/imu'
2026-10-02T10:32:05Z [44,279ms] [Warning] [omni.physx.tensors.plugin] Failed to find contact report API at '/World/envs/env_913/robot_b/joints/imu'
2026-10-02T10:32:05Z [44,279ms] [Warning] [omni.physx.tensors.plugin] Failed to find contact report API at '/World/envs/env_914/robot_b/joints/imu'
2026-10-02T10:32:05Z [44,279ms] [Warning] [omni.physx.tensors.plugin] Failed to find contact report API at '/World/envs/env_915/robot_b/joints/imu'
2026-10-02T10:32:05Z [44,279ms] [Warning] [omni.physx.tensors.plugin] Failed to find contact report API at '/World/envs/env_916/robot_b/joints/imu'
2026-10-02T10:32:05Z [44,279ms] [Warning] [omni.physx.tensors.plugin] Failed to find contact report API at '/World/envs/env_917/robot_b/joints/imu'
2026-10-02T10:32:05Z [44,279ms] [Warning] [omni.physx.tensors.plugin] Failed to find contact report API at '/World/envs/env_918/robot_b/joints/imu'
2026-10-02T10:32:05Z [44,279ms] [Warning] [omni.physx.tensors.plugin] Failed to find contact report API at '/World/envs/env_919/robot_b/joints/imu'
2026-10-02T10:32:05Z [44,279ms] [Warning] [omni.physx.tensors.plugin] Failed to find contact report API at '/World/envs/env_920/robot_b/joints/imu'
2026-10-02T10:32:05Z [44,279ms] [Warning] [omni.physx.tensors.plugin] Failed to find contact report API at '/World/envs/env_921/robot_b/joints/imu'
2026-10-02T10:32:05Z [44,279ms] [Warning] [omni.physx.tensors.plugin] Failed to find contact report API at '/World/envs/env_922/robot_b/joints/imu'
2026-10-02T10:32:05Z [44,279ms] [Warning] [omni.physx.tensors.plugin] Failed to find contact report API at '/World/envs/env_923/robot_b/joints/imu'
2026-10-02T10:32:05Z [44,279ms] [Warning] [omni.physx.tensors.plugin] Failed to find contact report API at '/World/envs/env_924/robot_b/joints/imu'
2026-10-02T10:32:05Z [44,279ms] [Warning] [omni.physx.tensors.plugin] Failed to find contact report API at '/World/envs/env_925/robot_b/joints/imu'
2026-10-02T10:32:05Z [44,279ms] [Warning] [omni.physx.tensors.plugin] Failed to find contact report API at '/World/envs/env_926/robot_b/joints/imu'
2026-10-02T10:32:05Z [44,279ms] [Warning] [omni.physx.tensors.plugin] Failed to find contact report API at '/World/envs/env_927/robot_b/joints/imu'
2026-10-02T10:32:05Z [44,279ms] [Warning] [omni.physx.tensors.plugin] Failed to find contact report API at '/World/envs/env_928/robot_b/joints/imu'
2026-10-02T10:32:05Z [44,279ms] [Warning] [omni.physx.tensors.plugin] Failed to find contact report API at '/World/envs/env_929/robot_b/joints/imu'
2026-10-02T10:32:05Z [44,280ms] [Warning] [omni.physx.tensors.plugin] Failed to find contact report API at '/World/envs/env_930/robot_b/joints/imu'
2026-10-02T10:32:05Z [44,280ms] [Warning] [omni.physx.tensors.plugin] Failed to find contact report API at '/World/envs/env_931/robot_b/joints/imu'
2026-10-02T10:32:05Z [44,280ms] [Warning] [omni.physx.tensors.plugin] Failed to find contact report API at '/World/envs/env_932/robot_b/joints/imu'
2026-10-02T10:32:05Z [44,280ms] [Warning] [omni.physx.tensors.plugin] Failed to find contact report API at '/World/envs/env_933/robot_b/joints/imu'
2026-10-02T10:32:05Z [44,280ms] [Warning] [omni.physx.tensors.plugin] Failed to find contact report API at '/World/envs/env_934/robot_b/joints/imu'
2026-10-02T10:32:05Z [44,280ms] [Warning] [omni.physx.tensors.plugin] Failed to find contact report API at '/World/envs/env_935/robot_b/joints/imu'
2026-10-02T10:32:05Z [44,280ms] [Warning] [omni.physx.tensors.plugin] Failed to find contact report API at '/World/envs/env_936/robot_b/joints/imu'
2026-10-02T10:32:05Z [44,280ms] [Warning] [omni.physx.tensors.plugin] Failed to find contact report API at '/World/envs/env_937/robot_b/joints/imu'
2026-10-02T10:32:05Z [44,280ms] [Warning] [omni.physx.tensors.plugin] Failed to find contact report API at '/World/envs/env_938/robot_b/joints/imu'
2026-10-02T10:32:05Z [44,280ms] [Warning] [omni.physx.tensors.plugin] Failed to find contact report API at '/World/envs/env_939/robot_b/joints/imu'
2026-10-02T10:32:05Z [44,280ms] [Warning] [omni.physx.tensors.plugin] Failed to find contact report API at '/World/envs/env_940/robot_b/joints/imu'
2026-10-02T10:32:05Z [44,280ms] [Warning] [omni.physx.tensors.plugin] Failed to find contact report API at '/World/envs/env_941/robot_b/joints/imu'
2026-10-02T10:32:05Z [44,280ms] [Warning] [omni.physx.tensors.plugin] Failed to find contact report API at '/World/envs/env_942/robot_b/joints/imu'
2026-10-02T10:32:05Z [44,280ms] [Warning] [omni.physx.tensors.plugin] Failed to find contact report API at '/World/envs/env_943/robot_b/joints/imu'
2026-10-02T10:32:05Z [44,280ms] [Warning] [omni.physx.tensors.plugin] Failed to find contact report API at '/World/envs/env_944/robot_b/joints/imu'
2026-10-02T10:32:05Z [44,280ms] [Warning] [omni.physx.tensors.plugin] Failed to find contact report API at '/World/envs/env_945/robot_b/joints/imu'
2026-10-02T10:32:05Z [44,280ms] [Warning] [omni.physx.tensors.plugin] Failed to find contact report API at '/World/envs/env_946/robot_b/joints/imu'
2026-10-02T10:32:05Z [44,280ms] [Warning] [omni.physx.tensors.plugin] Failed to find contact report API at '/World/envs/env_947/robot_b/joints/imu'
2026-10-02T10:32:05Z [44,280ms] [Warning] [omni.physx.tensors.plugin] Failed to find contact report API at '/World/envs/env_948/robot_b/joints/imu'
2026-10-02T10:32:05Z [44,280ms] [Warning] [omni.physx.tensors.plugin] Failed to find contact report API at '/World/envs/env_949/robot_b/joints/imu'
2026-10-02T10:32:05Z [44,280ms] [Warning] [omni.physx.tensors.plugin] Failed to find contact report API at '/World/envs/env_950/robot_b/joints/imu'
2026-10-02T10:32:05Z [44,280ms] [Warning] [omni.physx.tensors.plugin] Failed to find contact report API at '/World/envs/env_951/robot_b/joints/imu'
2026-10-02T10:32:05Z [44,280ms] [Warning] [omni.physx.tensors.plugin] Failed to find contact report API at '/World/envs/env_952/robot_b/joints/imu'
2026-10-02T10:32:05Z [44,280ms] [Warning] [omni.physx.tensors.plugin] Failed to find contact report API at '/World/envs/env_953/robot_b/joints/imu'
2026-10-02T10:32:05Z [44,280ms] [Warning] [omni.physx.tensors.plugin] Failed to find contact report API at '/World/envs/env_954/robot_b/joints/imu'
2026-10-02T10:32:05Z [44,280ms] [Warning] [omni.physx.tensors.plugin] Failed to find contact report API at '/World/envs/env_955/robot_b/joints/imu'
2026-10-02T10:32:05Z [44,280ms] [Warning] [omni.physx.tensors.plugin] Failed to find contact report API at '/World/envs/env_956/robot_b/joints/imu'
2026-10-02T10:32:05Z [44,280ms] [Warning] [omni.physx.tensors.plugin] Failed to find contact report API at '/World/envs/env_957/robot_b/joints/imu'
2026-10-02T10:32:05Z [44,280ms] [Warning] [omni.physx.tensors.plugin] Failed to find contact report API at '/World/envs/env_958/robot_b/joints/imu'
2026-10-02T10:32:05Z [44,280ms] [Warning] [omni.physx.tensors.plugin] Failed to find contact report API at '/World/envs/env_959/robot_b/joints/imu'
2026-10-02T10:32:05Z [44,280ms] [Warning] [omni.physx.tensors.plugin] Failed to find contact report API at '/World/envs/env_960/robot_b/joints/imu'
2026-10-02T10:32:05Z [44,280ms] [Warning] [omni.physx.tensors.plugin] Failed to find contact report API at '/World/envs/env_961/robot_b/joints/imu'
2026-10-02T10:32:05Z [44,280ms] [Warning] [omni.physx.tensors.plugin] Failed to find contact report API at '/World/envs/env_962/robot_b/joints/imu'
2026-10-02T10:32:05Z [44,280ms] [Warning] [omni.physx.tensors.plugin] Failed to find contact report API at '/World/envs/env_963/robot_b/joints/imu'
2026-10-02T10:32:05Z [44,280ms] [Warning] [omni.physx.tensors.plugin] Failed to find contact report API at '/World/envs/env_964/robot_b/joints/imu'
2026-10-02T10:32:05Z [44,281ms] [Warning] [omni.physx.tensors.plugin] Failed to find contact report API at '/World/envs/env_965/robot_b/joints/imu'
2026-10-02T10:32:05Z [44,281ms] [Warning] [omni.physx.tensors.plugin] Failed to find contact report API at '/World/envs/env_966/robot_b/joints/imu'
2026-10-02T10:32:05Z [44,281ms] [Warning] [omni.physx.tensors.plugin] Failed to find contact report API at '/World/envs/env_967/robot_b/joints/imu'
2026-10-02T10:32:05Z [44,281ms] [Warning] [omni.physx.tensors.plugin] Failed to find contact report API at '/World/envs/env_968/robot_b/joints/imu'
2026-10-02T10:32:05Z [44,281ms] [Warning] [omni.physx.tensors.plugin] Failed to find contact report API at '/World/envs/env_969/robot_b/joints/imu'
2026-10-02T10:32:05Z [44,281ms] [Warning] [omni.physx.tensors.plugin] Failed to find contact report API at '/World/envs/env_970/robot_b/joints/imu'
2026-10-02T10:32:05Z [44,281ms] [Warning] [omni.physx.tensors.plugin] Failed to find contact report API at '/World/envs/env_971/robot_b/joints/imu'
2026-10-02T10:32:05Z [44,281ms] [Warning] [omni.physx.tensors.plugin] Failed to find contact report API at '/World/envs/env_972/robot_b/joints/imu'
2026-10-02T10:32:05Z [44,281ms] [Warning] [omni.physx.tensors.plugin] Failed to find contact report API at '/World/envs/env_973/robot_b/joints/imu'
2026-10-02T10:32:05Z [44,281ms] [Warning] [omni.physx.tensors.plugin] Failed to find contact report API at '/World/envs/env_974/robot_b/joints/imu'
2026-10-02T10:32:05Z [44,281ms] [Warning] [omni.physx.tensors.plugin] Failed to find contact report API at '/World/envs/env_975/robot_b/joints/imu'
2026-10-02T10:32:05Z [44,281ms] [Warning] [omni.physx.tensors.plugin] Failed to find contact report API at '/World/envs/env_976/robot_b/joints/imu'
2026-10-02T10:32:05Z [44,281ms] [Warning] [omni.physx.tensors.plugin] Failed to find contact report API at '/World/envs/env_977/robot_b/joints/imu'
2026-10-02T10:32:05Z [44,281ms] [Warning] [omni.physx.tensors.plugin] Failed to find contact report API at '/World/envs/env_978/robot_b/joints/imu'
2026-10-02T10:32:05Z [44,281ms] [Warning] [omni.physx.tensors.plugin] Failed to find contact report API at '/World/envs/env_979/robot_b/joints/imu'
2026-10-02T10:32:05Z [44,281ms] [Warning] [omni.physx.tensors.plugin] Failed to find contact report API at '/World/envs/env_980/robot_b/joints/imu'
2026-10-02T10:32:05Z [44,281ms] [Warning] [omni.physx.tensors.plugin] Failed to find contact report API at '/World/envs/env_981/robot_b/joints/imu'
2026-10-02T10:32:05Z [44,281ms] [Warning] [omni.physx.tensors.plugin] Failed to find contact report API at '/World/envs/env_982/robot_b/joints/imu'
2026-10-02T10:32:05Z [44,281ms] [Warning] [omni.physx.tensors.plugin] Failed to find contact report API at '/World/envs/env_983/robot_b/joints/imu'
2026-10-02T10:32:05Z [44,281ms] [Warning] [omni.physx.tensors.plugin] Failed to find contact report API at '/World/envs/env_984/robot_b/joints/imu'
2026-10-02T10:32:05Z [44,281ms] [Warning] [omni.physx.tensors.plugin] Failed to find contact report API at '/World/envs/env_985/robot_b/joints/imu'
2026-10-02T10:32:05Z [44,281ms] [Warning] [omni.physx.tensors.plugin] Failed to find contact report API at '/World/envs/env_986/robot_b/joints/imu'
2026-10-02T10:32:05Z [44,281ms] [Warning] [omni.physx.tensors.plugin] Failed to find contact report API at '/World/envs/env_987/robot_b/joints/imu'
2026-10-02T10:32:05Z [44,281ms] [Warning] [omni.physx.tensors.plugin] Failed to find contact report API at '/World/envs/env_988/robot_b/joints/imu'
2026-10-02T10:32:05Z [44,281ms] [Warning] [omni.physx.tensors.plugin] Failed to find contact report API at '/World/envs/env_989/robot_b/joints/imu'
2026-10-02T10:32:05Z [44,281ms] [Warning] [omni.physx.tensors.plugin] Failed to find contact report API at '/World/envs/env_990/robot_b/joints/imu'
2026-10-02T10:32:05Z [44,281ms] [Warning] [omni.physx.tensors.plugin] Failed to find contact report API at '/World/envs/env_991/robot_b/joints/imu'
2026-10-02T10:32:05Z [44,281ms] [Warning] [omni.physx.tensors.plugin] Failed to find contact report API at '/World/envs/env_992/robot_b/joints/imu'
2026-10-02T10:32:05Z [44,281ms] [Warning] [omni.physx.tensors.plugin] Failed to find contact report API at '/World/envs/env_993/robot_b/joints/imu'
2026-10-02T10:32:05Z [44,281ms] [Warning] [omni.physx.tensors.plugin] Failed to find contact report API at '/World/envs/env_994/robot_b/joints/imu'
2026-10-02T10:32:05Z [44,281ms] [Warning] [omni.physx.tensors.plugin] Failed to find contact report API at '/World/envs/env_995/robot_b/joints/imu'
2026-10-02T10:32:05Z [44,281ms] [Warning] [omni.physx.tensors.plugin] Failed to find contact report API at '/World/envs/env_996/robot_b/joints/imu'
2026-10-02T10:32:05Z [44,281ms] [Warning] [omni.physx.tensors.plugin] Failed to find contact report API at '/World/envs/env_997/robot_b/joints/imu'
2026-10-02T10:32:05Z [44,281ms] [Warning] [omni.physx.tensors.plugin] Failed to find contact report API at '/World/envs/env_998/robot_b/joints/imu'
2026-10-02T10:32:05Z [44,281ms] [Warning] [omni.physx.tensors.plugin] Failed to find contact report API at '/World/envs/env_999/robot_b/joints/imu'
2026-10-02T10:32:05Z [44,281ms] [Warning] [omni.physx.tensors.plugin] Failed to find contact report API at '/World/envs/env_1000/robot_b/joints/imu'
2026-10-02T10:32:05Z [44,282ms] [Warning] [omni.physx.tensors.plugin] Failed to find contact report API at '/World/envs/env_1001/robot_b/joints/imu'
2026-10-02T10:32:05Z [44,282ms] [Warning] [omni.physx.tensors.plugin] Failed to find contact report API at '/World/envs/env_1002/robot_b/joints/imu'
2026-10-02T10:32:05Z [44,282ms] [Warning] [omni.physx.tensors.plugin] Failed to find contact report API at '/World/envs/env_1003/robot_b/joints/imu'
2026-10-02T10:32:05Z [44,282ms] [Warning] [omni.physx.tensors.plugin] Failed to find contact report API at '/World/envs/env_1004/robot_b/joints/imu'
2026-10-02T10:32:05Z [44,282ms] [Warning] [omni.physx.tensors.plugin] Failed to find contact report API at '/World/envs/env_1005/robot_b/joints/imu'
2026-10-02T10:32:05Z [44,282ms] [Warning] [omni.physx.tensors.plugin] Failed to find contact report API at '/World/envs/env_1006/robot_b/joints/imu'
2026-10-02T10:32:05Z [44,282ms] [Warning] [omni.physx.tensors.plugin] Failed to find contact report API at '/World/envs/env_1007/robot_b/joints/imu'
[INFO]: Time taken for simulation start Last: 33.567759 s, Mean: 33.567759 s, Std: 0.000000 s, N: 1
[INFO] Command Manager:  <CommandManager> contains 0 active terms.
+------------------------+
|  Active Command Terms  |
+--------+-------+-------+
| Index  | Name  |  Type |
+--------+-------+-------+
+--------+-------+-------+

[INFO] Event Manager:  <EventManager> contains 1 active terms.
+-----------------------------------+
| Active Event Terms in Mode: 'reset' |
+----------+------------------------+
|  Index   | Name                   |
+----------+------------------------+
|    0     | reset_joints_a         |
|    1     | reset_joints_b         |
|    2     | reset_root_a           |
|    3     | reset_root_b           |
|    4     | reset_object           |
+----------+------------------------+

[INFO] Recorder Manager:  <RecorderManager> contains 0 active terms.
+---------------------+
| Active Recorder Terms |
+-----------+---------+
|   Index   | Name    |
+-----------+---------+
+-----------+---------+

[INFO]: Resolved joint names for the action term JointPositionAction: ['arm_left_shoulder_pitch_joint', 'arm_left_shoulder_roll_joint', 'arm_left_shoulder_yaw_joint', 'arm_left_elbow_pitch_joint', 'arm_left_elbow_roll_joint', 'arm_right_shoulder_pitch_joint', 'arm_right_shoulder_roll_joint', 'arm_right_shoulder_yaw_joint', 'arm_right_elbow_pitch_joint', 'arm_right_elbow_roll_joint', 'leg_left_hip_roll_joint', 'leg_left_hip_yaw_joint', 'leg_left_hip_pitch_joint', 'leg_left_knee_pitch_joint', 'leg_left_ankle_pitch_joint', 'leg_left_ankle_roll_joint', 'leg_right_hip_roll_joint', 'leg_right_hip_yaw_joint', 'leg_right_hip_pitch_joint', 'leg_right_knee_pitch_joint', 'leg_right_ankle_pitch_joint', 'leg_right_ankle_roll_joint'] [[0, 4, 8, 12, 16, 1, 5, 9, 13, 17, 2, 6, 10, 14, 18, 20, 3, 7, 11, 15, 19, 21]]
[INFO]: Resolved joint names for the action term JointPositionAction: ['arm_left_shoulder_pitch_joint', 'arm_left_shoulder_roll_joint', 'arm_left_shoulder_yaw_joint', 'arm_left_elbow_pitch_joint', 'arm_left_elbow_roll_joint', 'arm_right_shoulder_pitch_joint', 'arm_right_shoulder_roll_joint', 'arm_right_shoulder_yaw_joint', 'arm_right_elbow_pitch_joint', 'arm_right_elbow_roll_joint', 'leg_left_hip_roll_joint', 'leg_left_hip_yaw_joint', 'leg_left_hip_pitch_joint', 'leg_left_knee_pitch_joint', 'leg_left_ankle_pitch_joint', 'leg_left_ankle_roll_joint', 'leg_right_hip_roll_joint', 'leg_right_hip_yaw_joint', 'leg_right_hip_pitch_joint', 'leg_right_knee_pitch_joint', 'leg_right_ankle_pitch_joint', 'leg_right_ankle_roll_joint'] [[0, 4, 8, 12, 16, 1, 5, 9, 13, 17, 2, 6, 10, 14, 18, 20, 3, 7, 11, 15, 19, 21]]
/nfs/hpc/share/sanchej7/Humanoid_Lite/venv-isaac60/lib/python3.12/site-packages/rsl_rl/utils/utils.py:251: UserWarning: The observation configuration dictionary 'obs_groups' does not contain the 'actor' key. As an observation group with the name 'policy' was found, this is assumed to be the appropriate observation. Consider adding the 'actor' key to the 'obs_groups' dictionary for clarity. This behavior will be removed in a future version.
  warnings.warn(
[INFO] Action Manager:  <ActionManager> contains 2 active terms.
+------------------------------------+
|  Active Action Terms (shape: 44)   |
+--------+--------------+------------+
| Index  | Name         |  Dimension |
+--------+--------------+------------+
|   0    | joint_pos_a  |         22 |
|   1    | joint_pos_b  |         22 |
+--------+--------------+------------+

[INFO] Observation Manager: <ObservationManager> contains 2 groups.
+-----------------------------------------------------------+
| Active Observation Terms in Group: 'policy' (shape: (194,)) |
+-----------+-----------------------------------+-----------+
|   Index   | Name                              |   Shape   |
+-----------+-----------------------------------+-----------+
|     0     | projected_gravity_a               |    (3,)   |
|     1     | projected_gravity_b               |    (3,)   |
|     2     | base_ang_vel_a                    |    (3,)   |
|     3     | base_ang_vel_b                    |    (3,)   |
|     4     | joint_pos_a                       |   (22,)   |
|     5     | joint_pos_b                       |   (22,)   |
|     6     | joint_vel_a                       |   (22,)   |
|     7     | joint_vel_b                       |   (22,)   |
|     8     | object_pos_a                      |    (3,)   |
|     9     | object_pos_b                      |    (3,)   |
|     10    | track_err_a                       |   (22,)   |
|     11    | track_err_b                       |   (22,)   |
|     12    | actions                           |   (44,)   |
+-----------+-----------------------------------+-----------+
+-----------------------------------------------------------+
| Active Observation Terms in Group: 'critic' (shape: (206,)) |
+-----------+-----------------------------------+-----------+
|   Index   | Name                              |   Shape   |
+-----------+-----------------------------------+-----------+
|     0     | projected_gravity_a               |    (3,)   |
|     1     | projected_gravity_b               |    (3,)   |
|     2     | base_ang_vel_a                    |    (3,)   |
|     3     | base_ang_vel_b                    |    (3,)   |
|     4     | joint_pos_a                       |   (22,)   |
|     5     | joint_pos_b                       |   (22,)   |
|     6     | joint_vel_a                       |   (22,)   |
|     7     | joint_vel_b                       |   (22,)   |
|     8     | object_pos_a                      |    (3,)   |
|     9     | object_pos_b                      |    (3,)   |
|     10    | track_err_a                       |   (22,)   |
|     11    | track_err_b                       |   (22,)   |
|     12    | actions                           |   (44,)   |
|     13    | base_lin_vel_a                    |    (3,)   |
|     14    | base_lin_vel_b                    |    (3,)   |
|     15    | object_lin_vel                    |    (3,)   |
|     16    | object_ang_vel                    |    (3,)   |
+-----------+-----------------------------------+-----------+

[INFO] Termination Manager:  <TerminationManager> contains 3 active terms.
+-----------------------------+
|   Active Termination Terms  |
+-------+----------+----------+
| Index | Name     | Time Out |
+-------+----------+----------+
|   0   | time_out |   True   |
|   1   | fallen   |  False   |
|   2   | success  |  False   |
+-------+----------+----------+

[INFO] Reward Manager:  <RewardManager> contains 18 active terms.
+--------------------------------------+
|         Active Reward Terms          |
+-------+---------------------+--------+
| Index | Name                | Weight |
+-------+---------------------+--------+
|   0   | reaching_coarse     |    1.0 |
|   1   | reaching_fine       |    1.0 |
|   2   | opposing_clamp      |    1.5 |
|   3   | lift_progress       |    2.0 |
|   4   | lifting_object      |   15.0 |
|   5   | object_vel          |  -0.05 |
|   6   | object_tilt         |   -1.5 |
|   7   | still_alive         |    1.0 |
|   8   | flat_a              |   -1.0 |
|   9   | flat_b              |   -1.0 |
|   10  | torques_a           | -2e-05 |
|   11  | torques_b           | -2e-05 |
|   12  | base_contact_a      |   -1.0 |
|   13  | base_contact_b      |   -1.0 |
|   14  | placed              | 5000.0 |
|   15  | fall_penalty        | -500.0 |
|   16  | deck_progress       |    3.0 |
|   17  | action_rate_clipped |  -0.01 |
+-------+---------------------+--------+

[INFO] Curriculum Manager:  <CurriculumManager> contains 17 active terms.
+--------------------------+
| Active Curriculum Terms  |
+-------+------------------+
| Index | Name             |
+-------+------------------+
|   0   | lift_height      |
|   1   | stage_lift       |
|   2   | base_height      |
|   3   | upright_gate     |
|   4   | fell_a           |
|   5   | fell_b           |
|   6   | over_deck        |
|   7   | cube_abs_x       |
|   8   | cube_tilted      |
|   9   | tipped_over_deck |
|   10  | pinch_dist       |
|   11  | cube_tilt_deg    |
|   12  | corner_clear     |
|   13  | roll_ok          |
|   14  | lift_paid        |
|   15  | released         |
|   16  | robot_force_max  |
+-------+------------------+

[INFO]: Completed setting up the environment...
--------------------------------------------------------------------------------
Resolved observation sets: 
	 policy :  ['policy']
	 critic :  ['critic']
	 actor :  ['policy']
--------------------------------------------------------------------------------
Actor Model: MLPModel(
  (obs_normalizer): Identity()
  (distribution): GaussianDistribution()
  (mlp): MLP(
    (0): Linear(in_features=194, out_features=256, bias=True)
    (1): ELU(alpha=1.0)
    (2): Linear(in_features=256, out_features=256, bias=True)
    (3): ELU(alpha=1.0)
    (4): Linear(in_features=256, out_features=128, bias=True)
    (5): ELU(alpha=1.0)
    (6): Linear(in_features=128, out_features=44, bias=True)
  )
)
Critic Model: MLPModel(
  (obs_normalizer): Identity()
  (mlp): MLP(
    (0): Linear(in_features=206, out_features=256, bias=True)
    (1): ELU(alpha=1.0)
    (2): Linear(in_features=256, out_features=256, bias=True)
    (3): ELU(alpha=1.0)
    (4): Linear(in_features=256, out_features=128, bias=True)
    (5): ELU(alpha=1.0)
    (6): Linear(in_features=128, out_features=1, bias=True)
  )
)
Could not find git repository in /nfs/hpc/share/sanchej7/Humanoid_Lite/venv-isaac60/lib/python3.12/site-packages/rsl_rl/__init__.py. Skipping.
Storing git diff for 'bhl-robustness-ladder' in: /nfs/hpc/share/sanchej7/Humanoid_Lite/bhl-robustness-ladder/external/Berkeley-Humanoid-Lite/logs/rsl_rl/task_v2/2026-10-02_03-31-37_v2-cubetoshelfstand4-blind-s100-j21506757-smoke/git/bhl-robustness-ladder.diff
################################################################################
[1m                            Learning iteration 0/20                             [0m 

                               Run name: v2-cubetoshelfstand4-blind-s100-j21506757-smoke
                            Total steps: 24576 
                       Steps per second: 3684 
                        Collection time: 6.212s 
                          Learning time: 0.458s 
                        Mean value loss: 3.7105
                    Mean surrogate loss: -0.0107
                      Mean entropy loss: 62.4138
                            Mean reward: -7.35
                    Mean episode length: 15.82
                        Mean action std: 1.00
         Episode_Reward/reaching_coarse: 0.0132
           Episode_Reward/reaching_fine: 0.0042
          Episode_Reward/opposing_clamp: 0.0059
           Episode_Reward/lift_progress: 0.0001
          Episode_Reward/lifting_object: 0.0000
              Episode_Reward/object_vel: -0.0000
             Episode_Reward/object_tilt: -0.0000
             Episode_Reward/still_alive: 0.0244
                  Episode_Reward/flat_a: -0.0011
                  Episode_Reward/flat_b: -0.0008
               Episode_Reward/torques_a: -0.0001
               Episode_Reward/torques_b: -0.0001
          Episode_Reward/base_contact_a: -0.0003
          Episode_Reward/base_contact_b: -0.0001
                  Episode_Reward/placed: 0.0000
            Episode_Reward/fall_penalty: -0.1936
           Episode_Reward/deck_progress: 0.0048
     Episode_Reward/action_rate_clipped: -0.0212
                 Curriculum/lift_height: 0.0400
                  Curriculum/stage_lift: 1.0000
                 Curriculum/base_height: -0.0460
                Curriculum/upright_gate: 0.7391
                      Curriculum/fell_a: 0.1195
                      Curriculum/fell_b: 0.0741
                   Curriculum/over_deck: 0.0000
                  Curriculum/cube_abs_x: 0.0098
                 Curriculum/cube_tilted: 0.0006
            Curriculum/tipped_over_deck: 0.0000
                  Curriculum/pinch_dist: 0.1227
               Curriculum/cube_tilt_deg: 0.3728
                Curriculum/corner_clear: -0.0029
                     Curriculum/roll_ok: 0.0000
                   Curriculum/lift_paid: 0.0000
                    Curriculum/released: 0.6031
             Curriculum/robot_force_max: 12.6165
           Episode_Termination/time_out: 0.0226
             Episode_Termination/fallen: 0.0026
            Episode_Termination/success: 0.0000
--------------------------------------------------------------------------------
                         Iteration time: 6.67s
                           Time elapsed: 00:00:06
                                    ETA: 00:02:06

################################################################################
[1m                            Learning iteration 1/20                             [0m 

                               Run name: v2-cubetoshelfstand4-blind-s100-j21506757-smoke
                            Total steps: 49152 
                       Steps per second: 5493 
                        Collection time: 4.384s 
                          Learning time: 0.089s 
                        Mean value loss: 53.4532
                    Mean surrogate loss: -0.0176
                      Mean entropy loss: 62.4193
                            Mean reward: -18.18
                    Mean episode length: 44.73
                        Mean action std: 1.00
         Episode_Reward/reaching_coarse: 0.0258
           Episode_Reward/reaching_fine: 0.0087
          Episode_Reward/opposing_clamp: 0.0115
           Episode_Reward/lift_progress: 0.0003
          Episode_Reward/lifting_object: 0.0000
              Episode_Reward/object_vel: -0.0001
             Episode_Reward/object_tilt: -0.0002
             Episode_Reward/still_alive: 0.0708
                  Episode_Reward/flat_a: -0.0070
                  Episode_Reward/flat_b: -0.0069
               Episode_Reward/torques_a: -0.0002
               Episode_Reward/torques_b: -0.0002
          Episode_Reward/base_contact_a: -0.0057
          Episode_Reward/base_contact_b: -0.0063
                  Episode_Reward/placed: 0.0000
            Episode_Reward/fall_penalty: -0.9282
           Episode_Reward/deck_progress: 0.0095
     Episode_Reward/action_rate_clipped: -0.0637
                 Curriculum/lift_height: 0.0400
                  Curriculum/stage_lift: 1.0000
                 Curriculum/base_height: -0.0440
                Curriculum/upright_gate: 0.3653
                      Curriculum/fell_a: 0.4992
                      Curriculum/fell_b: 0.4331
                   Curriculum/over_deck: 0.0017
                  Curriculum/cube_abs_x: 0.0187
                 Curriculum/cube_tilted: 0.0095
            Curriculum/tipped_over_deck: 0.0017
                  Curriculum/pinch_dist: 0.1449
               Curriculum/cube_tilt_deg: 2.0440
                Curriculum/corner_clear: -0.0092
                     Curriculum/roll_ok: 0.0001
                   Curriculum/lift_paid: 0.0001
                    Curriculum/released: 0.3962
             Curriculum/robot_force_max: 40.0211
           Episode_Termination/time_out: 0.0544
             Episode_Termination/fallen: 0.2955
            Episode_Termination/success: 0.0000
--------------------------------------------------------------------------------
                         Iteration time: 4.47s
                           Time elapsed: 00:00:11
                                    ETA: 00:01:40

################################################################################
[1m                            Learning iteration 2/20                             [0m 

                               Run name: v2-cubetoshelfstand4-blind-s100-j21506757-smoke
                            Total steps: 73728 
                       Steps per second: 5305 
                        Collection time: 4.542s 
                          Learning time: 0.091s 
                        Mean value loss: 38.2312
                    Mean surrogate loss: -0.0200
                      Mean entropy loss: 62.4416
                            Mean reward: -18.93
                    Mean episode length: 48.20
                        Mean action std: 1.00
         Episode_Reward/reaching_coarse: 0.0279
           Episode_Reward/reaching_fine: 0.0097
          Episode_Reward/opposing_clamp: 0.0125
           Episode_Reward/lift_progress: 0.0005
          Episode_Reward/lifting_object: 0.0000
              Episode_Reward/object_vel: -0.0002
             Episode_Reward/object_tilt: -0.0003
             Episode_Reward/still_alive: 0.0927
                  Episode_Reward/flat_a: -0.0106
                  Episode_Reward/flat_b: -0.0108
               Episode_Reward/torques_a: -0.0003
               Episode_Reward/torques_b: -0.0003
          Episode_Reward/base_contact_a: -0.0128
          Episode_Reward/base_contact_b: -0.0133
                  Episode_Reward/placed: 0.0000
            Episode_Reward/fall_penalty: -0.9719
           Episode_Reward/deck_progress: 0.0103
     Episode_Reward/action_rate_clipped: -0.0831
                 Curriculum/lift_height: 0.0400
                  Curriculum/stage_lift: 1.0000
                 Curriculum/base_height: -0.0439
                Curriculum/upright_gate: 0.3693
                      Curriculum/fell_a: 0.5034
                      Curriculum/fell_b: 0.4812
                   Curriculum/over_deck: 0.0017
                  Curriculum/cube_abs_x: 0.0197
                 Curriculum/cube_tilted: 0.0129
            Curriculum/tipped_over_deck: 0.0016
                  Curriculum/pinch_dist: 0.1399
               Curriculum/cube_tilt_deg: 2.2645
                Curriculum/corner_clear: -0.0097
                     Curriculum/roll_ok: 0.0001
                   Curriculum/lift_paid: 0.0000
                    Curriculum/released: 0.3779
             Curriculum/robot_force_max: 45.0438
           Episode_Termination/time_out: 0.0535
             Episode_Termination/fallen: 0.6575
            Episode_Termination/success: 0.0000
--------------------------------------------------------------------------------
                         Iteration time: 4.63s
                           Time elapsed: 00:00:15
                                    ETA: 00:01:29

################################################################################
[1m                            Learning iteration 3/20                             [0m 

                               Run name: v2-cubetoshelfstand4-blind-s100-j21506757-smoke
                            Total steps: 98304 
                       Steps per second: 5206 
                        Collection time: 4.629s 
                          Learning time: 0.091s 
                        Mean value loss: 37.1065
                    Mean surrogate loss: -0.0162
                      Mean entropy loss: 62.4584
                            Mean reward: -19.68
                    Mean episode length: 50.70
                        Mean action std: 1.00
         Episode_Reward/reaching_coarse: 0.0293
           Episode_Reward/reaching_fine: 0.0103
          Episode_Reward/opposing_clamp: 0.0132
           Episode_Reward/lift_progress: 0.0004
          Episode_Reward/lifting_object: 0.0000
              Episode_Reward/object_vel: -0.0001
             Episode_Reward/object_tilt: -0.0002
             Episode_Reward/still_alive: 0.1004
                  Episode_Reward/flat_a: -0.0114
                  Episode_Reward/flat_b: -0.0122
               Episode_Reward/torques_a: -0.0003
               Episode_Reward/torques_b: -0.0003
          Episode_Reward/base_contact_a: -0.0147
          Episode_Reward/base_contact_b: -0.0153
                  Episode_Reward/placed: 0.0000
            Episode_Reward/fall_penalty: -0.9789
           Episode_Reward/deck_progress: 0.0108
     Episode_Reward/action_rate_clipped: -0.0898
                 Curriculum/lift_height: 0.0400
                  Curriculum/stage_lift: 1.0000
                 Curriculum/base_height: -0.0434
                Curriculum/upright_gate: 0.3580
                      Curriculum/fell_a: 0.5017
                      Curriculum/fell_b: 0.4842
                   Curriculum/over_deck: 0.0014
                  Curriculum/cube_abs_x: 0.0198
                 Curriculum/cube_tilted: 0.0109
            Curriculum/tipped_over_deck: 0.0014
                  Curriculum/pinch_dist: 0.1413
               Curriculum/cube_tilt_deg: 2.2919
                Curriculum/corner_clear: -0.0102
                     Curriculum/roll_ok: 0.0002
                   Curriculum/lift_paid: 0.0002
                    Curriculum/released: 0.3781
             Curriculum/robot_force_max: 52.5376
           Episode_Termination/time_out: 0.0441
             Episode_Termination/fallen: 0.8029
            Episode_Termination/success: 0.0000
--------------------------------------------------------------------------------
                         Iteration time: 4.72s
                           Time elapsed: 00:00:20
                                    ETA: 00:01:21

################################################################################
[1m                            Learning iteration 4/20                             [0m 

                               Run name: v2-cubetoshelfstand4-blind-s100-j21506757-smoke
                            Total steps: 122880 
                       Steps per second: 5273 
                        Collection time: 4.570s 
                          Learning time: 0.090s 
                        Mean value loss: 32.3230
                    Mean surrogate loss: -0.0201
                      Mean entropy loss: 62.4753
                            Mean reward: -19.49
                    Mean episode length: 55.10
                        Mean action std: 1.00
         Episode_Reward/reaching_coarse: 0.0288
           Episode_Reward/reaching_fine: 0.0100
          Episode_Reward/opposing_clamp: 0.0125
           Episode_Reward/lift_progress: 0.0005
          Episode_Reward/lifting_object: 0.0000
              Episode_Reward/object_vel: -0.0002
             Episode_Reward/object_tilt: -0.0003
             Episode_Reward/still_alive: 0.1078
                  Episode_Reward/flat_a: -0.0135
                  Episode_Reward/flat_b: -0.0135
               Episode_Reward/torques_a: -0.0004
               Episode_Reward/torques_b: -0.0004
          Episode_Reward/base_contact_a: -0.0202
          Episode_Reward/base_contact_b: -0.0198
                  Episode_Reward/placed: 0.0000
            Episode_Reward/fall_penalty: -0.9858
           Episode_Reward/deck_progress: 0.0107
     Episode_Reward/action_rate_clipped: -0.0970
                 Curriculum/lift_height: 0.0400
                  Curriculum/stage_lift: 1.0000
                 Curriculum/base_height: -0.0431
                Curriculum/upright_gate: 0.3363
                      Curriculum/fell_a: 0.4901
                      Curriculum/fell_b: 0.5054
                   Curriculum/over_deck: 0.0020
                  Curriculum/cube_abs_x: 0.0207
                 Curriculum/cube_tilted: 0.0118
            Curriculum/tipped_over_deck: 0.0020
                  Curriculum/pinch_dist: 0.1410
               Curriculum/cube_tilt_deg: 2.4546
                Curriculum/corner_clear: -0.0107
                     Curriculum/roll_ok: 0.0002
                   Curriculum/lift_paid: 0.0002
                    Curriculum/released: 0.3518
             Curriculum/robot_force_max: 61.8206
           Episode_Termination/time_out: 0.0296
             Episode_Termination/fallen: 0.8826
            Episode_Termination/success: 0.0000
--------------------------------------------------------------------------------
                         Iteration time: 4.66s
                           Time elapsed: 00:00:25
                                    ETA: 00:01:15

################################################################################
[1m                            Learning iteration 5/20                             [0m 

                               Run name: v2-cubetoshelfstand4-blind-s100-j21506757-smoke
                            Total steps: 147456 
                       Steps per second: 5276 
                        Collection time: 4.565s 
                          Learning time: 0.092s 
                        Mean value loss: 32.2132
                    Mean surrogate loss: -0.0171
                      Mean entropy loss: 62.4782
                            Mean reward: -19.57
                    Mean episode length: 59.50
                        Mean action std: 1.00
         Episode_Reward/reaching_coarse: 0.0298
           Episode_Reward/reaching_fine: 0.0107
          Episode_Reward/opposing_clamp: 0.0135
           Episode_Reward/lift_progress: 0.0005
          Episode_Reward/lifting_object: 0.0000
              Episode_Reward/object_vel: -0.0002
             Episode_Reward/object_tilt: -0.0005
             Episode_Reward/still_alive: 0.1155
                  Episode_Reward/flat_a: -0.0149
                  Episode_Reward/flat_b: -0.0146
               Episode_Reward/torques_a: -0.0004
               Episode_Reward/torques_b: -0.0004
          Episode_Reward/base_contact_a: -0.0212
          Episode_Reward/base_contact_b: -0.0209
                  Episode_Reward/placed: 0.0000
            Episode_Reward/fall_penalty: -0.9878
           Episode_Reward/deck_progress: 0.0111
     Episode_Reward/action_rate_clipped: -0.1041
                 Curriculum/lift_height: 0.0400
                  Curriculum/stage_lift: 1.0000
                 Curriculum/base_height: -0.0433
                Curriculum/upright_gate: 0.3397
                      Curriculum/fell_a: 0.4981
                      Curriculum/fell_b: 0.4923
                   Curriculum/over_deck: 0.0031
                  Curriculum/cube_abs_x: 0.0207
                 Curriculum/cube_tilted: 0.0116
            Curriculum/tipped_over_deck: 0.0031
                  Curriculum/pinch_dist: 0.1414
               Curriculum/cube_tilt_deg: 2.4432
                Curriculum/corner_clear: -0.0109
                     Curriculum/roll_ok: 0.0002
                   Curriculum/lift_paid: 0.0002
                    Curriculum/released: 0.3562
             Curriculum/robot_force_max: 61.8085
           Episode_Termination/time_out: 0.0171
             Episode_Termination/fallen: 0.9294
            Episode_Termination/success: 0.0000
--------------------------------------------------------------------------------
                         Iteration time: 4.66s
                           Time elapsed: 00:00:29
                                    ETA: 00:01:09

################################################################################
[1m                            Learning iteration 6/20                             [0m 

                               Run name: v2-cubetoshelfstand4-blind-s100-j21506757-smoke
                            Total steps: 172032 
                       Steps per second: 5282 
                        Collection time: 4.559s 
                          Learning time: 0.093s 
                        Mean value loss: 30.0760
                    Mean surrogate loss: -0.0186
                      Mean entropy loss: 62.4879
                            Mean reward: -19.94
                    Mean episode length: 61.63
                        Mean action std: 1.00
         Episode_Reward/reaching_coarse: 0.0290
           Episode_Reward/reaching_fine: 0.0104
          Episode_Reward/opposing_clamp: 0.0131
           Episode_Reward/lift_progress: 0.0006
          Episode_Reward/lifting_object: 0.0000
              Episode_Reward/object_vel: -0.0002
             Episode_Reward/object_tilt: -0.0003
             Episode_Reward/still_alive: 0.1146
                  Episode_Reward/flat_a: -0.0147
                  Episode_Reward/flat_b: -0.0152
               Episode_Reward/torques_a: -0.0004
               Episode_Reward/torques_b: -0.0004
          Episode_Reward/base_contact_a: -0.0175
          Episode_Reward/base_contact_b: -0.0225
                  Episode_Reward/placed: 0.0000
            Episode_Reward/fall_penalty: -1.0000
           Episode_Reward/deck_progress: 0.0108
     Episode_Reward/action_rate_clipped: -0.1028
                 Curriculum/lift_height: 0.0400
                  Curriculum/stage_lift: 1.0000
                 Curriculum/base_height: -0.0439
                Curriculum/upright_gate: 0.3380
                      Curriculum/fell_a: 0.5443
                      Curriculum/fell_b: 0.4580
                   Curriculum/over_deck: 0.0024
                  Curriculum/cube_abs_x: 0.0216
                 Curriculum/cube_tilted: 0.0130
            Curriculum/tipped_over_deck: 0.0023
                  Curriculum/pinch_dist: 0.1411
               Curriculum/cube_tilt_deg: 2.8589
                Curriculum/corner_clear: -0.0114
                     Curriculum/roll_ok: 0.0004
                   Curriculum/lift_paid: 0.0004
                    Curriculum/released: 0.3490
             Curriculum/robot_force_max: 58.0136
           Episode_Termination/time_out: 0.0111
             Episode_Termination/fallen: 0.9510
            Episode_Termination/success: 0.0000
--------------------------------------------------------------------------------
                         Iteration time: 4.65s
                           Time elapsed: 00:00:34
                                    ETA: 00:01:04

################################################################################
[1m                            Learning iteration 7/20                             [0m 

                               Run name: v2-cubetoshelfstand4-blind-s100-j21506757-smoke
                            Total steps: 196608 
                       Steps per second: 5257 
                        Collection time: 4.587s 
                          Learning time: 0.088s 
                        Mean value loss: 26.5946
                    Mean surrogate loss: -0.0171
                      Mean entropy loss: 62.5068
                            Mean reward: -19.80
                    Mean episode length: 57.53
                        Mean action std: 1.00
         Episode_Reward/reaching_coarse: 0.0319
           Episode_Reward/reaching_fine: 0.0117
          Episode_Reward/opposing_clamp: 0.0145
           Episode_Reward/lift_progress: 0.0008
          Episode_Reward/lifting_object: 0.0000
              Episode_Reward/object_vel: -0.0002
             Episode_Reward/object_tilt: -0.0004
             Episode_Reward/still_alive: 0.1199
                  Episode_Reward/flat_a: -0.0148
                  Episode_Reward/flat_b: -0.0145
               Episode_Reward/torques_a: -0.0004
               Episode_Reward/torques_b: -0.0004
          Episode_Reward/base_contact_a: -0.0204
          Episode_Reward/base_contact_b: -0.0206
                  Episode_Reward/placed: 0.0000
            Episode_Reward/fall_penalty: -0.9886
           Episode_Reward/deck_progress: 0.0118
     Episode_Reward/action_rate_clipped: -0.1080
                 Curriculum/lift_height: 0.0400
                  Curriculum/stage_lift: 1.0000
                 Curriculum/base_height: -0.0440
                Curriculum/upright_gate: 0.3401
                      Curriculum/fell_a: 0.4847
                      Curriculum/fell_b: 0.5083
                   Curriculum/over_deck: 0.0020
                  Curriculum/cube_abs_x: 0.0215
                 Curriculum/cube_tilted: 0.0135
            Curriculum/tipped_over_deck: 0.0020
                  Curriculum/pinch_dist: 0.1404
               Curriculum/cube_tilt_deg: 2.8212
                Curriculum/corner_clear: -0.0114
                     Curriculum/roll_ok: 0.0002
                   Curriculum/lift_paid: 0.0002
                    Curriculum/released: 0.3457
             Curriculum/robot_force_max: 58.9836
           Episode_Termination/time_out: 0.0103
             Episode_Termination/fallen: 0.9605
            Episode_Termination/success: 0.0000
--------------------------------------------------------------------------------
                         Iteration time: 4.67s
                           Time elapsed: 00:00:39
                                    ETA: 00:00:58

################################################################################
[1m                            Learning iteration 8/20                             [0m 

                               Run name: v2-cubetoshelfstand4-blind-s100-j21506757-smoke
                            Total steps: 221184 
                       Steps per second: 5149 
                        Collection time: 4.681s 
                          Learning time: 0.091s 
                        Mean value loss: 26.7007
                    Mean surrogate loss: -0.0189
                      Mean entropy loss: 62.5189
                            Mean reward: -19.39
                    Mean episode length: 54.82
                        Mean action std: 1.00
         Episode_Reward/reaching_coarse: 0.0305
           Episode_Reward/reaching_fine: 0.0111
          Episode_Reward/opposing_clamp: 0.0138
           Episode_Reward/lift_progress: 0.0007
          Episode_Reward/lifting_object: 0.0000
              Episode_Reward/object_vel: -0.0002
             Episode_Reward/object_tilt: -0.0004
             Episode_Reward/still_alive: 0.1192
                  Episode_Reward/flat_a: -0.0145
                  Episode_Reward/flat_b: -0.0154
               Episode_Reward/torques_a: -0.0004
               Episode_Reward/torques_b: -0.0004
          Episode_Reward/base_contact_a: -0.0198
          Episode_Reward/base_contact_b: -0.0257
                  Episode_Reward/placed: 0.0000
            Episode_Reward/fall_penalty: -0.9945
           Episode_Reward/deck_progress: 0.0113
     Episode_Reward/action_rate_clipped: -0.1076
                 Curriculum/lift_height: 0.0400
                  Curriculum/stage_lift: 1.0000
                 Curriculum/base_height: -0.0440
                Curriculum/upright_gate: 0.3428
                      Curriculum/fell_a: 0.5362
                      Curriculum/fell_b: 0.4624
                   Curriculum/over_deck: 0.0027
                  Curriculum/cube_abs_x: 0.0213
                 Curriculum/cube_tilted: 0.0143
            Curriculum/tipped_over_deck: 0.0027
                  Curriculum/pinch_dist: 0.1405
               Curriculum/cube_tilt_deg: 2.7374
                Curriculum/corner_clear: -0.0111
                     Curriculum/roll_ok: 0.0002
                   Curriculum/lift_paid: 0.0002
                    Curriculum/released: 0.3537
             Curriculum/robot_force_max: 56.7902
           Episode_Termination/time_out: 0.0094
             Episode_Termination/fallen: 0.9717
            Episode_Termination/success: 0.0000
--------------------------------------------------------------------------------
                         Iteration time: 4.77s
                           Time elapsed: 00:00:43
                                    ETA: 00:00:53

################################################################################
[1m                            Learning iteration 9/20                             [0m 

                               Run name: v2-cubetoshelfstand4-blind-s100-j21506757-smoke
                            Total steps: 245760 
                       Steps per second: 5227 
                        Collection time: 4.609s 
                          Learning time: 0.093s 
                        Mean value loss: 23.0231
                    Mean surrogate loss: -0.0175
                      Mean entropy loss: 62.5243
                            Mean reward: -19.66
                    Mean episode length: 62.45
                        Mean action std: 1.00
         Episode_Reward/reaching_coarse: 0.0313
           Episode_Reward/reaching_fine: 0.0114
          Episode_Reward/opposing_clamp: 0.0141
           Episode_Reward/lift_progress: 0.0007
          Episode_Reward/lifting_object: 0.0000
              Episode_Reward/object_vel: -0.0002
             Episode_Reward/object_tilt: -0.0002
             Episode_Reward/still_alive: 0.1222
                  Episode_Reward/flat_a: -0.0144
                  Episode_Reward/flat_b: -0.0158
               Episode_Reward/torques_a: -0.0004
               Episode_Reward/torques_b: -0.0004
          Episode_Reward/base_contact_a: -0.0211
          Episode_Reward/base_contact_b: -0.0226
                  Episode_Reward/placed: 0.0000
            Episode_Reward/fall_penalty: -0.9952
           Episode_Reward/deck_progress: 0.0117
     Episode_Reward/action_rate_clipped: -0.1103
                 Curriculum/lift_height: 0.0400
                  Curriculum/stage_lift: 1.0000
                 Curriculum/base_height: -0.0443
                Curriculum/upright_gate: 0.3431
                      Curriculum/fell_a: 0.4915
                      Curriculum/fell_b: 0.5142
                   Curriculum/over_deck: 0.0020
                  Curriculum/cube_abs_x: 0.0210
                 Curriculum/cube_tilted: 0.0148
            Curriculum/tipped_over_deck: 0.0020
                  Curriculum/pinch_dist: 0.1401
               Curriculum/cube_tilt_deg: 2.8818
                Curriculum/corner_clear: -0.0112
                     Curriculum/roll_ok: 0.0003
                   Curriculum/lift_paid: 0.0003
                    Curriculum/released: 0.3559
             Curriculum/robot_force_max: 58.5390
           Episode_Termination/time_out: 0.0085
             Episode_Termination/fallen: 0.9821
            Episode_Termination/success: 0.0000
--------------------------------------------------------------------------------
                         Iteration time: 4.70s
                           Time elapsed: 00:00:48
                                    ETA: 00:00:48

################################################################################
[1m                            Learning iteration 10/20                            [0m 

                               Run name: v2-cubetoshelfstand4-blind-s100-j21506757-smoke
                            Total steps: 270336 
                       Steps per second: 5260 
                        Collection time: 4.586s 
                          Learning time: 0.086s 
                        Mean value loss: 23.1454
                    Mean surrogate loss: -0.0189
                      Mean entropy loss: 62.5332
                            Mean reward: -20.35
                    Mean episode length: 62.41
                        Mean action std: 1.00
         Episode_Reward/reaching_coarse: 0.0295
           Episode_Reward/reaching_fine: 0.0104
          Episode_Reward/opposing_clamp: 0.0131
           Episode_Reward/lift_progress: 0.0007
          Episode_Reward/lifting_object: 0.0000
              Episode_Reward/object_vel: -0.0002
             Episode_Reward/object_tilt: -0.0008
             Episode_Reward/still_alive: 0.1181
                  Episode_Reward/flat_a: -0.0147
                  Episode_Reward/flat_b: -0.0160
               Episode_Reward/torques_a: -0.0004
               Episode_Reward/torques_b: -0.0004
          Episode_Reward/base_contact_a: -0.0217
          Episode_Reward/base_contact_b: -0.0216
                  Episode_Reward/placed: 0.0000
            Episode_Reward/fall_penalty: -1.0000
           Episode_Reward/deck_progress: 0.0111
     Episode_Reward/action_rate_clipped: -0.1067
                 Curriculum/lift_height: 0.0400
                  Curriculum/stage_lift: 1.0000
                 Curriculum/base_height: -0.0436
                Curriculum/upright_gate: 0.3319
                      Curriculum/fell_a: 0.5274
                      Curriculum/fell_b: 0.4827
                   Curriculum/over_deck: 0.0047
                  Curriculum/cube_abs_x: 0.0214
                 Curriculum/cube_tilted: 0.0174
            Curriculum/tipped_over_deck: 0.0038
                  Curriculum/pinch_dist: 0.1426
               Curriculum/cube_tilt_deg: 2.9297
                Curriculum/corner_clear: -0.0113
                     Curriculum/roll_ok: 0.0003
                   Curriculum/lift_paid: 0.0003
                    Curriculum/released: 0.3480
             Curriculum/robot_force_max: 64.9371
           Episode_Termination/time_out: 0.0074
             Episode_Termination/fallen: 0.9862
            Episode_Termination/success: 0.0000
--------------------------------------------------------------------------------
                         Iteration time: 4.67s
                           Time elapsed: 00:00:53
                                    ETA: 00:00:43

################################################################################
[1m                            Learning iteration 11/20                            [0m 

                               Run name: v2-cubetoshelfstand4-blind-s100-j21506757-smoke
                            Total steps: 294912 
                       Steps per second: 5236 
                        Collection time: 4.610s 
                          Learning time: 0.084s 
                        Mean value loss: 20.2897
                    Mean surrogate loss: -0.0172
                      Mean entropy loss: 62.5541
                            Mean reward: -19.89
                    Mean episode length: 59.78
                        Mean action std: 1.00
         Episode_Reward/reaching_coarse: 0.0304
           Episode_Reward/reaching_fine: 0.0109
          Episode_Reward/opposing_clamp: 0.0136
           Episode_Reward/lift_progress: 0.0007
          Episode_Reward/lifting_object: 0.0000
              Episode_Reward/object_vel: -0.0002
             Episode_Reward/object_tilt: -0.0005
             Episode_Reward/still_alive: 0.1193
                  Episode_Reward/flat_a: -0.0147
                  Episode_Reward/flat_b: -0.0155
               Episode_Reward/torques_a: -0.0004
               Episode_Reward/torques_b: -0.0004
          Episode_Reward/base_contact_a: -0.0239
          Episode_Reward/base_contact_b: -0.0221
                  Episode_Reward/placed: 0.0000
            Episode_Reward/fall_penalty: -0.9913
           Episode_Reward/deck_progress: 0.0113
     Episode_Reward/action_rate_clipped: -0.1080
                 Curriculum/lift_height: 0.0400
                  Curriculum/stage_lift: 1.0000
                 Curriculum/base_height: -0.0439
                Curriculum/upright_gate: 0.3288
                      Curriculum/fell_a: 0.4977
                      Curriculum/fell_b: 0.5131
                   Curriculum/over_deck: 0.0026
                  Curriculum/cube_abs_x: 0.0214
                 Curriculum/cube_tilted: 0.0138
            Curriculum/tipped_over_deck: 0.0026
                  Curriculum/pinch_dist: 0.1417
               Curriculum/cube_tilt_deg: 2.8033
                Curriculum/corner_clear: -0.0112
                     Curriculum/roll_ok: 0.0002
                   Curriculum/lift_paid: 0.0002
                    Curriculum/released: 0.3408
             Curriculum/robot_force_max: 64.1343
           Episode_Termination/time_out: 0.0046
             Episode_Termination/fallen: 0.9911
            Episode_Termination/success: 0.0000
--------------------------------------------------------------------------------
                         Iteration time: 4.69s
                           Time elapsed: 00:00:57
                                    ETA: 00:00:38

################################################################################
[1m                            Learning iteration 12/20                            [0m 

                               Run name: v2-cubetoshelfstand4-blind-s100-j21506757-smoke
                            Total steps: 319488 
                       Steps per second: 5231 
                        Collection time: 4.607s 
                          Learning time: 0.090s 
                        Mean value loss: 17.5948
                    Mean surrogate loss: -0.0188
                      Mean entropy loss: 62.5748
                            Mean reward: -19.99
                    Mean episode length: 60.81
                        Mean action std: 1.00
         Episode_Reward/reaching_coarse: 0.0298
           Episode_Reward/reaching_fine: 0.0107
          Episode_Reward/opposing_clamp: 0.0134
           Episode_Reward/lift_progress: 0.0007
          Episode_Reward/lifting_object: 0.0000
              Episode_Reward/object_vel: -0.0002
             Episode_Reward/object_tilt: -0.0004
             Episode_Reward/still_alive: 0.1248
                  Episode_Reward/flat_a: -0.0166
                  Episode_Reward/flat_b: -0.0168
               Episode_Reward/torques_a: -0.0004
               Episode_Reward/torques_b: -0.0004
          Episode_Reward/base_contact_a: -0.0264
          Episode_Reward/base_contact_b: -0.0259
                  Episode_Reward/placed: 0.0000
            Episode_Reward/fall_penalty: -1.0000
           Episode_Reward/deck_progress: 0.0111
     Episode_Reward/action_rate_clipped: -0.1130
                 Curriculum/lift_height: 0.0400
                  Curriculum/stage_lift: 1.0000
                 Curriculum/base_height: -0.0443
                Curriculum/upright_gate: 0.3426
                      Curriculum/fell_a: 0.5524
                      Curriculum/fell_b: 0.4602
                   Curriculum/over_deck: 0.0027
                  Curriculum/cube_abs_x: 0.0215
                 Curriculum/cube_tilted: 0.0145
            Curriculum/tipped_over_deck: 0.0024
                  Curriculum/pinch_dist: 0.1394
               Curriculum/cube_tilt_deg: 2.8658
                Curriculum/corner_clear: -0.0113
                     Curriculum/roll_ok: 0.0003
                   Curriculum/lift_paid: 0.0003
                    Curriculum/released: 0.3468
             Curriculum/robot_force_max: 60.9183
           Episode_Termination/time_out: 0.0031
             Episode_Termination/fallen: 0.9939
            Episode_Termination/success: 0.0000
--------------------------------------------------------------------------------
                         Iteration time: 4.70s
                           Time elapsed: 00:01:02
                                    ETA: 00:00:33

################################################################################
[1m                            Learning iteration 13/20                            [0m 

                               Run name: v2-cubetoshelfstand4-blind-s100-j21506757-smoke
                            Total steps: 344064 
                       Steps per second: 4847 
                        Collection time: 4.977s 
                          Learning time: 0.092s 
                        Mean value loss: 17.5328
                    Mean surrogate loss: -0.0174
                      Mean entropy loss: 62.5836
                            Mean reward: -19.44
                    Mean episode length: 62.94
                        Mean action std: 1.00
         Episode_Reward/reaching_coarse: 0.0319
           Episode_Reward/reaching_fine: 0.0118
          Episode_Reward/opposing_clamp: 0.0144
           Episode_Reward/lift_progress: 0.0008
          Episode_Reward/lifting_object: 0.0000
              Episode_Reward/object_vel: -0.0002
             Episode_Reward/object_tilt: -0.0002
             Episode_Reward/still_alive: 0.1229
                  Episode_Reward/flat_a: -0.0150
                  Episode_Reward/flat_b: -0.0149
               Episode_Reward/torques_a: -0.0004
               Episode_Reward/torques_b: -0.0004
          Episode_Reward/base_contact_a: -0.0211
          Episode_Reward/base_contact_b: -0.0209
                  Episode_Reward/placed: 0.0000
            Episode_Reward/fall_penalty: -0.9980
           Episode_Reward/deck_progress: 0.0119
     Episode_Reward/action_rate_clipped: -0.1116
                 Curriculum/lift_height: 0.0400
                  Curriculum/stage_lift: 1.0000
                 Curriculum/base_height: -0.0444
                Curriculum/upright_gate: 0.3398
                      Curriculum/fell_a: 0.5440
                      Curriculum/fell_b: 0.4626
                   Curriculum/over_deck: 0.0025
                  Curriculum/cube_abs_x: 0.0216
                 Curriculum/cube_tilted: 0.0101
            Curriculum/tipped_over_deck: 0.0017
                  Curriculum/pinch_dist: 0.1392
               Curriculum/cube_tilt_deg: 2.7117
                Curriculum/corner_clear: -0.0114
                     Curriculum/roll_ok: 0.0000
                   Curriculum/lift_paid: 0.0000
                    Curriculum/released: 0.3408
             Curriculum/robot_force_max: 58.3696
           Episode_Termination/time_out: 0.0022
             Episode_Termination/fallen: 0.9951
            Episode_Termination/success: 0.0000
--------------------------------------------------------------------------------
                         Iteration time: 5.07s
                           Time elapsed: 00:01:07
                                    ETA: 00:00:29

################################################################################
[1m                            Learning iteration 14/20                            [0m 

                               Run name: v2-cubetoshelfstand4-blind-s100-j21506757-smoke
                            Total steps: 368640 
                       Steps per second: 5204 
                        Collection time: 4.632s 
                          Learning time: 0.091s 
                        Mean value loss: 15.5408
                    Mean surrogate loss: -0.0184
                      Mean entropy loss: 62.5886
                            Mean reward: -19.93
                    Mean episode length: 61.30
                        Mean action std: 1.00
         Episode_Reward/reaching_coarse: 0.0311
           Episode_Reward/reaching_fine: 0.0113
          Episode_Reward/opposing_clamp: 0.0141
           Episode_Reward/lift_progress: 0.0007
          Episode_Reward/lifting_object: 0.0000
              Episode_Reward/object_vel: -0.0002
             Episode_Reward/object_tilt: -0.0005
             Episode_Reward/still_alive: 0.1241
                  Episode_Reward/flat_a: -0.0160
                  Episode_Reward/flat_b: -0.0157
               Episode_Reward/torques_a: -0.0004
               Episode_Reward/torques_b: -0.0004
          Episode_Reward/base_contact_a: -0.0246
          Episode_Reward/base_contact_b: -0.0235
                  Episode_Reward/placed: 0.0000
            Episode_Reward/fall_penalty: -0.9962
           Episode_Reward/deck_progress: 0.0116
     Episode_Reward/action_rate_clipped: -0.1127
                 Curriculum/lift_height: 0.0400
                  Curriculum/stage_lift: 1.0000
                 Curriculum/base_height: -0.0448
                Curriculum/upright_gate: 0.3318
                      Curriculum/fell_a: 0.5527
                      Curriculum/fell_b: 0.4494
                   Curriculum/over_deck: 0.0020
                  Curriculum/cube_abs_x: 0.0211
                 Curriculum/cube_tilted: 0.0077
            Curriculum/tipped_over_deck: 0.0017
                  Curriculum/pinch_dist: 0.1391
               Curriculum/cube_tilt_deg: 2.4326
                Curriculum/corner_clear: -0.0115
                     Curriculum/roll_ok: 0.0001
                   Curriculum/lift_paid: 0.0000
                    Curriculum/released: 0.3357
             Curriculum/robot_force_max: 60.5817
           Episode_Termination/time_out: 0.0036
             Episode_Termination/fallen: 0.9951
            Episode_Termination/success: 0.0000
--------------------------------------------------------------------------------
                         Iteration time: 4.72s
                           Time elapsed: 00:01:12
                                    ETA: 00:00:24

################################################################################
[1m                            Learning iteration 15/20                            [0m 

                               Run name: v2-cubetoshelfstand4-blind-s100-j21506757-smoke
                            Total steps: 393216 
                       Steps per second: 5196 
                        Collection time: 4.637s 
                          Learning time: 0.092s 
                        Mean value loss: 13.9902
                    Mean surrogate loss: -0.0176
                      Mean entropy loss: 62.5859
                            Mean reward: -19.99
                    Mean episode length: 57.46
                        Mean action std: 1.00
         Episode_Reward/reaching_coarse: 0.0320
           Episode_Reward/reaching_fine: 0.0116
          Episode_Reward/opposing_clamp: 0.0143
           Episode_Reward/lift_progress: 0.0007
          Episode_Reward/lifting_object: 0.0000
              Episode_Reward/object_vel: -0.0002
             Episode_Reward/object_tilt: -0.0003
             Episode_Reward/still_alive: 0.1308
                  Episode_Reward/flat_a: -0.0163
                  Episode_Reward/flat_b: -0.0170
               Episode_Reward/torques_a: -0.0004
               Episode_Reward/torques_b: -0.0004
          Episode_Reward/base_contact_a: -0.0277
          Episode_Reward/base_contact_b: -0.0244
                  Episode_Reward/placed: 0.0000
            Episode_Reward/fall_penalty: -1.0000
           Episode_Reward/deck_progress: 0.0119
     Episode_Reward/action_rate_clipped: -0.1190
                 Curriculum/lift_height: 0.0400
                  Curriculum/stage_lift: 1.0000
                 Curriculum/base_height: -0.0445
                Curriculum/upright_gate: 0.3231
                      Curriculum/fell_a: 0.5728
                      Curriculum/fell_b: 0.4307
                   Curriculum/over_deck: 0.0027
                  Curriculum/cube_abs_x: 0.0215
                 Curriculum/cube_tilted: 0.0098
            Curriculum/tipped_over_deck: 0.0023
                  Curriculum/pinch_dist: 0.1390
               Curriculum/cube_tilt_deg: 2.5162
                Curriculum/corner_clear: -0.0116
                     Curriculum/roll_ok: 0.0003
                   Curriculum/lift_paid: 0.0003
                    Curriculum/released: 0.3330
             Curriculum/robot_force_max: 61.8810
           Episode_Termination/time_out: 0.0033
             Episode_Termination/fallen: 0.9957
            Episode_Termination/success: 0.0000
--------------------------------------------------------------------------------
                         Iteration time: 4.73s
                           Time elapsed: 00:01:17
                                    ETA: 00:00:19

################################################################################
[1m                            Learning iteration 16/20                            [0m 

                               Run name: v2-cubetoshelfstand4-blind-s100-j21506757-smoke
                            Total steps: 417792 
                       Steps per second: 5210 
                        Collection time: 4.624s 
                          Learning time: 0.093s 
                        Mean value loss: 13.0106
                    Mean surrogate loss: -0.0178
                      Mean entropy loss: 62.5789
                            Mean reward: -20.35
                    Mean episode length: 63.72
                        Mean action std: 1.00
         Episode_Reward/reaching_coarse: 0.0307
           Episode_Reward/reaching_fine: 0.0111
          Episode_Reward/opposing_clamp: 0.0138
           Episode_Reward/lift_progress: 0.0006
          Episode_Reward/lifting_object: 0.0000
              Episode_Reward/object_vel: -0.0002
             Episode_Reward/object_tilt: -0.0004
             Episode_Reward/still_alive: 0.1228
                  Episode_Reward/flat_a: -0.0156
                  Episode_Reward/flat_b: -0.0155
               Episode_Reward/torques_a: -0.0004
               Episode_Reward/torques_b: -0.0004
          Episode_Reward/base_contact_a: -0.0247
          Episode_Reward/base_contact_b: -0.0235
                  Episode_Reward/placed: 0.0000
            Episode_Reward/fall_penalty: -0.9977
           Episode_Reward/deck_progress: 0.0115
     Episode_Reward/action_rate_clipped: -0.1117
                 Curriculum/lift_height: 0.0400
                  Curriculum/stage_lift: 1.0000
                 Curriculum/base_height: -0.0447
                Curriculum/upright_gate: 0.3147
                      Curriculum/fell_a: 0.5618
                      Curriculum/fell_b: 0.4448
                   Curriculum/over_deck: 0.0031
                  Curriculum/cube_abs_x: 0.0227
                 Curriculum/cube_tilted: 0.0123
            Curriculum/tipped_over_deck: 0.0031
                  Curriculum/pinch_dist: 0.1399
               Curriculum/cube_tilt_deg: 2.9293
                Curriculum/corner_clear: -0.0119
                     Curriculum/roll_ok: 0.0001
                   Curriculum/lift_paid: 0.0001
                    Curriculum/released: 0.3234
             Curriculum/robot_force_max: 65.7150
           Episode_Termination/time_out: 0.0014
             Episode_Termination/fallen: 0.9980
            Episode_Termination/success: 0.0000
--------------------------------------------------------------------------------
                         Iteration time: 4.72s
                           Time elapsed: 00:01:21
                                    ETA: 00:00:14

################################################################################
[1m                            Learning iteration 17/20                            [0m 

                               Run name: v2-cubetoshelfstand4-blind-s100-j21506757-smoke
                            Total steps: 442368 
                       Steps per second: 5147 
                        Collection time: 4.682s 
                          Learning time: 0.093s 
                        Mean value loss: 14.0546
                    Mean surrogate loss: -0.0189
                      Mean entropy loss: 62.5699
                            Mean reward: -20.23
                    Mean episode length: 65.98
                        Mean action std: 1.00
         Episode_Reward/reaching_coarse: 0.0324
           Episode_Reward/reaching_fine: 0.0120
          Episode_Reward/opposing_clamp: 0.0146
           Episode_Reward/lift_progress: 0.0008
          Episode_Reward/lifting_object: 0.0000
              Episode_Reward/object_vel: -0.0003
             Episode_Reward/object_tilt: -0.0007
             Episode_Reward/still_alive: 0.1372
                  Episode_Reward/flat_a: -0.0168
                  Episode_Reward/flat_b: -0.0185
               Episode_Reward/torques_a: -0.0005
               Episode_Reward/torques_b: -0.0005
          Episode_Reward/base_contact_a: -0.0259
          Episode_Reward/base_contact_b: -0.0299
                  Episode_Reward/placed: 0.0000
            Episode_Reward/fall_penalty: -1.0000
           Episode_Reward/deck_progress: 0.0121
     Episode_Reward/action_rate_clipped: -0.1246
                 Curriculum/lift_height: 0.0400
                  Curriculum/stage_lift: 1.0000
                 Curriculum/base_height: -0.0443
                Curriculum/upright_gate: 0.3075
                      Curriculum/fell_a: 0.5046
                      Curriculum/fell_b: 0.5105
                   Curriculum/over_deck: 0.0030
                  Curriculum/cube_abs_x: 0.0226
                 Curriculum/cube_tilted: 0.0123
            Curriculum/tipped_over_deck: 0.0028
                  Curriculum/pinch_dist: 0.1407
               Curriculum/cube_tilt_deg: 2.9850
                Curriculum/corner_clear: -0.0118
                     Curriculum/roll_ok: 0.0003
                   Curriculum/lift_paid: 0.0002
                    Curriculum/released: 0.3247
             Curriculum/robot_force_max: 66.6256
           Episode_Termination/time_out: 0.0019
             Episode_Termination/fallen: 0.9981
            Episode_Termination/success: 0.0000
--------------------------------------------------------------------------------
                         Iteration time: 4.77s
                           Time elapsed: 00:01:26
                                    ETA: 00:00:09

################################################################################
[1m                            Learning iteration 18/20                            [0m 

                               Run name: v2-cubetoshelfstand4-blind-s100-j21506757-smoke
                            Total steps: 466944 
                       Steps per second: 5121 
                        Collection time: 4.707s 
                          Learning time: 0.092s 
                        Mean value loss: 12.2509
                    Mean surrogate loss: -0.0167
                      Mean entropy loss: 62.5689
                            Mean reward: -19.92
                    Mean episode length: 58.12
                        Mean action std: 1.00
         Episode_Reward/reaching_coarse: 0.0319
           Episode_Reward/reaching_fine: 0.0118
          Episode_Reward/opposing_clamp: 0.0144
           Episode_Reward/lift_progress: 0.0009
          Episode_Reward/lifting_object: 0.0000
              Episode_Reward/object_vel: -0.0002
             Episode_Reward/object_tilt: -0.0006
             Episode_Reward/still_alive: 0.1303
                  Episode_Reward/flat_a: -0.0158
                  Episode_Reward/flat_b: -0.0175
               Episode_Reward/torques_a: -0.0004
               Episode_Reward/torques_b: -0.0004
          Episode_Reward/base_contact_a: -0.0228
          Episode_Reward/base_contact_b: -0.0278
                  Episode_Reward/placed: 0.0000
            Episode_Reward/fall_penalty: -1.0000
           Episode_Reward/deck_progress: 0.0118
     Episode_Reward/action_rate_clipped: -0.1186
                 Curriculum/lift_height: 0.0400
                  Curriculum/stage_lift: 1.0000
                 Curriculum/base_height: -0.0444
                Curriculum/upright_gate: 0.3158
                      Curriculum/fell_a: 0.5451
                      Curriculum/fell_b: 0.4572
                   Curriculum/over_deck: 0.0042
                  Curriculum/cube_abs_x: 0.0223
                 Curriculum/cube_tilted: 0.0116
            Curriculum/tipped_over_deck: 0.0034
                  Curriculum/pinch_dist: 0.1383
               Curriculum/cube_tilt_deg: 2.8101
                Curriculum/corner_clear: -0.0119
                     Curriculum/roll_ok: 0.0001
                   Curriculum/lift_paid: 0.0001
                    Curriculum/released: 0.3211
             Curriculum/robot_force_max: 65.5461
           Episode_Termination/time_out: 0.0010
             Episode_Termination/fallen: 0.9990
            Episode_Termination/success: 0.0000
--------------------------------------------------------------------------------
                         Iteration time: 4.80s
                           Time elapsed: 00:01:31
                                    ETA: 00:00:04

################################################################################
[1m                            Learning iteration 19/20                            [0m 

                               Run name: v2-cubetoshelfstand4-blind-s100-j21506757-smoke
                            Total steps: 491520 
                       Steps per second: 5190 
                        Collection time: 4.643s 
                          Learning time: 0.092s 
                        Mean value loss: 10.5805
                    Mean surrogate loss: -0.0193
                      Mean entropy loss: 62.5816
                            Mean reward: -20.04
                    Mean episode length: 66.67
                        Mean action std: 1.00
         Episode_Reward/reaching_coarse: 0.0325
           Episode_Reward/reaching_fine: 0.0121
          Episode_Reward/opposing_clamp: 0.0146
           Episode_Reward/lift_progress: 0.0009
          Episode_Reward/lifting_object: 0.0000
              Episode_Reward/object_vel: -0.0002
             Episode_Reward/object_tilt: -0.0003
             Episode_Reward/still_alive: 0.1349
                  Episode_Reward/flat_a: -0.0161
                  Episode_Reward/flat_b: -0.0177
               Episode_Reward/torques_a: -0.0005
               Episode_Reward/torques_b: -0.0004
          Episode_Reward/base_contact_a: -0.0295
          Episode_Reward/base_contact_b: -0.0254
                  Episode_Reward/placed: 0.0000
            Episode_Reward/fall_penalty: -1.0000
           Episode_Reward/deck_progress: 0.0122
     Episode_Reward/action_rate_clipped: -0.1232
                 Curriculum/lift_height: 0.0400
                  Curriculum/stage_lift: 1.0000
                 Curriculum/base_height: -0.0444
                Curriculum/upright_gate: 0.3091
                      Curriculum/fell_a: 0.4962
                      Curriculum/fell_b: 0.5126
                   Curriculum/over_deck: 0.0029
                  Curriculum/cube_abs_x: 0.0226
                 Curriculum/cube_tilted: 0.0145
            Curriculum/tipped_over_deck: 0.0028
                  Curriculum/pinch_dist: 0.1374
               Curriculum/cube_tilt_deg: 2.9634
                Curriculum/corner_clear: -0.0119
                     Curriculum/roll_ok: 0.0003
                   Curriculum/lift_paid: 0.0003
                    Curriculum/released: 0.3160
             Curriculum/robot_force_max: 72.2052
           Episode_Termination/time_out: 0.0010
             Episode_Termination/fallen: 0.9990
            Episode_Termination/success: 0.0000
--------------------------------------------------------------------------------
                         Iteration time: 4.73s
                           Time elapsed: 00:01:36
                                    ETA: 00:00:00

[INFO]: SimulationContext cleared
2026-10-02T10:32:05Z [44,282ms] [Warning] [omni.physx.tensors.plugin] Failed to find contact report API at '/World/envs/env_1008/robot_b/joints/imu'
2026-10-02T10:32:05Z [44,282ms] [Warning] [omni.physx.tensors.plugin] Failed to find contact report API at '/World/envs/env_1009/robot_b/joints/imu'
2026-10-02T10:32:05Z [44,282ms] [Warning] [omni.physx.tensors.plugin] Failed to find contact report API at '/World/envs/env_1010/robot_b/joints/imu'
2026-10-02T10:32:05Z [44,282ms] [Warning] [omni.physx.tensors.plugin] Failed to find contact report API at '/World/envs/env_1011/robot_b/joints/imu'
2026-10-02T10:32:05Z [44,282ms] [Warning] [omni.physx.tensors.plugin] Failed to find contact report API at '/World/envs/env_1012/robot_b/joints/imu'
2026-10-02T10:32:05Z [44,282ms] [Warning] [omni.physx.tensors.plugin] Failed to find contact report API at '/World/envs/env_1013/robot_b/joints/imu'
2026-10-02T10:32:05Z [44,282ms] [Warning] [omni.physx.tensors.plugin] Failed to find contact report API at '/World/envs/env_1014/robot_b/joints/imu'
2026-10-02T10:32:05Z [44,282ms] [Warning] [omni.physx.tensors.plugin] Failed to find contact report API at '/World/envs/env_1015/robot_b/joints/imu'
2026-10-02T10:32:05Z [44,282ms] [Warning] [omni.physx.tensors.plugin] Failed to find contact report API at '/World/envs/env_1016/robot_b/joints/imu'
2026-10-02T10:32:05Z [44,282ms] [Warning] [omni.physx.tensors.plugin] Failed to find contact report API at '/World/envs/env_1017/robot_b/joints/imu'
2026-10-02T10:32:05Z [44,282ms] [Warning] [omni.physx.tensors.plugin] Failed to find contact report API at '/World/envs/env_1018/robot_b/joints/imu'
2026-10-02T10:32:05Z [44,282ms] [Warning] [omni.physx.tensors.plugin] Failed to find contact report API at '/World/envs/env_1019/robot_b/joints/imu'
2026-10-02T10:32:05Z [44,282ms] [Warning] [omni.physx.tensors.plugin] Failed to find contact report API at '/World/envs/env_1020/robot_b/joints/imu'
2026-10-02T10:32:05Z [44,282ms] [Warning] [omni.physx.tensors.plugin] Failed to find contact report API at '/World/envs/env_1021/robot_b/joints/imu'
2026-10-02T10:32:05Z [44,282ms] [Warning] [omni.physx.tensors.plugin] Failed to find contact report API at '/World/envs/env_1022/robot_b/joints/imu'
2026-10-02T10:32:05Z [44,282ms] [Warning] [omni.physx.tensors.plugin] Failed to find contact report API at '/World/envs/env_1023/robot_b/joints/imu'
2026-10-02T10:33:59Z [157,567ms] [Warning] [omni.kit.material.library.material_extensions] Could not initialize context menu integration: No module named 'omni.kit.context_menu'
train.sh: mean episode length 66.67
train.sh: reached 20 logged iterations
INFO:    Terminating squashfuse_ll after timeout
INFO:    Timeouts can be caused by a running background process
