scale: 1
IMU Initializing: 3.3 %Reset ImuProcessIMU Initials: Gravity: -0.0000 -0.0000 -9.8100 9.8100; acc covarience: 0.50000000 0.50000000 0.50000000; gry covarience: 0.30000000 0.30000000 0.30000000 
IMU Initials: ba covarience: 0.00010000 0.00010000 0.00010000; bg covarience: 0.00010000 0.00010000 0.00010000intrinsic: 415.692194, 415.692194, 319.500000, 239.500000
width: 640, height: 480, scale: 1.000000
[ LIO ] Raw feature num: 2042, downsampled feature num:927 effective feature num: 507 average residual: 0.00426463
[ LIO ] Raw feature num: 2042, downsampled feature num:927 effective feature num: 505 average residual: 0.00482219
[ LIO ] Raw feature num: 2042, downsampled feature num:927 effective feature num: 505 average residual: 0.00482124
[ VIO ] Append 35 new visual map points
[1;34m+-------------------------------------------------------------+[0m
[1;34m|                         VIO Time                            |[0m
[1;34m+-------------------------------------------------------------+[0m
[1;34m| Sparse Map Size               | 194                         |[0m
[1;34m+-------------------------------------------------------------+[0m
[1;34m| Algorithm Stage               | Time (secs)                 |[0m
[1;34m+-------------------------------------------------------------+[0m
[1;32m| retrieveFromVisualSparseMap   | 0.000000                    |[0m
[1;32m| computeJacobianAndUpdateEKF   | 0.000000                    |[0m
[1;32m| -> computeJacobian            | 0.000000                    |[0m
[1;32m| -> updateEKF                  | 0.000000                    |[0m
[1;32m| generateVisualMapPoints       | 0.000062                    |[0m
[1;32m| updateVisualMapPoints         | 0.000000                    |[0m
[1;32m| updateReferencePatch          | 0.000000                    |[0m
[1;34m+-------------------------------------------------------------+[0m
[1;32m| Current Total Time            | 0.000063                    |[0m
[1;32m| Average Total Time            | 0.000063                    |[0m
[1;34m+-------------------------------------------------------------+[0m
[ LIO ] Raw feature num: 2042, downsampled feature num:938 effective feature num: 842 average residual: 0.00660644
[ LIO ] Raw feature num: 2042, downsampled feature num:938 effective feature num: 842 average residual: 0.0067232
[ LIO ] Raw feature num: 2042, downsampled feature num:938 effective feature num: 842 average residual: 0.00672348
[ VIO ] Retrieve 12 points from visual sparse map
[ VIO ] Append 104 new visual map points
[ VIO ] Update 0 points in visual submap
[1;34m+-------------------------------------------------------------+[0m
[1;34m|                         VIO Time                            |[0m
[1;34m+-------------------------------------------------------------+[0m
[1;34m| Sparse Map Size               | 194                         |[0m
[1;34m+-------------------------------------------------------------+[0m
[1;34m| Algorithm Stage               | Time (secs)                 |[0m
[1;34m+-------------------------------------------------------------+[0m
[1;32m| retrieveFromVisualSparseMap   | 0.001009                    |[0m
[1;32m| computeJacobianAndUpdateEKF   | 0.001430                    |[0m
[1;32m| -> computeJacobian            | 0.000865                    |[0m
[1;32m| -> updateEKF                  | 0.000544                    |[0m
[1;32m| generateVisualMapPoints       | 0.000149                    |[0m
[1;32m| updateVisualMapPoints         | 0.000006                    |[0m
[1;32m| updateReferencePatch          | 0.000000                    |[0m
[1;34m+-------------------------------------------------------------+[0m
[1;32m| Current Total Time            | 0.002595                    |[0m
[1;32m| Average Total Time            | 0.001329                    |[0m
[1;34m+-------------------------------------------------------------+[0m
[ LIO ] Raw feature num: 2042, downsampled feature num:941 effective feature num: 900 average residual: 0.00410433
[ LIO ] Raw feature num: 2042, downsampled feature num:941 effective feature num: 901 average residual: 0.00362958
[ LIO ] Raw feature num: 2042, downsampled feature num:941 effective feature num: 901 average residual: 0.00362997
[ VIO ] Retrieve 66 points from visual sparse map
[ VIO ] Append 68 new visual map points
[ VIO ] Update 0 points in visual submap
[1;34m+-------------------------------------------------------------+[0m
[1;34m|                         VIO Time                            |[0m
[1;34m+-------------------------------------------------------------+[0m
[1;34m| Sparse Map Size               | 194                         |[0m
[1;34m+-------------------------------------------------------------+[0m
[1;34m| Algorithm Stage               | Time (secs)                 |[0m
[1;34m+-------------------------------------------------------------+[0m
[1;32m| retrieveFromVisualSparseMap   | 0.001218                    |[0m
[1;32m| computeJacobianAndUpdateEKF   | 0.009074                    |[0m
[1;32m| -> computeJacobian            | 0.006184                    |[0m
[1;32m| -> updateEKF                  | 0.002813                    |[0m
[1;32m| generateVisualMapPoints       | 0.000194                    |[0m
[1;32m| updateVisualMapPoints         | 0.000054                    |[0m
[1;32m| updateReferencePatch          | 0.000001                    |[0m
[1;34m+-------------------------------------------------------------+[0m
[1;32m| Current Total Time            | 0.010541                    |[0m
[1;32m| Average Total Time            | 0.004400                    |[0m
[1;34m+-------------------------------------------------------------+[0m
[ LIO ] Raw feature num: 2042, downsampled feature num:937 effective feature num: 925 average residual: 0.0030462
[ LIO ] Raw feature num: 2042, downsampled feature num:937 effective feature num: 926 average residual: 0.00257401
[ LIO ] Raw feature num: 2042, downsampled feature num:937 effective feature num: 926 average residual: 0.00257399
[ VIO ] Retrieve 72 points from visual sparse map
[ VIO ] Append 62 new visual map points
[ VIO ] Update 0 points in visual submap
[1;34m+-------------------------------------------------------------+[0m
[1;34m|                         VIO Time                            |[0m
[1;34m+-------------------------------------------------------------+[0m
[1;34m| Sparse Map Size               | 194                         |[0m
[1;34m+-------------------------------------------------------------+[0m
[1;34m| Algorithm Stage               | Time (secs)                 |[0m
[1;34m+-------------------------------------------------------------+[0m
[1;32m| retrieveFromVisualSparseMap   | 0.001668                    |[0m
[1;32m| computeJacobianAndUpdateEKF   | 0.010236                    |[0m
[1;32m| -> computeJacobian            | 0.006805                    |[0m
[1;32m| -> updateEKF                  | 0.003312                    |[0m
[1;32m| generateVisualMapPoints       | 0.000187                    |[0m
[1;32m| updateVisualMapPoints         | 0.000065                    |[0m
[1;32m| updateReferencePatch          | 0.000001                    |[0m
[1;34m+-------------------------------------------------------------+[0m
[1;32m| Current Total Time            | 0.012157                    |[0m
[1;32m| Average Total Time            | 0.006339                    |[0m
[1;34m+-------------------------------------------------------------+[0m
[ LIO ] Raw feature num: 2042, downsampled feature num:937 effective feature num: 925 average residual: 0.00314141
[ LIO ] Raw feature num: 2042, downsampled feature num:937 effective feature num: 926 average residual: 0.00273795
[ LIO ] Raw feature num: 2042, downsampled feature num:937 effective feature num: 926 average residual: 0.00274452
[ VIO ] Retrieve 72 points from visual sparse map
[ VIO ] Append 63 new visual map points
[ VIO ] Update 0 points in visual submap
[1;34m+-------------------------------------------------------------+[0m
[1;34m|                         VIO Time                            |[0m
[1;34m+-------------------------------------------------------------+[0m
[1;34m| Sparse Map Size               | 194                         |[0m
[1;34m+-------------------------------------------------------------+[0m
[1;34m| Algorithm Stage               | Time (secs)                 |[0m
[1;34m+-------------------------------------------------------------+[0m
[1;32m| retrieveFromVisualSparseMap   | 0.001343                    |[0m
[1;32m| computeJacobianAndUpdateEKF   | 0.011178                    |[0m
[1;32m| -> computeJacobian            | 0.007424                    |[0m
[1;32m| -> updateEKF                  | 0.003622                    |[0m
[1;32m| generateVisualMapPoints       | 0.000230                    |[0m
[1;32m| updateVisualMapPoints         | 0.000068                    |[0m
[1;32m| updateReferencePatch          | 0.000001                    |[0m
[1;34m+-------------------------------------------------------------+[0m
[1;32m| Current Total Time            | 0.012820                    |[0m
[1;32m| Average Total Time            | 0.007635                    |[0m
[1;34m+-------------------------------------------------------------+[0m
[ LIO ] Raw feature num: 2042, downsampled feature num:938 effective feature num: 937 average residual: 0.00303238
[ LIO ] Raw feature num: 2042, downsampled feature num:938 effective feature num: 938 average residual: 0.00254134
[ LIO ] Raw feature num: 2042, downsampled feature num:938 effective feature num: 938 average residual: 0.00254346
[ VIO ] Retrieve 73 points from visual sparse map
[ VIO ] Append 66 new visual map points
[ VIO ] Update 0 points in visual submap
[1;34m+-------------------------------------------------------------+[0m
[1;34m|                         VIO Time                            |[0m
[1;34m+-------------------------------------------------------------+[0m
[1;34m| Sparse Map Size               | 194                         |[0m
[1;34m+-------------------------------------------------------------+[0m
[1;34m| Algorithm Stage               | Time (secs)                 |[0m
[1;34m+-------------------------------------------------------------+[0m
[1;32m| retrieveFromVisualSparseMap   | 0.001820                    |[0m
[1;32m| computeJacobianAndUpdateEKF   | 0.009292                    |[0m
[1;32m| -> computeJacobian            | 0.006283                    |[0m
[1;32m| -> updateEKF                  | 0.002898                    |[0m
[1;32m| generateVisualMapPoints       | 0.000147                    |[0m
[1;32m| updateVisualMapPoints         | 0.000039                    |[0m
[1;32m| updateReferencePatch          | 0.000000                    |[0m
[1;34m+-------------------------------------------------------------+[0m
[1;32m| Current Total Time            | 0.011299                    |[0m
[1;32m| Average Total Time            | 0.008246                    |[0m
[1;34m+-------------------------------------------------------------+[0m
[ LIO ] Raw feature num: 2042, downsampled feature num:938 effective feature num: 937 average residual: 0.00297125
[ LIO ] Raw feature num: 2042, downsampled feature num:938 effective feature num: 938 average residual: 0.00248798
[ LIO ] Raw feature num: 2042, downsampled feature num:938 effective feature num: 938 average residual: 0.00248987
[ VIO ] Retrieve 76 points from visual sparse map
[ VIO ] Append 63 new visual map points
[ VIO ] Update 0 points in visual submap
[1;34m+-------------------------------------------------------------+[0m
[1;34m|                         VIO Time                            |[0m
[1;34m+-------------------------------------------------------------+[0m
[1;34m| Sparse Map Size               | 194                         |[0m
[1;34m+-------------------------------------------------------------+[0m
[1;34m| Algorithm Stage               | Time (secs)                 |[0m
[1;34m+-------------------------------------------------------------+[0m
[1;32m| retrieveFromVisualSparseMap   | 0.000756                    |[0m
[1;32m| computeJacobianAndUpdateEKF   | 0.008898                    |[0m
[1;32m| -> computeJacobian            | 0.006174                    |[0m
[1;32m| -> updateEKF                  | 0.002643                    |[0m
[1;32m| generateVisualMapPoints       | 0.000161                    |[0m
[1;32m| updateVisualMapPoints         | 0.000066                    |[0m
[1;32m| updateReferencePatch          | 0.000001                    |[0m
[1;34m+-------------------------------------------------------------+[0m
[1;32m| Current Total Time            | 0.009882                    |[0m
[1;32m| Average Total Time            | 0.008479                    |[0m
[1;34m+-------------------------------------------------------------+[0m
[ LIO ] Raw feature num: 2042, downsampled feature num:937 effective feature num: 936 average residual: 0.00284007
[ LIO ] Raw feature num: 2042, downsampled feature num:937 effective feature num: 937 average residual: 0.0023956
[ LIO ] Raw feature num: 2042, downsampled feature num:937 effective feature num: 937 average residual: 0.00239596
[ VIO ] Retrieve 76 points from visual sparse map
[ VIO ] Append 63 new visual map points
[ VIO ] Update 0 points in visual submap
[1;34m+-------------------------------------------------------------+[0m
[1;34m|                         VIO Time                            |[0m
[1;34m+-------------------------------------------------------------+[0m
[1;34m| Sparse Map Size               | 194                         |[0m
[1;34m+-------------------------------------------------------------+[0m
[1;34m| Algorithm Stage               | Time (secs)                 |[0m
[1;34m+-------------------------------------------------------------+[0m
[1;32m| retrieveFromVisualSparseMap   | 0.000948                    |[0m
[1;32m| computeJacobianAndUpdateEKF   | 0.009371                    |[0m
[1;32m| -> computeJacobian            | 0.006472                    |[0m
[1;32m| -> updateEKF                  | 0.002824                    |[0m
[1;32m| generateVisualMapPoints       | 0.000167                    |[0m
[1;32m| updateVisualMapPoints         | 0.000042                    |[0m
[1;32m| updateReferencePatch          | 0.000001                    |[0m
[1;34m+-------------------------------------------------------------+[0m
[1;32m| Current Total Time            | 0.010529                    |[0m
[1;32m| Average Total Time            | 0.008736                    |[0m
[1;34m+-------------------------------------------------------------+[0m
[ LIO ] Raw feature num: 2042, downsampled feature num:937 effective feature num: 936 average residual: 0.00284034
[ LIO ] Raw feature num: 2042, downsampled feature num:937 effective feature num: 937 average residual: 0.00238316
[ LIO ] Raw feature num: 2042, downsampled feature num:937 effective feature num: 937 average residual: 0.00238817
[ VIO ] Retrieve 76 points from visual sparse map
[ VIO ] Append 63 new visual map points
[ VIO ] Update 0 points in visual submap
[1;34m+-------------------------------------------------------------+[0m
[1;34m|                         VIO Time                            |[0m
[1;34m+-------------------------------------------------------------+[0m
[1;34m| Sparse Map Size               | 194                         |[0m
[1;34m+-------------------------------------------------------------+[0m
[1;34m| Algorithm Stage               | Time (secs)                 |[0m
[1;34m+-------------------------------------------------------------+[0m
[1;32m| retrieveFromVisualSparseMap   | 0.001291                    |[0m
[1;32m| computeJacobianAndUpdateEKF   | 0.009675                    |[0m
[1;32m| -> computeJacobian            | 0.006694                    |[0m
[1;32m| -> updateEKF                  | 0.002892                    |[0m
[1;32m| generateVisualMapPoints       | 0.000142                    |[0m
[1;32m| updateVisualMapPoints         | 0.000038                    |[0m
[1;32m| updateReferencePatch          | 0.000000                    |[0m
[1;34m+-------------------------------------------------------------+[0m
[1;32m| Current Total Time            | 0.011147                    |[0m
[1;32m| Average Total Time            | 0.009004                    |[0m
[1;34m+-------------------------------------------------------------+[0m
[ LIO ] Raw feature num: 2042, downsampled feature num:937 effective feature num: 936 average residual: 0.00283653
[ LIO ] Raw feature num: 2042, downsampled feature num:937 effective feature num: 937 average residual: 0.00234858
[ LIO ] Raw feature num: 2042, downsampled feature num:937 effective feature num: 937 average residual: 0.00235344
[ VIO ] Retrieve 76 points from visual sparse map
[ VIO ] Append 63 new visual map points
[ VIO ] Update 0 points in visual submap
[1;34m+-------------------------------------------------------------+[0m
[1;34m|                         VIO Time                            |[0m
[1;34m+-------------------------------------------------------------+[0m
[1;34m| Sparse Map Size               | 194                         |[0m
[1;34m+-------------------------------------------------------------+[0m
[1;34m| Algorithm Stage               | Time (secs)                 |[0m
[1;34m+-------------------------------------------------------------+[0m
[1;32m| retrieveFromVisualSparseMap   | 0.000958                    |[0m
[1;32m| computeJacobianAndUpdateEKF   | 0.009339                    |[0m
[1;32m| -> computeJacobian            | 0.006388                    |[0m
[1;32m| -> updateEKF                  | 0.002866                    |[0m
[1;32m| generateVisualMapPoints       | 0.000186                    |[0m
[1;32m| updateVisualMapPoints         | 0.000039                    |[0m
[1;32m| updateReferencePatch          | 0.000001                    |[0m
[1;34m+-------------------------------------------------------------+[0m
[1;32m| Current Total Time            | 0.010523                    |[0m
[1;32m| Average Total Time            | 0.009156                    |[0m
[1;34m+-------------------------------------------------------------+[0m
[ LIO ] Raw feature num: 2042, downsampled feature num:937 effective feature num: 936 average residual: 0.00283562
[ LIO ] Raw feature num: 2042, downsampled feature num:937 effective feature num: 937 average residual: 0.0023379
[ LIO ] Raw feature num: 2042, downsampled feature num:937 effective feature num: 937 average residual: 0.00234165
[ VIO ] Retrieve 76 points from visual sparse map
[ VIO ] Append 63 new visual map points
[ VIO ] Update 0 points in visual submap
[1;34m+-------------------------------------------------------------+[0m
[1;34m|                         VIO Time                            |[0m
[1;34m+-------------------------------------------------------------+[0m
[1;34m| Sparse Map Size               | 194                         |[0m
[1;34m+-------------------------------------------------------------+[0m
[1;34m| Algorithm Stage               | Time (secs)                 |[0m
[1;34m+-------------------------------------------------------------+[0m
[1;32m| retrieveFromVisualSparseMap   | 0.000936                    |[0m
[1;32m| computeJacobianAndUpdateEKF   | 0.009805                    |[0m
[1;32m| -> computeJacobian            | 0.006767                    |[0m
[1;32m| -> updateEKF                  | 0.002964                    |[0m
[1;32m| generateVisualMapPoints       | 0.000164                    |[0m
[1;32m| updateVisualMapPoints         | 0.000040                    |[0m
[1;32m| updateReferencePatch          | 0.000000                    |[0m
[1;34m+-------------------------------------------------------------+[0m
[1;32m| Current Total Time            | 0.010946                    |[0m
[1;32m| Average Total Time            | 0.009318                    |[0m
[1;34m+-------------------------------------------------------------+[0m
[ LIO ] Raw feature num: 2042, downsampled feature num:937 effective feature num: 936 average residual: 0.00284321
[ LIO ] Raw feature num: 2042, downsampled feature num:937 effective feature num: 937 average residual: 0.00230857
[ LIO ] Raw feature num: 2042, downsampled feature num:937 effective feature num: 937 average residual: 0.00231269
[ VIO ] Retrieve 76 points from visual sparse map
[ VIO ] Append 63 new visual map points
[ VIO ] Update 0 points in visual submap
[1;34m+-------------------------------------------------------------+[0m
[1;34m|                         VIO Time                            |[0m
[1;34m+-------------------------------------------------------------+[0m
[1;34m| Sparse Map Size               | 194                         |[0m
[1;34m+-------------------------------------------------------------+[0m
[1;34m| Algorithm Stage               | Time (secs)                 |[0m
[1;34m+-------------------------------------------------------------+[0m
[1;32m| retrieveFromVisualSparseMap   | 0.001216                    |[0m
[1;32m| computeJacobianAndUpdateEKF   | 0.010057                    |[0m
[1;32m| -> computeJacobian            | 0.006916                    |[0m
[1;32m| -> updateEKF                  | 0.003030                    |[0m
[1;32m| generateVisualMapPoints       | 0.000129                    |[0m
[1;32m| updateVisualMapPoints         | 0.000040                    |[0m
[1;32m| updateReferencePatch          | 0.000000                    |[0m
[1;34m+-------------------------------------------------------------+[0m
[1;32m| Current Total Time            | 0.011443                    |[0m
[1;32m| Average Total Time            | 0.009495                    |[0m
[1;34m+-------------------------------------------------------------+[0m
[ LIO ] Raw feature num: 2042, downsampled feature num:937 effective feature num: 936 average residual: 0.00283783
[ LIO ] Raw feature num: 2042, downsampled feature num:937 effective feature num: 937 average residual: 0.00229794
[ LIO ] Raw feature num: 2042, downsampled feature num:937 effective feature num: 937 average residual: 0.00230063
[ VIO ] Retrieve 76 points from visual sparse map
[ VIO ] Append 63 new visual map points
[ VIO ] Update 0 points in visual submap
[1;34m+-------------------------------------------------------------+[0m
[1;34m|                         VIO Time                            |[0m
[1;34m+-------------------------------------------------------------+[0m
[1;34m| Sparse Map Size               | 194                         |[0m
[1;34m+-------------------------------------------------------------+[0m
[1;34m| Algorithm Stage               | Time (secs)                 |[0m
[1;34m+-------------------------------------------------------------+[0m
[1;32m| retrieveFromVisualSparseMap   | 0.000966                    |[0m
[1;32m| computeJacobianAndUpdateEKF   | 0.008197                    |[0m
[1;32m| -> computeJacobian            | 0.005703                    |[0m
[1;32m| -> updateEKF                  | 0.002428                    |[0m
[1;32m| generateVisualMapPoints       | 0.000120                    |[0m
[1;32m| updateVisualMapPoints         | 0.000038                    |[0m
[1;32m| updateReferencePatch          | 0.000000                    |[0m
[1;34m+-------------------------------------------------------------+[0m
[1;32m| Current Total Time            | 0.009322                    |[0m
[1;32m| Average Total Time            | 0.009482                    |[0m
[1;34m+-------------------------------------------------------------+[0m
[ LIO ] Raw feature num: 2042, downsampled feature num:937 effective feature num: 936 average residual: 0.00284171
[ LIO ] Raw feature num: 2042, downsampled feature num:937 effective feature num: 937 average residual: 0.0022897
[ LIO ] Raw feature num: 2042, downsampled feature num:937 effective feature num: 937 average residual: 0.00229216
[ VIO ] Retrieve 76 points from visual sparse map
[ VIO ] Append 63 new visual map points
[ VIO ] Update 0 points in visual submap
[1;34m+-------------------------------------------------------------+[0m
[1;34m|                         VIO Time                            |[0m
[1;34m+-------------------------------------------------------------+[0m
[1;34m| Sparse Map Size               | 194                         |[0m
[1;34m+-------------------------------------------------------------+[0m
[1;34m| Algorithm Stage               | Time (secs)                 |[0m
[1;34m+-------------------------------------------------------------+[0m
[1;32m| retrieveFromVisualSparseMap   | 0.000925                    |[0m
[1;32m| computeJacobianAndUpdateEKF   | 0.009284                    |[0m
[1;32m| -> computeJacobian            | 0.006338                    |[0m
[1;32m| -> updateEKF                  | 0.002863                    |[0m
[1;32m| generateVisualMapPoints       | 0.000177                    |[0m
[1;32m| updateVisualMapPoints         | 0.000069                    |[0m
[1;32m| updateReferencePatch          | 0.000001                    |[0m
[1;34m+-------------------------------------------------------------+[0m
[1;32m| Current Total Time            | 0.010455                    |[0m
[1;32m| Average Total Time            | 0.009552                    |[0m
[1;34m+-------------------------------------------------------------+[0m
[ LIO ] Raw feature num: 2042, downsampled feature num:937 effective feature num: 936 average residual: 0.0028411
[ LIO ] Raw feature num: 2042, downsampled feature num:937 effective feature num: 937 average residual: 0.00228573
[ LIO ] Raw feature num: 2042, downsampled feature num:937 effective feature num: 937 average residual: 0.00228823
[ VIO ] Retrieve 76 points from visual sparse map
[ VIO ] Append 63 new visual map points
[ VIO ] Update 0 points in visual submap
[1;34m+-------------------------------------------------------------+[0m
[1;34m|                         VIO Time                            |[0m
[1;34m+-------------------------------------------------------------+[0m
[1;34m| Sparse Map Size               | 194                         |[0m
[1;34m+-------------------------------------------------------------+[0m
[1;34m| Algorithm Stage               | Time (secs)                 |[0m
[1;34m+-------------------------------------------------------------+[0m
[1;32m| retrieveFromVisualSparseMap   | 0.000926                    |[0m
[1;32m| computeJacobianAndUpdateEKF   | 0.008287                    |[0m
[1;32m| -> computeJacobian            | 0.005750                    |[0m
[1;32m| -> updateEKF                  | 0.002469                    |[0m
[1;32m| generateVisualMapPoints       | 0.000128                    |[0m
[1;32m| updateVisualMapPoints         | 0.000052                    |[0m
[1;32m| updateReferencePatch          | 0.000000                    |[0m
[1;34m+-------------------------------------------------------------+[0m
[1;32m| Current Total Time            | 0.009393                    |[0m
[1;32m| Average Total Time            | 0.009541                    |[0m
[1;34m+-------------------------------------------------------------+[0m
[ LIO ] Raw feature num: 2042, downsampled feature num:937 effective feature num: 936 average residual: 0.00284548
[ LIO ] Raw feature num: 2042, downsampled feature num:937 effective feature num: 937 average residual: 0.00228013
[ LIO ] Raw feature num: 2042, downsampled feature num:937 effective feature num: 937 average residual: 0.00228243
[ VIO ] Retrieve 76 points from visual sparse map
[ VIO ] Append 63 new visual map points
[ VIO ] Update 0 points in visual submap
[1;34m+-------------------------------------------------------------+[0m
[1;34m|                         VIO Time                            |[0m
[1;34m+-------------------------------------------------------------+[0m
[1;34m| Sparse Map Size               | 194                         |[0m
[1;34m+-------------------------------------------------------------+[0m
[1;34m| Algorithm Stage               | Time (secs)                 |[0m
[1;34m+-------------------------------------------------------------+[0m
[1;32m| retrieveFromVisualSparseMap   | 0.000894                    |[0m
[1;32m| computeJacobianAndUpdateEKF   | 0.008227                    |[0m
[1;32m| -> computeJacobian            | 0.005735                    |[0m
[1;32m| -> updateEKF                  | 0.002423                    |[0m
[1;32m| generateVisualMapPoints       | 0.000118                    |[0m
[1;32m| updateVisualMapPoints         | 0.000036                    |[0m
[1;32m| updateReferencePatch          | 0.000000                    |[0m
[1;34m+-------------------------------------------------------------+[0m
[1;32m| Current Total Time            | 0.009275                    |[0m
[1;32m| Average Total Time            | 0.009524                    |[0m
[1;34m+-------------------------------------------------------------+[0m
[ LIO ] Raw feature num: 2042, downsampled feature num:937 effective feature num: 936 average residual: 0.00284504
[ LIO ] Raw feature num: 2042, downsampled feature num:937 effective feature num: 937 average residual: 0.00228018
[ LIO ] Raw feature num: 2042, downsampled feature num:937 effective feature num: 937 average residual: 0.00228247
[ VIO ] Retrieve 76 points from visual sparse map
[ VIO ] Append 63 new visual map points
[ VIO ] Update 0 points in visual submap
[1;34m+-------------------------------------------------------------+[0m
[1;34m|                         VIO Time                            |[0m
[1;34m+-------------------------------------------------------------+[0m
[1;34m| Sparse Map Size               | 194                         |[0m
[1;34m+-------------------------------------------------------------+[0m
[1;34m| Algorithm Stage               | Time (secs)                 |[0m
[1;34m+-------------------------------------------------------------+[0m
[1;32m| retrieveFromVisualSparseMap   | 0.000895                    |[0m
[1;32m| computeJacobianAndUpdateEKF   | 0.008354                    |[0m
[1;32m| -> computeJacobian            | 0.005803                    |[0m
[1;32m| -> updateEKF                  | 0.002453                    |[0m
[1;32m| generateVisualMapPoints       | 0.000118                    |[0m
[1;32m| updateVisualMapPoints         | 0.000037                    |[0m
[1;32m| updateReferencePatch          | 0.000000                    |[0m
[1;34m+-------------------------------------------------------------+[0m
[1;32m| Current Total Time            | 0.009404                    |[0m
[1;32m| Average Total Time            | 0.009517                    |[0m
[1;34m+-------------------------------------------------------------+[0m
[ LIO ] Raw feature num: 2042, downsampled feature num:937 effective feature num: 934 average residual: 0.00284894
[ LIO ] Raw feature num: 2042, downsampled feature num:937 effective feature num: 937 average residual: 0.0022779
[ LIO ] Raw feature num: 2042, downsampled feature num:937 effective feature num: 937 average residual: 0.00228022
[ VIO ] Retrieve 76 points from visual sparse map
[ VIO ] Append 63 new visual map points
[ VIO ] Update 0 points in visual submap
[1;34m+-------------------------------------------------------------+[0m
[1;34m|                         VIO Time                            |[0m
[1;34m+-------------------------------------------------------------+[0m
[1;34m| Sparse Map Size               | 194                         |[0m
[1;34m+-------------------------------------------------------------+[0m
[1;34m| Algorithm Stage               | Time (secs)                 |[0m
[1;34m+-------------------------------------------------------------+[0m
[1;32m| retrieveFromVisualSparseMap   | 0.000896                    |[0m
[1;32m| computeJacobianAndUpdateEKF   | 0.008787                    |[0m
[1;32m| -> computeJacobian            | 0.006139                    |[0m
[1;32m| -> updateEKF                  | 0.002548                    |[0m
[1;32m| generateVisualMapPoints       | 0.000126                    |[0m
[1;32m| updateVisualMapPoints         | 0.000035                    |[0m
[1;32m| updateReferencePatch          | 0.000000                    |[0m
[1;34m+-------------------------------------------------------------+[0m
[1;32m| Current Total Time            | 0.009843                    |[0m
[1;32m| Average Total Time            | 0.009535                    |[0m
[1;34m+-------------------------------------------------------------+[0m
[ LIO ] Raw feature num: 2042, downsampled feature num:937 effective feature num: 934 average residual: 0.00284869
[ LIO ] Raw feature num: 2042, downsampled feature num:937 effective feature num: 937 average residual: 0.00227781
[ LIO ] Raw feature num: 2042, downsampled feature num:937 effective feature num: 937 average residual: 0.00228012
[ VIO ] Retrieve 76 points from visual sparse map
[ VIO ] Append 63 new visual map points
[ VIO ] Update 0 points in visual submap
[1;34m+-------------------------------------------------------------+[0m
[1;34m|                         VIO Time                            |[0m
[1;34m+-------------------------------------------------------------+[0m
[1;34m| Sparse Map Size               | 194                         |[0m
[1;34m+-------------------------------------------------------------+[0m
[1;34m| Algorithm Stage               | Time (secs)                 |[0m
[1;34m+-------------------------------------------------------------+[0m
[1;32m| retrieveFromVisualSparseMap   | 0.001254                    |[0m
[1;32m| computeJacobianAndUpdateEKF   | 0.008314                    |[0m
[1;32m| -> computeJacobian            | 0.005750                    |[0m
[1;32m| -> updateEKF                  | 0.002487                    |[0m
[1;32m| generateVisualMapPoints       | 0.000117                    |[0m
[1;32m| updateVisualMapPoints         | 0.000036                    |[0m
[1;32m| updateReferencePatch          | 0.000000                    |[0m
[1;34m+-------------------------------------------------------------+[0m
[1;32m| Current Total Time            | 0.009722                    |[0m
[1;32m| Average Total Time            | 0.009545                    |[0m
[1;34m+-------------------------------------------------------------+[0m
[ LIO ] Raw feature num: 2042, downsampled feature num:937 effective feature num: 934 average residual: 0.00284886
[ LIO ] Raw feature num: 2042, downsampled feature num:937 effective feature num: 937 average residual: 0.00227781
[ LIO ] Raw feature num: 2042, downsampled feature num:937 effective feature num: 937 average residual: 0.00228007
[ VIO ] Retrieve 76 points from visual sparse map
[ VIO ] Append 63 new visual map points
[ VIO ] Update 0 points in visual submap
[1;34m+-------------------------------------------------------------+[0m
[1;34m|                         VIO Time                            |[0m
[1;34m+-------------------------------------------------------------+[0m
[1;34m| Sparse Map Size               | 194                         |[0m
[1;34m+-------------------------------------------------------------+[0m
[1;34m| Algorithm Stage               | Time (secs)                 |[0m
[1;34m+-------------------------------------------------------------+[0m
[1;32m| retrieveFromVisualSparseMap   | 0.000787                    |[0m
[1;32m| computeJacobianAndUpdateEKF   | 0.008407                    |[0m
[1;32m| -> computeJacobian            | 0.005824                    |[0m
[1;32m| -> updateEKF                  | 0.002505                    |[0m
[1;32m| generateVisualMapPoints       | 0.000122                    |[0m
[1;32m| updateVisualMapPoints         | 0.000035                    |[0m
[1;32m| updateReferencePatch          | 0.000000                    |[0m
[1;34m+-------------------------------------------------------------+[0m
[1;32m| Current Total Time            | 0.009352                    |[0m
[1;32m| Average Total Time            | 0.009536                    |[0m
[1;34m+-------------------------------------------------------------+[0m
[ LIO ] Raw feature num: 2042, downsampled feature num:937 effective feature num: 934 average residual: 0.00284892
[ LIO ] Raw feature num: 2042, downsampled feature num:937 effective feature num: 937 average residual: 0.00227631
[ LIO ] Raw feature num: 2042, downsampled feature num:937 effective feature num: 937 average residual: 0.00227864
[ VIO ] Retrieve 76 points from visual sparse map
[ VIO ] Append 63 new visual map points
[ VIO ] Update 0 points in visual submap
[1;34m+-------------------------------------------------------------+[0m
[1;34m|                         VIO Time                            |[0m
[1;34m+-------------------------------------------------------------+[0m
[1;34m| Sparse Map Size               | 194                         |[0m
[1;34m+-------------------------------------------------------------+[0m
[1;34m| Algorithm Stage               | Time (secs)                 |[0m
[1;34m+-------------------------------------------------------------+[0m
[1;32m| retrieveFromVisualSparseMap   | 0.000910                    |[0m
[1;32m| computeJacobianAndUpdateEKF   | 0.008188                    |[0m
[1;32m| -> computeJacobian            | 0.005709                    |[0m
[1;32m| -> updateEKF                  | 0.002398                    |[0m
[1;32m| generateVisualMapPoints       | 0.000113                    |[0m
[1;32m| updateVisualMapPoints         | 0.000035                    |[0m
[1;32m| updateReferencePatch          | 0.000000                    |[0m
[1;34m+-------------------------------------------------------------+[0m
[1;32m| Current Total Time            | 0.009245                    |[0m
[1;32m| Average Total Time            | 0.009522                    |[0m
[1;34m+-------------------------------------------------------------+[0m
[ LIO ] Raw feature num: 2042, downsampled feature num:937 effective feature num: 934 average residual: 0.00284869
[ LIO ] Raw feature num: 2042, downsampled feature num:937 effective feature num: 937 average residual: 0.00227625
[ LIO ] Raw feature num: 2042, downsampled feature num:937 effective feature num: 937 average residual: 0.00227858
[ VIO ] Retrieve 76 points from visual sparse map
[ VIO ] Append 63 new visual map points
[ VIO ] Update 0 points in visual submap
[1;34m+-------------------------------------------------------------+[0m
[1;34m|                         VIO Time                            |[0m
[1;34m+-------------------------------------------------------------+[0m
[1;34m| Sparse Map Size               | 194                         |[0m
[1;34m+-------------------------------------------------------------+[0m
[1;34m| Algorithm Stage               | Time (secs)                 |[0m
[1;34m+-------------------------------------------------------------+[0m
[1;32m| retrieveFromVisualSparseMap   | 0.000889                    |[0m
[1;32m| computeJacobianAndUpdateEKF   | 0.008502                    |[0m
[1;32m| -> computeJacobian            | 0.005881                    |[0m
[1;32m| -> updateEKF                  | 0.002543                    |[0m
[1;32m| generateVisualMapPoints       | 0.000131                    |[0m
[1;32m| updateVisualMapPoints         | 0.000034                    |[0m
[1;32m| updateReferencePatch          | 0.000000                    |[0m
[1;34m+-------------------------------------------------------------+[0m
[1;32m| Current Total Time            | 0.009557                    |[0m
[1;32m| Average Total Time            | 0.009523                    |[0m
[1;34m+-------------------------------------------------------------+[0m
[ LIO ] Raw feature num: 2042, downsampled feature num:937 effective feature num: 934 average residual: 0.00284869
[ LIO ] Raw feature num: 2042, downsampled feature num:937 effective feature num: 937 average residual: 0.00227624
[ LIO ] Raw feature num: 2042, downsampled feature num:937 effective feature num: 937 average residual: 0.00227857
[ VIO ] Retrieve 76 points from visual sparse map
[ VIO ] Append 63 new visual map points
[ VIO ] Update 0 points in visual submap
[1;34m+-------------------------------------------------------------+[0m
[1;34m|                         VIO Time                            |[0m
[1;34m+-------------------------------------------------------------+[0m
[1;34m| Sparse Map Size               | 194                         |[0m
[1;34m+-------------------------------------------------------------+[0m
[1;34m| Algorithm Stage               | Time (secs)                 |[0m
[1;34m+-------------------------------------------------------------+[0m
[1;32m| retrieveFromVisualSparseMap   | 0.000892                    |[0m
[1;32m| computeJacobianAndUpdateEKF   | 0.008343                    |[0m
[1;32m| -> computeJacobian            | 0.005761                    |[0m
[1;32m| -> updateEKF                  | 0.002506                    |[0m
[1;32m| generateVisualMapPoints       | 0.000115                    |[0m
[1;32m| updateVisualMapPoints         | 0.000035                    |[0m
[1;32m| updateReferencePatch          | 0.000000                    |[0m
[1;34m+-------------------------------------------------------------+[0m
[1;32m| Current Total Time            | 0.009385                    |[0m
[1;32m| Average Total Time            | 0.009517                    |[0m
[1;34m+-------------------------------------------------------------+[0m
[ LIO ] Raw feature num: 2042, downsampled feature num:937 effective feature num: 934 average residual: 0.0028487
[ LIO ] Raw feature num: 2042, downsampled feature num:937 effective feature num: 937 average residual: 0.00227519
[ LIO ] Raw feature num: 2042, downsampled feature num:937 effective feature num: 937 average residual: 0.0022775
[ VIO ] Retrieve 76 points from visual sparse map
[ VIO ] Append 63 new visual map points
[ VIO ] Update 0 points in visual submap
[1;34m+-------------------------------------------------------------+[0m
[1;34m|                         VIO Time                            |[0m
[1;34m+-------------------------------------------------------------+[0m
[1;34m| Sparse Map Size               | 194                         |[0m
[1;34m+-------------------------------------------------------------+[0m
[1;34m| Algorithm Stage               | Time (secs)                 |[0m
[1;34m+-------------------------------------------------------------+[0m
[1;32m| retrieveFromVisualSparseMap   | 0.000746                    |[0m
[1;32m| computeJacobianAndUpdateEKF   | 0.008190                    |[0m
[1;32m| -> computeJacobian            | 0.005671                    |[0m
[1;32m| -> updateEKF                  | 0.002449                    |[0m
[1;32m| generateVisualMapPoints       | 0.000120                    |[0m
[1;32m| updateVisualMapPoints         | 0.000035                    |[0m
[1;32m| updateReferencePatch          | 0.000000                    |[0m
[1;34m+-------------------------------------------------------------+[0m
[1;32m| Current Total Time            | 0.009092                    |[0m
[1;32m| Average Total Time            | 0.009500                    |[0m
[1;34m+-------------------------------------------------------------+[0m
[ LIO ] Raw feature num: 2042, downsampled feature num:930 effective feature num: 927 average residual: 0.00278615
[ LIO ] Raw feature num: 2042, downsampled feature num:930 effective feature num: 930 average residual: 0.00224004
[ LIO ] Raw feature num: 2042, downsampled feature num:930 effective feature num: 930 average residual: 0.00223953
[ VIO ] Retrieve 76 points from visual sparse map
[ VIO ] Append 67 new visual map points
[ VIO ] Update 0 points in visual submap
[1;34m+-------------------------------------------------------------+[0m
[1;34m|                         VIO Time                            |[0m
[1;34m+-------------------------------------------------------------+[0m
[1;34m| Sparse Map Size               | 194                         |[0m
[1;34m+-------------------------------------------------------------+[0m
[1;34m| Algorithm Stage               | Time (secs)                 |[0m
[1;34m+-------------------------------------------------------------+[0m
[1;32m| retrieveFromVisualSparseMap   | 0.001254                    |[0m
[1;32m| computeJacobianAndUpdateEKF   | 0.007558                    |[0m
[1;32m| -> computeJacobian            | 0.005374                    |[0m
[1;32m| -> updateEKF                  | 0.002108                    |[0m
[1;32m| generateVisualMapPoints       | 0.000117                    |[0m
[1;32m| updateVisualMapPoints         | 0.000035                    |[0m
[1;32m| updateReferencePatch          | 0.000000                    |[0m
[1;34m+-------------------------------------------------------------+[0m
[1;32m| Current Total Time            | 0.008965                    |[0m
[1;32m| Average Total Time            | 0.009478                    |[0m
[1;34m+-------------------------------------------------------------+[0m
[ LIO ] Raw feature num: 2042, downsampled feature num:929 effective feature num: 925 average residual: 0.00279395
[ LIO ] Raw feature num: 2042, downsampled feature num:929 effective feature num: 928 average residual: 0.00225536
[ LIO ] Raw feature num: 2042, downsampled feature num:929 effective feature num: 928 average residual: 0.00224298
[ VIO ] Retrieve 79 points from visual sparse map
[ VIO ] Append 62 new visual map points
[ VIO ] Update 0 points in visual submap
[1;34m+-------------------------------------------------------------+[0m
[1;34m|                         VIO Time                            |[0m
[1;34m+-------------------------------------------------------------+[0m
[1;34m| Sparse Map Size               | 194                         |[0m
[1;34m+-------------------------------------------------------------+[0m
[1;34m| Algorithm Stage               | Time (secs)                 |[0m
[1;34m+-------------------------------------------------------------+[0m
[1;32m| retrieveFromVisualSparseMap   | 0.000749                    |[0m
[1;32m| computeJacobianAndUpdateEKF   | 0.006531                    |[0m
[1;32m| -> computeJacobian            | 0.004690                    |[0m
[1;32m| -> updateEKF                  | 0.001758                    |[0m
[1;32m| generateVisualMapPoints       | 0.000115                    |[0m
[1;32m| updateVisualMapPoints         | 0.000036                    |[0m
[1;32m| updateReferencePatch          | 0.000000                    |[0m
[1;34m+-------------------------------------------------------------+[0m
[1;32m| Current Total Time            | 0.007432                    |[0m
[1;32m| Average Total Time            | 0.009399                    |[0m
[1;34m+-------------------------------------------------------------+[0m
[ LIO ] Raw feature num: 2043, downsampled feature num:936 effective feature num: 910 average residual: 0.00326389
[ LIO ] Raw feature num: 2043, downsampled feature num:936 effective feature num: 915 average residual: 0.00268972
[ LIO ] Raw feature num: 2043, downsampled feature num:936 effective feature num: 915 average residual: 0.00273692
[ LIO ] Raw feature num: 2043, downsampled feature num:936 effective feature num: 915 average residual: 0.00273691
[ VIO ] Retrieve 82 points from visual sparse map
[ VIO ] Append 62 new visual map points
[ VIO ] Update 0 points in visual submap
[1;34m+-------------------------------------------------------------+[0m
[1;34m|                         VIO Time                            |[0m
[1;34m+-------------------------------------------------------------+[0m
[1;34m| Sparse Map Size               | 196                         |[0m
[1;34m+-------------------------------------------------------------+[0m
[1;34m| Algorithm Stage               | Time (secs)                 |[0m
[1;34m+-------------------------------------------------------------+[0m
[1;32m| retrieveFromVisualSparseMap   | 0.001278                    |[0m
[1;32m| computeJacobianAndUpdateEKF   | 0.008013                    |[0m
[1;32m| -> computeJacobian            | 0.005804                    |[0m
[1;32m| -> updateEKF                  | 0.002137                    |[0m
[1;32m| generateVisualMapPoints       | 0.000113                    |[0m
[1;32m| updateVisualMapPoints         | 0.000040                    |[0m
[1;32m| updateReferencePatch          | 0.000001                    |[0m
[1;34m+-------------------------------------------------------------+[0m
[1;32m| Current Total Time            | 0.009444                    |[0m
[1;32m| Average Total Time            | 0.009401                    |[0m
[1;34m+-------------------------------------------------------------+[0m
[ LIO ] Raw feature num: 2044, downsampled feature num:934 effective feature num: 906 average residual: 0.00367869
[ LIO ] Raw feature num: 2044, downsampled feature num:934 effective feature num: 909 average residual: 0.00334294
[ LIO ] Raw feature num: 2044, downsampled feature num:934 effective feature num: 909 average residual: 0.0033423
[ VIO ] Retrieve 83 points from visual sparse map
[ VIO ] Append 62 new visual map points
[ VIO ] Update 0 points in visual submap
[1;34m+-------------------------------------------------------------+[0m
[1;34m|                         VIO Time                            |[0m
[1;34m+-------------------------------------------------------------+[0m
[1;34m| Sparse Map Size               | 197                         |[0m
[1;34m+-------------------------------------------------------------+[0m
[1;34m| Algorithm Stage               | Time (secs)                 |[0m
[1;34m+-------------------------------------------------------------+[0m
[1;32m| retrieveFromVisualSparseMap   | 0.000770                    |[0m
[1;32m| computeJacobianAndUpdateEKF   | 0.006821                    |[0m
[1;32m| -> computeJacobian            | 0.004893                    |[0m
[1;32m| -> updateEKF                  | 0.001854                    |[0m
[1;32m| generateVisualMapPoints       | 0.000110                    |[0m
[1;32m| updateVisualMapPoints         | 0.000040                    |[0m
[1;32m| updateReferencePatch          | 0.000000                    |[0m
[1;34m+-------------------------------------------------------------+[0m
[1;32m| Current Total Time            | 0.007741                    |[0m
[1;32m| Average Total Time            | 0.009342                    |[0m
[1;34m+-------------------------------------------------------------+[0m
[ LIO ] Raw feature num: 2044, downsampled feature num:933 effective feature num: 911 average residual: 0.00446405
[ LIO ] Raw feature num: 2044, downsampled feature num:933 effective feature num: 911 average residual: 0.0042328
[ LIO ] Raw feature num: 2044, downsampled feature num:933 effective feature num: 911 average residual: 0.00420946
[ LIO ] Raw feature num: 2044, downsampled feature num:933 effective feature num: 911 average residual: 0.00420943
[ VIO ] Retrieve 81 points from visual sparse map
[ VIO ] Append 67 new visual map points
[ VIO ] Update 0 points in visual submap
[1;34m+-------------------------------------------------------------+[0m
[1;34m|                         VIO Time                            |[0m
[1;34m+-------------------------------------------------------------+[0m
[1;34m| Sparse Map Size               | 198                         |[0m
[1;34m+-------------------------------------------------------------+[0m
[1;34m| Algorithm Stage               | Time (secs)                 |[0m
[1;34m+-------------------------------------------------------------+[0m
[1;32m| retrieveFromVisualSparseMap   | 0.000983                    |[0m
[1;32m| computeJacobianAndUpdateEKF   | 0.007929                    |[0m
[1;32m| -> computeJacobian            | 0.005748                    |[0m
[1;32m| -> updateEKF                  | 0.002108                    |[0m
[1;32m| generateVisualMapPoints       | 0.000120                    |[0m
[1;32m| updateVisualMapPoints         | 0.000042                    |[0m
[1;32m| updateReferencePatch          | 0.000001                    |[0m
[1;34m+-------------------------------------------------------------+[0m
[1;32m| Current Total Time            | 0.009075                    |[0m
[1;32m| Average Total Time            | 0.009333                    |[0m
[1;34m+-------------------------------------------------------------+[0m
[ LIO ] Raw feature num: 2044, downsampled feature num:945 effective feature num: 932 average residual: 0.00499582
[ LIO ] Raw feature num: 2044, downsampled feature num:945 effective feature num: 932 average residual: 0.00496428
[ LIO ] Raw feature num: 2044, downsampled feature num:945 effective feature num: 932 average residual: 0.0049736
[ VIO ] Retrieve 77 points from visual sparse map
[ VIO ] Append 73 new visual map points
[ VIO ] Update 0 points in visual submap
[1;34m+-------------------------------------------------------------+[0m
[1;34m|                         VIO Time                            |[0m
[1;34m+-------------------------------------------------------------+[0m
[1;34m| Sparse Map Size               | 198                         |[0m
[1;34m+-------------------------------------------------------------+[0m
[1;34m| Algorithm Stage               | Time (secs)                 |[0m
[1;34m+-------------------------------------------------------------+[0m
[1;32m| retrieveFromVisualSparseMap   | 0.000670                    |[0m
[1;32m| computeJacobianAndUpdateEKF   | 0.006256                    |[0m
[1;32m| -> computeJacobian            | 0.004583                    |[0m
[1;32m| -> updateEKF                  | 0.001606                    |[0m
[1;32m| generateVisualMapPoints       | 0.000123                    |[0m
[1;32m| updateVisualMapPoints         | 0.000037                    |[0m
[1;32m| updateReferencePatch          | 0.000000                    |[0m
[1;34m+-------------------------------------------------------------+[0m
[1;32m| Current Total Time            | 0.007086                    |[0m
[1;32m| Average Total Time            | 0.009258                    |[0m
[1;34m+-------------------------------------------------------------+[0m
[ LIO ] Raw feature num: 2043, downsampled feature num:922 effective feature num: 907 average residual: 0.00447917
[ LIO ] Raw feature num: 2043, downsampled feature num:922 effective feature num: 909 average residual: 0.00451797
[ LIO ] Raw feature num: 2043, downsampled feature num:922 effective feature num: 907 average residual: 0.00452279
[ LIO ] Raw feature num: 2043, downsampled feature num:922 effective feature num: 907 average residual: 0.00451921
[ VIO ] Retrieve 79 points from visual sparse map
[ VIO ] Append 66 new visual map points
[ VIO ] Update 0 points in visual submap
[1;34m+-------------------------------------------------------------+[0m
[1;34m|                         VIO Time                            |[0m
[1;34m+-------------------------------------------------------------+[0m
[1;34m| Sparse Map Size               | 199                         |[0m
[1;34m+-------------------------------------------------------------+[0m
[1;34m| Algorithm Stage               | Time (secs)                 |[0m
[1;34m+-------------------------------------------------------------+[0m
[1;32m| retrieveFromVisualSparseMap   | 0.001286                    |[0m
[1;32m| computeJacobianAndUpdateEKF   | 0.006956                    |[0m
[1;32m| -> computeJacobian            | 0.004965                    |[0m
[1;32m| -> updateEKF                  | 0.001922                    |[0m
[1;32m| generateVisualMapPoints       | 0.000123                    |[0m
[1;32m| updateVisualMapPoints         | 0.000040                    |[0m
[1;32m| updateReferencePatch          | 0.000000                    |[0m
[1;34m+-------------------------------------------------------------+[0m
[1;32m| Current Total Time            | 0.008405                    |[0m
[1;32m| Average Total Time            | 0.009230                    |[0m
[1;34m+-------------------------------------------------------------+[0m
[ LIO ] Raw feature num: 2044, downsampled feature num:938 effective feature num: 921 average residual: 0.00617329
[ LIO ] Raw feature num: 2044, downsampled feature num:938 effective feature num: 921 average residual: 0.00618589
[ LIO ] Raw feature num: 2044, downsampled feature num:938 effective feature num: 921 average residual: 0.00618471
[ VIO ] Retrieve 76 points from visual sparse map
[ VIO ] Append 71 new visual map points
[ VIO ] Update 0 points in visual submap
[1;34m+-------------------------------------------------------------+[0m
[1;34m|                         VIO Time                            |[0m
[1;34m+-------------------------------------------------------------+[0m
[1;34m| Sparse Map Size               | 199                         |[0m
[1;34m+-------------------------------------------------------------+[0m
[1;34m| Algorithm Stage               | Time (secs)                 |[0m
[1;34m+-------------------------------------------------------------+[0m
[1;32m| retrieveFromVisualSparseMap   | 0.001282                    |[0m
[1;32m| computeJacobianAndUpdateEKF   | 0.007301                    |[0m
[1;32m| -> computeJacobian            | 0.005289                    |[0m
[1;32m| -> updateEKF                  | 0.001929                    |[0m
[1;32m| generateVisualMapPoints       | 0.000130                    |[0m
[1;32m| updateVisualMapPoints         | 0.000037                    |[0m
[1;32m| updateReferencePatch          | 0.000000                    |[0m
[1;34m+-------------------------------------------------------------+[0m
[1;32m| Current Total Time            | 0.008751                    |[0m
[1;32m| Average Total Time            | 0.009215                    |[0m
[1;34m+-------------------------------------------------------------+[0m
[ LIO ] Raw feature num: 2043, downsampled feature num:945 effective feature num: 931 average residual: 0.00568058
[ LIO ] Raw feature num: 2043, downsampled feature num:945 effective feature num: 931 average residual: 0.00615327
[ LIO ] Raw feature num: 2043, downsampled feature num:945 effective feature num: 931 average residual: 0.00618482
[ VIO ] Retrieve 83 points from visual sparse map
[ VIO ] Append 71 new visual map points
[ VIO ] Update 0 points in visual submap
[1;34m+-------------------------------------------------------------+[0m
[1;34m|                         VIO Time                            |[0m
[1;34m+-------------------------------------------------------------+[0m
[1;34m| Sparse Map Size               | 200                         |[0m
[1;34m+-------------------------------------------------------------+[0m
[1;34m| Algorithm Stage               | Time (secs)                 |[0m
[1;34m+-------------------------------------------------------------+[0m
[1;32m| retrieveFromVisualSparseMap   | 0.000906                    |[0m
[1;32m| computeJacobianAndUpdateEKF   | 0.006178                    |[0m
[1;32m| -> computeJacobian            | 0.004562                    |[0m
[1;32m| -> updateEKF                  | 0.001545                    |[0m
[1;32m| generateVisualMapPoints       | 0.000128                    |[0m
[1;32m| updateVisualMapPoints         | 0.000040                    |[0m
[1;32m| updateReferencePatch          | 0.000000                    |[0m
[1;34m+-------------------------------------------------------------+[0m
[1;32m| Current Total Time            | 0.007252                    |[0m
[1;32m| Average Total Time            | 0.009156                    |[0m
[1;34m+-------------------------------------------------------------+[0m
[ LIO ] Raw feature num: 2045, downsampled feature num:930 effective feature num: 915 average residual: 0.00623043
[ LIO ] Raw feature num: 2045, downsampled feature num:930 effective feature num: 917 average residual: 0.00647024
[ LIO ] Raw feature num: 2045, downsampled feature num:930 effective feature num: 917 average residual: 0.00645699
[ LIO ] Raw feature num: 2045, downsampled feature num:930 effective feature num: 917 average residual: 0.00645701
[ VIO ] Retrieve 91 points from visual sparse map
[ VIO ] Append 59 new visual map points
[ VIO ] Update 14 points in visual submap
[1;34m+-------------------------------------------------------------+[0m
[1;34m|                         VIO Time                            |[0m
[1;34m+-------------------------------------------------------------+[0m
[1;34m| Sparse Map Size               | 200                         |[0m
[1;34m+-------------------------------------------------------------+[0m
[1;34m| Algorithm Stage               | Time (secs)                 |[0m
[1;34m+-------------------------------------------------------------+[0m
[1;32m| retrieveFromVisualSparseMap   | 0.001077                    |[0m
[1;32m| computeJacobianAndUpdateEKF   | 0.009057                    |[0m
[1;32m| -> computeJacobian            | 0.006484                    |[0m
[1;32m| -> updateEKF                  | 0.002494                    |[0m
[1;32m| generateVisualMapPoints       | 0.000118                    |[0m
[1;32m| updateVisualMapPoints         | 0.000050                    |[0m
[1;32m| updateReferencePatch          | 0.000001                    |[0m
[1;34m+-------------------------------------------------------------+[0m
[1;32m| Current Total Time            | 0.010302                    |[0m
[1;32m| Average Total Time            | 0.009189                    |[0m
[1;34m+-------------------------------------------------------------+[0m
[ LIO ] Raw feature num: 2045, downsampled feature num:955 effective feature num: 928 average residual: 0.00699239
[ LIO ] Raw feature num: 2045, downsampled feature num:955 effective feature num: 928 average residual: 0.007215
[ LIO ] Raw feature num: 2045, downsampled feature num:955 effective feature num: 928 average residual: 0.0072515
[ VIO ] Retrieve 90 points from visual sparse map
[ VIO ] Append 56 new visual map points
[ VIO ] Update 30 points in visual submap
[1;34m+-------------------------------------------------------------+[0m
[1;34m|                         VIO Time                            |[0m
[1;34m+-------------------------------------------------------------+[0m
[1;34m| Sparse Map Size               | 200                         |[0m
[1;34m+-------------------------------------------------------------+[0m
[1;34m| Algorithm Stage               | Time (secs)                 |[0m
[1;34m+-------------------------------------------------------------+[0m
[1;32m| retrieveFromVisualSparseMap   | 0.001435                    |[0m
[1;32m| computeJacobianAndUpdateEKF   | 0.008531                    |[0m
[1;32m| -> computeJacobian            | 0.006099                    |[0m
[1;32m| -> updateEKF                  | 0.002351                    |[0m
[1;32m| generateVisualMapPoints       | 0.000115                    |[0m
[1;32m| updateVisualMapPoints         | 0.000053                    |[0m
[1;32m| updateReferencePatch          | 0.000000                    |[0m
[1;34m+-------------------------------------------------------------+[0m
[1;32m| Current Total Time            | 0.010134                    |[0m
[1;32m| Average Total Time            | 0.009216                    |[0m
[1;34m+-------------------------------------------------------------+[0m
[ LIO ] Raw feature num: 2044, downsampled feature num:924 effective feature num: 889 average residual: 0.00775732
[ LIO ] Raw feature num: 2044, downsampled feature num:924 effective feature num: 891 average residual: 0.00806553
[ LIO ] Raw feature num: 2044, downsampled feature num:924 effective feature num: 891 average residual: 0.00807975
[ LIO ] Raw feature num: 2044, downsampled feature num:924 effective feature num: 891 average residual: 0.00807984
[ VIO ] Retrieve 93 points from visual sparse map
[ VIO ] Append 58 new visual map points
[ VIO ] Update 58 points in visual submap
[1;34m+-------------------------------------------------------------+[0m
[1;34m|                         VIO Time                            |[0m
[1;34m+-------------------------------------------------------------+[0m
[1;34m| Sparse Map Size               | 203                         |[0m
[1;34m+-------------------------------------------------------------+[0m
[1;34m| Algorithm Stage               | Time (secs)                 |[0m
[1;34m+-------------------------------------------------------------+[0m
[1;32m| retrieveFromVisualSparseMap   | 0.000933                    |[0m
[1;32m| computeJacobianAndUpdateEKF   | 0.009244                    |[0m
[1;32m| -> computeJacobian            | 0.006604                    |[0m
[1;32m| -> updateEKF                  | 0.002560                    |[0m
[1;32m| generateVisualMapPoints       | 0.000106                    |[0m
[1;32m| updateVisualMapPoints         | 0.000056                    |[0m
[1;32m| updateReferencePatch          | 0.000000                    |[0m
[1;34m+-------------------------------------------------------------+[0m
[1;32m| Current Total Time            | 0.010339                    |[0m
[1;32m| Average Total Time            | 0.009248                    |[0m
[1;34m+-------------------------------------------------------------+[0m
[ LIO ] Raw feature num: 2045, downsampled feature num:936 effective feature num: 912 average residual: 0.0079854
[ LIO ] Raw feature num: 2045, downsampled feature num:936 effective feature num: 912 average residual: 0.00804728
[ LIO ] Raw feature num: 2045, downsampled feature num:936 effective feature num: 912 average residual: 0.00804662
[ VIO ] Retrieve 93 points from visual sparse map
[ VIO ] Append 54 new visual map points
[ VIO ] Update 63 points in visual submap
[1;34m+-------------------------------------------------------------+[0m
[1;34m|                         VIO Time                            |[0m
[1;34m+-------------------------------------------------------------+[0m
[1;34m| Sparse Map Size               | 203                         |[0m
[1;34m+-------------------------------------------------------------+[0m
[1;34m| Algorithm Stage               | Time (secs)                 |[0m
[1;34m+-------------------------------------------------------------+[0m
[1;32m| retrieveFromVisualSparseMap   | 0.001486                    |[0m
[1;32m| computeJacobianAndUpdateEKF   | 0.009811                    |[0m
[1;32m| -> computeJacobian            | 0.006919                    |[0m
[1;32m| -> updateEKF                  | 0.002808                    |[0m
[1;32m| generateVisualMapPoints       | 0.000118                    |[0m
[1;32m| updateVisualMapPoints         | 0.000060                    |[0m
[1;32m| updateReferencePatch          | 0.000001                    |[0m
[1;34m+-------------------------------------------------------------+[0m
[1;32m| Current Total Time            | 0.011477                    |[0m
[1;32m| Average Total Time            | 0.009308                    |[0m
[1;34m+-------------------------------------------------------------+[0m
[ LIO ] Raw feature num: 2046, downsampled feature num:933 effective feature num: 906 average residual: 0.00962338
[ LIO ] Raw feature num: 2046, downsampled feature num:933 effective feature num: 907 average residual: 0.00974711
[ LIO ] Raw feature num: 2046, downsampled feature num:933 effective feature num: 907 average residual: 0.00976957
[ LIO ] Raw feature num: 2046, downsampled feature num:933 effective feature num: 907 average residual: 0.00977342
[ VIO ] Retrieve 91 points from visual sparse map
[ VIO ] Append 64 new visual map points
[ VIO ] Update 65 points in visual submap
[1;34m+-------------------------------------------------------------+[0m
[1;34m|                         VIO Time                            |[0m
[1;34m+-------------------------------------------------------------+[0m
[1;34m| Sparse Map Size               | 204                         |[0m
[1;34m+-------------------------------------------------------------+[0m
[1;34m| Algorithm Stage               | Time (secs)                 |[0m
[1;34m+-------------------------------------------------------------+[0m
[1;32m| retrieveFromVisualSparseMap   | 0.000955                    |[0m
[1;32m| computeJacobianAndUpdateEKF   | 0.010740                    |[0m
[1;32m| -> computeJacobian            | 0.007413                    |[0m
[1;32m| -> updateEKF                  | 0.003233                    |[0m
[1;32m| generateVisualMapPoints       | 0.000142                    |[0m
[1;32m| updateVisualMapPoints         | 0.000114                    |[0m
[1;32m| updateReferencePatch          | 0.000046                    |[0m
[1;34m+-------------------------------------------------------------+[0m
[1;32m| Current Total Time            | 0.011996                    |[0m
[1;32m| Average Total Time            | 0.009379                    |[0m
[1;34m+-------------------------------------------------------------+[0m
[ LIO ] Raw feature num: 2046, downsampled feature num:930 effective feature num: 902 average residual: 0.0108497
[ LIO ] Raw feature num: 2046, downsampled feature num:930 effective feature num: 901 average residual: 0.0108362
[ LIO ] Raw feature num: 2046, downsampled feature num:930 effective feature num: 901 average residual: 0.0108358
[ VIO ] Retrieve 96 points from visual sparse map
[ VIO ] Append 58 new visual map points
[ VIO ] Update 68 points in visual submap
[1;34m+-------------------------------------------------------------+[0m
[1;34m|                         VIO Time                            |[0m
[1;34m+-------------------------------------------------------------+[0m
[1;34m| Sparse Map Size               | 206                         |[0m
[1;34m+-------------------------------------------------------------+[0m
[1;34m| Algorithm Stage               | Time (secs)                 |[0m
[1;34m+-------------------------------------------------------------+[0m
[1;32m| retrieveFromVisualSparseMap   | 0.001223                    |[0m
[1;32m| computeJacobianAndUpdateEKF   | 0.008300                    |[0m
[1;32m| -> computeJacobian            | 0.006096                    |[0m
[1;32m| -> updateEKF                  | 0.002122                    |[0m
[1;32m| generateVisualMapPoints       | 0.000115                    |[0m
[1;32m| updateVisualMapPoints         | 0.000067                    |[0m
[1;32m| updateReferencePatch          | 0.000118                    |[0m
[1;34m+-------------------------------------------------------------+[0m
[1;32m| Current Total Time            | 0.009822                    |[0m
[1;32m| Average Total Time            | 0.009390                    |[0m
[1;34m+-------------------------------------------------------------+[0m
[ LIO ] Raw feature num: 2046, downsampled feature num:944 effective feature num: 915 average residual: 0.0111335
[ LIO ] Raw feature num: 2046, downsampled feature num:944 effective feature num: 915 average residual: 0.0114588
[ LIO ] Raw feature num: 2046, downsampled feature num:944 effective feature num: 915 average residual: 0.0114939
[ VIO ] Retrieve 101 points from visual sparse map
[ VIO ] Append 69 new visual map points
[ VIO ] Update 74 points in visual submap
[1;34m+-------------------------------------------------------------+[0m
[1;34m|                         VIO Time                            |[0m
[1;34m+-------------------------------------------------------------+[0m
[1;34m| Sparse Map Size               | 207                         |[0m
[1;34m+-------------------------------------------------------------+[0m
[1;34m| Algorithm Stage               | Time (secs)                 |[0m
[1;34m+-------------------------------------------------------------+[0m
[1;32m| retrieveFromVisualSparseMap   | 0.000965                    |[0m
[1;32m| computeJacobianAndUpdateEKF   | 0.007506                    |[0m
[1;32m| -> computeJacobian            | 0.005574                    |[0m
[1;32m| -> updateEKF                  | 0.001844                    |[0m
[1;32m| generateVisualMapPoints       | 0.000116                    |[0m
[1;32m| updateVisualMapPoints         | 0.000071                    |[0m
[1;32m| updateReferencePatch          | 0.000226                    |[0m
[1;34m+-------------------------------------------------------------+[0m
[1;32m| Current Total Time            | 0.008884                    |[0m
[1;32m| Average Total Time            | 0.009377                    |[0m
[1;34m+-------------------------------------------------------------+[0m
[ LIO ] Raw feature num: 2047, downsampled feature num:964 effective feature num: 933 average residual: 0.0125505
[ LIO ] Raw feature num: 2047, downsampled feature num:964 effective feature num: 933 average residual: 0.0129323
[ LIO ] Raw feature num: 2047, downsampled feature num:964 effective feature num: 933 average residual: 0.0129326
[ VIO ] Retrieve 98 points from visual sparse map
[ VIO ] Append 58 new visual map points
[ VIO ] Update 67 points in visual submap
[1;34m+-------------------------------------------------------------+[0m
[1;34m|                         VIO Time                            |[0m
[1;34m+-------------------------------------------------------------+[0m
[1;34m| Sparse Map Size               | 207                         |[0m
[1;34m+-------------------------------------------------------------+[0m
[1;34m| Algorithm Stage               | Time (secs)                 |[0m
[1;34m+-------------------------------------------------------------+[0m
[1;32m| retrieveFromVisualSparseMap   | 0.001539                    |[0m
[1;32m| computeJacobianAndUpdateEKF   | 0.008410                    |[0m
[1;32m| -> computeJacobian            | 0.006173                    |[0m
[1;32m| -> updateEKF                  | 0.002152                    |[0m
[1;32m| generateVisualMapPoints       | 0.000107                    |[0m
[1;32m| updateVisualMapPoints         | 0.000062                    |[0m
[1;32m| updateReferencePatch          | 0.000345                    |[0m
[1;34m+-------------------------------------------------------------+[0m
[1;32m| Current Total Time            | 0.010464                    |[0m
[1;32m| Average Total Time            | 0.009404                    |[0m
[1;34m+-------------------------------------------------------------+[0m
[ LIO ] Raw feature num: 2047, downsampled feature num:935 effective feature num: 894 average residual: 0.012696
[ LIO ] Raw feature num: 2047, downsampled feature num:935 effective feature num: 895 average residual: 0.0128496
[ LIO ] Raw feature num: 2047, downsampled feature num:935 effective feature num: 894 average residual: 0.0128716
[ LIO ] Raw feature num: 2047, downsampled feature num:935 effective feature num: 894 average residual: 0.0128727
[ VIO ] Retrieve 97 points from visual sparse map
[ VIO ] Append 58 new visual map points
[ VIO ] Update 65 points in visual submap
[1;34m+-------------------------------------------------------------+[0m
[1;34m|                         VIO Time                            |[0m
[1;34m+-------------------------------------------------------------+[0m
[1;34m| Sparse Map Size               | 208                         |[0m
[1;34m+-------------------------------------------------------------+[0m
[1;34m| Algorithm Stage               | Time (secs)                 |[0m
[1;34m+-------------------------------------------------------------+[0m
[1;32m| retrieveFromVisualSparseMap   | 0.001176                    |[0m
[1;32m| computeJacobianAndUpdateEKF   | 0.009938                    |[0m
[1;32m| -> computeJacobian            | 0.007125                    |[0m
[1;32m| -> updateEKF                  | 0.002728                    |[0m
[1;32m| generateVisualMapPoints       | 0.000109                    |[0m
[1;32m| updateVisualMapPoints         | 0.000060                    |[0m
[1;32m| updateReferencePatch          | 0.000476                    |[0m
[1;34m+-------------------------------------------------------------+[0m
[1;32m| Current Total Time            | 0.011759                    |[0m
[1;32m| Average Total Time            | 0.009460                    |[0m
[1;34m+-------------------------------------------------------------+[0m
[ LIO ] Raw feature num: 2047, downsampled feature num:960 effective feature num: 931 average residual: 0.0129595
[ LIO ] Raw feature num: 2047, downsampled feature num:960 effective feature num: 932 average residual: 0.0128477
[ LIO ] Raw feature num: 2047, downsampled feature num:960 effective feature num: 932 average residual: 0.012847
[ VIO ] Retrieve 101 points from visual sparse map
[ VIO ] Append 57 new visual map points
[ VIO ] Update 65 points in visual submap
[1;34m+-------------------------------------------------------------+[0m
[1;34m|                         VIO Time                            |[0m
[1;34m+-------------------------------------------------------------+[0m
[1;34m| Sparse Map Size               | 208                         |[0m
[1;34m+-------------------------------------------------------------+[0m
[1;34m| Algorithm Stage               | Time (secs)                 |[0m
[1;34m+-------------------------------------------------------------+[0m
[1;32m| retrieveFromVisualSparseMap   | 0.001543                    |[0m
[1;32m| computeJacobianAndUpdateEKF   | 0.006353                    |[0m
[1;32m| -> computeJacobian            | 0.004777                    |[0m
[1;32m| -> updateEKF                  | 0.001462                    |[0m
[1;32m| generateVisualMapPoints       | 0.000106                    |[0m
[1;32m| updateVisualMapPoints         | 0.000061                    |[0m
[1;32m| updateReferencePatch          | 0.000644                    |[0m
[1;34m+-------------------------------------------------------------+[0m
[1;32m| Current Total Time            | 0.008706                    |[0m
[1;32m| Average Total Time            | 0.009442                    |[0m
[1;34m+-------------------------------------------------------------+[0m
[ LIO ] Raw feature num: 2048, downsampled feature num:932 effective feature num: 906 average residual: 0.0130055
[ LIO ] Raw feature num: 2048, downsampled feature num:932 effective feature num: 906 average residual: 0.0133025
[ LIO ] Raw feature num: 2048, downsampled feature num:932 effective feature num: 906 average residual: 0.013301
[ LIO ] Raw feature num: 2048, downsampled feature num:932 effective feature num: 906 average residual: 0.013301
[ VIO ] Retrieve 109 points from visual sparse map
[ VIO ] Append 53 new visual map points
[ VIO ] Update 66 points in visual submap
[1;34m+-------------------------------------------------------------+[0m
[1;34m|                         VIO Time                            |[0m
[1;34m+-------------------------------------------------------------+[0m
[1;34m| Sparse Map Size               | 208                         |[0m
[1;34m+-------------------------------------------------------------+[0m
[1;34m| Algorithm Stage               | Time (secs)                 |[0m
[1;34m+-------------------------------------------------------------+[0m
[1;32m| retrieveFromVisualSparseMap   | 0.001158                    |[0m
[1;32m| computeJacobianAndUpdateEKF   | 0.010367                    |[0m
[1;32m| -> computeJacobian            | 0.007312                    |[0m
[1;32m| -> updateEKF                  | 0.002964                    |[0m
[1;32m| generateVisualMapPoints       | 0.000108                    |[0m
[1;32m| updateVisualMapPoints         | 0.000080                    |[0m
[1;32m| updateReferencePatch          | 0.000725                    |[0m
[1;34m+-------------------------------------------------------------+[0m
[1;32m| Current Total Time            | 0.012437                    |[0m
[1;32m| Average Total Time            | 0.009510                    |[0m
[1;34m+-------------------------------------------------------------+[0m
[ LIO ] Raw feature num: 2048, downsampled feature num:967 effective feature num: 948 average residual: 0.0136917
[ LIO ] Raw feature num: 2048, downsampled feature num:967 effective feature num: 945 average residual: 0.0141911
[ LIO ] Raw feature num: 2048, downsampled feature num:967 effective feature num: 945 average residual: 0.0140795
[ LIO ] Raw feature num: 2048, downsampled feature num:967 effective feature num: 945 average residual: 0.0140144
[ LIO ] Raw feature num: 2048, downsampled feature num:967 effective feature num: 945 average residual: 0.0140128
[ VIO ] Retrieve 108 points from visual sparse map
[ VIO ] Append 64 new visual map points
[ VIO ] Update 57 points in visual submap
[1;34m+-------------------------------------------------------------+[0m
[1;34m|                         VIO Time                            |[0m
[1;34m+-------------------------------------------------------------+[0m
[1;34m| Sparse Map Size               | 208                         |[0m
[1;34m+-------------------------------------------------------------+[0m
[1;34m| Algorithm Stage               | Time (secs)                 |[0m
[1;34m+-------------------------------------------------------------+[0m
[1;32m| retrieveFromVisualSparseMap   | 0.001646                    |[0m
[1;32m| computeJacobianAndUpdateEKF   | 0.010503                    |[0m
[1;32m| -> computeJacobian            | 0.007263                    |[0m
[1;32m| -> updateEKF                  | 0.003147                    |[0m
[1;32m| generateVisualMapPoints       | 0.000125                    |[0m
[1;32m| updateVisualMapPoints         | 0.000079                    |[0m
[1;32m| updateReferencePatch          | 0.000653                    |[0m
[1;34m+-------------------------------------------------------------+[0m
[1;32m| Current Total Time            | 0.013006                    |[0m
[1;32m| Average Total Time            | 0.009588                    |[0m
[1;34m+-------------------------------------------------------------+[0m
[ LIO ] Raw feature num: 2048, downsampled feature num:969 effective feature num: 948 average residual: 0.014003
[ LIO ] Raw feature num: 2048, downsampled feature num:969 effective feature num: 948 average residual: 0.0141503
[ LIO ] Raw feature num: 2048, downsampled feature num:969 effective feature num: 948 average residual: 0.0141424
[ LIO ] Raw feature num: 2048, downsampled feature num:969 effective feature num: 948 average residual: 0.0141425
[ VIO ] Retrieve 119 points from visual sparse map
[ VIO ] Append 54 new visual map points
[ VIO ] Update 44 points in visual submap
[1;34m+-------------------------------------------------------------+[0m
[1;34m|                         VIO Time                            |[0m
[1;34m+-------------------------------------------------------------+[0m
[1;34m| Sparse Map Size               | 208                         |[0m
[1;34m+-------------------------------------------------------------+[0m
[1;34m| Algorithm Stage               | Time (secs)                 |[0m
[1;34m+-------------------------------------------------------------+[0m
[1;32m| retrieveFromVisualSparseMap   | 0.001179                    |[0m
[1;32m| computeJacobianAndUpdateEKF   | 0.009722                    |[0m
[1;32m| -> computeJacobian            | 0.007052                    |[0m
[1;32m| -> updateEKF                  | 0.002570                    |[0m
[1;32m| generateVisualMapPoints       | 0.000111                    |[0m
[1;32m| updateVisualMapPoints         | 0.000096                    |[0m
[1;32m| updateReferencePatch          | 0.000416                    |[0m
[1;34m+-------------------------------------------------------------+[0m
[1;32m| Current Total Time            | 0.011523                    |[0m
[1;32m| Average Total Time            | 0.009630                    |[0m
[1;34m+-------------------------------------------------------------+[0m
[ LIO ] Raw feature num: 2048, downsampled feature num:965 effective feature num: 941 average residual: 0.0144272
[ LIO ] Raw feature num: 2048, downsampled feature num:965 effective feature num: 941 average residual: 0.0148809
[ LIO ] Raw feature num: 2048, downsampled feature num:965 effective feature num: 942 average residual: 0.0148313
[ LIO ] Raw feature num: 2048, downsampled feature num:965 effective feature num: 942 average residual: 0.014836
[ VIO ] Retrieve 121 points from visual sparse map
[ VIO ] Append 51 new visual map points
[ VIO ] Update 38 points in visual submap
[1;34m+-------------------------------------------------------------+[0m
[1;34m|                         VIO Time                            |[0m
[1;34m+-------------------------------------------------------------+[0m
[1;34m| Sparse Map Size               | 208                         |[0m
[1;34m+-------------------------------------------------------------+[0m
[1;34m| Algorithm Stage               | Time (secs)                 |[0m
[1;34m+-------------------------------------------------------------+[0m
[1;32m| retrieveFromVisualSparseMap   | 0.001190                    |[0m
[1;32m| computeJacobianAndUpdateEKF   | 0.013061                    |[0m
[1;32m| -> computeJacobian            | 0.009094                    |[0m
[1;32m| -> updateEKF                  | 0.003864                    |[0m
[1;32m| generateVisualMapPoints       | 0.000126                    |[0m
[1;32m| updateVisualMapPoints         | 0.000074                    |[0m
[1;32m| updateReferencePatch          | 0.000393                    |[0m
[1;34m+-------------------------------------------------------------+[0m
[1;32m| Current Total Time            | 0.014844                    |[0m
[1;32m| Average Total Time            | 0.009741                    |[0m
[1;34m+-------------------------------------------------------------+[0m
[ LIO ] Raw feature num: 2048, downsampled feature num:966 effective feature num: 942 average residual: 0.014425
[ LIO ] Raw feature num: 2048, downsampled feature num:966 effective feature num: 945 average residual: 0.0145592
[ LIO ] Raw feature num: 2048, downsampled feature num:966 effective feature num: 945 average residual: 0.0146761
[ LIO ] Raw feature num: 2048, downsampled feature num:966 effective feature num: 945 average residual: 0.0146763
[ VIO ] Retrieve 123 points from visual sparse map
[ VIO ] Append 50 new visual map points
[ VIO ] Update 38 points in visual submap
[1;34m+-------------------------------------------------------------+[0m
[1;34m|                         VIO Time                            |[0m
[1;34m+-------------------------------------------------------------+[0m
[1;34m| Sparse Map Size               | 208                         |[0m
[1;34m+-------------------------------------------------------------+[0m
[1;34m| Algorithm Stage               | Time (secs)                 |[0m
[1;34m+-------------------------------------------------------------+[0m
[1;32m| retrieveFromVisualSparseMap   | 0.001707                    |[0m
[1;32m| computeJacobianAndUpdateEKF   | 0.011814                    |[0m
[1;32m| -> computeJacobian            | 0.008356                    |[0m
[1;32m| -> updateEKF                  | 0.003351                    |[0m
[1;32m| generateVisualMapPoints       | 0.000108                    |[0m
[1;32m| updateVisualMapPoints         | 0.000067                    |[0m
[1;32m| updateReferencePatch          | 0.000493                    |[0m
[1;34m+-------------------------------------------------------------+[0m
[1;32m| Current Total Time            | 0.014189                    |[0m
[1;32m| Average Total Time            | 0.009834                    |[0m
[1;34m+-------------------------------------------------------------+[0m
[ LIO ] Raw feature num: 2048, downsampled feature num:968 effective feature num: 945 average residual: 0.0144649
[ LIO ] Raw feature num: 2048, downsampled feature num:968 effective feature num: 947 average residual: 0.014641
[ LIO ] Raw feature num: 2048, downsampled feature num:968 effective feature num: 947 average residual: 0.0147553
[ LIO ] Raw feature num: 2048, downsampled feature num:968 effective feature num: 947 average residual: 0.0147605
[ VIO ] Retrieve 123 points from visual sparse map
[ VIO ] Append 47 new visual map points
[ VIO ] Update 27 points in visual submap
[1;34m+-------------------------------------------------------------+[0m
[1;34m|                         VIO Time                            |[0m
[1;34m+-------------------------------------------------------------+[0m
[1;34m| Sparse Map Size               | 208                         |[0m
[1;34m+-------------------------------------------------------------+[0m
[1;34m| Algorithm Stage               | Time (secs)                 |[0m
[1;34m+-------------------------------------------------------------+[0m
[1;32m| retrieveFromVisualSparseMap   | 0.001207                    |[0m
[1;32m| computeJacobianAndUpdateEKF   | 0.011874                    |[0m
[1;32m| -> computeJacobian            | 0.008338                    |[0m
[1;32m| -> updateEKF                  | 0.003409                    |[0m
[1;32m| generateVisualMapPoints       | 0.000106                    |[0m
[1;32m| updateVisualMapPoints         | 0.000079                    |[0m
[1;32m| updateReferencePatch          | 0.000325                    |[0m
[1;34m+-------------------------------------------------------------+[0m
[1;32m| Current Total Time            | 0.013591                    |[0m
[1;32m| Average Total Time            | 0.009910                    |[0m
[1;34m+-------------------------------------------------------------+[0m
[ LIO ] Raw feature num: 2048, downsampled feature num:969 effective feature num: 946 average residual: 0.0141654
[ LIO ] Raw feature num: 2048, downsampled feature num:969 effective feature num: 947 average residual: 0.0145129
[ LIO ] Raw feature num: 2048, downsampled feature num:969 effective feature num: 948 average residual: 0.0146207
[ LIO ] Raw feature num: 2048, downsampled feature num:969 effective feature num: 948 average residual: 0.0145096
[ LIO ] Raw feature num: 2048, downsampled feature num:969 effective feature num: 948 average residual: 0.0145388
[ VIO ] Retrieve 123 points from visual sparse map
[ VIO ] Append 48 new visual map points
[ VIO ] Update 24 points in visual submap
[1;34m+-------------------------------------------------------------+[0m
[1;34m|                         VIO Time                            |[0m
[1;34m+-------------------------------------------------------------+[0m
[1;34m| Sparse Map Size               | 208                         |[0m
[1;34m+-------------------------------------------------------------+[0m
[1;34m| Algorithm Stage               | Time (secs)                 |[0m
[1;34m+-------------------------------------------------------------+[0m
[1;32m| retrieveFromVisualSparseMap   | 0.001429                    |[0m
[1;32m| computeJacobianAndUpdateEKF   | 0.011044                    |[0m
[1;32m| -> computeJacobian            | 0.007853                    |[0m
[1;32m| -> updateEKF                  | 0.003086                    |[0m
[1;32m| generateVisualMapPoints       | 0.000115                    |[0m
[1;32m| updateVisualMapPoints         | 0.000057                    |[0m
[1;32m| updateReferencePatch          | 0.000292                    |[0m
[1;34m+-------------------------------------------------------------+[0m
[1;32m| Current Total Time            | 0.012936                    |[0m
[1;32m| Average Total Time            | 0.009971                    |[0m
[1;34m+-------------------------------------------------------------+[0m
[ LIO ] Raw feature num: 2048, downsampled feature num:972 effective feature num: 949 average residual: 0.013997
[ LIO ] Raw feature num: 2048, downsampled feature num:972 effective feature num: 950 average residual: 0.0144777
[ LIO ] Raw feature num: 2048, downsampled feature num:972 effective feature num: 951 average residual: 0.0146642
[ LIO ] Raw feature num: 2048, downsampled feature num:972 effective feature num: 952 average residual: 0.0147177
[ LIO ] Raw feature num: 2048, downsampled feature num:972 effective feature num: 952 average residual: 0.0145999
[ VIO ] Retrieve 120 points from visual sparse map
[ VIO ] Append 50 new visual map points
[ VIO ] Update 21 points in visual submap
[1;34m+-------------------------------------------------------------+[0m
[1;34m|                         VIO Time                            |[0m
[1;34m+-------------------------------------------------------------+[0m
[1;34m| Sparse Map Size               | 208                         |[0m
[1;34m+-------------------------------------------------------------+[0m
[1;34m| Algorithm Stage               | Time (secs)                 |[0m
[1;34m+-------------------------------------------------------------+[0m
[1;32m| retrieveFromVisualSparseMap   | 0.001356                    |[0m
[1;32m| computeJacobianAndUpdateEKF   | 0.011485                    |[0m
[1;32m| -> computeJacobian            | 0.008118                    |[0m
[1;32m| -> updateEKF                  | 0.003260                    |[0m
[1;32m| generateVisualMapPoints       | 0.000108                    |[0m
[1;32m| updateVisualMapPoints         | 0.000050                    |[0m
[1;32m| updateReferencePatch          | 0.000295                    |[0m
[1;34m+-------------------------------------------------------------+[0m
[1;32m| Current Total Time            | 0.013294                    |[0m
[1;32m| Average Total Time            | 0.010036                    |[0m
[1;34m+-------------------------------------------------------------+[0m
[ LIO ] Raw feature num: 2048, downsampled feature num:963 effective feature num: 940 average residual: 0.0142263
[ LIO ] Raw feature num: 2048, downsampled feature num:963 effective feature num: 942 average residual: 0.0149085
[ LIO ] Raw feature num: 2048, downsampled feature num:963 effective feature num: 942 average residual: 0.0149073
[ LIO ] Raw feature num: 2048, downsampled feature num:963 effective feature num: 942 average residual: 0.0149074
[ VIO ] Retrieve 121 points from visual sparse map
[ VIO ] Append 47 new visual map points
[ VIO ] Update 21 points in visual submap
[1;34m+-------------------------------------------------------------+[0m
[1;34m|                         VIO Time                            |[0m
[1;34m+-------------------------------------------------------------+[0m
[1;34m| Sparse Map Size               | 208                         |[0m
[1;34m+-------------------------------------------------------------+[0m
[1;34m| Algorithm Stage               | Time (secs)                 |[0m
[1;34m+-------------------------------------------------------------+[0m
[1;32m| retrieveFromVisualSparseMap   | 0.001480                    |[0m
[1;32m| computeJacobianAndUpdateEKF   | 0.011281                    |[0m
[1;32m| -> computeJacobian            | 0.008151                    |[0m
[1;32m| -> updateEKF                  | 0.003028                    |[0m
[1;32m| generateVisualMapPoints       | 0.000103                    |[0m
[1;32m| updateVisualMapPoints         | 0.000044                    |[0m
[1;32m| updateReferencePatch          | 0.000343                    |[0m
[1;34m+-------------------------------------------------------------+[0m
[1;32m| Current Total Time            | 0.013250                    |[0m
[1;32m| Average Total Time            | 0.010098                    |[0m
[1;34m+-------------------------------------------------------------+[0m
[ LIO ] Raw feature num: 2048, downsampled feature num:967 effective feature num: 945 average residual: 0.014967
[ LIO ] Raw feature num: 2048, downsampled feature num:967 effective feature num: 945 average residual: 0.0155844
[ LIO ] Raw feature num: 2048, downsampled feature num:967 effective feature num: 945 average residual: 0.0155849
[ VIO ] Retrieve 121 points from visual sparse map
[ VIO ] Append 47 new visual map points
[ VIO ] Update 15 points in visual submap
[1;34m+-------------------------------------------------------------+[0m
[1;34m|                         VIO Time                            |[0m
[1;34m+-------------------------------------------------------------+[0m
[1;34m| Sparse Map Size               | 209                         |[0m
[1;34m+-------------------------------------------------------------+[0m
[1;34m| Algorithm Stage               | Time (secs)                 |[0m
[1;34m+-------------------------------------------------------------+[0m
[1;32m| retrieveFromVisualSparseMap   | 0.001366                    |[0m
[1;32m| computeJacobianAndUpdateEKF   | 0.012965                    |[0m
[1;32m| -> computeJacobian            | 0.009138                    |[0m
[1;32m| -> updateEKF                  | 0.003725                    |[0m
[1;32m| generateVisualMapPoints       | 0.000101                    |[0m
[1;32m| updateVisualMapPoints         | 0.000062                    |[0m
[1;32m| updateReferencePatch          | 0.000236                    |[0m
[1;34m+-------------------------------------------------------------+[0m
[1;32m| Current Total Time            | 0.014730                    |[0m
[1;32m| Average Total Time            | 0.010185                    |[0m
[1;34m+-------------------------------------------------------------+[0m
[ LIO ] Raw feature num: 2048, downsampled feature num:964 effective feature num: 945 average residual: 0.0155423
[ LIO ] Raw feature num: 2048, downsampled feature num:964 effective feature num: 942 average residual: 0.0158584
[ LIO ] Raw feature num: 2048, downsampled feature num:964 effective feature num: 942 average residual: 0.0158876
[ LIO ] Raw feature num: 2048, downsampled feature num:964 effective feature num: 942 average residual: 0.0158875
[ VIO ] Retrieve 119 points from visual sparse map
[ VIO ] Append 51 new visual map points
[ VIO ] Update 12 points in visual submap
[1;34m+-------------------------------------------------------------+[0m
[1;34m|                         VIO Time                            |[0m
[1;34m+-------------------------------------------------------------+[0m
[1;34m| Sparse Map Size               | 209                         |[0m
[1;34m+-------------------------------------------------------------+[0m
[1;34m| Algorithm Stage               | Time (secs)                 |[0m
[1;34m+-------------------------------------------------------------+[0m
[1;32m| retrieveFromVisualSparseMap   | 0.001368                    |[0m
[1;32m| computeJacobianAndUpdateEKF   | 0.009675                    |[0m
[1;32m| -> computeJacobian            | 0.007215                    |[0m
[1;32m| -> updateEKF                  | 0.002360                    |[0m
[1;32m| generateVisualMapPoints       | 0.000121                    |[0m
[1;32m| updateVisualMapPoints         | 0.000045                    |[0m
[1;32m| updateReferencePatch          | 0.000159                    |[0m
[1;34m+-------------------------------------------------------------+[0m
[1;32m| Current Total Time            | 0.011368                    |[0m
[1;32m| Average Total Time            | 0.010207                    |[0m
[1;34m+-------------------------------------------------------------+[0m
[ LIO ] Raw feature num: 2048, downsampled feature num:945 effective feature num: 924 average residual: 0.0155717
[ LIO ] Raw feature num: 2048, downsampled feature num:945 effective feature num: 926 average residual: 0.0160384
[ LIO ] Raw feature num: 2048, downsampled feature num:945 effective feature num: 926 average residual: 0.0160468
[ LIO ] Raw feature num: 2048, downsampled feature num:945 effective feature num: 926 average residual: 0.0160468
[ VIO ] Retrieve 114 points from visual sparse map
[ VIO ] Append 46 new visual map points
[ VIO ] Update 15 points in visual submap
[1;34m+-------------------------------------------------------------+[0m
[1;34m|                         VIO Time                            |[0m
[1;34m+-------------------------------------------------------------+[0m
[1;34m| Sparse Map Size               | 209                         |[0m
[1;34m+-------------------------------------------------------------+[0m
[1;34m| Algorithm Stage               | Time (secs)                 |[0m
[1;34m+-------------------------------------------------------------+[0m
[1;32m| retrieveFromVisualSparseMap   | 0.001156                    |[0m
[1;32m| computeJacobianAndUpdateEKF   | 0.008669                    |[0m
[1;32m| -> computeJacobian            | 0.006331                    |[0m
[1;32m| -> updateEKF                  | 0.002243                    |[0m
[1;32m| generateVisualMapPoints       | 0.000098                    |[0m
[1;32m| updateVisualMapPoints         | 0.000052                    |[0m
[1;32m| updateReferencePatch          | 0.000131                    |[0m
[1;34m+-------------------------------------------------------------+[0m
[1;32m| Current Total Time            | 0.010106                    |[0m
[1;32m| Average Total Time            | 0.010205                    |[0m
[1;34m+-------------------------------------------------------------+[0m
[ LIO ] Raw feature num: 2048, downsampled feature num:949 effective feature num: 930 average residual: 0.0164039
[ LIO ] Raw feature num: 2048, downsampled feature num:949 effective feature num: 931 average residual: 0.0163435
[ LIO ] Raw feature num: 2048, downsampled feature num:949 effective feature num: 931 average residual: 0.0162618
[ LIO ] Raw feature num: 2048, downsampled feature num:949 effective feature num: 931 average residual: 0.0162618
[ VIO ] Retrieve 116 points from visual sparse map
[ VIO ] Append 47 new visual map points
[ VIO ] Update 15 points in visual submap
[1;34m+-------------------------------------------------------------+[0m
[1;34m|                         VIO Time                            |[0m
[1;34m+-------------------------------------------------------------+[0m
[1;34m| Sparse Map Size               | 210                         |[0m
[1;34m+-------------------------------------------------------------+[0m
[1;34m| Algorithm Stage               | Time (secs)                 |[0m
[1;34m+-------------------------------------------------------------+[0m
[1;32m| retrieveFromVisualSparseMap   | 0.001693                    |[0m
[1;32m| computeJacobianAndUpdateEKF   | 0.010227                    |[0m
[1;32m| -> computeJacobian            | 0.007396                    |[0m
[1;32m| -> updateEKF                  | 0.002727                    |[0m
[1;32m| generateVisualMapPoints       | 0.000098                    |[0m
[1;32m| updateVisualMapPoints         | 0.000045                    |[0m
[1;32m| updateReferencePatch          | 0.000157                    |[0m
[1;34m+-------------------------------------------------------------+[0m
[1;32m| Current Total Time            | 0.012221                    |[0m
[1;32m| Average Total Time            | 0.010241                    |[0m
[1;34m+-------------------------------------------------------------+[0m
[ LIO ] Raw feature num: 2048, downsampled feature num:943 effective feature num: 922 average residual: 0.0173186
[ LIO ] Raw feature num: 2048, downsampled feature num:943 effective feature num: 921 average residual: 0.0169076
[ LIO ] Raw feature num: 2048, downsampled feature num:943 effective feature num: 921 average residual: 0.0168426
[ LIO ] Raw feature num: 2048, downsampled feature num:943 effective feature num: 921 average residual: 0.0168427
[ VIO ] Retrieve 107 points from visual sparse map
[ VIO ] Append 52 new visual map points
[ VIO ] Update 15 points in visual submap
[1;34m+-------------------------------------------------------------+[0m
[1;34m|                         VIO Time                            |[0m
[1;34m+-------------------------------------------------------------+[0m
[1;34m| Sparse Map Size               | 211                         |[0m
[1;34m+-------------------------------------------------------------+[0m
[1;34m| Algorithm Stage               | Time (secs)                 |[0m
[1;34m+-------------------------------------------------------------+[0m
[1;32m| retrieveFromVisualSparseMap   | 0.001101                    |[0m
[1;32m| computeJacobianAndUpdateEKF   | 0.007951                    |[0m
[1;32m| -> computeJacobian            | 0.005917                    |[0m
[1;32m| -> updateEKF                  | 0.001944                    |[0m
[1;32m| generateVisualMapPoints       | 0.000103                    |[0m
[1;32m| updateVisualMapPoints         | 0.000037                    |[0m
[1;32m| updateReferencePatch          | 0.000131                    |[0m
[1;34m+-------------------------------------------------------------+[0m
[1;32m| Current Total Time            | 0.009324                    |[0m
[1;32m| Average Total Time            | 0.010225                    |[0m
[1;34m+-------------------------------------------------------------+[0m
[ LIO ] Raw feature num: 2048, downsampled feature num:937 effective feature num: 916 average residual: 0.0175103
[ LIO ] Raw feature num: 2048, downsampled feature num:937 effective feature num: 916 average residual: 0.0174278
[ LIO ] Raw feature num: 2048, downsampled feature num:937 effective feature num: 916 average residual: 0.0174309
[ LIO ] Raw feature num: 2048, downsampled feature num:937 effective feature num: 916 average residual: 0.0174309
[ VIO ] Retrieve 107 points from visual sparse map
[ VIO ] Append 56 new visual map points
[ VIO ] Update 14 points in visual submap
[1;34m+-------------------------------------------------------------+[0m
[1;34m|                         VIO Time                            |[0m
[1;34m+-------------------------------------------------------------+[0m
[1;34m| Sparse Map Size               | 211                         |[0m
[1;34m+-------------------------------------------------------------+[0m
[1;34m| Algorithm Stage               | Time (secs)                 |[0m
[1;34m+-------------------------------------------------------------+[0m
[1;32m| retrieveFromVisualSparseMap   | 0.001285                    |[0m
[1;32m| computeJacobianAndUpdateEKF   | 0.009589                    |[0m
[1;32m| -> computeJacobian            | 0.006777                    |[0m
[1;32m| -> updateEKF                  | 0.002720                    |[0m
[1;32m| generateVisualMapPoints       | 0.000110                    |[0m
[1;32m| updateVisualMapPoints         | 0.000042                    |[0m
[1;32m| updateReferencePatch          | 0.000125                    |[0m
[1;34m+-------------------------------------------------------------+[0m
[1;32m| Current Total Time            | 0.011151                    |[0m
[1;32m| Average Total Time            | 0.010241                    |[0m
[1;34m+-------------------------------------------------------------+[0m
[ LIO ] Raw feature num: 2048, downsampled feature num:942 effective feature num: 922 average residual: 0.0185561
[ LIO ] Raw feature num: 2048, downsampled feature num:942 effective feature num: 923 average residual: 0.018046
[ LIO ] Raw feature num: 2048, downsampled feature num:942 effective feature num: 923 average residual: 0.0179524
[ LIO ] Raw feature num: 2048, downsampled feature num:942 effective feature num: 923 average residual: 0.0179525
[ VIO ] Retrieve 97 points from visual sparse map
[ VIO ] Append 57 new visual map points
[ VIO ] Update 11 points in visual submap
[1;34m+-------------------------------------------------------------+[0m
[1;34m|                         VIO Time                            |[0m
[1;34m+-------------------------------------------------------------+[0m
[1;34m| Sparse Map Size               | 211                         |[0m
[1;34m+-------------------------------------------------------------+[0m
[1;34m| Algorithm Stage               | Time (secs)                 |[0m
[1;34m+-------------------------------------------------------------+[0m
[1;32m| retrieveFromVisualSparseMap   | 0.001533                    |[0m
[1;32m| computeJacobianAndUpdateEKF   | 0.008859                    |[0m
[1;32m| -> computeJacobian            | 0.006229                    |[0m
[1;32m| -> updateEKF                  | 0.002520                    |[0m
[1;32m| generateVisualMapPoints       | 0.000110                    |[0m
[1;32m| updateVisualMapPoints         | 0.000033                    |[0m
[1;32m| updateReferencePatch          | 0.000086                    |[0m
[1;34m+-------------------------------------------------------------+[0m
[1;32m| Current Total Time            | 0.010620                    |[0m
[1;32m| Average Total Time            | 0.010248                    |[0m
[1;34m+-------------------------------------------------------------+[0m
[ LIO ] Raw feature num: 2048, downsampled feature num:920 effective feature num: 906 average residual: 0.0187882
[ LIO ] Raw feature num: 2048, downsampled feature num:920 effective feature num: 905 average residual: 0.0180717
[ LIO ] Raw feature num: 2048, downsampled feature num:920 effective feature num: 905 average residual: 0.0181952
[ LIO ] Raw feature num: 2048, downsampled feature num:920 effective feature num: 905 average residual: 0.0180527
[ LIO ] Raw feature num: 2048, downsampled feature num:920 effective feature num: 905 average residual: 0.0181911
[ VIO ] Retrieve 101 points from visual sparse map
[ VIO ] Append 50 new visual map points
[ VIO ] Update 13 points in visual submap
[1;34m+-------------------------------------------------------------+[0m
[1;34m|                         VIO Time                            |[0m
[1;34m+-------------------------------------------------------------+[0m
[1;34m| Sparse Map Size               | 211                         |[0m
[1;34m+-------------------------------------------------------------+[0m
[1;34m| Algorithm Stage               | Time (secs)                 |[0m
[1;34m+-------------------------------------------------------------+[0m
[1;32m| retrieveFromVisualSparseMap   | 0.001069                    |[0m
[1;32m| computeJacobianAndUpdateEKF   | 0.010170                    |[0m
[1;32m| -> computeJacobian            | 0.007420                    |[0m
[1;32m| -> updateEKF                  | 0.002651                    |[0m
[1;32m| generateVisualMapPoints       | 0.000103                    |[0m
[1;32m| updateVisualMapPoints         | 0.000035                    |[0m
[1;32m| updateReferencePatch          | 0.000125                    |[0m
[1;34m+-------------------------------------------------------------+[0m
[1;32m| Current Total Time            | 0.011502                    |[0m
[1;32m| Average Total Time            | 0.010269                    |[0m
[1;34m+-------------------------------------------------------------+[0m
[ LIO ] Raw feature num: 2048, downsampled feature num:934 effective feature num: 921 average residual: 0.0199338
[ LIO ] Raw feature num: 2048, downsampled feature num:934 effective feature num: 920 average residual: 0.0187932
[ LIO ] Raw feature num: 2048, downsampled feature num:934 effective feature num: 921 average residual: 0.0188747
[ LIO ] Raw feature num: 2048, downsampled feature num:934 effective feature num: 921 average residual: 0.0188956
[ LIO ] Raw feature num: 2048, downsampled feature num:934 effective feature num: 921 average residual: 0.0188929
[ VIO ] Retrieve 101 points from visual sparse map
[ VIO ] Append 49 new visual map points
[ VIO ] Update 15 points in visual submap
[1;34m+-------------------------------------------------------------+[0m
[1;34m|                         VIO Time                            |[0m
[1;34m+-------------------------------------------------------------+[0m
[1;34m| Sparse Map Size               | 211                         |[0m
[1;34m+-------------------------------------------------------------+[0m
[1;34m| Algorithm Stage               | Time (secs)                 |[0m
[1;34m+-------------------------------------------------------------+[0m
[1;32m| retrieveFromVisualSparseMap   | 0.001605                    |[0m
[1;32m| computeJacobianAndUpdateEKF   | 0.008858                    |[0m
[1;32m| -> computeJacobian            | 0.006375                    |[0m
[1;32m| -> updateEKF                  | 0.002398                    |[0m
[1;32m| generateVisualMapPoints       | 0.000099                    |[0m
[1;32m| updateVisualMapPoints         | 0.000040                    |[0m
[1;32m| updateReferencePatch          | 0.000130                    |[0m
[1;34m+-------------------------------------------------------------+[0m
[1;32m| Current Total Time            | 0.010732                    |[0m
[1;32m| Average Total Time            | 0.010276                    |[0m
[1;34m+-------------------------------------------------------------+[0m
[ LIO ] Raw feature num: 2048, downsampled feature num:887 effective feature num: 866 average residual: 0.0208876
[ LIO ] Raw feature num: 2048, downsampled feature num:887 effective feature num: 864 average residual: 0.0191782
[ LIO ] Raw feature num: 2048, downsampled feature num:887 effective feature num: 865 average residual: 0.0194059
[ LIO ] Raw feature num: 2048, downsampled feature num:887 effective feature num: 865 average residual: 0.0193761
[ LIO ] Raw feature num: 2048, downsampled feature num:887 effective feature num: 865 average residual: 0.0193761
[ VIO ] Retrieve 88 points from visual sparse map
[ VIO ] Append 58 new visual map points
[ VIO ] Update 11 points in visual submap
[1;34m+-------------------------------------------------------------+[0m
[1;34m|                         VIO Time                            |[0m
[1;34m+-------------------------------------------------------------+[0m
[1;34m| Sparse Map Size               | 211                         |[0m
[1;34m+-------------------------------------------------------------+[0m
[1;34m| Algorithm Stage               | Time (secs)                 |[0m
[1;34m+-------------------------------------------------------------+[0m
[1;32m| retrieveFromVisualSparseMap   | 0.001001                    |[0m
[1;32m| computeJacobianAndUpdateEKF   | 0.008966                    |[0m
[1;32m| -> computeJacobian            | 0.006290                    |[0m
[1;32m| -> updateEKF                  | 0.002601                    |[0m
[1;32m| generateVisualMapPoints       | 0.000107                    |[0m
[1;32m| updateVisualMapPoints         | 0.000045                    |[0m
[1;32m| updateReferencePatch          | 0.000023                    |[0m
[1;34m+-------------------------------------------------------------+[0m
[1;32m| Current Total Time            | 0.010143                    |[0m
[1;32m| Average Total Time            | 0.010274                    |[0m
[1;34m+-------------------------------------------------------------+[0m
[ LIO ] Raw feature num: 2048, downsampled feature num:884 effective feature num: 865 average residual: 0.023291
[ LIO ] Raw feature num: 2048, downsampled feature num:884 effective feature num: 865 average residual: 0.0214677
[ LIO ] Raw feature num: 2048, downsampled feature num:884 effective feature num: 864 average residual: 0.021452
[ LIO ] Raw feature num: 2048, downsampled feature num:884 effective feature num: 863 average residual: 0.0213773
[ LIO ] Raw feature num: 2048, downsampled feature num:884 effective feature num: 863 average residual: 0.0213773
[ VIO ] Retrieve 84 points from visual sparse map
[ VIO ] Append 52 new visual map points
[ VIO ] Update 13 points in visual submap
[1;34m+-------------------------------------------------------------+[0m
[1;34m|                         VIO Time                            |[0m
[1;34m+-------------------------------------------------------------+[0m
[1;34m| Sparse Map Size               | 211                         |[0m
[1;34m+-------------------------------------------------------------+[0m
[1;34m| Algorithm Stage               | Time (secs)                 |[0m
[1;34m+-------------------------------------------------------------+[0m
[1;32m| retrieveFromVisualSparseMap   | 0.001121                    |[0m
[1;32m| computeJacobianAndUpdateEKF   | 0.006982                    |[0m
[1;32m| -> computeJacobian            | 0.005008                    |[0m
[1;32m| -> updateEKF                  | 0.001881                    |[0m
[1;32m| generateVisualMapPoints       | 0.000102                    |[0m
[1;32m| updateVisualMapPoints         | 0.000031                    |[0m
[1;32m| updateReferencePatch          | 0.000050                    |[0m
[1;34m+-------------------------------------------------------------+[0m
[1;32m| Current Total Time            | 0.008285                    |[0m
[1;32m| Average Total Time            | 0.010242                    |[0m
[1;34m+-------------------------------------------------------------+[0m
[ LIO ] Raw feature num: 2048, downsampled feature num:896 effective feature num: 874 average residual: 0.0240813
[ LIO ] Raw feature num: 2048, downsampled feature num:896 effective feature num: 874 average residual: 0.0210014
[ LIO ] Raw feature num: 2048, downsampled feature num:896 effective feature num: 875 average residual: 0.020951
[ LIO ] Raw feature num: 2048, downsampled feature num:896 effective feature num: 875 average residual: 0.0209537
[ LIO ] Raw feature num: 2048, downsampled feature num:896 effective feature num: 875 average residual: 0.0209545
[ VIO ] Retrieve 94 points from visual sparse map
[ VIO ] Append 48 new visual map points
[ VIO ] Update 24 points in visual submap
[1;34m+-------------------------------------------------------------+[0m
[1;34m|                         VIO Time                            |[0m
[1;34m+-------------------------------------------------------------+[0m
[1;34m| Sparse Map Size               | 211                         |[0m
[1;34m+-------------------------------------------------------------+[0m
[1;34m| Algorithm Stage               | Time (secs)                 |[0m
[1;34m+-------------------------------------------------------------+[0m
[1;32m| retrieveFromVisualSparseMap   | 0.001523                    |[0m
[1;32m| computeJacobianAndUpdateEKF   | 0.008248                    |[0m
[1;32m| -> computeJacobian            | 0.005936                    |[0m
[1;32m| -> updateEKF                  | 0.002232                    |[0m
[1;32m| generateVisualMapPoints       | 0.000098                    |[0m
[1;32m| updateVisualMapPoints         | 0.000043                    |[0m
[1;32m| updateReferencePatch          | 0.000156                    |[0m
[1;34m+-------------------------------------------------------------+[0m
[1;32m| Current Total Time            | 0.010067                    |[0m
[1;32m| Average Total Time            | 0.010240                    |[0m
[1;34m+-------------------------------------------------------------+[0m
[ LIO ] Raw feature num: 2048, downsampled feature num:884 effective feature num: 859 average residual: 0.0239472
[ LIO ] Raw feature num: 2048, downsampled feature num:884 effective feature num: 862 average residual: 0.0217309
[ LIO ] Raw feature num: 2048, downsampled feature num:884 effective feature num: 863 average residual: 0.0224596
[ LIO ] Raw feature num: 2048, downsampled feature num:884 effective feature num: 863 average residual: 0.0227482
[ LIO ] Raw feature num: 2048, downsampled feature num:884 effective feature num: 863 average residual: 0.022757
[ VIO ] Retrieve 86 points from visual sparse map
[ VIO ] Append 45 new visual map points
[ VIO ] Update 20 points in visual submap
[1;34m+-------------------------------------------------------------+[0m
[1;34m|                         VIO Time                            |[0m
[1;34m+-------------------------------------------------------------+[0m
[1;34m| Sparse Map Size               | 211                         |[0m
[1;34m+-------------------------------------------------------------+[0m
[1;34m| Algorithm Stage               | Time (secs)                 |[0m
[1;34m+-------------------------------------------------------------+[0m
[1;32m| retrieveFromVisualSparseMap   | 0.001011                    |[0m
[1;32m| computeJacobianAndUpdateEKF   | 0.009368                    |[0m
[1;32m| -> computeJacobian            | 0.006414                    |[0m
[1;32m| -> updateEKF                  | 0.002879                    |[0m
[1;32m| generateVisualMapPoints       | 0.000095                    |[0m
[1;32m| updateVisualMapPoints         | 0.000046                    |[0m
[1;32m| updateReferencePatch          | 0.000156                    |[0m
[1;34m+-------------------------------------------------------------+[0m
[1;32m| Current Total Time            | 0.010675                    |[0m
[1;32m| Average Total Time            | 0.010246                    |[0m
[1;34m+-------------------------------------------------------------+[0m
[ LIO ] Raw feature num: 2048, downsampled feature num:881 effective feature num: 840 average residual: 0.0199332
[ LIO ] Raw feature num: 2048, downsampled feature num:881 effective feature num: 844 average residual: 0.0198607
[ LIO ] Raw feature num: 2048, downsampled feature num:881 effective feature num: 844 average residual: 0.0200401
[ LIO ] Raw feature num: 2048, downsampled feature num:881 effective feature num: 844 average residual: 0.0200526
[ LIO ] Raw feature num: 2048, downsampled feature num:881 effective feature num: 844 average residual: 0.0200526
[ VIO ] Retrieve 85 points from visual sparse map
[ VIO ] Append 45 new visual map points
[ VIO ] Update 20 points in visual submap
[1;34m+-------------------------------------------------------------+[0m
[1;34m|                         VIO Time                            |[0m
[1;34m+-------------------------------------------------------------+[0m
[1;34m| Sparse Map Size               | 211                         |[0m
[1;34m+-------------------------------------------------------------+[0m
[1;34m| Algorithm Stage               | Time (secs)                 |[0m
[1;34m+-------------------------------------------------------------+[0m
[1;32m| retrieveFromVisualSparseMap   | 0.001226                    |[0m
[1;32m| computeJacobianAndUpdateEKF   | 0.008857                    |[0m
[1;32m| -> computeJacobian            | 0.006150                    |[0m
[1;32m| -> updateEKF                  | 0.002608                    |[0m
[1;32m| generateVisualMapPoints       | 0.000102                    |[0m
[1;32m| updateVisualMapPoints         | 0.000042                    |[0m
[1;32m| updateReferencePatch          | 0.000065                    |[0m
[1;34m+-------------------------------------------------------------+[0m
[1;32m| Current Total Time            | 0.010292                    |[0m
[1;32m| Average Total Time            | 0.010247                    |[0m
[1;34m+-------------------------------------------------------------+[0m
[ LIO ] Raw feature num: 2048, downsampled feature num:850 effective feature num: 814 average residual: 0.0229493
[ LIO ] Raw feature num: 2048, downsampled feature num:850 effective feature num: 820 average residual: 0.0240211
[ LIO ] Raw feature num: 2048, downsampled feature num:850 effective feature num: 819 average residual: 0.0245066
[ LIO ] Raw feature num: 2048, downsampled feature num:850 effective feature num: 821 average residual: 0.0252347
[ LIO ] Raw feature num: 2048, downsampled feature num:850 effective feature num: 822 average residual: 0.025242
[ VIO ] Retrieve 78 points from visual sparse map
[ VIO ] Append 59 new visual map points
[ VIO ] Update 21 points in visual submap
[1;34m+-------------------------------------------------------------+[0m
[1;34m|                         VIO Time                            |[0m
[1;34m+-------------------------------------------------------------+[0m
[1;34m| Sparse Map Size               | 212                         |[0m
[1;34m+-------------------------------------------------------------+[0m
[1;34m| Algorithm Stage               | Time (secs)                 |[0m
[1;34m+-------------------------------------------------------------+[0m
[1;32m| retrieveFromVisualSparseMap   | 0.001172                    |[0m
[1;32m| computeJacobianAndUpdateEKF   | 0.006192                    |[0m
[1;32m| -> computeJacobian            | 0.004432                    |[0m
[1;32m| -> updateEKF                  | 0.001677                    |[0m
[1;32m| generateVisualMapPoints       | 0.000115                    |[0m
[1;32m| updateVisualMapPoints         | 0.000036                    |[0m
[1;32m| updateReferencePatch          | 0.000092                    |[0m
[1;34m+-------------------------------------------------------------+[0m
[1;32m| Current Total Time            | 0.007608                    |[0m
[1;32m| Average Total Time            | 0.010208                    |[0m
[1;34m+-------------------------------------------------------------+[0m
[ LIO ] Raw feature num: 2048, downsampled feature num:861 effective feature num: 819 average residual: 0.0314833
[ LIO ] Raw feature num: 2048, downsampled feature num:861 effective feature num: 821 average residual: 0.0299535
[ LIO ] Raw feature num: 2048, downsampled feature num:861 effective feature num: 823 average residual: 0.0297582
[ LIO ] Raw feature num: 2048, downsampled feature num:861 effective feature num: 824 average residual: 0.0299146
[ LIO ] Raw feature num: 2048, downsampled feature num:861 effective feature num: 824 average residual: 0.0299257
[ VIO ] Retrieve 83 points from visual sparse map
[ VIO ] Append 53 new visual map points
[ VIO ] Update 30 points in visual submap
[1;34m+-------------------------------------------------------------+[0m
[1;34m|                         VIO Time                            |[0m
[1;34m+-------------------------------------------------------------+[0m
[1;34m| Sparse Map Size               | 212                         |[0m
[1;34m+-------------------------------------------------------------+[0m
[1;34m| Algorithm Stage               | Time (secs)                 |[0m
[1;34m+-------------------------------------------------------------+[0m
[1;32m| retrieveFromVisualSparseMap   | 0.001541                    |[0m
[1;32m| computeJacobianAndUpdateEKF   | 0.008882                    |[0m
[1;32m| -> computeJacobian            | 0.006279                    |[0m
[1;32m| -> updateEKF                  | 0.002514                    |[0m
[1;32m| generateVisualMapPoints       | 0.000101                    |[0m
[1;32m| updateVisualMapPoints         | 0.000044                    |[0m
[1;32m| updateReferencePatch          | 0.000080                    |[0m
[1;34m+-------------------------------------------------------------+[0m
[1;32m| Current Total Time            | 0.010648                    |[0m
[1;32m| Average Total Time            | 0.010214                    |[0m
[1;34m+-------------------------------------------------------------+[0m
[ LIO ] Raw feature num: 2048, downsampled feature num:841 effective feature num: 803 average residual: 0.0264096
[ LIO ] Raw feature num: 2048, downsampled feature num:841 effective feature num: 804 average residual: 0.0260625
[ LIO ] Raw feature num: 2048, downsampled feature num:841 effective feature num: 806 average residual: 0.0275054
[ LIO ] Raw feature num: 2048, downsampled feature num:841 effective feature num: 805 average residual: 0.0277787
[ LIO ] Raw feature num: 2048, downsampled feature num:841 effective feature num: 807 average residual: 0.0283535
[ VIO ] Retrieve 85 points from visual sparse map
[ VIO ] Append 46 new visual map points
[ VIO ] Update 33 points in visual submap
[1;34m+-------------------------------------------------------------+[0m
[1;34m|                         VIO Time                            |[0m
[1;34m+-------------------------------------------------------------+[0m
[1;34m| Sparse Map Size               | 212                         |[0m
[1;34m+-------------------------------------------------------------+[0m
[1;34m| Algorithm Stage               | Time (secs)                 |[0m
[1;34m+-------------------------------------------------------------+[0m
[1;32m| retrieveFromVisualSparseMap   | 0.000923                    |[0m
[1;32m| computeJacobianAndUpdateEKF   | 0.008639                    |[0m
[1;32m| -> computeJacobian            | 0.006018                    |[0m
[1;32m| -> updateEKF                  | 0.002536                    |[0m
[1;32m| generateVisualMapPoints       | 0.000090                    |[0m
[1;32m| updateVisualMapPoints         | 0.000039                    |[0m
[1;32m| updateReferencePatch          | 0.000124                    |[0m
[1;34m+-------------------------------------------------------------+[0m
[1;32m| Current Total Time            | 0.009814                    |[0m
[1;32m| Average Total Time            | 0.010208                    |[0m
[1;34m+-------------------------------------------------------------+[0m
[ LIO ] Raw feature num: 2048, downsampled feature num:847 effective feature num: 817 average residual: 0.0247062
[ LIO ] Raw feature num: 2048, downsampled feature num:847 effective feature num: 818 average residual: 0.0274394
[ LIO ] Raw feature num: 2048, downsampled feature num:847 effective feature num: 824 average residual: 0.0282916
[ LIO ] Raw feature num: 2048, downsampled feature num:847 effective feature num: 824 average residual: 0.0289013
[ LIO ] Raw feature num: 2048, downsampled feature num:847 effective feature num: 824 average residual: 0.0288865
[ VIO ] Retrieve 85 points from visual sparse map
[ VIO ] Append 46 new visual map points
[ VIO ] Update 35 points in visual submap
[1;34m+-------------------------------------------------------------+[0m
[1;34m|                         VIO Time                            |[0m
[1;34m+-------------------------------------------------------------+[0m
[1;34m| Sparse Map Size               | 212                         |[0m
[1;34m+-------------------------------------------------------------+[0m
[1;34m| Algorithm Stage               | Time (secs)                 |[0m
[1;34m+-------------------------------------------------------------+[0m
[1;32m| retrieveFromVisualSparseMap   | 0.001504                    |[0m
[1;32m| computeJacobianAndUpdateEKF   | 0.006370                    |[0m
[1;32m| -> computeJacobian            | 0.004703                    |[0m
[1;32m| -> updateEKF                  | 0.001579                    |[0m
[1;32m| generateVisualMapPoints       | 0.000090                    |[0m
[1;32m| updateVisualMapPoints         | 0.000049                    |[0m
[1;32m| updateReferencePatch          | 0.000136                    |[0m
[1;34m+-------------------------------------------------------------+[0m
[1;32m| Current Total Time            | 0.008149                    |[0m
[1;32m| Average Total Time            | 0.010179                    |[0m
[1;34m+-------------------------------------------------------------+[0m
[ LIO ] Raw feature num: 2048, downsampled feature num:846 effective feature num: 816 average residual: 0.02393
[ LIO ] Raw feature num: 2048, downsampled feature num:846 effective feature num: 817 average residual: 0.0271402
[ LIO ] Raw feature num: 2048, downsampled feature num:846 effective feature num: 818 average residual: 0.0285284
[ LIO ] Raw feature num: 2048, downsampled feature num:846 effective feature num: 820 average residual: 0.0289124
[ LIO ] Raw feature num: 2048, downsampled feature num:846 effective feature num: 820 average residual: 0.0288302
[ VIO ] Retrieve 89 points from visual sparse map
[ VIO ] Append 43 new visual map points
[ VIO ] Update 34 points in visual submap
[1;34m+-------------------------------------------------------------+[0m
[1;34m|                         VIO Time                            |[0m
[1;34m+-------------------------------------------------------------+[0m
[1;34m| Sparse Map Size               | 212                         |[0m
[1;34m+-------------------------------------------------------------+[0m
[1;34m| Algorithm Stage               | Time (secs)                 |[0m
[1;34m+-------------------------------------------------------------+[0m
[1;32m| retrieveFromVisualSparseMap   | 0.000992                    |[0m
[1;32m| computeJacobianAndUpdateEKF   | 0.007510                    |[0m
[1;32m| -> computeJacobian            | 0.005384                    |[0m
[1;32m| -> updateEKF                  | 0.002049                    |[0m
[1;32m| generateVisualMapPoints       | 0.000087                    |[0m
[1;32m| updateVisualMapPoints         | 0.000044                    |[0m
[1;32m| updateReferencePatch          | 0.000192                    |[0m
[1;34m+-------------------------------------------------------------+[0m
[1;32m| Current Total Time            | 0.008825                    |[0m
[1;32m| Average Total Time            | 0.010160                    |[0m
[1;34m+-------------------------------------------------------------+[0m
[ LIO ] Raw feature num: 2048, downsampled feature num:828 effective feature num: 795 average residual: 0.0231769
[ LIO ] Raw feature num: 2048, downsampled feature num:828 effective feature num: 799 average residual: 0.0257889
[ LIO ] Raw feature num: 2048, downsampled feature num:828 effective feature num: 798 average residual: 0.027705
[ LIO ] Raw feature num: 2048, downsampled feature num:828 effective feature num: 801 average residual: 0.028341
[ LIO ] Raw feature num: 2048, downsampled feature num:828 effective feature num: 800 average residual: 0.0282616
[ VIO ] Retrieve 84 points from visual sparse map
[ VIO ] Append 50 new visual map points
[ VIO ] Update 30 points in visual submap
[1;34m+-------------------------------------------------------------+[0m
[1;34m|                         VIO Time                            |[0m
[1;34m+-------------------------------------------------------------+[0m
[1;34m| Sparse Map Size               | 212                         |[0m
[1;34m+-------------------------------------------------------------+[0m
[1;34m| Algorithm Stage               | Time (secs)                 |[0m
[1;34m+-------------------------------------------------------------+[0m
[1;32m| retrieveFromVisualSparseMap   | 0.001503                    |[0m
[1;32m| computeJacobianAndUpdateEKF   | 0.009786                    |[0m
[1;32m| -> computeJacobian            | 0.006669                    |[0m
[1;32m| -> updateEKF                  | 0.003022                    |[0m
[1;32m| generateVisualMapPoints       | 0.000103                    |[0m
[1;32m| updateVisualMapPoints         | 0.000046                    |[0m
[1;32m| updateReferencePatch          | 0.000191                    |[0m
[1;34m+-------------------------------------------------------------+[0m
[1;32m| Current Total Time            | 0.011629                    |[0m
[1;32m| Average Total Time            | 0.010180                    |[0m
[1;34m+-------------------------------------------------------------+[0m
[ LIO ] Raw feature num: 2048, downsampled feature num:833 effective feature num: 803 average residual: 0.0234457
[ LIO ] Raw feature num: 2048, downsampled feature num:833 effective feature num: 803 average residual: 0.0253055
[ LIO ] Raw feature num: 2048, downsampled feature num:833 effective feature num: 803 average residual: 0.0272991
[ LIO ] Raw feature num: 2048, downsampled feature num:833 effective feature num: 805 average residual: 0.0278217
[ LIO ] Raw feature num: 2048, downsampled feature num:833 effective feature num: 805 average residual: 0.0278413
[ VIO ] Retrieve 90 points from visual sparse map
[ VIO ] Append 50 new visual map points
[ VIO ] Update 31 points in visual submap
[1;34m+-------------------------------------------------------------+[0m
[1;34m|                         VIO Time                            |[0m
[1;34m+-------------------------------------------------------------+[0m
[1;34m| Sparse Map Size               | 212                         |[0m
[1;34m+-------------------------------------------------------------+[0m
[1;34m| Algorithm Stage               | Time (secs)                 |[0m
[1;34m+-------------------------------------------------------------+[0m
[1;32m| retrieveFromVisualSparseMap   | 0.001068                    |[0m
[1;32m| computeJacobianAndUpdateEKF   | 0.009298                    |[0m
[1;32m| -> computeJacobian            | 0.006507                    |[0m
[1;32m| -> updateEKF                  | 0.002700                    |[0m
[1;32m| generateVisualMapPoints       | 0.000103                    |[0m
[1;32m| updateVisualMapPoints         | 0.000046                    |[0m
[1;32m| updateReferencePatch          | 0.000258                    |[0m
[1;34m+-------------------------------------------------------------+[0m
[1;32m| Current Total Time            | 0.010773                    |[0m
[1;32m| Average Total Time            | 0.010188                    |[0m
[1;34m+-------------------------------------------------------------+[0m
[ LIO ] Raw feature num: 2048, downsampled feature num:824 effective feature num: 794 average residual: 0.023798
[ LIO ] Raw feature num: 2048, downsampled feature num:824 effective feature num: 794 average residual: 0.0257918
[ LIO ] Raw feature num: 2048, downsampled feature num:824 effective feature num: 797 average residual: 0.0278328
[ LIO ] Raw feature num: 2048, downsampled feature num:824 effective feature num: 797 average residual: 0.028252
[ LIO ] Raw feature num: 2048, downsampled feature num:824 effective feature num: 797 average residual: 0.0282761
[ VIO ] Retrieve 92 points from visual sparse map
[ VIO ] Append 47 new visual map points
[ VIO ] Update 29 points in visual submap
[1;34m+-------------------------------------------------------------+[0m
[1;34m|                         VIO Time                            |[0m
[1;34m+-------------------------------------------------------------+[0m
[1;34m| Sparse Map Size               | 212                         |[0m
[1;34m+-------------------------------------------------------------+[0m
[1;34m| Algorithm Stage               | Time (secs)                 |[0m
[1;34m+-------------------------------------------------------------+[0m
[1;32m| retrieveFromVisualSparseMap   | 0.001836                    |[0m
[1;32m| computeJacobianAndUpdateEKF   | 0.008077                    |[0m
[1;32m| -> computeJacobian            | 0.005832                    |[0m
[1;32m| -> updateEKF                  | 0.002167                    |[0m
[1;32m| generateVisualMapPoints       | 0.000101                    |[0m
[1;32m| updateVisualMapPoints         | 0.000053                    |[0m
[1;32m| updateReferencePatch          | 0.000311                    |[0m
[1;34m+-------------------------------------------------------------+[0m
[1;32m| Current Total Time            | 0.010378                    |[0m
[1;32m| Average Total Time            | 0.010191                    |[0m
[1;34m+-------------------------------------------------------------+[0m
[ LIO ] Raw feature num: 2048, downsampled feature num:826 effective feature num: 794 average residual: 0.0236597
[ LIO ] Raw feature num: 2048, downsampled feature num:826 effective feature num: 795 average residual: 0.0256293
[ LIO ] Raw feature num: 2048, downsampled feature num:826 effective feature num: 797 average residual: 0.0276086
[ LIO ] Raw feature num: 2048, downsampled feature num:826 effective feature num: 799 average residual: 0.0281224
[ LIO ] Raw feature num: 2048, downsampled feature num:826 effective feature num: 798 average residual: 0.0281453
[ VIO ] Retrieve 92 points from visual sparse map
[ VIO ] Append 45 new visual map points
[ VIO ] Update 28 points in visual submap
[1;34m+-------------------------------------------------------------+[0m
[1;34m|                         VIO Time                            |[0m
[1;34m+-------------------------------------------------------------+[0m
[1;34m| Sparse Map Size               | 212                         |[0m
[1;34m+-------------------------------------------------------------+[0m
[1;34m| Algorithm Stage               | Time (secs)                 |[0m
[1;34m+-------------------------------------------------------------+[0m
[1;32m| retrieveFromVisualSparseMap   | 0.001617                    |[0m
[1;32m| computeJacobianAndUpdateEKF   | 0.009205                    |[0m
[1;32m| -> computeJacobian            | 0.006568                    |[0m
[1;32m| -> updateEKF                  | 0.002556                    |[0m
[1;32m| generateVisualMapPoints       | 0.000090                    |[0m
[1;32m| updateVisualMapPoints         | 0.000051                    |[0m
[1;32m| updateReferencePatch          | 0.000369                    |[0m
[1;34m+-------------------------------------------------------------+[0m
[1;32m| Current Total Time            | 0.011331                    |[0m
[1;32m| Average Total Time            | 0.010206                    |[0m
[1;34m+-------------------------------------------------------------+[0m
[ LIO ] Raw feature num: 2048, downsampled feature num:834 effective feature num: 802 average residual: 0.0237241
[ LIO ] Raw feature num: 2048, downsampled feature num:834 effective feature num: 801 average residual: 0.0252263
[ LIO ] Raw feature num: 2048, downsampled feature num:834 effective feature num: 806 average residual: 0.0274534
[ LIO ] Raw feature num: 2048, downsampled feature num:834 effective feature num: 807 average residual: 0.0278529
[ LIO ] Raw feature num: 2048, downsampled feature num:834 effective feature num: 807 average residual: 0.0278619
[ VIO ] Retrieve 90 points from visual sparse map
[ VIO ] Append 48 new visual map points
[ VIO ] Update 23 points in visual submap
[1;34m+-------------------------------------------------------------+[0m
[1;34m|                         VIO Time                            |[0m
[1;34m+-------------------------------------------------------------+[0m
[1;34m| Sparse Map Size               | 212                         |[0m
[1;34m+-------------------------------------------------------------+[0m
[1;34m| Algorithm Stage               | Time (secs)                 |[0m
[1;34m+-------------------------------------------------------------+[0m
[1;32m| retrieveFromVisualSparseMap   | 0.001055                    |[0m
[1;32m| computeJacobianAndUpdateEKF   | 0.008935                    |[0m
[1;32m| -> computeJacobian            | 0.006384                    |[0m
[1;32m| -> updateEKF                  | 0.002473                    |[0m
[1;32m| generateVisualMapPoints       | 0.000089                    |[0m
[1;32m| updateVisualMapPoints         | 0.000054                    |[0m
[1;32m| updateReferencePatch          | 0.000346                    |[0m
[1;34m+-------------------------------------------------------------+[0m
[1;32m| Current Total Time            | 0.010480                    |[0m
[1;32m| Average Total Time            | 0.010210                    |[0m
[1;34m+-------------------------------------------------------------+[0m
[ LIO ] Raw feature num: 2048, downsampled feature num:843 effective feature num: 810 average residual: 0.0235227
[ LIO ] Raw feature num: 2048, downsampled feature num:843 effective feature num: 807 average residual: 0.0239904
[ LIO ] Raw feature num: 2048, downsampled feature num:843 effective feature num: 816 average residual: 0.0276212
[ LIO ] Raw feature num: 2048, downsampled feature num:843 effective feature num: 815 average residual: 0.0276197
[ LIO ] Raw feature num: 2048, downsampled feature num:843 effective feature num: 815 average residual: 0.0276196
[ VIO ] Retrieve 90 points from visual sparse map
[ VIO ] Append 46 new visual map points
[ VIO ] Update 22 points in visual submap
[1;34m+-------------------------------------------------------------+[0m
[1;34m|                         VIO Time                            |[0m
[1;34m+-------------------------------------------------------------+[0m
[1;34m| Sparse Map Size               | 212                         |[0m
[1;34m+-------------------------------------------------------------+[0m
[1;34m| Algorithm Stage               | Time (secs)                 |[0m
[1;34m+-------------------------------------------------------------+[0m
[1;32m| retrieveFromVisualSparseMap   | 0.001738                    |[0m
[1;32m| computeJacobianAndUpdateEKF   | 0.009332                    |[0m
[1;32m| -> computeJacobian            | 0.006701                    |[0m
[1;32m| -> updateEKF                  | 0.002521                    |[0m
[1;32m| generateVisualMapPoints       | 0.000102                    |[0m
[1;32m| updateVisualMapPoints         | 0.000049                    |[0m
[1;32m| updateReferencePatch          | 0.000396                    |[0m
[1;34m+-------------------------------------------------------------+[0m
[1;32m| Current Total Time            | 0.011618                    |[0m
[1;32m| Average Total Time            | 0.010228                    |[0m
[1;34m+-------------------------------------------------------------+[0m
[ LIO ] Raw feature num: 2048, downsampled feature num:834 effective feature num: 802 average residual: 0.0243985
[ LIO ] Raw feature num: 2048, downsampled feature num:834 effective feature num: 802 average residual: 0.0255982
[ LIO ] Raw feature num: 2048, downsampled feature num:834 effective feature num: 803 average residual: 0.0275487
[ LIO ] Raw feature num: 2048, downsampled feature num:834 effective feature num: 803 average residual: 0.0279867
[ LIO ] Raw feature num: 2048, downsampled feature num:834 effective feature num: 803 average residual: 0.0279758
[ VIO ] Retrieve 87 points from visual sparse map
[ VIO ] Append 50 new visual map points
[ VIO ] Update 15 points in visual submap
[1;34m+-------------------------------------------------------------+[0m
[1;34m|                         VIO Time                            |[0m
[1;34m+-------------------------------------------------------------+[0m
[1;34m| Sparse Map Size               | 212                         |[0m
[1;34m+-------------------------------------------------------------+[0m
[1;34m| Algorithm Stage               | Time (secs)                 |[0m
[1;34m+-------------------------------------------------------------+[0m
[1;32m| retrieveFromVisualSparseMap   | 0.001075                    |[0m
[1;32m| computeJacobianAndUpdateEKF   | 0.007640                    |[0m
[1;32m| -> computeJacobian            | 0.005498                    |[0m
[1;32m| -> updateEKF                  | 0.002068                    |[0m
[1;32m| generateVisualMapPoints       | 0.000100                    |[0m
[1;32m| updateVisualMapPoints         | 0.000062                    |[0m
[1;32m| updateReferencePatch          | 0.000224                    |[0m
[1;34m+-------------------------------------------------------------+[0m
[1;32m| Current Total Time            | 0.009101                    |[0m
[1;32m| Average Total Time            | 0.010214                    |[0m
[1;34m+-------------------------------------------------------------+[0m
[ LIO ] Raw feature num: 2048, downsampled feature num:822 effective feature num: 793 average residual: 0.0233936
[ LIO ] Raw feature num: 2048, downsampled feature num:822 effective feature num: 791 average residual: 0.0256474
[ LIO ] Raw feature num: 2048, downsampled feature num:822 effective feature num: 789 average residual: 0.0260083
[ LIO ] Raw feature num: 2048, downsampled feature num:822 effective feature num: 793 average residual: 0.027092
[ LIO ] Raw feature num: 2048, downsampled feature num:822 effective feature num: 793 average residual: 0.0270917
[ VIO ] Retrieve 82 points from visual sparse map
[ VIO ] Append 56 new visual map points
[ VIO ] Update 16 points in visual submap
[1;34m+-------------------------------------------------------------+[0m
[1;34m|                         VIO Time                            |[0m
[1;34m+-------------------------------------------------------------+[0m
[1;34m| Sparse Map Size               | 212                         |[0m
[1;34m+-------------------------------------------------------------+[0m
[1;34m| Algorithm Stage               | Time (secs)                 |[0m
[1;34m+-------------------------------------------------------------+[0m
[1;32m| retrieveFromVisualSparseMap   | 0.001552                    |[0m
[1;32m| computeJacobianAndUpdateEKF   | 0.009327                    |[0m
[1;32m| -> computeJacobian            | 0.006419                    |[0m
[1;32m| -> updateEKF                  | 0.002809                    |[0m
[1;32m| generateVisualMapPoints       | 0.000121                    |[0m
[1;32m| updateVisualMapPoints         | 0.000042                    |[0m
[1;32m| updateReferencePatch          | 0.000216                    |[0m
[1;34m+-------------------------------------------------------------+[0m
[1;32m| Current Total Time            | 0.011257                    |[0m
[1;32m| Average Total Time            | 0.010227                    |[0m
[1;34m+-------------------------------------------------------------+[0m
[ LIO ] Raw feature num: 2048, downsampled feature num:816 effective feature num: 785 average residual: 0.0213967
[ LIO ] Raw feature num: 2048, downsampled feature num:816 effective feature num: 788 average residual: 0.0249163
[ LIO ] Raw feature num: 2048, downsampled feature num:816 effective feature num: 787 average residual: 0.0266243
[ LIO ] Raw feature num: 2048, downsampled feature num:816 effective feature num: 787 average residual: 0.0267972
[ LIO ] Raw feature num: 2048, downsampled feature num:816 effective feature num: 787 average residual: 0.0267913
[ VIO ] Retrieve 78 points from visual sparse map
[ VIO ] Append 56 new visual map points
[ VIO ] Update 12 points in visual submap
[1;34m+-------------------------------------------------------------+[0m
[1;34m|                         VIO Time                            |[0m
[1;34m+-------------------------------------------------------------+[0m
[1;34m| Sparse Map Size               | 212                         |[0m
[1;34m+-------------------------------------------------------------+[0m
[1;34m| Algorithm Stage               | Time (secs)                 |[0m
[1;34m+-------------------------------------------------------------+[0m
[1;32m| retrieveFromVisualSparseMap   | 0.000897                    |[0m
[1;32m| computeJacobianAndUpdateEKF   | 0.007338                    |[0m
[1;32m| -> computeJacobian            | 0.005225                    |[0m
[1;32m| -> updateEKF                  | 0.002035                    |[0m
[1;32m| generateVisualMapPoints       | 0.000098                    |[0m
[1;32m| updateVisualMapPoints         | 0.000034                    |[0m
[1;32m| updateReferencePatch          | 0.000120                    |[0m
[1;34m+-------------------------------------------------------------+[0m
[1;32m| Current Total Time            | 0.008486                    |[0m
[1;32m| Average Total Time            | 0.010205                    |[0m
[1;34m+-------------------------------------------------------------+[0m
[ LIO ] Raw feature num: 2048, downsampled feature num:829 effective feature num: 801 average residual: 0.0216668
[ LIO ] Raw feature num: 2048, downsampled feature num:829 effective feature num: 802 average residual: 0.0262996
[ LIO ] Raw feature num: 2048, downsampled feature num:829 effective feature num: 804 average residual: 0.0270474
[ LIO ] Raw feature num: 2048, downsampled feature num:829 effective feature num: 804 average residual: 0.0271102
[ LIO ] Raw feature num: 2048, downsampled feature num:829 effective feature num: 804 average residual: 0.0271104
[ VIO ] Retrieve 80 points from visual sparse map
[ VIO ] Append 45 new visual map points
[ VIO ] Update 16 points in visual submap
[1;34m+-------------------------------------------------------------+[0m
[1;34m|                         VIO Time                            |[0m
[1;34m+-------------------------------------------------------------+[0m
[1;34m| Sparse Map Size               | 212                         |[0m
[1;34m+-------------------------------------------------------------+[0m
[1;34m| Algorithm Stage               | Time (secs)                 |[0m
[1;34m+-------------------------------------------------------------+[0m
[1;32m| retrieveFromVisualSparseMap   | 0.001431                    |[0m
[1;32m| computeJacobianAndUpdateEKF   | 0.009399                    |[0m
[1;32m| -> computeJacobian            | 0.006559                    |[0m
[1;32m| -> updateEKF                  | 0.002743                    |[0m
[1;32m| generateVisualMapPoints       | 0.000096                    |[0m
[1;32m| updateVisualMapPoints         | 0.000032                    |[0m
[1;32m| updateReferencePatch          | 0.000151                    |[0m
[1;34m+-------------------------------------------------------------+[0m
[1;32m| Current Total Time            | 0.011110                    |[0m
[1;32m| Average Total Time            | 0.010216                    |[0m
[1;34m+-------------------------------------------------------------+[0m
[ LIO ] Raw feature num: 2048, downsampled feature num:827 effective feature num: 802 average residual: 0.0226942
[ LIO ] Raw feature num: 2048, downsampled feature num:827 effective feature num: 800 average residual: 0.0275163
[ LIO ] Raw feature num: 2048, downsampled feature num:827 effective feature num: 804 average residual: 0.0278485
[ LIO ] Raw feature num: 2048, downsampled feature num:827 effective feature num: 803 average residual: 0.0274225
[ LIO ] Raw feature num: 2048, downsampled feature num:827 effective feature num: 803 average residual: 0.0274805
[ VIO ] Retrieve 81 points from visual sparse map
[ VIO ] Append 46 new visual map points
[ VIO ] Update 21 points in visual submap
[1;34m+-------------------------------------------------------------+[0m
[1;34m|                         VIO Time                            |[0m
[1;34m+-------------------------------------------------------------+[0m
[1;34m| Sparse Map Size               | 213                         |[0m
[1;34m+-------------------------------------------------------------+[0m
[1;34m| Algorithm Stage               | Time (secs)                 |[0m
[1;34m+-------------------------------------------------------------+[0m
[1;32m| retrieveFromVisualSparseMap   | 0.000981                    |[0m
[1;32m| computeJacobianAndUpdateEKF   | 0.007004                    |[0m
[1;32m| -> computeJacobian            | 0.005113                    |[0m
[1;32m| -> updateEKF                  | 0.001818                    |[0m
[1;32m| generateVisualMapPoints       | 0.000088                    |[0m
[1;32m| updateVisualMapPoints         | 0.000044                    |[0m
[1;32m| updateReferencePatch          | 0.000176                    |[0m
[1;34m+-------------------------------------------------------------+[0m
[1;32m| Current Total Time            | 0.008294                    |[0m
[1;32m| Average Total Time            | 0.010193                    |[0m
[1;34m+-------------------------------------------------------------+[0m
[ LIO ] Raw feature num: 2048, downsampled feature num:813 effective feature num: 781 average residual: 0.0226214
[ LIO ] Raw feature num: 2048, downsampled feature num:813 effective feature num: 783 average residual: 0.0274073
[ LIO ] Raw feature num: 2048, downsampled feature num:813 effective feature num: 782 average residual: 0.0269186
[ LIO ] Raw feature num: 2048, downsampled feature num:813 effective feature num: 783 average residual: 0.0275661
[ LIO ] Raw feature num: 2048, downsampled feature num:813 effective feature num: 782 average residual: 0.0279583
[ VIO ] Retrieve 84 points from visual sparse map
[ VIO ] Append 53 new visual map points
[ VIO ] Update 22 points in visual submap
[1;34m+-------------------------------------------------------------+[0m
[1;34m|                         VIO Time                            |[0m
[1;34m+-------------------------------------------------------------+[0m
[1;34m| Sparse Map Size               | 213                         |[0m
[1;34m+-------------------------------------------------------------+[0m
[1;34m| Algorithm Stage               | Time (secs)                 |[0m
[1;34m+-------------------------------------------------------------+[0m
[1;32m| retrieveFromVisualSparseMap   | 0.001186                    |[0m
[1;32m| computeJacobianAndUpdateEKF   | 0.008098                    |[0m
[1;32m| -> computeJacobian            | 0.005630                    |[0m
[1;32m| -> updateEKF                  | 0.002372                    |[0m
[1;32m| generateVisualMapPoints       | 0.000096                    |[0m
[1;32m| updateVisualMapPoints         | 0.000043                    |[0m
[1;32m| updateReferencePatch          | 0.000145                    |[0m
[1;34m+-------------------------------------------------------------+[0m
[1;32m| Current Total Time            | 0.009569                    |[0m
[1;32m| Average Total Time            | 0.010185                    |[0m
[1;34m+-------------------------------------------------------------+[0m
[ LIO ] Raw feature num: 2048, downsampled feature num:805 effective feature num: 771 average residual: 0.0300586
[ LIO ] Raw feature num: 2048, downsampled feature num:805 effective feature num: 766 average residual: 0.0254855
[ LIO ] Raw feature num: 2048, downsampled feature num:805 effective feature num: 767 average residual: 0.0302807
[ LIO ] Raw feature num: 2048, downsampled feature num:805 effective feature num: 767 average residual: 0.0305249
[ LIO ] Raw feature num: 2048, downsampled feature num:805 effective feature num: 767 average residual: 0.030553
[ VIO ] Retrieve 82 points from visual sparse map
[ VIO ] Append 44 new visual map points
[ VIO ] Update 33 points in visual submap
[1;34m+-------------------------------------------------------------+[0m
[1;34m|                         VIO Time                            |[0m
[1;34m+-------------------------------------------------------------+[0m
[1;34m| Sparse Map Size               | 213                         |[0m
[1;34m+-------------------------------------------------------------+[0m
[1;34m| Algorithm Stage               | Time (secs)                 |[0m
[1;34m+-------------------------------------------------------------+[0m
[1;32m| retrieveFromVisualSparseMap   | 0.001176                    |[0m
[1;32m| computeJacobianAndUpdateEKF   | 0.007207                    |[0m
[1;32m| -> computeJacobian            | 0.005170                    |[0m
[1;32m| -> updateEKF                  | 0.001949                    |[0m
[1;32m| generateVisualMapPoints       | 0.000086                    |[0m
[1;32m| updateVisualMapPoints         | 0.000037                    |[0m
[1;32m| updateReferencePatch          | 0.000185                    |[0m
[1;34m+-------------------------------------------------------------+[0m
[1;32m| Current Total Time            | 0.008690                    |[0m
[1;32m| Average Total Time            | 0.010167                    |[0m
[1;34m+-------------------------------------------------------------+[0m
[ LIO ] Raw feature num: 2048, downsampled feature num:800 effective feature num: 767 average residual: 0.0276593
[ LIO ] Raw feature num: 2048, downsampled feature num:800 effective feature num: 770 average residual: 0.0279004
[ LIO ] Raw feature num: 2048, downsampled feature num:800 effective feature num: 771 average residual: 0.0273675
[ LIO ] Raw feature num: 2048, downsampled feature num:800 effective feature num: 771 average residual: 0.0263789
[ LIO ] Raw feature num: 2048, downsampled feature num:800 effective feature num: 771 average residual: 0.0261565
[ VIO ] Retrieve 83 points from visual sparse map
[ VIO ] Append 41 new visual map points
[ VIO ] Update 35 points in visual submap
[1;34m+-------------------------------------------------------------+[0m
[1;34m|                         VIO Time                            |[0m
[1;34m+-------------------------------------------------------------+[0m
[1;34m| Sparse Map Size               | 213                         |[0m
[1;34m+-------------------------------------------------------------+[0m
[1;34m| Algorithm Stage               | Time (secs)                 |[0m
[1;34m+-------------------------------------------------------------+[0m
[1;32m| retrieveFromVisualSparseMap   | 0.001501                    |[0m
[1;32m| computeJacobianAndUpdateEKF   | 0.008253                    |[0m
[1;32m| -> computeJacobian            | 0.005651                    |[0m
[1;32m| -> updateEKF                  | 0.002508                    |[0m
[1;32m| generateVisualMapPoints       | 0.000085                    |[0m
[1;32m| updateVisualMapPoints         | 0.000049                    |[0m
[1;32m| updateReferencePatch          | 0.000253                    |[0m
[1;34m+-------------------------------------------------------------+[0m
[1;32m| Current Total Time            | 0.010141                    |[0m
[1;32m| Average Total Time            | 0.010167                    |[0m
[1;34m+-------------------------------------------------------------+[0m
[ LIO ] Raw feature num: 2048, downsampled feature num:794 effective feature num: 762 average residual: 0.0300837
[ LIO ] Raw feature num: 2048, downsampled feature num:794 effective feature num: 762 average residual: 0.0268678
[ LIO ] Raw feature num: 2048, downsampled feature num:794 effective feature num: 765 average residual: 0.0264486
[ LIO ] Raw feature num: 2048, downsampled feature num:794 effective feature num: 761 average residual: 0.0292649
[ LIO ] Raw feature num: 2048, downsampled feature num:794 effective feature num: 761 average residual: 0.0281255
[ VIO ] Retrieve 84 points from visual sparse map
[ VIO ] Append 50 new visual map points
[ VIO ] Update 39 points in visual submap
[1;34m+-------------------------------------------------------------+[0m
[1;34m|                         VIO Time                            |[0m
[1;34m+-------------------------------------------------------------+[0m
[1;34m| Sparse Map Size               | 213                         |[0m
[1;34m+-------------------------------------------------------------+[0m
[1;34m| Algorithm Stage               | Time (secs)                 |[0m
[1;34m+-------------------------------------------------------------+[0m
[1;32m| retrieveFromVisualSparseMap   | 0.001023                    |[0m
[1;32m| computeJacobianAndUpdateEKF   | 0.009398                    |[0m
[1;32m| -> computeJacobian            | 0.006476                    |[0m
[1;32m| -> updateEKF                  | 0.002834                    |[0m
[1;32m| generateVisualMapPoints       | 0.000090                    |[0m
[1;32m| updateVisualMapPoints         | 0.000051                    |[0m
[1;32m| updateReferencePatch          | 0.000188                    |[0m
[1;34m+-------------------------------------------------------------+[0m
[1;32m| Current Total Time            | 0.010749                    |[0m
[1;32m| Average Total Time            | 0.010174                    |[0m
[1;34m+-------------------------------------------------------------+[0m
[ LIO ] Raw feature num: 2048, downsampled feature num:800 effective feature num: 763 average residual: 0.0310516
[ LIO ] Raw feature num: 2048, downsampled feature num:800 effective feature num: 768 average residual: 0.0261854
[ LIO ] Raw feature num: 2048, downsampled feature num:800 effective feature num: 766 average residual: 0.0259455
[ LIO ] Raw feature num: 2048, downsampled feature num:800 effective feature num: 766 average residual: 0.0259172
[ LIO ] Raw feature num: 2048, downsampled feature num:800 effective feature num: 766 average residual: 0.025908
[ VIO ] Retrieve 75 points from visual sparse map
[ VIO ] Append 48 new visual map points
[ VIO ] Update 43 points in visual submap
[1;34m+-------------------------------------------------------------+[0m
[1;34m|                         VIO Time                            |[0m
[1;34m+-------------------------------------------------------------+[0m
[1;34m| Sparse Map Size               | 213                         |[0m
[1;34m+-------------------------------------------------------------+[0m
[1;34m| Algorithm Stage               | Time (secs)                 |[0m
[1;34m+-------------------------------------------------------------+[0m
[1;32m| retrieveFromVisualSparseMap   | 0.001481                    |[0m
[1;32m| computeJacobianAndUpdateEKF   | 0.009041                    |[0m
[1;32m| -> computeJacobian            | 0.006065                    |[0m
[1;32m| -> updateEKF                  | 0.002889                    |[0m
[1;32m| generateVisualMapPoints       | 0.000094                    |[0m
[1;32m| updateVisualMapPoints         | 0.000062                    |[0m
[1;32m| updateReferencePatch          | 0.000124                    |[0m
[1;34m+-------------------------------------------------------------+[0m
[1;32m| Current Total Time            | 0.010802                    |[0m
[1;32m| Average Total Time            | 0.010181                    |[0m
[1;34m+-------------------------------------------------------------+[0m
[ LIO ] Raw feature num: 2048, downsampled feature num:801 effective feature num: 763 average residual: 0.0309508
[ LIO ] Raw feature num: 2048, downsampled feature num:801 effective feature num: 769 average residual: 0.0271295
[ LIO ] Raw feature num: 2048, downsampled feature num:801 effective feature num: 769 average residual: 0.0268085
[ LIO ] Raw feature num: 2048, downsampled feature num:801 effective feature num: 768 average residual: 0.0267409
[ LIO ] Raw feature num: 2048, downsampled feature num:801 effective feature num: 769 average residual: 0.0267655
[ VIO ] Retrieve 82 points from visual sparse map
[ VIO ] Append 46 new visual map points
[ VIO ] Update 40 points in visual submap
[1;34m+-------------------------------------------------------------+[0m
[1;34m|                         VIO Time                            |[0m
[1;34m+-------------------------------------------------------------+[0m
[1;34m| Sparse Map Size               | 213                         |[0m
[1;34m+-------------------------------------------------------------+[0m
[1;34m| Algorithm Stage               | Time (secs)                 |[0m
[1;34m+-------------------------------------------------------------+[0m
[1;32m| retrieveFromVisualSparseMap   | 0.001273                    |[0m
[1;32m| computeJacobianAndUpdateEKF   | 0.009447                    |[0m
[1;32m| -> computeJacobian            | 0.006431                    |[0m
[1;32m| -> updateEKF                  | 0.002904                    |[0m
[1;32m| generateVisualMapPoints       | 0.000108                    |[0m
[1;32m| updateVisualMapPoints         | 0.000039                    |[0m
[1;32m| updateReferencePatch          | 0.000223                    |[0m
[1;34m+-------------------------------------------------------------+[0m
[1;32m| Current Total Time            | 0.011090                    |[0m
[1;32m| Average Total Time            | 0.010192                    |[0m
[1;34m+-------------------------------------------------------------+[0m
[ LIO ] Raw feature num: 2048, downsampled feature num:803 effective feature num: 757 average residual: 0.0356326
[ LIO ] Raw feature num: 2048, downsampled feature num:803 effective feature num: 755 average residual: 0.0321524
[ LIO ] Raw feature num: 2048, downsampled feature num:803 effective feature num: 760 average residual: 0.0331971
[ LIO ] Raw feature num: 2048, downsampled feature num:803 effective feature num: 752 average residual: 0.0325641
[ LIO ] Raw feature num: 2048, downsampled feature num:803 effective feature num: 754 average residual: 0.0326043
[ VIO ] Retrieve 80 points from visual sparse map
[ VIO ] Append 47 new visual map points
[ VIO ] Update 46 points in visual submap
[1;34m+-------------------------------------------------------------+[0m
[1;34m|                         VIO Time                            |[0m
[1;34m+-------------------------------------------------------------+[0m
[1;34m| Sparse Map Size               | 216                         |[0m
[1;34m+-------------------------------------------------------------+[0m
[1;34m| Algorithm Stage               | Time (secs)                 |[0m
[1;34m+-------------------------------------------------------------+[0m
[1;32m| retrieveFromVisualSparseMap   | 0.001209                    |[0m
[1;32m| computeJacobianAndUpdateEKF   | 0.007718                    |[0m
[1;32m| -> computeJacobian            | 0.005367                    |[0m
[1;32m| -> updateEKF                  | 0.002266                    |[0m
[1;32m| generateVisualMapPoints       | 0.000091                    |[0m
[1;32m| updateVisualMapPoints         | 0.000043                    |[0m
[1;32m| updateReferencePatch          | 0.000201                    |[0m
[1;34m+-------------------------------------------------------------+[0m
[1;32m| Current Total Time            | 0.009263                    |[0m
[1;32m| Average Total Time            | 0.010181                    |[0m
[1;34m+-------------------------------------------------------------+[0m
[ LIO ] Raw feature num: 2048, downsampled feature num:823 effective feature num: 782 average residual: 0.0371806
[ LIO ] Raw feature num: 2048, downsampled feature num:823 effective feature num: 784 average residual: 0.0328463
[ LIO ] Raw feature num: 2048, downsampled feature num:823 effective feature num: 784 average residual: 0.0329187
[ LIO ] Raw feature num: 2048, downsampled feature num:823 effective feature num: 780 average residual: 0.0322189
[ LIO ] Raw feature num: 2048, downsampled feature num:823 effective feature num: 781 average residual: 0.0327477
[ VIO ] Retrieve 74 points from visual sparse map
[ VIO ] Append 62 new visual map points
[ VIO ] Update 47 points in visual submap
[1;34m+-------------------------------------------------------------+[0m
[1;34m|                         VIO Time                            |[0m
[1;34m+-------------------------------------------------------------+[0m
[1;34m| Sparse Map Size               | 217                         |[0m
[1;34m+-------------------------------------------------------------+[0m
[1;34m| Algorithm Stage               | Time (secs)                 |[0m
[1;34m+-------------------------------------------------------------+[0m
[1;32m| retrieveFromVisualSparseMap   | 0.001483                    |[0m
[1;32m| computeJacobianAndUpdateEKF   | 0.007557                    |[0m
[1;32m| -> computeJacobian            | 0.005242                    |[0m
[1;32m| -> updateEKF                  | 0.002231                    |[0m
[1;32m| generateVisualMapPoints       | 0.000106                    |[0m
[1;32m| updateVisualMapPoints         | 0.000043                    |[0m
[1;32m| updateReferencePatch          | 0.000171                    |[0m
[1;34m+-------------------------------------------------------------+[0m
[1;32m| Current Total Time            | 0.009360                    |[0m
[1;32m| Average Total Time            | 0.010172                    |[0m
[1;34m+-------------------------------------------------------------+[0m
[ LIO ] Raw feature num: 2048, downsampled feature num:841 effective feature num: 767 average residual: 0.0321729
[ LIO ] Raw feature num: 2048, downsampled feature num:841 effective feature num: 799 average residual: 0.029399
[ LIO ] Raw feature num: 2048, downsampled feature num:841 effective feature num: 800 average residual: 0.0292525
[ LIO ] Raw feature num: 2048, downsampled feature num:841 effective feature num: 800 average residual: 0.028197
[ LIO ] Raw feature num: 2048, downsampled feature num:841 effective feature num: 795 average residual: 0.0292537
[ VIO ] Retrieve 83 points from visual sparse map
[ VIO ] Append 54 new visual map points
[ VIO ] Update 55 points in visual submap
[1;34m+-------------------------------------------------------------+[0m
[1;34m|                         VIO Time                            |[0m
[1;34m+-------------------------------------------------------------+[0m
[1;34m| Sparse Map Size               | 224                         |[0m
[1;34m+-------------------------------------------------------------+[0m
[1;34m| Algorithm Stage               | Time (secs)                 |[0m
[1;34m+-------------------------------------------------------------+[0m
[1;32m| retrieveFromVisualSparseMap   | 0.001612                    |[0m
[1;32m| computeJacobianAndUpdateEKF   | 0.009718                    |[0m
[1;32m| -> computeJacobian            | 0.006548                    |[0m
[1;32m| -> updateEKF                  | 0.003075                    |[0m
[1;32m| generateVisualMapPoints       | 0.000100                    |[0m
[1;32m| updateVisualMapPoints         | 0.000060                    |[0m
[1;32m| updateReferencePatch          | 0.000251                    |[0m
[1;34m+-------------------------------------------------------------+[0m
[1;32m| Current Total Time            | 0.011741                    |[0m
[1;32m| Average Total Time            | 0.010189                    |[0m
[1;34m+-------------------------------------------------------------+[0m
[ LIO ] Raw feature num: 2048, downsampled feature num:825 effective feature num: 784 average residual: 0.0291417
[ LIO ] Raw feature num: 2048, downsampled feature num:825 effective feature num: 785 average residual: 0.0251882
[ LIO ] Raw feature num: 2048, downsampled feature num:825 effective feature num: 782 average residual: 0.0248029
[ LIO ] Raw feature num: 2048, downsampled feature num:825 effective feature num: 782 average residual: 0.0249032
[ LIO ] Raw feature num: 2048, downsampled feature num:825 effective feature num: 781 average residual: 0.0247023
[ VIO ] Retrieve 76 points from visual sparse map
[ VIO ] Append 44 new visual map points
[ VIO ] Update 44 points in visual submap
[1;34m+-------------------------------------------------------------+[0m
[1;34m|                         VIO Time                            |[0m
[1;34m+-------------------------------------------------------------+[0m
[1;34m| Sparse Map Size               | 226                         |[0m
[1;34m+-------------------------------------------------------------+[0m
[1;34m| Algorithm Stage               | Time (secs)                 |[0m
[1;34m+-------------------------------------------------------------+[0m
[1;32m| retrieveFromVisualSparseMap   | 0.001051                    |[0m
[1;32m| computeJacobianAndUpdateEKF   | 0.007614                    |[0m
[1;32m| -> computeJacobian            | 0.005401                    |[0m
[1;32m| -> updateEKF                  | 0.002126                    |[0m
[1;32m| generateVisualMapPoints       | 0.000098                    |[0m
[1;32m| updateVisualMapPoints         | 0.000044                    |[0m
[1;32m| updateReferencePatch          | 0.000304                    |[0m
[1;34m+-------------------------------------------------------------+[0m
[1;32m| Current Total Time            | 0.009111                    |[0m
[1;32m| Average Total Time            | 0.010177                    |[0m
[1;34m+-------------------------------------------------------------+[0m
[ LIO ] Raw feature num: 2048, downsampled feature num:843 effective feature num: 796 average residual: 0.0287964
[ LIO ] Raw feature num: 2048, downsampled feature num:843 effective feature num: 795 average residual: 0.026072
[ LIO ] Raw feature num: 2048, downsampled feature num:843 effective feature num: 793 average residual: 0.0268635
[ LIO ] Raw feature num: 2048, downsampled feature num:843 effective feature num: 792 average residual: 0.0264576
[ LIO ] Raw feature num: 2048, downsampled feature num:843 effective feature num: 792 average residual: 0.0264712
[ VIO ] Retrieve 78 points from visual sparse map
[ VIO ] Append 49 new visual map points
[ VIO ] Update 43 points in visual submap
[1;34m+-------------------------------------------------------------+[0m
[1;34m|                         VIO Time                            |[0m
[1;34m+-------------------------------------------------------------+[0m
[1;34m| Sparse Map Size               | 227                         |[0m
[1;34m+-------------------------------------------------------------+[0m
[1;34m| Algorithm Stage               | Time (secs)                 |[0m
[1;34m+-------------------------------------------------------------+[0m
[1;32m| retrieveFromVisualSparseMap   | 0.001252                    |[0m
[1;32m| computeJacobianAndUpdateEKF   | 0.009016                    |[0m
[1;32m| -> computeJacobian            | 0.006153                    |[0m
[1;32m| -> updateEKF                  | 0.002769                    |[0m
[1;32m| generateVisualMapPoints       | 0.000108                    |[0m
[1;32m| updateVisualMapPoints         | 0.000047                    |[0m
[1;32m| updateReferencePatch          | 0.000306                    |[0m
[1;34m+-------------------------------------------------------------+[0m
[1;32m| Current Total Time            | 0.010729                    |[0m
[1;32m| Average Total Time            | 0.010183                    |[0m
[1;34m+-------------------------------------------------------------+[0m
[ LIO ] Raw feature num: 2048, downsampled feature num:868 effective feature num: 825 average residual: 0.0292479
[ LIO ] Raw feature num: 2048, downsampled feature num:868 effective feature num: 829 average residual: 0.0263144
[ LIO ] Raw feature num: 2048, downsampled feature num:868 effective feature num: 829 average residual: 0.0254905
[ LIO ] Raw feature num: 2048, downsampled feature num:868 effective feature num: 828 average residual: 0.0250793
[ LIO ] Raw feature num: 2048, downsampled feature num:868 effective feature num: 825 average residual: 0.0248288
[ VIO ] Retrieve 76 points from visual sparse map
[ VIO ] Append 53 new visual map points
[ VIO ] Update 41 points in visual submap
[1;34m+-------------------------------------------------------------+[0m
[1;34m|                         VIO Time                            |[0m
[1;34m+-------------------------------------------------------------+[0m
[1;34m| Sparse Map Size               | 227                         |[0m
[1;34m+-------------------------------------------------------------+[0m
[1;34m| Algorithm Stage               | Time (secs)                 |[0m
[1;34m+-------------------------------------------------------------+[0m
[1;32m| retrieveFromVisualSparseMap   | 0.001646                    |[0m
[1;32m| computeJacobianAndUpdateEKF   | 0.008975                    |[0m
[1;32m| -> computeJacobian            | 0.006130                    |[0m
[1;32m| -> updateEKF                  | 0.002756                    |[0m
[1;32m| generateVisualMapPoints       | 0.000106                    |[0m
[1;32m| updateVisualMapPoints         | 0.000049                    |[0m
[1;32m| updateReferencePatch          | 0.000364                    |[0m
[1;34m+-------------------------------------------------------------+[0m
[1;32m| Current Total Time            | 0.011139                    |[0m
[1;32m| Average Total Time            | 0.010194                    |[0m
[1;34m+-------------------------------------------------------------+[0m
[ LIO ] Raw feature num: 2048, downsampled feature num:834 effective feature num: 797 average residual: 0.0251586
[ LIO ] Raw feature num: 2048, downsampled feature num:834 effective feature num: 796 average residual: 0.0245576
[ LIO ] Raw feature num: 2048, downsampled feature num:834 effective feature num: 797 average residual: 0.0232764
[ LIO ] Raw feature num: 2048, downsampled feature num:834 effective feature num: 798 average residual: 0.0235389
[ LIO ] Raw feature num: 2048, downsampled feature num:834 effective feature num: 798 average residual: 0.0235391
[ VIO ] Retrieve 78 points from visual sparse map
[ VIO ] Append 53 new visual map points
[ VIO ] Update 42 points in visual submap
[1;34m+-------------------------------------------------------------+[0m
[1;34m|                         VIO Time                            |[0m
[1;34m+-------------------------------------------------------------+[0m
[1;34m| Sparse Map Size               | 227                         |[0m
[1;34m+-------------------------------------------------------------+[0m
[1;34m| Algorithm Stage               | Time (secs)                 |[0m
[1;34m+-------------------------------------------------------------+[0m
[1;32m| retrieveFromVisualSparseMap   | 0.001647                    |[0m
[1;32m| computeJacobianAndUpdateEKF   | 0.008578                    |[0m
[1;32m| -> computeJacobian            | 0.005845                    |[0m
[1;32m| -> updateEKF                  | 0.002643                    |[0m
[1;32m| generateVisualMapPoints       | 0.000104                    |[0m
[1;32m| updateVisualMapPoints         | 0.000058                    |[0m
[1;32m| updateReferencePatch          | 0.000322                    |[0m
[1;34m+-------------------------------------------------------------+[0m
[1;32m| Current Total Time            | 0.010709                    |[0m
[1;32m| Average Total Time            | 0.010199                    |[0m
[1;34m+-------------------------------------------------------------+[0m
[ LIO ] Raw feature num: 2048, downsampled feature num:846 effective feature num: 815 average residual: 0.02539
[ LIO ] Raw feature num: 2048, downsampled feature num:846 effective feature num: 815 average residual: 0.0241692
[ LIO ] Raw feature num: 2048, downsampled feature num:846 effective feature num: 815 average residual: 0.0236055
[ LIO ] Raw feature num: 2048, downsampled feature num:846 effective feature num: 815 average residual: 0.0233589
[ LIO ] Raw feature num: 2048, downsampled feature num:846 effective feature num: 815 average residual: 0.0233466
[ VIO ] Retrieve 80 points from visual sparse map
[ VIO ] Append 55 new visual map points
[ VIO ] Update 39 points in visual submap
[1;34m+-------------------------------------------------------------+[0m
[1;34m|                         VIO Time                            |[0m
[1;34m+-------------------------------------------------------------+[0m
[1;34m| Sparse Map Size               | 227                         |[0m
[1;34m+-------------------------------------------------------------+[0m
[1;34m| Algorithm Stage               | Time (secs)                 |[0m
[1;34m+-------------------------------------------------------------+[0m
[1;32m| retrieveFromVisualSparseMap   | 0.001078                    |[0m
[1;32m| computeJacobianAndUpdateEKF   | 0.008522                    |[0m
[1;32m| -> computeJacobian            | 0.005814                    |[0m
[1;32m| -> updateEKF                  | 0.002611                    |[0m
[1;32m| generateVisualMapPoints       | 0.000179                    |[0m
[1;32m| updateVisualMapPoints         | 0.000083                    |[0m
[1;32m| updateReferencePatch          | 0.000433                    |[0m
[1;34m+-------------------------------------------------------------+[0m
[1;32m| Current Total Time            | 0.010296                    |[0m
[1;32m| Average Total Time            | 0.010200                    |[0m
[1;34m+-------------------------------------------------------------+[0m
[ LIO ] Raw feature num: 2048, downsampled feature num:855 effective feature num: 819 average residual: 0.0237783
[ LIO ] Raw feature num: 2048, downsampled feature num:855 effective feature num: 815 average residual: 0.0246277
[ LIO ] Raw feature num: 2048, downsampled feature num:855 effective feature num: 820 average residual: 0.0239082
[ LIO ] Raw feature num: 2048, downsampled feature num:855 effective feature num: 820 average residual: 0.023591
[ LIO ] Raw feature num: 2048, downsampled feature num:855 effective feature num: 820 average residual: 0.0231382
[ VIO ] Retrieve 86 points from visual sparse map
[ VIO ] Append 53 new visual map points
[ VIO ] Update 39 points in visual submap
[1;34m+-------------------------------------------------------------+[0m
[1;34m|                         VIO Time                            |[0m
[1;34m+-------------------------------------------------------------+[0m
[1;34m| Sparse Map Size               | 227                         |[0m
[1;34m+-------------------------------------------------------------+[0m
[1;34m| Algorithm Stage               | Time (secs)                 |[0m
[1;34m+-------------------------------------------------------------+[0m
[1;32m| retrieveFromVisualSparseMap   | 0.001199                    |[0m
[1;32m| computeJacobianAndUpdateEKF   | 0.009899                    |[0m
[1;32m| -> computeJacobian            | 0.006820                    |[0m
[1;32m| -> updateEKF                  | 0.003005                    |[0m
[1;32m| generateVisualMapPoints       | 0.000110                    |[0m
[1;32m| updateVisualMapPoints         | 0.000061                    |[0m
[1;32m| updateReferencePatch          | 0.000347                    |[0m
[1;34m+-------------------------------------------------------------+[0m
[1;32m| Current Total Time            | 0.011617                    |[0m
[1;32m| Average Total Time            | 0.010215                    |[0m
[1;34m+-------------------------------------------------------------+[0m
[ LIO ] Raw feature num: 2048, downsampled feature num:884 effective feature num: 808 average residual: 0.040269
[ LIO ] Raw feature num: 2048, downsampled feature num:884 effective feature num: 823 average residual: 0.0338149
[ LIO ] Raw feature num: 2048, downsampled feature num:884 effective feature num: 828 average residual: 0.0323408
[ LIO ] Raw feature num: 2048, downsampled feature num:884 effective feature num: 832 average residual: 0.0325475
[ LIO ] Raw feature num: 2048, downsampled feature num:884 effective feature num: 831 average residual: 0.0324006
[ VIO ] Retrieve 81 points from visual sparse map
[ VIO ] Append 48 new visual map points
[ VIO ] Update 29 points in visual submap
[1;34m+-------------------------------------------------------------+[0m
[1;34m|                         VIO Time                            |[0m
[1;34m+-------------------------------------------------------------+[0m
[1;34m| Sparse Map Size               | 232                         |[0m
[1;34m+-------------------------------------------------------------+[0m
[1;34m| Algorithm Stage               | Time (secs)                 |[0m
[1;34m+-------------------------------------------------------------+[0m
[1;32m| retrieveFromVisualSparseMap   | 0.001350                    |[0m
[1;32m| computeJacobianAndUpdateEKF   | 0.008399                    |[0m
[1;32m| -> computeJacobian            | 0.005743                    |[0m
[1;32m| -> updateEKF                  | 0.002566                    |[0m
[1;32m| generateVisualMapPoints       | 0.000119                    |[0m
[1;32m| updateVisualMapPoints         | 0.000053                    |[0m
[1;32m| updateReferencePatch          | 0.000248                    |[0m
[1;34m+-------------------------------------------------------------+[0m
[1;32m| Current Total Time            | 0.010169                    |[0m
[1;32m| Average Total Time            | 0.010214                    |[0m
[1;34m+-------------------------------------------------------------+[0m
[ LIO ] Raw feature num: 2048, downsampled feature num:864 effective feature num: 697 average residual: 0.0575881
[ LIO ] Raw feature num: 2048, downsampled feature num:864 effective feature num: 788 average residual: 0.0435739
[ LIO ] Raw feature num: 2048, downsampled feature num:864 effective feature num: 797 average residual: 0.0396077
[ LIO ] Raw feature num: 2048, downsampled feature num:864 effective feature num: 799 average residual: 0.0393238
[ LIO ] Raw feature num: 2048, downsampled feature num:864 effective feature num: 801 average residual: 0.0391648
[ VIO ] Retrieve 75 points from visual sparse map
[ VIO ] Append 54 new visual map points
[ VIO ] Update 28 points in visual submap
[1;34m+-------------------------------------------------------------+[0m
[1;34m|                         VIO Time                            |[0m
[1;34m+-------------------------------------------------------------+[0m
[1;34m| Sparse Map Size               | 235                         |[0m
[1;34m+-------------------------------------------------------------+[0m
[1;34m| Algorithm Stage               | Time (secs)                 |[0m
[1;34m+-------------------------------------------------------------+[0m
[1;32m| retrieveFromVisualSparseMap   | 0.001690                    |[0m
[1;32m| computeJacobianAndUpdateEKF   | 0.007902                    |[0m
[1;32m| -> computeJacobian            | 0.005483                    |[0m
[1;32m| -> updateEKF                  | 0.002331                    |[0m
[1;32m| generateVisualMapPoints       | 0.000118                    |[0m
[1;32m| updateVisualMapPoints         | 0.000037                    |[0m
[1;32m| updateReferencePatch          | 0.000253                    |[0m
[1;34m+-------------------------------------------------------------+[0m
[1;32m| Current Total Time            | 0.010001                    |[0m
[1;32m| Average Total Time            | 0.010212                    |[0m
[1;34m+-------------------------------------------------------------+[0m
[ LIO ] Raw feature num: 2048, downsampled feature num:838 effective feature num: 695 average residual: 0.0655436
[ LIO ] Raw feature num: 2048, downsampled feature num:838 effective feature num: 773 average residual: 0.0462792
[ LIO ] Raw feature num: 2048, downsampled feature num:838 effective feature num: 774 average residual: 0.0420668
[ LIO ] Raw feature num: 2048, downsampled feature num:838 effective feature num: 776 average residual: 0.0418535
[ LIO ] Raw feature num: 2048, downsampled feature num:838 effective feature num: 776 average residual: 0.0417412
[ VIO ] Retrieve 74 points from visual sparse map
[ VIO ] Append 51 new visual map points
[ VIO ] Update 28 points in visual submap
[1;34m+-------------------------------------------------------------+[0m
[1;34m|                         VIO Time                            |[0m
[1;34m+-------------------------------------------------------------+[0m
[1;34m| Sparse Map Size               | 235                         |[0m
[1;34m+-------------------------------------------------------------+[0m
[1;34m| Algorithm Stage               | Time (secs)                 |[0m
[1;34m+-------------------------------------------------------------+[0m
[1;32m| retrieveFromVisualSparseMap   | 0.001628                    |[0m
[1;32m| computeJacobianAndUpdateEKF   | 0.008118                    |[0m
[1;32m| -> computeJacobian            | 0.005537                    |[0m
[1;32m| -> updateEKF                  | 0.002497                    |[0m
[1;32m| generateVisualMapPoints       | 0.000100                    |[0m
[1;32m| updateVisualMapPoints         | 0.000045                    |[0m
[1;32m| updateReferencePatch          | 0.000259                    |[0m
[1;34m+-------------------------------------------------------------+[0m
[1;32m| Current Total Time            | 0.010150                    |[0m
[1;32m| Average Total Time            | 0.010211                    |[0m
[1;34m+-------------------------------------------------------------+[0m
[ LIO ] Raw feature num: 2048, downsampled feature num:838 effective feature num: 743 average residual: 0.0465163
[ LIO ] Raw feature num: 2048, downsampled feature num:838 effective feature num: 783 average residual: 0.0400274
[ LIO ] Raw feature num: 2048, downsampled feature num:838 effective feature num: 785 average residual: 0.0351998
[ LIO ] Raw feature num: 2048, downsampled feature num:838 effective feature num: 785 average residual: 0.0347138
[ LIO ] Raw feature num: 2048, downsampled feature num:838 effective feature num: 785 average residual: 0.0346849
[ VIO ] Retrieve 74 points from visual sparse map
[ VIO ] Append 46 new visual map points
[ VIO ] Update 25 points in visual submap
[1;34m+-------------------------------------------------------------+[0m
[1;34m|                         VIO Time                            |[0m
[1;34m+-------------------------------------------------------------+[0m
[1;34m| Sparse Map Size               | 235                         |[0m
[1;34m+-------------------------------------------------------------+[0m
[1;34m| Algorithm Stage               | Time (secs)                 |[0m
[1;34m+-------------------------------------------------------------+[0m
[1;32m| retrieveFromVisualSparseMap   | 0.001094                    |[0m
[1;32m| computeJacobianAndUpdateEKF   | 0.007696                    |[0m
[1;32m| -> computeJacobian            | 0.005326                    |[0m
[1;32m| -> updateEKF                  | 0.002288                    |[0m
[1;32m| generateVisualMapPoints       | 0.000092                    |[0m
[1;32m| updateVisualMapPoints         | 0.000042                    |[0m
[1;32m| updateReferencePatch          | 0.000294                    |[0m
[1;34m+-------------------------------------------------------------+[0m
[1;32m| Current Total Time            | 0.009219                    |[0m
[1;32m| Average Total Time            | 0.010202                    |[0m
[1;34m+-------------------------------------------------------------+[0m
[ LIO ] Raw feature num: 2048, downsampled feature num:815 effective feature num: 737 average residual: 0.0408531
[ LIO ] Raw feature num: 2048, downsampled feature num:815 effective feature num: 780 average residual: 0.0294746
[ LIO ] Raw feature num: 2048, downsampled feature num:815 effective feature num: 779 average residual: 0.0259767
[ LIO ] Raw feature num: 2048, downsampled feature num:815 effective feature num: 781 average residual: 0.0256132
[ LIO ] Raw feature num: 2048, downsampled feature num:815 effective feature num: 783 average residual: 0.0256185
[ VIO ] Retrieve 88 points from visual sparse map
[ VIO ] Append 47 new visual map points
[ VIO ] Update 25 points in visual submap
[1;34m+-------------------------------------------------------------+[0m
[1;34m|                         VIO Time                            |[0m
[1;34m+-------------------------------------------------------------+[0m
[1;34m| Sparse Map Size               | 235                         |[0m
[1;34m+-------------------------------------------------------------+[0m
[1;34m| Algorithm Stage               | Time (secs)                 |[0m
[1;34m+-------------------------------------------------------------+[0m
[1;32m| retrieveFromVisualSparseMap   | 0.001204                    |[0m
[1;32m| computeJacobianAndUpdateEKF   | 0.010147                    |[0m
[1;32m| -> computeJacobian            | 0.006945                    |[0m
[1;32m| -> updateEKF                  | 0.003125                    |[0m
[1;32m| generateVisualMapPoints       | 0.000104                    |[0m
[1;32m| updateVisualMapPoints         | 0.000048                    |[0m
[1;32m| updateReferencePatch          | 0.000299                    |[0m
[1;34m+-------------------------------------------------------------+[0m
[1;32m| Current Total Time            | 0.011802                    |[0m
[1;32m| Average Total Time            | 0.010217                    |[0m
[1;34m+-------------------------------------------------------------+[0m
[ LIO ] Raw feature num: 2048, downsampled feature num:822 effective feature num: 793 average residual: 0.0258681
[ LIO ] Raw feature num: 2048, downsampled feature num:822 effective feature num: 793 average residual: 0.0250646
[ LIO ] Raw feature num: 2048, downsampled feature num:822 effective feature num: 797 average residual: 0.0250166
[ LIO ] Raw feature num: 2048, downsampled feature num:822 effective feature num: 799 average residual: 0.0244205
[ LIO ] Raw feature num: 2048, downsampled feature num:822 effective feature num: 800 average residual: 0.0242847
[ VIO ] Retrieve 85 points from visual sparse map
[ VIO ] Append 51 new visual map points
[ VIO ] Update 19 points in visual submap
[1;34m+-------------------------------------------------------------+[0m
[1;34m|                         VIO Time                            |[0m
[1;34m+-------------------------------------------------------------+[0m
[1;34m| Sparse Map Size               | 235                         |[0m
[1;34m+-------------------------------------------------------------+[0m
[1;34m| Algorithm Stage               | Time (secs)                 |[0m
[1;34m+-------------------------------------------------------------+[0m
[1;32m| retrieveFromVisualSparseMap   | 0.001736                    |[0m
[1;32m| computeJacobianAndUpdateEKF   | 0.008851                    |[0m
[1;32m| -> computeJacobian            | 0.006082                    |[0m
[1;32m| -> updateEKF                  | 0.002674                    |[0m
[1;32m| generateVisualMapPoints       | 0.000116                    |[0m
[1;32m| updateVisualMapPoints         | 0.000042                    |[0m
[1;32m| updateReferencePatch          | 0.000212                    |[0m
[1;34m+-------------------------------------------------------------+[0m
[1;32m| Current Total Time            | 0.010957                    |[0m
[1;32m| Average Total Time            | 0.010224                    |[0m
[1;34m+-------------------------------------------------------------+[0m
[ LIO ] Raw feature num: 2048, downsampled feature num:850 effective feature num: 817 average residual: 0.0313904
[ LIO ] Raw feature num: 2048, downsampled feature num:850 effective feature num: 822 average residual: 0.028398
[ LIO ] Raw feature num: 2048, downsampled feature num:850 effective feature num: 826 average residual: 0.0274161
[ LIO ] Raw feature num: 2048, downsampled feature num:850 effective feature num: 826 average residual: 0.0276839
[ LIO ] Raw feature num: 2048, downsampled feature num:850 effective feature num: 826 average residual: 0.0276905
[ VIO ] Retrieve 86 points from visual sparse map
[ VIO ] Append 44 new visual map points
[ VIO ] Update 20 points in visual submap
[1;34m+-------------------------------------------------------------+[0m
[1;34m|                         VIO Time                            |[0m
[1;34m+-------------------------------------------------------------+[0m
[1;34m| Sparse Map Size               | 235                         |[0m
[1;34m+-------------------------------------------------------------+[0m
[1;34m| Algorithm Stage               | Time (secs)                 |[0m
[1;34m+-------------------------------------------------------------+[0m
[1;32m| retrieveFromVisualSparseMap   | 0.001267                    |[0m
[1;32m| computeJacobianAndUpdateEKF   | 0.010489                    |[0m
[1;32m| -> computeJacobian            | 0.007089                    |[0m
[1;32m| -> updateEKF                  | 0.003305                    |[0m
[1;32m| generateVisualMapPoints       | 0.000127                    |[0m
[1;32m| updateVisualMapPoints         | 0.000031                    |[0m
[1;32m| updateReferencePatch          | 0.000177                    |[0m
[1;34m+-------------------------------------------------------------+[0m
[1;32m| Current Total Time            | 0.012092                    |[0m
[1;32m| Average Total Time            | 0.010242                    |[0m
[1;34m+-------------------------------------------------------------+[0m
[ LIO ] Raw feature num: 2048, downsampled feature num:867 effective feature num: 836 average residual: 0.0302296
[ LIO ] Raw feature num: 2048, downsampled feature num:867 effective feature num: 836 average residual: 0.0271191
[ LIO ] Raw feature num: 2048, downsampled feature num:867 effective feature num: 844 average residual: 0.0266429
[ LIO ] Raw feature num: 2048, downsampled feature num:867 effective feature num: 844 average residual: 0.0264414
[ LIO ] Raw feature num: 2048, downsampled feature num:867 effective feature num: 844 average residual: 0.0264791
[ VIO ] Retrieve 88 points from visual sparse map
[ VIO ] Append 52 new visual map points
[ VIO ] Update 24 points in visual submap
[1;34m+-------------------------------------------------------------+[0m
[1;34m|                         VIO Time                            |[0m
[1;34m+-------------------------------------------------------------+[0m
[1;34m| Sparse Map Size               | 235                         |[0m
[1;34m+-------------------------------------------------------------+[0m
[1;34m| Algorithm Stage               | Time (secs)                 |[0m
[1;34m+-------------------------------------------------------------+[0m
[1;32m| retrieveFromVisualSparseMap   | 0.001853                    |[0m
[1;32m| computeJacobianAndUpdateEKF   | 0.009472                    |[0m
[1;32m| -> computeJacobian            | 0.006632                    |[0m
[1;32m| -> updateEKF                  | 0.002763                    |[0m
[1;32m| generateVisualMapPoints       | 0.000113                    |[0m
[1;32m| updateVisualMapPoints         | 0.000039                    |[0m
[1;32m| updateReferencePatch          | 0.000311                    |[0m
[1;34m+-------------------------------------------------------------+[0m
[1;32m| Current Total Time            | 0.011788                    |[0m
[1;32m| Average Total Time            | 0.010257                    |[0m
[1;34m+-------------------------------------------------------------+[0m
[ LIO ] Raw feature num: 2048, downsampled feature num:841 effective feature num: 800 average residual: 0.0252154
[ LIO ] Raw feature num: 2048, downsampled feature num:841 effective feature num: 800 average residual: 0.0244886
[ LIO ] Raw feature num: 2048, downsampled feature num:841 effective feature num: 802 average residual: 0.0248955
[ LIO ] Raw feature num: 2048, downsampled feature num:841 effective feature num: 802 average residual: 0.0249451
[ LIO ] Raw feature num: 2048, downsampled feature num:841 effective feature num: 802 average residual: 0.0249451
[ VIO ] Retrieve 83 points from visual sparse map
[ VIO ] Append 53 new visual map points
[ VIO ] Update 23 points in visual submap
[1;34m+-------------------------------------------------------------+[0m
[1;34m|                         VIO Time                            |[0m
[1;34m+-------------------------------------------------------------+[0m
[1;34m| Sparse Map Size               | 235                         |[0m
[1;34m+-------------------------------------------------------------+[0m
[1;34m| Algorithm Stage               | Time (secs)                 |[0m
[1;34m+-------------------------------------------------------------+[0m
[1;32m| retrieveFromVisualSparseMap   | 0.001427                    |[0m
[1;32m| computeJacobianAndUpdateEKF   | 0.008983                    |[0m
[1;32m| -> computeJacobian            | 0.006243                    |[0m
[1;32m| -> updateEKF                  | 0.002637                    |[0m
[1;32m| generateVisualMapPoints       | 0.000124                    |[0m
[1;32m| updateVisualMapPoints         | 0.000047                    |[0m
[1;32m| updateReferencePatch          | 0.000212                    |[0m
[1;34m+-------------------------------------------------------------+[0m
[1;32m| Current Total Time            | 0.010793                    |[0m
[1;32m| Average Total Time            | 0.010262                    |[0m
[1;34m+-------------------------------------------------------------+[0m
[ LIO ] Raw feature num: 2048, downsampled feature num:883 effective feature num: 846 average residual: 0.033367
[ LIO ] Raw feature num: 2048, downsampled feature num:883 effective feature num: 856 average residual: 0.026768
[ LIO ] Raw feature num: 2048, downsampled feature num:883 effective feature num: 856 average residual: 0.0263865
[ LIO ] Raw feature num: 2048, downsampled feature num:883 effective feature num: 856 average residual: 0.0263871
[ VIO ] Retrieve 74 points from visual sparse map
[ VIO ] Append 49 new visual map points
[ VIO ] Update 14 points in visual submap
[1;34m+-------------------------------------------------------------+[0m
[1;34m|                         VIO Time                            |[0m
[1;34m+-------------------------------------------------------------+[0m
[1;34m| Sparse Map Size               | 235                         |[0m
[1;34m+-------------------------------------------------------------+[0m
[1;34m| Algorithm Stage               | Time (secs)                 |[0m
[1;34m+-------------------------------------------------------------+[0m
[1;32m| retrieveFromVisualSparseMap   | 0.001691                    |[0m
[1;32m| computeJacobianAndUpdateEKF   | 0.009502                    |[0m
[1;32m| -> computeJacobian            | 0.006331                    |[0m
[1;32m| -> updateEKF                  | 0.003084                    |[0m
[1;32m| generateVisualMapPoints       | 0.000142                    |[0m
[1;32m| updateVisualMapPoints         | 0.000041                    |[0m
[1;32m| updateReferencePatch          | 0.000163                    |[0m
[1;34m+-------------------------------------------------------------+[0m
[1;32m| Current Total Time            | 0.011540                    |[0m
[1;32m| Average Total Time            | 0.010274                    |[0m
[1;34m+-------------------------------------------------------------+[0m
[ LIO ] Raw feature num: 2048, downsampled feature num:874 effective feature num: 829 average residual: 0.0338953
[ LIO ] Raw feature num: 2048, downsampled feature num:874 effective feature num: 833 average residual: 0.0248606
[ LIO ] Raw feature num: 2048, downsampled feature num:874 effective feature num: 836 average residual: 0.0243667
[ LIO ] Raw feature num: 2048, downsampled feature num:874 effective feature num: 836 average residual: 0.0244922
[ LIO ] Raw feature num: 2048, downsampled feature num:874 effective feature num: 836 average residual: 0.0245013
[ VIO ] Retrieve 80 points from visual sparse map
[ VIO ] Append 54 new visual map points
[ VIO ] Update 18 points in visual submap
[1;34m+-------------------------------------------------------------+[0m
[1;34m|                         VIO Time                            |[0m
[1;34m+-------------------------------------------------------------+[0m
[1;34m| Sparse Map Size               | 235                         |[0m
[1;34m+-------------------------------------------------------------+[0m
[1;34m| Algorithm Stage               | Time (secs)                 |[0m
[1;34m+-------------------------------------------------------------+[0m
[1;32m| retrieveFromVisualSparseMap   | 0.001302                    |[0m
[1;32m| computeJacobianAndUpdateEKF   | 0.008355                    |[0m
[1;32m| -> computeJacobian            | 0.005895                    |[0m
[1;32m| -> updateEKF                  | 0.002364                    |[0m
[1;32m| generateVisualMapPoints       | 0.000154                    |[0m
[1;32m| updateVisualMapPoints         | 0.000046                    |[0m
[1;32m| updateReferencePatch          | 0.000200                    |[0m
[1;34m+-------------------------------------------------------------+[0m
[1;32m| Current Total Time            | 0.010057                    |[0m
[1;32m| Average Total Time            | 0.010272                    |[0m
[1;34m+-------------------------------------------------------------+[0m
[ LIO ] Raw feature num: 2048, downsampled feature num:889 effective feature num: 854 average residual: 0.031172
[ LIO ] Raw feature num: 2048, downsampled feature num:889 effective feature num: 856 average residual: 0.026121
[ LIO ] Raw feature num: 2048, downsampled feature num:889 effective feature num: 861 average residual: 0.0258706
[ LIO ] Raw feature num: 2048, downsampled feature num:889 effective feature num: 861 average residual: 0.025959
[ LIO ] Raw feature num: 2048, downsampled feature num:889 effective feature num: 863 average residual: 0.0260755
[ VIO ] Retrieve 84 points from visual sparse map
[ VIO ] Append 52 new visual map points
[ VIO ] Update 16 points in visual submap
[1;34m+-------------------------------------------------------------+[0m
[1;34m|                         VIO Time                            |[0m
[1;34m+-------------------------------------------------------------+[0m
[1;34m| Sparse Map Size               | 235                         |[0m
[1;34m+-------------------------------------------------------------+[0m
[1;34m| Algorithm Stage               | Time (secs)                 |[0m
[1;34m+-------------------------------------------------------------+[0m
[1;32m| retrieveFromVisualSparseMap   | 0.001789                    |[0m
[1;32m| computeJacobianAndUpdateEKF   | 0.008549                    |[0m
[1;32m| -> computeJacobian            | 0.005988                    |[0m
[1;32m| -> updateEKF                  | 0.002465                    |[0m
[1;32m| generateVisualMapPoints       | 0.000130                    |[0m
[1;32m| updateVisualMapPoints         | 0.000053                    |[0m
[1;32m| updateReferencePatch          | 0.000118                    |[0m
[1;34m+-------------------------------------------------------------+[0m
[1;32m| Current Total Time            | 0.010640                    |[0m
[1;32m| Average Total Time            | 0.010275                    |[0m
[1;34m+-------------------------------------------------------------+[0m
[ LIO ] Raw feature num: 2048, downsampled feature num:888 effective feature num: 849 average residual: 0.0281397
[ LIO ] Raw feature num: 2048, downsampled feature num:888 effective feature num: 855 average residual: 0.023852
[ LIO ] Raw feature num: 2048, downsampled feature num:888 effective feature num: 855 average residual: 0.0238856
[ LIO ] Raw feature num: 2048, downsampled feature num:888 effective feature num: 856 average residual: 0.0239877
[ LIO ] Raw feature num: 2048, downsampled feature num:888 effective feature num: 857 average residual: 0.0239161
[ VIO ] Retrieve 79 points from visual sparse map
[ VIO ] Append 57 new visual map points
[ VIO ] Update 13 points in visual submap
[1;34m+-------------------------------------------------------------+[0m
[1;34m|                         VIO Time                            |[0m
[1;34m+-------------------------------------------------------------+[0m
[1;34m| Sparse Map Size               | 235                         |[0m
[1;34m+-------------------------------------------------------------+[0m
[1;34m| Algorithm Stage               | Time (secs)                 |[0m
[1;34m+-------------------------------------------------------------+[0m
[1;32m| retrieveFromVisualSparseMap   | 0.001223                    |[0m
[1;32m| computeJacobianAndUpdateEKF   | 0.008506                    |[0m
[1;32m| -> computeJacobian            | 0.005918                    |[0m
[1;32m| -> updateEKF                  | 0.002497                    |[0m
[1;32m| generateVisualMapPoints       | 0.000154                    |[0m
[1;32m| updateVisualMapPoints         | 0.000043                    |[0m
[1;32m| updateReferencePatch          | 0.000141                    |[0m
[1;34m+-------------------------------------------------------------+[0m
[1;32m| Current Total Time            | 0.010066                    |[0m
[1;32m| Average Total Time            | 0.010274                    |[0m
[1;34m+-------------------------------------------------------------+[0m
[ LIO ] Raw feature num: 2048, downsampled feature num:903 effective feature num: 872 average residual: 0.0238663
[ LIO ] Raw feature num: 2048, downsampled feature num:903 effective feature num: 873 average residual: 0.0214333
[ LIO ] Raw feature num: 2048, downsampled feature num:903 effective feature num: 873 average residual: 0.0217076
[ LIO ] Raw feature num: 2048, downsampled feature num:903 effective feature num: 873 average residual: 0.021732
[ LIO ] Raw feature num: 2048, downsampled feature num:903 effective feature num: 873 average residual: 0.021732
[ VIO ] Retrieve 76 points from visual sparse map
[ VIO ] Append 63 new visual map points
[ VIO ] Update 12 points in visual submap
[1;34m+-------------------------------------------------------------+[0m
[1;34m|                         VIO Time                            |[0m
[1;34m+-------------------------------------------------------------+[0m
[1;34m| Sparse Map Size               | 235                         |[0m
[1;34m+-------------------------------------------------------------+[0m
[1;34m| Algorithm Stage               | Time (secs)                 |[0m
[1;34m+-------------------------------------------------------------+[0m
[1;32m| retrieveFromVisualSparseMap   | 0.001133                    |[0m
[1;32m| computeJacobianAndUpdateEKF   | 0.008926                    |[0m
[1;32m| -> computeJacobian            | 0.005987                    |[0m
[1;32m| -> updateEKF                  | 0.002846                    |[0m
[1;32m| generateVisualMapPoints       | 0.000142                    |[0m
[1;32m| updateVisualMapPoints         | 0.000022                    |[0m
[1;32m| updateReferencePatch          | 0.000095                    |[0m
[1;34m+-------------------------------------------------------------+[0m
[1;32m| Current Total Time            | 0.010319                    |[0m
[1;32m| Average Total Time            | 0.010274                    |[0m
[1;34m+-------------------------------------------------------------+[0m
[ LIO ] Raw feature num: 2048, downsampled feature num:936 effective feature num: 895 average residual: 0.0211743
[ LIO ] Raw feature num: 2048, downsampled feature num:936 effective feature num: 903 average residual: 0.019875
[ LIO ] Raw feature num: 2048, downsampled feature num:936 effective feature num: 903 average residual: 0.0201209
[ LIO ] Raw feature num: 2048, downsampled feature num:936 effective feature num: 903 average residual: 0.0201902
[ LIO ] Raw feature num: 2048, downsampled feature num:936 effective feature num: 903 average residual: 0.0201903
[ VIO ] Retrieve 82 points from visual sparse map
[ VIO ] Append 61 new visual map points
[ VIO ] Update 23 points in visual submap
[1;34m+-------------------------------------------------------------+[0m
[1;34m|                         VIO Time                            |[0m
[1;34m+-------------------------------------------------------------+[0m
[1;34m| Sparse Map Size               | 235                         |[0m
[1;34m+-------------------------------------------------------------+[0m
[1;34m| Algorithm Stage               | Time (secs)                 |[0m
[1;34m+-------------------------------------------------------------+[0m
[1;32m| retrieveFromVisualSparseMap   | 0.002034                    |[0m
[1;32m| computeJacobianAndUpdateEKF   | 0.009623                    |[0m
[1;32m| -> computeJacobian            | 0.006471                    |[0m
[1;32m| -> updateEKF                  | 0.003061                    |[0m
[1;32m| generateVisualMapPoints       | 0.000131                    |[0m
[1;32m| updateVisualMapPoints         | 0.000038                    |[0m
[1;32m| updateReferencePatch          | 0.000229                    |[0m
[1;34m+-------------------------------------------------------------+[0m
[1;32m| Current Total Time            | 0.012056                    |[0m
[1;32m| Average Total Time            | 0.010290                    |[0m
[1;34m+-------------------------------------------------------------+[0m
[ LIO ] Raw feature num: 2048, downsampled feature num:905 effective feature num: 877 average residual: 0.0203866
[ LIO ] Raw feature num: 2048, downsampled feature num:905 effective feature num: 885 average residual: 0.0199039
[ LIO ] Raw feature num: 2048, downsampled feature num:905 effective feature num: 887 average residual: 0.0199258
[ LIO ] Raw feature num: 2048, downsampled feature num:905 effective feature num: 890 average residual: 0.0206253
[ LIO ] Raw feature num: 2048, downsampled feature num:905 effective feature num: 890 average residual: 0.0206566
[ VIO ] Retrieve 78 points from visual sparse map
[ VIO ] Append 67 new visual map points
[ VIO ] Update 21 points in visual submap
[1;34m+-------------------------------------------------------------+[0m
[1;34m|                         VIO Time                            |[0m
[1;34m+-------------------------------------------------------------+[0m
[1;34m| Sparse Map Size               | 235                         |[0m
[1;34m+-------------------------------------------------------------+[0m
[1;34m| Algorithm Stage               | Time (secs)                 |[0m
[1;34m+-------------------------------------------------------------+[0m
[1;32m| retrieveFromVisualSparseMap   | 0.001433                    |[0m
[1;32m| computeJacobianAndUpdateEKF   | 0.009005                    |[0m
[1;32m| -> computeJacobian            | 0.006156                    |[0m
[1;32m| -> updateEKF                  | 0.002760                    |[0m
[1;32m| generateVisualMapPoints       | 0.000144                    |[0m
[1;32m| updateVisualMapPoints         | 0.000037                    |[0m
[1;32m| updateReferencePatch          | 0.000195                    |[0m
[1;34m+-------------------------------------------------------------+[0m
[1;32m| Current Total Time            | 0.010814                    |[0m
[1;32m| Average Total Time            | 0.010295                    |[0m
[1;34m+-------------------------------------------------------------+[0m
[ LIO ] Raw feature num: 2048, downsampled feature num:944 effective feature num: 923 average residual: 0.0211742
[ LIO ] Raw feature num: 2048, downsampled feature num:944 effective feature num: 923 average residual: 0.0196508
[ LIO ] Raw feature num: 2048, downsampled feature num:944 effective feature num: 922 average residual: 0.0198001
[ LIO ] Raw feature num: 2048, downsampled feature num:944 effective feature num: 922 average residual: 0.0198158
[ VIO ] Retrieve 75 points from visual sparse map
[ VIO ] Append 62 new visual map points
[ VIO ] Update 25 points in visual submap
[1;34m+-------------------------------------------------------------+[0m
[1;34m|                         VIO Time                            |[0m
[1;34m+-------------------------------------------------------------+[0m
[1;34m| Sparse Map Size               | 235                         |[0m
[1;34m+-------------------------------------------------------------+[0m
[1;34m| Algorithm Stage               | Time (secs)                 |[0m
[1;34m+-------------------------------------------------------------+[0m
[1;32m| retrieveFromVisualSparseMap   | 0.001772                    |[0m
[1;32m| computeJacobianAndUpdateEKF   | 0.008031                    |[0m
[1;32m| -> computeJacobian            | 0.005444                    |[0m
[1;32m| -> updateEKF                  | 0.002497                    |[0m
[1;32m| generateVisualMapPoints       | 0.000166                    |[0m
[1;32m| updateVisualMapPoints         | 0.000037                    |[0m
[1;32m| updateReferencePatch          | 0.000200                    |[0m
[1;34m+-------------------------------------------------------------+[0m
[1;32m| Current Total Time            | 0.010206                    |[0m
[1;32m| Average Total Time            | 0.010294                    |[0m
[1;34m+-------------------------------------------------------------+[0m
[ LIO ] Raw feature num: 2048, downsampled feature num:939 effective feature num: 910 average residual: 0.0220671
[ LIO ] Raw feature num: 2048, downsampled feature num:939 effective feature num: 910 average residual: 0.0212294
[ LIO ] Raw feature num: 2048, downsampled feature num:939 effective feature num: 912 average residual: 0.0211533
[ LIO ] Raw feature num: 2048, downsampled feature num:939 effective feature num: 912 average residual: 0.0211837
[ LIO ] Raw feature num: 2048, downsampled feature num:939 effective feature num: 912 average residual: 0.0211838
[ VIO ] Retrieve 85 points from visual sparse map
[ VIO ] Append 67 new visual map points
[ VIO ] Update 25 points in visual submap
[1;34m+-------------------------------------------------------------+[0m
[1;34m|                         VIO Time                            |[0m
[1;34m+-------------------------------------------------------------+[0m
[1;34m| Sparse Map Size               | 235                         |[0m
[1;34m+-------------------------------------------------------------+[0m
[1;34m| Algorithm Stage               | Time (secs)                 |[0m
[1;34m+-------------------------------------------------------------+[0m
[1;32m| retrieveFromVisualSparseMap   | 0.001322                    |[0m
[1;32m| computeJacobianAndUpdateEKF   | 0.008179                    |[0m
[1;32m| -> computeJacobian            | 0.005724                    |[0m
[1;32m| -> updateEKF                  | 0.002354                    |[0m
[1;32m| generateVisualMapPoints       | 0.000137                    |[0m
[1;32m| updateVisualMapPoints         | 0.000041                    |[0m
[1;32m| updateReferencePatch          | 0.000187                    |[0m
[1;34m+-------------------------------------------------------------+[0m
[1;32m| Current Total Time            | 0.009867                    |[0m
[1;32m| Average Total Time            | 0.010290                    |[0m
[1;34m+-------------------------------------------------------------+[0m
[ LIO ] Raw feature num: 2048, downsampled feature num:945 effective feature num: 919 average residual: 0.0211032
[ LIO ] Raw feature num: 2048, downsampled feature num:945 effective feature num: 917 average residual: 0.0200943
[ LIO ] Raw feature num: 2048, downsampled feature num:945 effective feature num: 918 average residual: 0.0201796
[ LIO ] Raw feature num: 2048, downsampled feature num:945 effective feature num: 919 average residual: 0.0201953
[ LIO ] Raw feature num: 2048, downsampled feature num:945 effective feature num: 919 average residual: 0.0201958
[ VIO ] Retrieve 83 points from visual sparse map
[ VIO ] Append 69 new visual map points
[ VIO ] Update 25 points in visual submap
[1;34m+-------------------------------------------------------------+[0m
[1;34m|                         VIO Time                            |[0m
[1;34m+-------------------------------------------------------------+[0m
[1;34m| Sparse Map Size               | 235                         |[0m
[1;34m+-------------------------------------------------------------+[0m
[1;34m| Algorithm Stage               | Time (secs)                 |[0m
[1;34m+-------------------------------------------------------------+[0m
[1;32m| retrieveFromVisualSparseMap   | 0.001853                    |[0m
[1;32m| computeJacobianAndUpdateEKF   | 0.007726                    |[0m
[1;32m| -> computeJacobian            | 0.005464                    |[0m
[1;32m| -> updateEKF                  | 0.002158                    |[0m
[1;32m| generateVisualMapPoints       | 0.000142                    |[0m
[1;32m| updateVisualMapPoints         | 0.000046                    |[0m
[1;32m| updateReferencePatch          | 0.000231                    |[0m
[1;34m+-------------------------------------------------------------+[0m
[1;32m| Current Total Time            | 0.009997                    |[0m
[1;32m| Average Total Time            | 0.010287                    |[0m
[1;34m+-------------------------------------------------------------+[0m
[ LIO ] Raw feature num: 2048, downsampled feature num:943 effective feature num: 921 average residual: 0.0230132
[ LIO ] Raw feature num: 2048, downsampled feature num:943 effective feature num: 921 average residual: 0.0213825
[ LIO ] Raw feature num: 2048, downsampled feature num:943 effective feature num: 920 average residual: 0.0216399
[ LIO ] Raw feature num: 2048, downsampled feature num:943 effective feature num: 920 average residual: 0.0216614
[ VIO ] Retrieve 77 points from visual sparse map
[ VIO ] Append 71 new visual map points
[ VIO ] Update 23 points in visual submap
[1;34m+-------------------------------------------------------------+[0m
[1;34m|                         VIO Time                            |[0m
[1;34m+-------------------------------------------------------------+[0m
[1;34m| Sparse Map Size               | 235                         |[0m
[1;34m+-------------------------------------------------------------+[0m
[1;34m| Algorithm Stage               | Time (secs)                 |[0m
[1;34m+-------------------------------------------------------------+[0m
[1;32m| retrieveFromVisualSparseMap   | 0.001675                    |[0m
[1;32m| computeJacobianAndUpdateEKF   | 0.010240                    |[0m
[1;32m| -> computeJacobian            | 0.006852                    |[0m
[1;32m| -> updateEKF                  | 0.003233                    |[0m
[1;32m| generateVisualMapPoints       | 0.000233                    |[0m
[1;32m| updateVisualMapPoints         | 0.000060                    |[0m
[1;32m| updateReferencePatch          | 0.000359                    |[0m
[1;34m+-------------------------------------------------------------+[0m
[1;32m| Current Total Time            | 0.012568                    |[0m
[1;32m| Average Total Time            | 0.010307                    |[0m
[1;34m+-------------------------------------------------------------+[0m
[ LIO ] Raw feature num: 2048, downsampled feature num:953 effective feature num: 933 average residual: 0.023421
[ LIO ] Raw feature num: 2048, downsampled feature num:953 effective feature num: 934 average residual: 0.0206556
[ LIO ] Raw feature num: 2048, downsampled feature num:953 effective feature num: 934 average residual: 0.0204694
[ LIO ] Raw feature num: 2048, downsampled feature num:953 effective feature num: 934 average residual: 0.0204697
[ VIO ] Retrieve 85 points from visual sparse map
[ VIO ] Append 75 new visual map points
[ VIO ] Update 27 points in visual submap
[1;34m+-------------------------------------------------------------+[0m
[1;34m|                         VIO Time                            |[0m
[1;34m+-------------------------------------------------------------+[0m
[1;34m| Sparse Map Size               | 235                         |[0m
[1;34m+-------------------------------------------------------------+[0m
[1;34m| Algorithm Stage               | Time (secs)                 |[0m
[1;34m+-------------------------------------------------------------+[0m
[1;32m| retrieveFromVisualSparseMap   | 0.001305                    |[0m
[1;32m| computeJacobianAndUpdateEKF   | 0.007792                    |[0m
[1;32m| -> computeJacobian            | 0.005679                    |[0m
[1;32m| -> updateEKF                  | 0.002001                    |[0m
[1;32m| generateVisualMapPoints       | 0.000146                    |[0m
[1;32m| updateVisualMapPoints         | 0.000042                    |[0m
[1;32m| updateReferencePatch          | 0.000256                    |[0m
[1;34m+-------------------------------------------------------------+[0m
[1;32m| Current Total Time            | 0.009540                    |[0m
[1;32m| Average Total Time            | 0.010300                    |[0m
[1;34m+-------------------------------------------------------------+[0m
[ LIO ] Raw feature num: 2048, downsampled feature num:948 effective feature num: 928 average residual: 0.0240063
[ LIO ] Raw feature num: 2048, downsampled feature num:948 effective feature num: 925 average residual: 0.020451
[ LIO ] Raw feature num: 2048, downsampled feature num:948 effective feature num: 925 average residual: 0.020096
[ LIO ] Raw feature num: 2048, downsampled feature num:948 effective feature num: 925 average residual: 0.0200387
[ LIO ] Raw feature num: 2048, downsampled feature num:948 effective feature num: 925 average residual: 0.0200391
[ VIO ] Retrieve 84 points from visual sparse map
[ VIO ] Append 72 new visual map points
[ VIO ] Update 29 points in visual submap
[1;34m+-------------------------------------------------------------+[0m
[1;34m|                         VIO Time                            |[0m
[1;34m+-------------------------------------------------------------+[0m
[1;34m| Sparse Map Size               | 235                         |[0m
[1;34m+-------------------------------------------------------------+[0m
[1;34m| Algorithm Stage               | Time (secs)                 |[0m
[1;34m+-------------------------------------------------------------+[0m
[1;32m| retrieveFromVisualSparseMap   | 0.002570                    |[0m
[1;32m| computeJacobianAndUpdateEKF   | 0.012602                    |[0m
[1;32m| -> computeJacobian            | 0.008477                    |[0m
[1;32m| -> updateEKF                  | 0.003960                    |[0m
[1;32m| generateVisualMapPoints       | 0.000229                    |[0m
[1;32m| updateVisualMapPoints         | 0.000067                    |[0m
[1;32m| updateReferencePatch          | 0.000364                    |[0m
[1;34m+-------------------------------------------------------------+[0m
[1;32m| Current Total Time            | 0.015831                    |[0m
[1;32m| Average Total Time            | 0.010347                    |[0m
[1;34m+-------------------------------------------------------------+[0m
[ LIO ] Raw feature num: 2048, downsampled feature num:979 effective feature num: 961 average residual: 0.025888
[ LIO ] Raw feature num: 2048, downsampled feature num:979 effective feature num: 962 average residual: 0.0208019
[ LIO ] Raw feature num: 2048, downsampled feature num:979 effective feature num: 963 average residual: 0.020167
[ LIO ] Raw feature num: 2048, downsampled feature num:979 effective feature num: 963 average residual: 0.0201581
[ VIO ] Retrieve 90 points from visual sparse map
[ VIO ] Append 69 new visual map points
[ VIO ] Update 26 points in visual submap
[1;34m+-------------------------------------------------------------+[0m
[1;34m|                         VIO Time                            |[0m
[1;34m+-------------------------------------------------------------+[0m
[1;34m| Sparse Map Size               | 235                         |[0m
[1;34m+-------------------------------------------------------------+[0m
[1;34m| Algorithm Stage               | Time (secs)                 |[0m
[1;34m+-------------------------------------------------------------+[0m
[1;32m| retrieveFromVisualSparseMap   | 0.002499                    |[0m
[1;32m| computeJacobianAndUpdateEKF   | 0.015983                    |[0m
[1;32m| -> computeJacobian            | 0.010501                    |[0m
[1;32m| -> updateEKF                  | 0.005304                    |[0m
[1;32m| generateVisualMapPoints       | 0.000269                    |[0m
[1;32m| updateVisualMapPoints         | 0.000106                    |[0m
[1;32m| updateReferencePatch          | 0.000309                    |[0m
[1;34m+-------------------------------------------------------------+[0m
[1;32m| Current Total Time            | 0.019166                    |[0m
[1;32m| Average Total Time            | 0.010420                    |[0m
[1;34m+-------------------------------------------------------------+[0m
[ LIO ] Raw feature num: 2048, downsampled feature num:956 effective feature num: 940 average residual: 0.0251277
[ LIO ] Raw feature num: 2048, downsampled feature num:956 effective feature num: 939 average residual: 0.0206106
[ LIO ] Raw feature num: 2048, downsampled feature num:956 effective feature num: 938 average residual: 0.0198276
[ LIO ] Raw feature num: 2048, downsampled feature num:956 effective feature num: 939 average residual: 0.0200572
[ LIO ] Raw feature num: 2048, downsampled feature num:956 effective feature num: 939 average residual: 0.0201374
[ VIO ] Retrieve 87 points from visual sparse map
[ VIO ] Append 62 new visual map points
[ VIO ] Update 26 points in visual submap
[1;34m+-------------------------------------------------------------+[0m
[1;34m|                         VIO Time                            |[0m
[1;34m+-------------------------------------------------------------+[0m
[1;34m| Sparse Map Size               | 235                         |[0m
[1;34m+-------------------------------------------------------------+[0m
[1;34m| Algorithm Stage               | Time (secs)                 |[0m
[1;34m+-------------------------------------------------------------+[0m
[1;32m| retrieveFromVisualSparseMap   | 0.001351                    |[0m
[1;32m| computeJacobianAndUpdateEKF   | 0.009354                    |[0m
[1;32m| -> computeJacobian            | 0.006506                    |[0m
[1;32m| -> updateEKF                  | 0.002772                    |[0m
[1;32m| generateVisualMapPoints       | 0.000132                    |[0m
[1;32m| updateVisualMapPoints         | 0.000044                    |[0m
[1;32m| updateReferencePatch          | 0.000301                    |[0m
[1;34m+-------------------------------------------------------------+[0m
[1;32m| Current Total Time            | 0.011182                    |[0m
[1;32m| Average Total Time            | 0.010427                    |[0m
[1;34m+-------------------------------------------------------------+[0m
[ LIO ] Raw feature num: 2048, downsampled feature num:955 effective feature num: 936 average residual: 0.0246508
[ LIO ] Raw feature num: 2048, downsampled feature num:955 effective feature num: 937 average residual: 0.0202109
[ LIO ] Raw feature num: 2048, downsampled feature num:955 effective feature num: 937 average residual: 0.0194058
[ LIO ] Raw feature num: 2048, downsampled feature num:955 effective feature num: 937 average residual: 0.0193534
[ LIO ] Raw feature num: 2048, downsampled feature num:955 effective feature num: 937 average residual: 0.019351
[ VIO ] Retrieve 86 points from visual sparse map
[ VIO ] Append 66 new visual map points
[ VIO ] Update 22 points in visual submap
[1;34m+-------------------------------------------------------------+[0m
[1;34m|                         VIO Time                            |[0m
[1;34m+-------------------------------------------------------------+[0m
[1;34m| Sparse Map Size               | 235                         |[0m
[1;34m+-------------------------------------------------------------+[0m
[1;34m| Algorithm Stage               | Time (secs)                 |[0m
[1;34m+-------------------------------------------------------------+[0m
[1;32m| retrieveFromVisualSparseMap   | 0.001841                    |[0m
[1;32m| computeJacobianAndUpdateEKF   | 0.011081                    |[0m
[1;32m| -> computeJacobian            | 0.007510                    |[0m
[1;32m| -> updateEKF                  | 0.003456                    |[0m
[1;32m| generateVisualMapPoints       | 0.000156                    |[0m
[1;32m| updateVisualMapPoints         | 0.000077                    |[0m
[1;32m| updateReferencePatch          | 0.000285                    |[0m
[1;34m+-------------------------------------------------------------+[0m
[1;32m| Current Total Time            | 0.013441                    |[0m
[1;32m| Average Total Time            | 0.010451                    |[0m
[1;34m+-------------------------------------------------------------+[0m
[ LIO ] Raw feature num: 2048, downsampled feature num:937 effective feature num: 918 average residual: 0.0218506
[ LIO ] Raw feature num: 2048, downsampled feature num:937 effective feature num: 917 average residual: 0.0192052
[ LIO ] Raw feature num: 2048, downsampled feature num:937 effective feature num: 918 average residual: 0.0186777
[ LIO ] Raw feature num: 2048, downsampled feature num:937 effective feature num: 918 average residual: 0.0186508
[ VIO ] Retrieve 89 points from visual sparse map
[ VIO ] Append 70 new visual map points
[ VIO ] Update 23 points in visual submap
[1;34m+-------------------------------------------------------------+[0m
[1;34m|                         VIO Time                            |[0m
[1;34m+-------------------------------------------------------------+[0m
[1;34m| Sparse Map Size               | 235                         |[0m
[1;34m+-------------------------------------------------------------+[0m
[1;34m| Algorithm Stage               | Time (secs)                 |[0m
[1;34m+-------------------------------------------------------------+[0m
[1;32m| retrieveFromVisualSparseMap   | 0.001392                    |[0m
[1;32m| computeJacobianAndUpdateEKF   | 0.009225                    |[0m
[1;32m| -> computeJacobian            | 0.006431                    |[0m
[1;32m| -> updateEKF                  | 0.002681                    |[0m
[1;32m| generateVisualMapPoints       | 0.000212                    |[0m
[1;32m| updateVisualMapPoints         | 0.000073                    |[0m
[1;32m| updateReferencePatch          | 0.000363                    |[0m
[1;34m+-------------------------------------------------------------+[0m
[1;32m| Current Total Time            | 0.011265                    |[0m
[1;32m| Average Total Time            | 0.010458                    |[0m
[1;34m+-------------------------------------------------------------+[0m
[ LIO ] Raw feature num: 2048, downsampled feature num:948 effective feature num: 928 average residual: 0.0212714
[ LIO ] Raw feature num: 2048, downsampled feature num:948 effective feature num: 927 average residual: 0.0187622
[ LIO ] Raw feature num: 2048, downsampled feature num:948 effective feature num: 928 average residual: 0.0176162
[ LIO ] Raw feature num: 2048, downsampled feature num:948 effective feature num: 929 average residual: 0.0181447
[ LIO ] Raw feature num: 2048, downsampled feature num:948 effective feature num: 929 average residual: 0.0181471
[ VIO ] Retrieve 90 points from visual sparse map
[ VIO ] Append 66 new visual map points
[ VIO ] Update 22 points in visual submap
[1;34m+-------------------------------------------------------------+[0m
[1;34m|                         VIO Time                            |[0m
[1;34m+-------------------------------------------------------------+[0m
[1;34m| Sparse Map Size               | 235                         |[0m
[1;34m+-------------------------------------------------------------+[0m
[1;34m| Algorithm Stage               | Time (secs)                 |[0m
[1;34m+-------------------------------------------------------------+[0m
[1;32m| retrieveFromVisualSparseMap   | 0.001918                    |[0m
[1;32m| computeJacobianAndUpdateEKF   | 0.011191                    |[0m
[1;32m| -> computeJacobian            | 0.007581                    |[0m
[1;32m| -> updateEKF                  | 0.003504                    |[0m
[1;32m| generateVisualMapPoints       | 0.000156                    |[0m
[1;32m| updateVisualMapPoints         | 0.000046                    |[0m
[1;32m| updateReferencePatch          | 0.000261                    |[0m
[1;34m+-------------------------------------------------------------+[0m
[1;32m| Current Total Time            | 0.013572                    |[0m
[1;32m| Average Total Time            | 0.010483                    |[0m
[1;34m+-------------------------------------------------------------+[0m
[ LIO ] Raw feature num: 2048, downsampled feature num:970 effective feature num: 950 average residual: 0.0229589
[ LIO ] Raw feature num: 2048, downsampled feature num:970 effective feature num: 950 average residual: 0.0198654
[ LIO ] Raw feature num: 2048, downsampled feature num:970 effective feature num: 950 average residual: 0.0195405
[ LIO ] Raw feature num: 2048, downsampled feature num:970 effective feature num: 950 average residual: 0.0195328
[ VIO ] Retrieve 89 points from visual sparse map
[ VIO ] Append 64 new visual map points
[ VIO ] Update 16 points in visual submap
[1;34m+-------------------------------------------------------------+[0m
[1;34m|                         VIO Time                            |[0m
[1;34m+-------------------------------------------------------------+[0m
[1;34m| Sparse Map Size               | 235                         |[0m
[1;34m+-------------------------------------------------------------+[0m
[1;34m| Algorithm Stage               | Time (secs)                 |[0m
[1;34m+-------------------------------------------------------------+[0m
[1;32m| retrieveFromVisualSparseMap   | 0.001359                    |[0m
[1;32m| computeJacobianAndUpdateEKF   | 0.011057                    |[0m
[1;32m| -> computeJacobian            | 0.007641                    |[0m
[1;32m| -> updateEKF                  | 0.003329                    |[0m
[1;32m| generateVisualMapPoints       | 0.000159                    |[0m
[1;32m| updateVisualMapPoints         | 0.000056                    |[0m
[1;32m| updateReferencePatch          | 0.000223                    |[0m
[1;34m+-------------------------------------------------------------+[0m
[1;32m| Current Total Time            | 0.012855                    |[0m
[1;32m| Average Total Time            | 0.010502                    |[0m
[1;34m+-------------------------------------------------------------+[0m
[ LIO ] Raw feature num: 2048, downsampled feature num:945 effective feature num: 923 average residual: 0.022126
[ LIO ] Raw feature num: 2048, downsampled feature num:945 effective feature num: 925 average residual: 0.0186976
[ LIO ] Raw feature num: 2048, downsampled feature num:945 effective feature num: 927 average residual: 0.0185055
[ LIO ] Raw feature num: 2048, downsampled feature num:945 effective feature num: 927 average residual: 0.0185043
[ VIO ] Retrieve 90 points from visual sparse map
[ VIO ] Append 65 new visual map points
[ VIO ] Update 14 points in visual submap
[1;34m+-------------------------------------------------------------+[0m
[1;34m|                         VIO Time                            |[0m
[1;34m+-------------------------------------------------------------+[0m
[1;34m| Sparse Map Size               | 235                         |[0m
[1;34m+-------------------------------------------------------------+[0m
[1;34m| Algorithm Stage               | Time (secs)                 |[0m
[1;34m+-------------------------------------------------------------+[0m
[1;32m| retrieveFromVisualSparseMap   | 0.002019                    |[0m
[1;32m| computeJacobianAndUpdateEKF   | 0.011430                    |[0m
[1;32m| -> computeJacobian            | 0.007744                    |[0m
[1;32m| -> updateEKF                  | 0.003590                    |[0m
[1;32m| generateVisualMapPoints       | 0.000151                    |[0m
[1;32m| updateVisualMapPoints         | 0.000030                    |[0m
[1;32m| updateReferencePatch          | 0.000228                    |[0m
[1;34m+-------------------------------------------------------------+[0m
[1;32m| Current Total Time            | 0.013859                    |[0m
[1;32m| Average Total Time            | 0.010529                    |[0m
[1;34m+-------------------------------------------------------------+[0m
[ LIO ] Raw feature num: 2048, downsampled feature num:943 effective feature num: 923 average residual: 0.0173645
[ LIO ] Raw feature num: 2048, downsampled feature num:943 effective feature num: 923 average residual: 0.0175589
[ LIO ] Raw feature num: 2048, downsampled feature num:943 effective feature num: 923 average residual: 0.0175601
[ VIO ] Retrieve 94 points from visual sparse map
[ VIO ] Append 68 new visual map points
[ VIO ] Update 14 points in visual submap
[1;34m+-------------------------------------------------------------+[0m
[1;34m|                         VIO Time                            |[0m
[1;34m+-------------------------------------------------------------+[0m
[1;34m| Sparse Map Size               | 235                         |[0m
[1;34m+-------------------------------------------------------------+[0m
[1;34m| Algorithm Stage               | Time (secs)                 |[0m
[1;34m+-------------------------------------------------------------+[0m
[1;32m| retrieveFromVisualSparseMap   | 0.001676                    |[0m
[1;32m| computeJacobianAndUpdateEKF   | 0.010036                    |[0m
[1;32m| -> computeJacobian            | 0.007043                    |[0m
[1;32m| -> updateEKF                  | 0.002912                    |[0m
[1;32m| generateVisualMapPoints       | 0.000136                    |[0m
[1;32m| updateVisualMapPoints         | 0.000035                    |[0m
[1;32m| updateReferencePatch          | 0.000146                    |[0m
[1;34m+-------------------------------------------------------------+[0m
[1;32m| Current Total Time            | 0.012029                    |[0m
[1;32m| Average Total Time            | 0.010541                    |[0m
[1;34m+-------------------------------------------------------------+[0m
[ LIO ] Raw feature num: 2048, downsampled feature num:921 effective feature num: 905 average residual: 0.0170052
[ LIO ] Raw feature num: 2048, downsampled feature num:921 effective feature num: 903 average residual: 0.0175414
[ LIO ] Raw feature num: 2048, downsampled feature num:921 effective feature num: 903 average residual: 0.0175647
[ LIO ] Raw feature num: 2048, downsampled feature num:921 effective feature num: 903 average residual: 0.0175627
[ VIO ] Retrieve 90 points from visual sparse map
[ VIO ] Append 63 new visual map points
[ VIO ] Update 12 points in visual submap
[1;34m+-------------------------------------------------------------+[0m
[1;34m|                         VIO Time                            |[0m
[1;34m+-------------------------------------------------------------+[0m
[1;34m| Sparse Map Size               | 235                         |[0m
[1;34m+-------------------------------------------------------------+[0m
[1;34m| Algorithm Stage               | Time (secs)                 |[0m
[1;34m+-------------------------------------------------------------+[0m
[1;32m| retrieveFromVisualSparseMap   | 0.001488                    |[0m
[1;32m| computeJacobianAndUpdateEKF   | 0.010037                    |[0m
[1;32m| -> computeJacobian            | 0.006835                    |[0m
[1;32m| -> updateEKF                  | 0.003123                    |[0m
[1;32m| generateVisualMapPoints       | 0.000136                    |[0m
[1;32m| updateVisualMapPoints         | 0.000025                    |[0m
[1;32m| updateReferencePatch          | 0.000114                    |[0m
[1;34m+-------------------------------------------------------------+[0m
[1;32m| Current Total Time            | 0.011800                    |[0m
[1;32m| Average Total Time            | 0.010550                    |[0m
[1;34m+-------------------------------------------------------------+[0m
[ LIO ] Raw feature num: 2048, downsampled feature num:954 effective feature num: 933 average residual: 0.0155922
[ LIO ] Raw feature num: 2048, downsampled feature num:954 effective feature num: 935 average residual: 0.0159946
[ LIO ] Raw feature num: 2048, downsampled feature num:954 effective feature num: 935 average residual: 0.0165391
[ LIO ] Raw feature num: 2048, downsampled feature num:954 effective feature num: 935 average residual: 0.0165391
[ VIO ] Retrieve 94 points from visual sparse map
[ VIO ] Append 63 new visual map points
[ VIO ] Update 15 points in visual submap
[1;34m+-------------------------------------------------------------+[0m
[1;34m|                         VIO Time                            |[0m
[1;34m+-------------------------------------------------------------+[0m
[1;34m| Sparse Map Size               | 235                         |[0m
[1;34m+-------------------------------------------------------------+[0m
[1;34m| Algorithm Stage               | Time (secs)                 |[0m
[1;34m+-------------------------------------------------------------+[0m
[1;32m| retrieveFromVisualSparseMap   | 0.001855                    |[0m
[1;32m| computeJacobianAndUpdateEKF   | 0.010633                    |[0m
[1;32m| -> computeJacobian            | 0.007424                    |[0m
[1;32m| -> updateEKF                  | 0.003127                    |[0m
[1;32m| generateVisualMapPoints       | 0.000128                    |[0m
[1;32m| updateVisualMapPoints         | 0.000032                    |[0m
[1;32m| updateReferencePatch          | 0.000137                    |[0m
[1;34m+-------------------------------------------------------------+[0m
[1;32m| Current Total Time            | 0.012785                    |[0m
[1;32m| Average Total Time            | 0.010568                    |[0m
[1;34m+-------------------------------------------------------------+[0m
[ LIO ] Raw feature num: 2048, downsampled feature num:958 effective feature num: 940 average residual: 0.0152441
[ LIO ] Raw feature num: 2048, downsampled feature num:958 effective feature num: 940 average residual: 0.0156359
[ LIO ] Raw feature num: 2048, downsampled feature num:958 effective feature num: 939 average residual: 0.0157754
[ LIO ] Raw feature num: 2048, downsampled feature num:958 effective feature num: 939 average residual: 0.0157784
[ VIO ] Retrieve 87 points from visual sparse map
[ VIO ] Append 69 new visual map points
[ VIO ] Update 18 points in visual submap
[1;34m+-------------------------------------------------------------+[0m
[1;34m|                         VIO Time                            |[0m
[1;34m+-------------------------------------------------------------+[0m
[1;34m| Sparse Map Size               | 235                         |[0m
[1;34m+-------------------------------------------------------------+[0m
[1;34m| Algorithm Stage               | Time (secs)                 |[0m
[1;34m+-------------------------------------------------------------+[0m
[1;32m| retrieveFromVisualSparseMap   | 0.001244                    |[0m
[1;32m| computeJacobianAndUpdateEKF   | 0.010146                    |[0m
[1;32m| -> computeJacobian            | 0.006873                    |[0m
[1;32m| -> updateEKF                  | 0.003198                    |[0m
[1;32m| generateVisualMapPoints       | 0.000140                    |[0m
[1;32m| updateVisualMapPoints         | 0.000032                    |[0m
[1;32m| updateReferencePatch          | 0.000251                    |[0m
[1;34m+-------------------------------------------------------------+[0m
[1;32m| Current Total Time            | 0.011813                    |[0m
[1;32m| Average Total Time            | 0.010577                    |[0m
[1;34m+-------------------------------------------------------------+[0m
[ LIO ] Raw feature num: 2047, downsampled feature num:957 effective feature num: 931 average residual: 0.0192036
[ LIO ] Raw feature num: 2047, downsampled feature num:957 effective feature num: 931 average residual: 0.0159094
[ LIO ] Raw feature num: 2047, downsampled feature num:957 effective feature num: 931 average residual: 0.0157189
[ LIO ] Raw feature num: 2047, downsampled feature num:957 effective feature num: 932 average residual: 0.0161333
[ LIO ] Raw feature num: 2047, downsampled feature num:957 effective feature num: 932 average residual: 0.0161332
[ VIO ] Retrieve 87 points from visual sparse map
[ VIO ] Append 76 new visual map points
[ VIO ] Update 22 points in visual submap
[1;34m+-------------------------------------------------------------+[0m
[1;34m|                         VIO Time                            |[0m
[1;34m+-------------------------------------------------------------+[0m
[1;34m| Sparse Map Size               | 235                         |[0m
[1;34m+-------------------------------------------------------------+[0m
[1;34m| Algorithm Stage               | Time (secs)                 |[0m
[1;34m+-------------------------------------------------------------+[0m
[1;32m| retrieveFromVisualSparseMap   | 0.001519                    |[0m
[1;32m| computeJacobianAndUpdateEKF   | 0.008184                    |[0m
[1;32m| -> computeJacobian            | 0.005849                    |[0m
[1;32m| -> updateEKF                  | 0.002251                    |[0m
[1;32m| generateVisualMapPoints       | 0.000134                    |[0m
[1;32m| updateVisualMapPoints         | 0.000042                    |[0m
[1;32m| updateReferencePatch          | 0.000168                    |[0m
[1;34m+-------------------------------------------------------------+[0m
[1;32m| Current Total Time            | 0.010047                    |[0m
[1;32m| Average Total Time            | 0.010573                    |[0m
[1;34m+-------------------------------------------------------------+[0m
[ LIO ] Raw feature num: 2047, downsampled feature num:945 effective feature num: 918 average residual: 0.0148937
[ LIO ] Raw feature num: 2047, downsampled feature num:945 effective feature num: 915 average residual: 0.0145847
[ LIO ] Raw feature num: 2047, downsampled feature num:945 effective feature num: 915 average residual: 0.0145382
[ LIO ] Raw feature num: 2047, downsampled feature num:945 effective feature num: 915 average residual: 0.0145382
[ VIO ] Retrieve 94 points from visual sparse map
[ VIO ] Append 61 new visual map points
[ VIO ] Update 23 points in visual submap
[1;34m+-------------------------------------------------------------+[0m
[1;34m|                         VIO Time                            |[0m
[1;34m+-------------------------------------------------------------+[0m
[1;34m| Sparse Map Size               | 235                         |[0m
[1;34m+-------------------------------------------------------------+[0m
[1;34m| Algorithm Stage               | Time (secs)                 |[0m
[1;34m+-------------------------------------------------------------+[0m
[1;32m| retrieveFromVisualSparseMap   | 0.001568                    |[0m
[1;32m| computeJacobianAndUpdateEKF   | 0.009137                    |[0m
[1;32m| -> computeJacobian            | 0.006425                    |[0m
[1;32m| -> updateEKF                  | 0.002622                    |[0m
[1;32m| generateVisualMapPoints       | 0.000131                    |[0m
[1;32m| updateVisualMapPoints         | 0.000033                    |[0m
[1;32m| updateReferencePatch          | 0.000240                    |[0m
[1;34m+-------------------------------------------------------------+[0m
[1;32m| Current Total Time            | 0.011110                    |[0m
[1;32m| Average Total Time            | 0.010577                    |[0m
[1;34m+-------------------------------------------------------------+[0m
[ LIO ] Raw feature num: 2047, downsampled feature num:952 effective feature num: 919 average residual: 0.0172359
[ LIO ] Raw feature num: 2047, downsampled feature num:952 effective feature num: 922 average residual: 0.014907
[ LIO ] Raw feature num: 2047, downsampled feature num:952 effective feature num: 922 average residual: 0.0147758
[ LIO ] Raw feature num: 2047, downsampled feature num:952 effective feature num: 922 average residual: 0.014757
[ LIO ] Raw feature num: 2047, downsampled feature num:952 effective feature num: 922 average residual: 0.014757
[ VIO ] Retrieve 97 points from visual sparse map
[ VIO ] Append 65 new visual map points
[ VIO ] Update 24 points in visual submap
[1;34m+-------------------------------------------------------------+[0m
[1;34m|                         VIO Time                            |[0m
[1;34m+-------------------------------------------------------------+[0m
[1;34m| Sparse Map Size               | 235                         |[0m
[1;34m+-------------------------------------------------------------+[0m
[1;34m| Algorithm Stage               | Time (secs)                 |[0m
[1;34m+-------------------------------------------------------------+[0m
[1;32m| retrieveFromVisualSparseMap   | 0.001919                    |[0m
[1;32m| computeJacobianAndUpdateEKF   | 0.010389                    |[0m
[1;32m| -> computeJacobian            | 0.007283                    |[0m
[1;32m| -> updateEKF                  | 0.003021                    |[0m
[1;32m| generateVisualMapPoints       | 0.000128                    |[0m
[1;32m| updateVisualMapPoints         | 0.000045                    |[0m
[1;32m| updateReferencePatch          | 0.000126                    |[0m
[1;34m+-------------------------------------------------------------+[0m
[1;32m| Current Total Time            | 0.012607                    |[0m
[1;32m| Average Total Time            | 0.010593                    |[0m
[1;34m+-------------------------------------------------------------+[0m
[ LIO ] Raw feature num: 2047, downsampled feature num:957 effective feature num: 922 average residual: 0.0146244
[ LIO ] Raw feature num: 2047, downsampled feature num:957 effective feature num: 923 average residual: 0.0134943
[ LIO ] Raw feature num: 2047, downsampled feature num:957 effective feature num: 923 average residual: 0.0134703
[ LIO ] Raw feature num: 2047, downsampled feature num:957 effective feature num: 923 average residual: 0.0134619
[ VIO ] Retrieve 97 points from visual sparse map
[ VIO ] Append 58 new visual map points
[ VIO ] Update 33 points in visual submap
[1;34m+-------------------------------------------------------------+[0m
[1;34m|                         VIO Time                            |[0m
[1;34m+-------------------------------------------------------------+[0m
[1;34m| Sparse Map Size               | 235                         |[0m
[1;34m+-------------------------------------------------------------+[0m
[1;34m| Algorithm Stage               | Time (secs)                 |[0m
[1;34m+-------------------------------------------------------------+[0m
[1;32m| retrieveFromVisualSparseMap   | 0.001457                    |[0m
[1;32m| computeJacobianAndUpdateEKF   | 0.011267                    |[0m
[1;32m| -> computeJacobian            | 0.007636                    |[0m
[1;32m| -> updateEKF                  | 0.003547                    |[0m
[1;32m| generateVisualMapPoints       | 0.000114                    |[0m
[1;32m| updateVisualMapPoints         | 0.000038                    |[0m
[1;32m| updateReferencePatch          | 0.000245                    |[0m
[1;34m+-------------------------------------------------------------+[0m
[1;32m| Current Total Time            | 0.013119                    |[0m
[1;32m| Average Total Time            | 0.010611                    |[0m
[1;34m+-------------------------------------------------------------+[0m
[ LIO ] Raw feature num: 2047, downsampled feature num:945 effective feature num: 920 average residual: 0.0115823
[ LIO ] Raw feature num: 2047, downsampled feature num:945 effective feature num: 919 average residual: 0.0108232
[ LIO ] Raw feature num: 2047, downsampled feature num:945 effective feature num: 919 average residual: 0.0108442
[ LIO ] Raw feature num: 2047, downsampled feature num:945 effective feature num: 919 average residual: 0.0108724
[ LIO ] Raw feature num: 2047, downsampled feature num:945 effective feature num: 919 average residual: 0.0108741
[ VIO ] Retrieve 85 points from visual sparse map
[ VIO ] Append 63 new visual map points
[ VIO ] Update 28 points in visual submap
[1;34m+-------------------------------------------------------------+[0m
[1;34m|                         VIO Time                            |[0m
[1;34m+-------------------------------------------------------------+[0m
[1;34m| Sparse Map Size               | 235                         |[0m
[1;34m+-------------------------------------------------------------+[0m
[1;34m| Algorithm Stage               | Time (secs)                 |[0m
[1;34m+-------------------------------------------------------------+[0m
[1;32m| retrieveFromVisualSparseMap   | 0.001588                    |[0m
[1;32m| computeJacobianAndUpdateEKF   | 0.009385                    |[0m
[1;32m| -> computeJacobian            | 0.006562                    |[0m
[1;32m| -> updateEKF                  | 0.002725                    |[0m
[1;32m| generateVisualMapPoints       | 0.000139                    |[0m
[1;32m| updateVisualMapPoints         | 0.000042                    |[0m
[1;32m| updateReferencePatch          | 0.000110                    |[0m
[1;34m+-------------------------------------------------------------+[0m
[1;32m| Current Total Time            | 0.011265                    |[0m
[1;32m| Average Total Time            | 0.010616                    |[0m
[1;34m+-------------------------------------------------------------+[0m
[ LIO ] Raw feature num: 2046, downsampled feature num:957 effective feature num: 933 average residual: 0.0141751
[ LIO ] Raw feature num: 2046, downsampled feature num:957 effective feature num: 934 average residual: 0.0110533
[ LIO ] Raw feature num: 2046, downsampled feature num:957 effective feature num: 934 average residual: 0.0109871
[ LIO ] Raw feature num: 2046, downsampled feature num:957 effective feature num: 934 average residual: 0.0109871
[ VIO ] Retrieve 84 points from visual sparse map
[ VIO ] Append 63 new visual map points
[ VIO ] Update 28 points in visual submap
[1;34m+-------------------------------------------------------------+[0m
[1;34m|                         VIO Time                            |[0m
[1;34m+-------------------------------------------------------------+[0m
[1;34m| Sparse Map Size               | 235                         |[0m
[1;34m+-------------------------------------------------------------+[0m
[1;34m| Algorithm Stage               | Time (secs)                 |[0m
[1;34m+-------------------------------------------------------------+[0m
[1;32m| retrieveFromVisualSparseMap   | 0.001839                    |[0m
[1;32m| computeJacobianAndUpdateEKF   | 0.008681                    |[0m
[1;32m| -> computeJacobian            | 0.005932                    |[0m
[1;32m| -> updateEKF                  | 0.002656                    |[0m
[1;32m| generateVisualMapPoints       | 0.000139                    |[0m
[1;32m| updateVisualMapPoints         | 0.000038                    |[0m
[1;32m| updateReferencePatch          | 0.000323                    |[0m
[1;34m+-------------------------------------------------------------+[0m
[1;32m| Current Total Time            | 0.011020                    |[0m
[1;32m| Average Total Time            | 0.010619                    |[0m
[1;34m+-------------------------------------------------------------+[0m
[ LIO ] Raw feature num: 2046, downsampled feature num:934 effective feature num: 912 average residual: 0.0119791
[ LIO ] Raw feature num: 2046, downsampled feature num:934 effective feature num: 910 average residual: 0.00973441
[ LIO ] Raw feature num: 2046, downsampled feature num:934 effective feature num: 909 average residual: 0.0093839
[ LIO ] Raw feature num: 2046, downsampled feature num:934 effective feature num: 909 average residual: 0.00938388
[ VIO ] Retrieve 81 points from visual sparse map
[ VIO ] Append 57 new visual map points
[ VIO ] Update 23 points in visual submap
[1;34m+-------------------------------------------------------------+[0m
[1;34m|                         VIO Time                            |[0m
[1;34m+-------------------------------------------------------------+[0m
[1;34m| Sparse Map Size               | 235                         |[0m
[1;34m+-------------------------------------------------------------+[0m
[1;34m| Algorithm Stage               | Time (secs)                 |[0m
[1;34m+-------------------------------------------------------------+[0m
[1;32m| retrieveFromVisualSparseMap   | 0.001307                    |[0m
[1;32m| computeJacobianAndUpdateEKF   | 0.008199                    |[0m
[1;32m| -> computeJacobian            | 0.005737                    |[0m
[1;32m| -> updateEKF                  | 0.002366                    |[0m
[1;32m| generateVisualMapPoints       | 0.000113                    |[0m
[1;32m| updateVisualMapPoints         | 0.000027                    |[0m
[1;32m| updateReferencePatch          | 0.000237                    |[0m
[1;34m+-------------------------------------------------------------+[0m
[1;32m| Current Total Time            | 0.009883                    |[0m
[1;32m| Average Total Time            | 0.010614                    |[0m
[1;34m+-------------------------------------------------------------+[0m
[ LIO ] Raw feature num: 2046, downsampled feature num:966 effective feature num: 950 average residual: 0.0110489
[ LIO ] Raw feature num: 2046, downsampled feature num:966 effective feature num: 950 average residual: 0.00963164
[ LIO ] Raw feature num: 2046, downsampled feature num:966 effective feature num: 950 average residual: 0.00963586
[ VIO ] Retrieve 94 points from visual sparse map
[ VIO ] Append 54 new visual map points
[ VIO ] Update 27 points in visual submap
[1;34m+-------------------------------------------------------------+[0m
[1;34m|                         VIO Time                            |[0m
[1;34m+-------------------------------------------------------------+[0m
[1;34m| Sparse Map Size               | 235                         |[0m
[1;34m+-------------------------------------------------------------+[0m
[1;34m| Algorithm Stage               | Time (secs)                 |[0m
[1;34m+-------------------------------------------------------------+[0m
[1;32m| retrieveFromVisualSparseMap   | 0.001890                    |[0m
[1;32m| computeJacobianAndUpdateEKF   | 0.010597                    |[0m
[1;32m| -> computeJacobian            | 0.007237                    |[0m
[1;32m| -> updateEKF                  | 0.003277                    |[0m
[1;32m| generateVisualMapPoints       | 0.000120                    |[0m
[1;32m| updateVisualMapPoints         | 0.000059                    |[0m
[1;32m| updateReferencePatch          | 0.000314                    |[0m
[1;34m+-------------------------------------------------------------+[0m
[1;32m| Current Total Time            | 0.012980                    |[0m
[1;32m| Average Total Time            | 0.010631                    |[0m
[1;34m+-------------------------------------------------------------+[0m
[ LIO ] Raw feature num: 2044, downsampled feature num:948 effective feature num: 933 average residual: 0.00892336
[ LIO ] Raw feature num: 2044, downsampled feature num:948 effective feature num: 934 average residual: 0.00784952
[ LIO ] Raw feature num: 2044, downsampled feature num:948 effective feature num: 934 average residual: 0.00785022
[ VIO ] Retrieve 94 points from visual sparse map
[ VIO ] Append 53 new visual map points
[ VIO ] Update 34 points in visual submap
[1;34m+-------------------------------------------------------------+[0m
[1;34m|                         VIO Time                            |[0m
[1;34m+-------------------------------------------------------------+[0m
[1;34m| Sparse Map Size               | 236                         |[0m
[1;34m+-------------------------------------------------------------+[0m
[1;34m| Algorithm Stage               | Time (secs)                 |[0m
[1;34m+-------------------------------------------------------------+[0m
[1;32m| retrieveFromVisualSparseMap   | 0.001424                    |[0m
[1;32m| computeJacobianAndUpdateEKF   | 0.010765                    |[0m
[1;32m| -> computeJacobian            | 0.007394                    |[0m
[1;32m| -> updateEKF                  | 0.003288                    |[0m
[1;32m| generateVisualMapPoints       | 0.000119                    |[0m
[1;32m| updateVisualMapPoints         | 0.000040                    |[0m
[1;32m| updateReferencePatch          | 0.000206                    |[0m
[1;34m+-------------------------------------------------------------+[0m
[1;32m| Current Total Time            | 0.012554                    |[0m
[1;32m| Average Total Time            | 0.010645                    |[0m
[1;34m+-------------------------------------------------------------+[0m
[ LIO ] Raw feature num: 2044, downsampled feature num:950 effective feature num: 942 average residual: 0.00984752
[ LIO ] Raw feature num: 2044, downsampled feature num:950 effective feature num: 941 average residual: 0.00790107
[ LIO ] Raw feature num: 2044, downsampled feature num:950 effective feature num: 941 average residual: 0.00788303
[ LIO ] Raw feature num: 2044, downsampled feature num:950 effective feature num: 941 average residual: 0.00788428
[ VIO ] Retrieve 89 points from visual sparse map
[ VIO ] Append 58 new visual map points
[ VIO ] Update 34 points in visual submap
[1;34m+-------------------------------------------------------------+[0m
[1;34m|                         VIO Time                            |[0m
[1;34m+-------------------------------------------------------------+[0m
[1;34m| Sparse Map Size               | 236                         |[0m
[1;34m+-------------------------------------------------------------+[0m
[1;34m| Algorithm Stage               | Time (secs)                 |[0m
[1;34m+-------------------------------------------------------------+[0m
[1;32m| retrieveFromVisualSparseMap   | 0.001862                    |[0m
[1;32m| computeJacobianAndUpdateEKF   | 0.008484                    |[0m
[1;32m| -> computeJacobian            | 0.005961                    |[0m
[1;32m| -> updateEKF                  | 0.002445                    |[0m
[1;32m| generateVisualMapPoints       | 0.000115                    |[0m
[1;32m| updateVisualMapPoints         | 0.000038                    |[0m
[1;32m| updateReferencePatch          | 0.000176                    |[0m
[1;34m+-------------------------------------------------------------+[0m
[1;32m| Current Total Time            | 0.010675                    |[0m
[1;32m| Average Total Time            | 0.010645                    |[0m
[1;34m+-------------------------------------------------------------+[0m
[ LIO ] Raw feature num: 2045, downsampled feature num:933 effective feature num: 926 average residual: 0.00912093
[ LIO ] Raw feature num: 2045, downsampled feature num:933 effective feature num: 927 average residual: 0.00719238
[ LIO ] Raw feature num: 2045, downsampled feature num:933 effective feature num: 927 average residual: 0.00697729
[ LIO ] Raw feature num: 2045, downsampled feature num:933 effective feature num: 927 average residual: 0.0069795
[ VIO ] Retrieve 101 points from visual sparse map
[ VIO ] Append 59 new visual map points
[ VIO ] Update 31 points in visual submap
[1;34m+-------------------------------------------------------------+[0m
[1;34m|                         VIO Time                            |[0m
[1;34m+-------------------------------------------------------------+[0m
[1;34m| Sparse Map Size               | 236                         |[0m
[1;34m+-------------------------------------------------------------+[0m
[1;34m| Algorithm Stage               | Time (secs)                 |[0m
[1;34m+-------------------------------------------------------------+[0m
[1;32m| retrieveFromVisualSparseMap   | 0.001430                    |[0m
[1;32m| computeJacobianAndUpdateEKF   | 0.011739                    |[0m
[1;32m| -> computeJacobian            | 0.008164                    |[0m
[1;32m| -> updateEKF                  | 0.003469                    |[0m
[1;32m| generateVisualMapPoints       | 0.000118                    |[0m
[1;32m| updateVisualMapPoints         | 0.000052                    |[0m
[1;32m| updateReferencePatch          | 0.000348                    |[0m
[1;34m+-------------------------------------------------------------+[0m
[1;32m| Current Total Time            | 0.013686                    |[0m
[1;32m| Average Total Time            | 0.010667                    |[0m
[1;34m+-------------------------------------------------------------+[0m
[ LIO ] Raw feature num: 2044, downsampled feature num:934 effective feature num: 924 average residual: 0.009521
[ LIO ] Raw feature num: 2044, downsampled feature num:934 effective feature num: 924 average residual: 0.00672825
[ LIO ] Raw feature num: 2044, downsampled feature num:934 effective feature num: 924 average residual: 0.00664443
[ LIO ] Raw feature num: 2044, downsampled feature num:934 effective feature num: 924 average residual: 0.00664453
[ VIO ] Retrieve 104 points from visual sparse map
[ VIO ] Append 54 new visual map points
[ VIO ] Update 32 points in visual submap
[1;34m+-------------------------------------------------------------+[0m
[1;34m|                         VIO Time                            |[0m
[1;34m+-------------------------------------------------------------+[0m
[1;34m| Sparse Map Size               | 236                         |[0m
[1;34m+-------------------------------------------------------------+[0m
[1;34m| Algorithm Stage               | Time (secs)                 |[0m
[1;34m+-------------------------------------------------------------+[0m
[1;32m| retrieveFromVisualSparseMap   | 0.001970                    |[0m
[1;32m| computeJacobianAndUpdateEKF   | 0.012164                    |[0m
[1;32m| -> computeJacobian            | 0.008265                    |[0m
[1;32m| -> updateEKF                  | 0.003809                    |[0m
[1;32m| generateVisualMapPoints       | 0.000112                    |[0m
[1;32m| updateVisualMapPoints         | 0.000042                    |[0m
[1;32m| updateReferencePatch          | 0.000327                    |[0m
[1;34m+-------------------------------------------------------------+[0m
[1;32m| Current Total Time            | 0.014615                    |[0m
[1;32m| Average Total Time            | 0.010694                    |[0m
[1;34m+-------------------------------------------------------------+[0m
[ LIO ] Raw feature num: 2045, downsampled feature num:935 effective feature num: 935 average residual: 0.00850928
[ LIO ] Raw feature num: 2045, downsampled feature num:935 effective feature num: 935 average residual: 0.00632684
[ LIO ] Raw feature num: 2045, downsampled feature num:935 effective feature num: 935 average residual: 0.00631159
[ LIO ] Raw feature num: 2045, downsampled feature num:935 effective feature num: 935 average residual: 0.0063052
[ VIO ] Retrieve 102 points from visual sparse map
[ VIO ] Append 47 new visual map points
[ VIO ] Update 36 points in visual submap
[1;34m+-------------------------------------------------------------+[0m
[1;34m|                         VIO Time                            |[0m
[1;34m+-------------------------------------------------------------+[0m
[1;34m| Sparse Map Size               | 236                         |[0m
[1;34m+-------------------------------------------------------------+[0m
[1;34m| Algorithm Stage               | Time (secs)                 |[0m
[1;34m+-------------------------------------------------------------+[0m
[1;32m| retrieveFromVisualSparseMap   | 0.001520                    |[0m
[1;32m| computeJacobianAndUpdateEKF   | 0.012015                    |[0m
[1;32m| -> computeJacobian            | 0.008204                    |[0m
[1;32m| -> updateEKF                  | 0.003720                    |[0m
[1;32m| generateVisualMapPoints       | 0.000104                    |[0m
[1;32m| updateVisualMapPoints         | 0.000037                    |[0m
[1;32m| updateReferencePatch          | 0.000222                    |[0m
[1;34m+-------------------------------------------------------------+[0m
[1;32m| Current Total Time            | 0.013899                    |[0m
[1;32m| Average Total Time            | 0.010717                    |[0m
[1;34m+-------------------------------------------------------------+[0m
[ LIO ] Raw feature num: 2044, downsampled feature num:946 effective feature num: 934 average residual: 0.0286479
[ LIO ] Raw feature num: 2044, downsampled feature num:946 effective feature num: 942 average residual: 0.0120119
[ LIO ] Raw feature num: 2044, downsampled feature num:946 effective feature num: 941 average residual: 0.0117843
[ LIO ] Raw feature num: 2044, downsampled feature num:946 effective feature num: 941 average residual: 0.0117774
[ VIO ] Retrieve 104 points from visual sparse map
[ VIO ] Append 50 new visual map points
[ VIO ] Update 35 points in visual submap
[1;34m+-------------------------------------------------------------+[0m
[1;34m|                         VIO Time                            |[0m
[1;34m+-------------------------------------------------------------+[0m
[1;34m| Sparse Map Size               | 236                         |[0m
[1;34m+-------------------------------------------------------------+[0m
[1;34m| Algorithm Stage               | Time (secs)                 |[0m
[1;34m+-------------------------------------------------------------+[0m
[1;32m| retrieveFromVisualSparseMap   | 0.002064                    |[0m
[1;32m| computeJacobianAndUpdateEKF   | 0.012001                    |[0m
[1;32m| -> computeJacobian            | 0.008324                    |[0m
[1;32m| -> updateEKF                  | 0.003565                    |[0m
[1;32m| generateVisualMapPoints       | 0.000108                    |[0m
[1;32m| updateVisualMapPoints         | 0.000038                    |[0m
[1;32m| updateReferencePatch          | 0.000362                    |[0m
[1;34m+-------------------------------------------------------------+[0m
[1;32m| Current Total Time            | 0.014571                    |[0m
[1;32m| Average Total Time            | 0.010744                    |[0m
[1;34m+-------------------------------------------------------------+[0m
[ LIO ] Raw feature num: 2044, downsampled feature num:954 effective feature num: 937 average residual: 0.0100209
[ LIO ] Raw feature num: 2044, downsampled feature num:954 effective feature num: 940 average residual: 0.00689966
[ LIO ] Raw feature num: 2044, downsampled feature num:954 effective feature num: 940 average residual: 0.00682734
[ LIO ] Raw feature num: 2044, downsampled feature num:954 effective feature num: 940 average residual: 0.00682779
[ VIO ] Retrieve 104 points from visual sparse map
[ VIO ] Append 50 new visual map points
[ VIO ] Update 32 points in visual submap
[1;34m+-------------------------------------------------------------+[0m
[1;34m|                         VIO Time                            |[0m
[1;34m+-------------------------------------------------------------+[0m
[1;34m| Sparse Map Size               | 236                         |[0m
[1;34m+-------------------------------------------------------------+[0m
[1;34m| Algorithm Stage               | Time (secs)                 |[0m
[1;34m+-------------------------------------------------------------+[0m
[1;32m| retrieveFromVisualSparseMap   | 0.002123                    |[0m
[1;32m| computeJacobianAndUpdateEKF   | 0.010790                    |[0m
[1;32m| -> computeJacobian            | 0.007468                    |[0m
[1;32m| -> updateEKF                  | 0.003231                    |[0m
[1;32m| generateVisualMapPoints       | 0.000104                    |[0m
[1;32m| updateVisualMapPoints         | 0.000047                    |[0m
[1;32m| updateReferencePatch          | 0.000300                    |[0m
[1;34m+-------------------------------------------------------------+[0m
[1;32m| Current Total Time            | 0.013364                    |[0m
[1;32m| Average Total Time            | 0.010762                    |[0m
[1;34m+-------------------------------------------------------------+[0m
[ LIO ] Raw feature num: 2044, downsampled feature num:938 effective feature num: 938 average residual: 0.00769485
[ LIO ] Raw feature num: 2044, downsampled feature num:938 effective feature num: 938 average residual: 0.00501983
[ LIO ] Raw feature num: 2044, downsampled feature num:938 effective feature num: 938 average residual: 0.00489631
[ LIO ] Raw feature num: 2044, downsampled feature num:938 effective feature num: 938 average residual: 0.00489511
[ VIO ] Retrieve 102 points from visual sparse map
[ VIO ] Append 52 new visual map points
[ VIO ] Update 27 points in visual submap
[1;34m+-------------------------------------------------------------+[0m
[1;34m|                         VIO Time                            |[0m
[1;34m+-------------------------------------------------------------+[0m
[1;34m| Sparse Map Size               | 236                         |[0m
[1;34m+-------------------------------------------------------------+[0m
[1;34m| Algorithm Stage               | Time (secs)                 |[0m
[1;34m+-------------------------------------------------------------+[0m
[1;32m| retrieveFromVisualSparseMap   | 0.001596                    |[0m
[1;32m| computeJacobianAndUpdateEKF   | 0.011188                    |[0m
[1;32m| -> computeJacobian            | 0.007772                    |[0m
[1;32m| -> updateEKF                  | 0.003328                    |[0m
[1;32m| generateVisualMapPoints       | 0.000108                    |[0m
[1;32m| updateVisualMapPoints         | 0.000038                    |[0m
[1;32m| updateReferencePatch          | 0.000273                    |[0m
[1;34m+-------------------------------------------------------------+[0m
[1;32m| Current Total Time            | 0.013202                    |[0m
[1;32m| Average Total Time            | 0.010778                    |[0m
[1;34m+-------------------------------------------------------------+[0m
[ LIO ] Raw feature num: 2044, downsampled feature num:935 effective feature num: 930 average residual: 0.00741999
[ LIO ] Raw feature num: 2044, downsampled feature num:935 effective feature num: 931 average residual: 0.00333657
[ LIO ] Raw feature num: 2044, downsampled feature num:935 effective feature num: 931 average residual: 0.00320874
[ LIO ] Raw feature num: 2044, downsampled feature num:935 effective feature num: 931 average residual: 0.00321792
[ LIO ] Raw feature num: 2044, downsampled feature num:935 effective feature num: 931 average residual: 0.0032182
[ VIO ] Retrieve 101 points from visual sparse map
[ VIO ] Append 50 new visual map points
[ VIO ] Update 24 points in visual submap
[1;34m+-------------------------------------------------------------+[0m
[1;34m|                         VIO Time                            |[0m
[1;34m+-------------------------------------------------------------+[0m
[1;34m| Sparse Map Size               | 236                         |[0m
[1;34m+-------------------------------------------------------------+[0m
[1;34m| Algorithm Stage               | Time (secs)                 |[0m
[1;34m+-------------------------------------------------------------+[0m
[1;32m| retrieveFromVisualSparseMap   | 0.001559                    |[0m
[1;32m| computeJacobianAndUpdateEKF   | 0.010973                    |[0m
[1;32m| -> computeJacobian            | 0.007586                    |[0m
[1;32m| -> updateEKF                  | 0.003301                    |[0m
[1;32m| generateVisualMapPoints       | 0.000108                    |[0m
[1;32m| updateVisualMapPoints         | 0.000034                    |[0m
[1;32m| updateReferencePatch          | 0.000293                    |[0m
[1;34m+-------------------------------------------------------------+[0m
[1;32m| Current Total Time            | 0.012967                    |[0m
[1;32m| Average Total Time            | 0.010793                    |[0m
[1;34m+-------------------------------------------------------------+[0m
[ LIO ] Raw feature num: 2043, downsampled feature num:921 effective feature num: 910 average residual: 0.00784049
[ LIO ] Raw feature num: 2043, downsampled feature num:921 effective feature num: 914 average residual: 0.00510799
[ LIO ] Raw feature num: 2043, downsampled feature num:921 effective feature num: 914 average residual: 0.00509053
[ VIO ] Retrieve 98 points from visual sparse map
[ VIO ] Append 48 new visual map points
[ VIO ] Update 24 points in visual submap
[1;34m+-------------------------------------------------------------+[0m
[1;34m|                         VIO Time                            |[0m
[1;34m+-------------------------------------------------------------+[0m
[1;34m| Sparse Map Size               | 236                         |[0m
[1;34m+-------------------------------------------------------------+[0m
[1;34m| Algorithm Stage               | Time (secs)                 |[0m
[1;34m+-------------------------------------------------------------+[0m
[1;32m| retrieveFromVisualSparseMap   | 0.001890                    |[0m
[1;32m| computeJacobianAndUpdateEKF   | 0.009373                    |[0m
[1;32m| -> computeJacobian            | 0.006716                    |[0m
[1;32m| -> updateEKF                  | 0.002571                    |[0m
[1;32m| generateVisualMapPoints       | 0.000104                    |[0m
[1;32m| updateVisualMapPoints         | 0.000031                    |[0m
[1;32m| updateReferencePatch          | 0.000261                    |[0m
[1;34m+-------------------------------------------------------------+[0m
[1;32m| Current Total Time            | 0.011659                    |[0m
[1;32m| Average Total Time            | 0.010799                    |[0m
[1;34m+-------------------------------------------------------------+[0m
