call,observation_ms,input_guard_ms,controller_ms,onnx_ms,output_guard_ms,total_ms
0,0.020996,0.012926,0.219168,0.038894,0.026482,0.279572
1,0.02222,0.012371,0.233922,0.034248,0.020902,0.289415
2,0.017021,0.012128,0.198711,0.025592,0.025103,0.252963
3,0.020701,0.011419,0.224982,0.038479,0.02629,0.283392
4,0.02215,0.012995,0.216899,0.030337,0.026382,0.278426
5,0.020093,0.011972,0.221984,0.037661,0.02568,0.279729
6,0.020935,0.013499,0.252198,0.04071,0.028877,0.315509
7,0.023724,0.013504,0.247701,0.038029,0.029812,0.314741
8,0.034767,0.014305,0.249298,0.041888,0.025556,0.323926
9,0.021798,0.013986,0.248622,0.041291,0.029238,0.313644
10,0.023199,0.014579,0.261881,0.046952,0.02876,0.328419
11,0.024127,0.024704,0.27109,0.051472,0.029962,0.349883
12,0.024854,0.014969,0.260041,0.046848,0.028192,0.328056
13,0.022168,0.01343,0.261011,0.042475,0.03048,0.327089
14,0.039266,0.013325,0.255343,0.048778,0.028095,0.336029
15,0.023015,0.013691,0.245137,0.038918,0.024837,0.30668
16,0.019563,0.011909,0.180623,0.031239,0.019168,0.231263
17,0.016425,0.011451,0.203417,0.034283,0.024182,0.255475
18,0.021299,0.013066,0.240822,0.033511,0.024245,0.299432
19,0.020917,0.01307,0.253269,0.042193,0.021729,0.308985
20,0.015843,0.009665,0.16298,0.024394,0.019201,0.207689
21,0.017307,0.010611,0.223909,0.030663,0.020441,0.272268
22,0.015158,0.009274,0.204583,0.028847,0.022711,0.251726
23,0.02039,0.011406,0.235291,0.031441,0.024846,0.291933
24,0.020707,0.011912,0.250857,0.033432,0.029664,0.31314
25,0.023014,0.013177,0.234857,0.028187,0.024925,0.295973
26,0.019973,0.011626,0.232027,0.02647,0.024817,0.288443
27,0.019916,0.011266,0.229206,0.025269,0.02535,0.285738
28,0.020912,0.019663,0.267646,0.042034,0.030922,0.339143
29,0.019336,0.011285,0.226082,0.042819,0.026783,0.283486
30,0.017757,0.01,0.234348,0.038461,0.024696,0.286801
31,0.019826,0.01201,0.251556,0.03564,0.0259,0.309292
32,0.021536,0.012564,0.256599,0.034184,0.028599,0.319298
33,0.023587,0.013742,0.252458,0.033157,0.0275,0.317287
34,0.021865,0.013171,0.257168,0.031846,0.026364,0.318568
35,0.021427,0.013345,0.252154,0.030394,0.028127,0.315053
36,0.023195,0.014316,0.257174,0.033858,0.028811,0.323496
37,0.022511,0.01339,0.230895,0.046361,0.019951,0.286747
38,0.017658,0.011121,0.219881,0.032562,0.026254,0.274914
39,0.021607,0.012135,0.259583,0.039442,0.028444,0.321769
40,0.02399,0.013063,0.227191,0.033606,0.026262,0.290506
41,0.028754,0.009642,0.204289,0.036606,0.025743,0.268428
42,0.019569,0.010066,0.168537,0.025393,0.021321,0.219493
43,0.018401,0.011484,0.238249,0.033512,0.021321,0.289455
44,0.01578,0.009333,0.21075,0.028805,0.01966,0.255523
45,0.015396,0.009325,0.221608,0.033511,0.0277,0.274029
46,0.021324,0.012149,0.230277,0.03171,0.025705,0.289455
47,0.020196,0.012515,0.276219,0.035408,0.029403,0.338333
48,0.01734,0.009851,0.244012,0.044033,0.021694,0.292897
49,0.01737,0.010664,0.214252,0.033059,0.024862,0.267148
50,0.019722,0.012409,0.247873,0.03545,0.022576,0.30258
51,0.016299,0.010037,0.225938,0.035294,0.027951,0.280225
52,0.019914,0.011594,0.219789,0.034665,0.02489,0.276187
53,0.020477,0.011075,0.231174,0.030932,0.023619,0.286345
54,0.020188,0.011842,0.24689,0.031438,0.02391,0.30283
55,0.019443,0.010685,0.255085,0.034524,0.026792,0.312005
56,0.02036,0.012516,0.250789,0.032206,0.027963,0.311628
57,0.022208,0.013232,0.255883,0.035172,0.026523,0.317846
58,0.0223,0.012806,0.275801,0.035797,0.02763,0.338537
59,0.021998,0.012815,0.25972,0.03027,0.026136,0.320669
60,0.020248,0.012348,0.256865,0.033661,0.028904,0.318365
61,0.023546,0.013422,0.278757,0.039599,0.03025,0.345975
62,0.023135,0.01471,0.24315,0.043889,0.029407,0.310402
63,0.019507,0.010135,0.225272,0.037244,0.025747,0.280661
64,0.020463,0.012814,0.27365,0.038471,0.028694,0.335621
65,0.023631,0.014011,0.233437,0.03556,0.020347,0.291426
66,0.016705,0.011321,0.219883,0.029712,0.027392,0.275301
67,0.021025,0.011997,0.24253,0.040247,0.028418,0.30397
68,0.021426,0.013013,0.249838,0.042394,0.023832,0.308109
69,0.017149,0.009662,0.246791,0.047034,0.021598,0.2952
70,0.016053,0.009635,0.223459,0.039655,0.020266,0.269413
71,0.015658,0.009363,0.210187,0.032613,0.024062,0.25927
72,0.019316,0.011258,0.238761,0.033437,0.026367,0.295702
73,0.029682,0.012512,0.185127,0.028629,0.026026,0.253347
74,0.020024,0.011502,0.244084,0.031443,0.027021,0.302631
75,0.022109,0.011744,0.242283,0.03229,0.02742,0.303556
76,0.021175,0.012565,0.235362,0.028431,0.025378,0.29448
77,0.021616,0.013019,0.249536,0.042857,0.022065,0.306236
78,0.02605,0.012799,0.243546,0.039179,0.019169,0.301564
79,0.016155,0.009152,0.218582,0.031833,0.022723,0.266612
80,0.018976,0.012177,0.244046,0.034056,0.028777,0.303976
81,0.023089,0.013092,0.251281,0.032215,0.027288,0.31475
82,0.021249,0.012649,0.23988,0.037166,0.020787,0.294565
83,0.016577,0.00953,0.199009,0.027245,0.01723,0.242346
84,0.01587,0.010891,0.206332,0.028331,0.019514,0.252607
85,0.014882,0.019323,0.228006,0.033995,0.02943,0.291641
86,0.025981,0.013527,0.215664,0.03983,0.020102,0.275274
87,0.015356,0.009043,0.21354,0.032834,0.030337,0.268276
88,0.019502,0.009464,0.201414,0.032136,0.023724,0.254104
89,0.019464,0.012746,0.182879,0.029423,0.02354,0.238629
90,0.01978,0.012004,0.257925,0.034624,0.02341,0.313119
91,0.016034,0.009375,0.21907,0.037199,0.025335,0.269814
92,0.019944,0.011857,0.259722,0.036966,0.028982,0.320505
93,0.023523,0.014212,0.242373,0.036978,0.030322,0.31043
94,0.023021,0.016328,0.225181,0.039103,0.026511,0.291041
95,0.021431,0.012373,0.254531,0.034803,0.026548,0.314883
96,0.021012,0.012083,0.254786,0.039465,0.030971,0.318852
97,0.024953,0.015277,0.263238,0.041962,0.02855,0.332018
98,0.023931,0.013815,0.271318,0.041041,0.029061,0.338125
99,0.023435,0.014006,0.274945,0.045322,0.032009,0.344395
100,0.029866,0.017065,0.212627,0.036415,0.026811,0.286369
101,0.022202,0.012415,0.227373,0.038551,0.026009,0.287999
102,0.02162,0.012169,0.2565,0.038583,0.028761,0.31905
103,0.017053,0.010219,0.226723,0.044385,0.025567,0.279562
104,0.021545,0.012857,0.245981,0.035744,0.024958,0.305341
105,0.032077,0.0121,0.271061,0.039015,0.030577,0.345815
106,0.023049,0.013927,0.260403,0.03379,0.027618,0.324997
107,0.022003,0.013372,0.247669,0.032298,0.026414,0.309458
108,0.030813,0.013354,0.251553,0.033034,0.026828,0.322548
109,0.022304,0.012817,0.266668,0.034707,0.025646,0.327435
110,0.022405,0.01323,0.237654,0.039032,0.020091,0.29338
111,0.015248,0.009094,0.220145,0.027943,0.018182,0.262669
112,0.013944,0.008445,0.216085,0.036289,0.019222,0.257696
113,0.01526,0.01154,0.23993,0.033735,0.033044,0.299774
114,0.019871,0.010494,0.215876,0.041522,0.021518,0.267759
115,0.017844,0.011892,0.255892,0.047083,0.021272,0.3069
116,0.015948,0.009682,0.211818,0.036094,0.020094,0.257542
117,0.015721,0.009383,0.184431,0.028897,0.022866,0.232401
118,0.019042,0.01082,0.251914,0.035331,0.029165,0.310941
119,0.020521,0.012765,0.226305,0.044131,0.024386,0.283977
120,0.01595,0.009804,0.233153,0.034795,0.026997,0.285904
121,0.022568,0.013755,0.261555,0.03212,0.026945,0.324823
122,0.021907,0.013664,0.261771,0.040019,0.026589,0.323931
123,0.017646,0.010231,0.223658,0.038921,0.019982,0.271517
124,0.017091,0.012008,0.243854,0.035259,0.0262,0.299153
125,0.020314,0.011889,0.272937,0.039515,0.031148,0.336288
126,0.024058,0.014097,0.253635,0.036791,0.027703,0.319493
127,0.02179,0.012634,0.248227,0.032777,0.026752,0.309403
128,0.022032,0.012724,0.263837,0.036497,0.02794,0.326533
129,0.022413,0.012907,0.258684,0.035395,0.030718,0.324722
130,0.024188,0.014177,0.261096,0.033068,0.027943,0.327404
131,0.022102,0.013222,0.267157,0.037244,0.028048,0.330529
132,0.022646,0.014402,0.252728,0.035252,0.025154,0.31493
133,0.020969,0.012595,0.249044,0.028246,0.027664,0.310272
134,0.021844,0.013209,0.266436,0.033292,0.026656,0.328145
135,0.020983,0.01223,0.247939,0.029413,0.026009,0.307161
136,0.020583,0.011934,0.241396,0.031243,0.027479,0.301392
137,0.022542,0.012719,0.257367,0.036299,0.02858,0.321208
138,0.023124,0.017108,0.240874,0.044466,0.028087,0.309193
139,0.024069,0.011999,0.250188,0.037362,0.028417,0.314673
140,0.022383,0.012064,0.231844,0.033928,0.025751,0.292042
141,0.023807,0.012222,0.208821,0.037174,0.02631,0.27116
142,0.01988,0.012174,0.257539,0.037016,0.028426,0.318019
143,0.02197,0.014194,0.247053,0.032046,0.028422,0.311639
144,0.031297,0.013302,0.253415,0.0408,0.025848,0.323862
145,0.016528,0.009818,0.195881,0.028744,0.023165,0.245392
146,0.020137,0.013194,0.234461,0.034104,0.028294,0.296086
147,0.021103,0.012602,0.28538,0.046648,0.028378,0.347463
148,0.017731,0.01251,0.219172,0.034484,0.025645,0.275058
149,0.021638,0.012111,0.232839,0.036724,0.029424,0.296012
150,0.021821,0.013079,0.19007,0.028338,0.023247,0.248217
151,0.019326,0.011088,0.232173,0.029944,0.024298,0.286885
152,0.019383,0.012849,0.244788,0.037343,0.019682,0.296702
153,0.015328,0.008843,0.211785,0.034586,0.021688,0.257644
154,0.015475,0.008955,0.206137,0.031774,0.023721,0.254288
155,0.019393,0.010539,0.23226,0.030362,0.025059,0.287251
156,0.020712,0.012244,0.245304,0.033297,0.027802,0.306062
157,0.019914,0.011655,0.314322,0.035028,0.027583,0.373474
158,0.020916,0.012508,0.229834,0.030301,0.019958,0.283216
159,0.016091,0.009305,0.183389,0.022958,0.018901,0.227686
160,0.015393,0.009815,0.193499,0.02972,0.025008,0.243715
161,0.014925,0.0102,0.223226,0.041943,0.028396,0.276747
162,0.022902,0.014052,0.268988,0.047259,0.032968,0.33891
163,0.026087,0.015056,0.255349,0.046827,0.028387,0.324879
164,0.021907,0.012872,0.247628,0.036953,0.025148,0.307555
165,0.02044,0.011849,0.241067,0.032535,0.027882,0.301238
166,0.022091,0.012992,0.23726,0.028641,0.024082,0.296425
167,0.019997,0.010859,0.227565,0.024739,0.022975,0.281396
168,0.018595,0.010746,0.236496,0.029571,0.024647,0.290484
169,0.020907,0.010426,0.225392,0.027527,0.024798,0.281523
170,0.020219,0.010364,0.224926,0.028407,0.024107,0.279616
171,0.021358,0.011073,0.244873,0.031834,0.025089,0.302393
172,0.018587,0.011655,0.230088,0.029375,0.022933,0.283263
173,0.020183,0.010465,0.223929,0.027809,0.027432,0.282009
174,0.021249,0.012086,0.249311,0.040781,0.02887,0.311516
175,0.02422,0.014734,0.243667,0.044443,0.021335,0.303956
176,0.016284,0.010117,0.177945,0.025382,0.023629,0.227975
177,0.020224,0.01093,0.240903,0.031864,0.025532,0.297589
178,0.021142,0.012281,0.269223,0.03971,0.031494,0.33414
179,0.025195,0.014395,0.270347,0.049523,0.031535,0.341472
180,0.025219,0.01455,0.268667,0.03721,0.025837,0.334273
181,0.023247,0.013523,0.271691,0.035306,0.026102,0.334563
182,0.020394,0.012731,0.263275,0.032776,0.028226,0.324626
183,0.021919,0.012339,0.25653,0.028463,0.026484,0.317272
184,0.020018,0.011828,0.277548,0.029746,0.026256,0.33565
185,0.021365,0.01233,0.254297,0.027719,0.025384,0.313376
186,0.020505,0.012505,0.244745,0.026425,0.026813,0.304568
187,0.021557,0.012837,0.279627,0.056576,0.025788,0.339809
188,0.02224,0.01522,0.25285,0.045824,0.026302,0.316612
189,0.022431,0.012116,0.244398,0.035973,0.024109,0.303054
190,0.019617,0.011664,0.25521,0.032364,0.02781,0.314301
191,0.022105,0.012741,0.23744,0.03161,0.027186,0.299472
192,0.021605,0.012864,0.252936,0.044367,0.021705,0.30911
193,0.016487,0.009464,0.230467,0.038206,0.023167,0.279585
194,0.021154,0.012422,0.238596,0.034543,0.023844,0.296016
195,0.020852,0.01082,0.248173,0.034567,0.026577,0.306422
196,0.022253,0.012792,0.251402,0.031577,0.027327,0.313774
197,0.033513,0.012611,0.245392,0.029067,0.024624,0.31614
198,0.020173,0.011793,0.240229,0.030964,0.02595,0.298145
199,0.020897,0.012204,0.244229,0.031407,0.02556,0.30289
200,0.020678,0.01285,0.265519,0.042621,0.028904,0.327951
201,0.024229,0.014608,0.239257,0.041357,0.029259,0.307353
202,0.02183,0.014003,0.241917,0.033112,0.025929,0.303679
203,0.021388,0.012133,0.264411,0.0363,0.026946,0.324878
204,0.021873,0.012954,0.252505,0.031405,0.028024,0.315356
205,0.022099,0.013309,0.250482,0.032847,0.027357,0.313247
206,0.023076,0.013229,0.267779,0.039693,0.028785,0.332869
207,0.018573,0.010208,0.212338,0.036817,0.026485,0.267604
208,0.021897,0.013394,0.177364,0.027337,0.022558,0.235213
209,0.019137,0.010759,0.245877,0.03304,0.027547,0.30332
210,0.028794,0.01188,0.246413,0.034913,0.029639,0.316726
211,0.024919,0.01571,0.244571,0.044154,0.028786,0.313986
212,0.021636,0.010587,0.237886,0.04027,0.025921,0.29603
213,0.021805,0.012939,0.27021,0.037996,0.025204,0.330158
214,0.021394,0.012274,0.247387,0.035911,0.026012,0.307067
215,0.021357,0.011904,0.253416,0.033605,0.026383,0.31306
216,0.021626,0.0131,0.280652,0.037473,0.02686,0.342238
217,0.021741,0.013096,0.262444,0.035138,0.027601,0.324882
218,0.02102,0.013019,0.250924,0.034966,0.029088,0.314051
219,0.023376,0.013853,0.275151,0.038798,0.027087,0.339467
220,0.022046,0.012545,0.250708,0.035225,0.026941,0.31224
221,0.022995,0.01272,0.265051,0.034447,0.028642,0.329408
222,0.022789,0.013714,0.277239,0.038801,0.027706,0.341448
223,0.022275,0.012974,0.259169,0.035666,0.027937,0.322355
224,0.022692,0.013301,0.259779,0.034922,0.025148,0.32092
225,0.021096,0.013032,0.393875,0.055088,0.031331,0.459334
226,0.018568,0.011292,0.217477,0.040306,0.026068,0.273405
227,0.019879,0.011177,0.168466,0.025636,0.018275,0.217797
228,0.015505,0.009136,0.188045,0.024518,0.024277,0.236963
229,0.019311,0.011341,0.237528,0.030547,0.026311,0.294491
230,0.022196,0.013004,0.239086,0.031354,0.026928,0.301214
231,0.020945,0.012303,0.229959,0.028282,0.024643,0.28785
232,0.019881,0.011864,0.250834,0.029111,0.025091,0.30767
233,0.019985,0.011328,0.240195,0.02912,0.027897,0.299405
234,0.022673,0.012528,0.244964,0.033648,0.028801,0.308966
235,0.022617,0.01249,0.270061,0.043921,0.027028,0.332196
236,0.024634,0.012977,0.211182,0.032895,0.018097,0.26689
237,0.014875,0.010132,0.229402,0.032125,0.026159,0.280568
238,0.021232,0.013368,0.256293,0.029697,0.025522,0.316415
239,0.020956,0.011849,0.234359,0.029058,0.023752,0.290916
240,0.019123,0.011334,0.241542,0.030945,0.026893,0.298892
241,0.021392,0.011466,0.244449,0.031397,0.025584,0.302891
242,0.019259,0.010744,0.236138,0.031807,0.02522,0.291361
243,0.020643,0.012702,0.249916,0.035382,0.02836,0.311621
244,0.023121,0.013048,0.422861,0.058118,0.032706,0.491736
245,0.0272,0.014288,0.249447,0.044326,0.028782,0.319717
246,0.022828,0.013346,0.244422,0.034079,0.026103,0.306699
247,0.020447,0.012285,0.245135,0.037829,0.034626,0.312493
248,0.023885,0.012523,0.216406,0.032821,0.0203,0.273114
249,0.019101,0.011185,0.248189,0.035052,0.027635,0.30611
250,0.022128,0.01188,0.248619,0.033091,0.028188,0.310815
251,0.021634,0.012358,0.259449,0.038762,0.02864,0.322081
252,0.026772,0.015128,0.200831,0.031982,0.017511,0.260242
253,0.014007,0.00833,0.211131,0.030089,0.026257,0.259725
254,0.021621,0.01371,0.258388,0.039125,0.027207,0.320926
255,0.022583,0.012468,0.244462,0.035502,0.025408,0.304921
256,0.021079,0.013147,0.254897,0.044157,0.026651,0.315774
257,0.016658,0.009781,0.214675,0.039029,0.019591,0.260705
258,0.015322,0.018594,0.2003,0.034494,0.029677,0.263893
259,0.020936,0.012108,0.245411,0.035394,0.02521,0.303665
260,0.02046,0.012205,0.253408,0.038637,0.02796,0.314033
261,0.02256,0.012691,0.243008,0.037288,0.025643,0.303902
262,0.022265,0.011119,0.233398,0.033781,0.026787,0.293569
263,0.021641,0.012692,0.252553,0.034834,0.027566,0.314452
264,0.022294,0.012926,0.258309,0.048171,0.030353,0.323882
265,0.023416,0.014735,0.268315,0.044504,0.029969,0.336435
266,0.022786,0.014036,0.267212,0.04241,0.029867,0.333901
267,0.021954,0.01337,0.380079,0.173028,0.023422,0.438825
268,0.017468,0.011608,0.240164,0.041954,0.029951,0.299191
269,0.02434,0.01317,0.183306,0.02938,0.021664,0.24248
270,0.017139,0.010198,0.20867,0.026917,0.023493,0.2595
271,0.01925,0.011197,0.230271,0.027539,0.023791,0.284509
272,0.019091,0.010452,0.228308,0.026175,0.023717,0.281568
273,0.019113,0.010843,0.233316,0.027462,0.025913,0.289185
274,0.020046,0.011653,0.261947,0.03744,0.027909,0.321555
275,0.021322,0.013308,0.232001,0.036584,0.019535,0.286166
276,0.015114,0.008709,0.224492,0.035164,0.021665,0.26998
277,0.019967,0.01187,0.244285,0.041636,0.024555,0.300677
278,0.01949,0.011869,0.240405,0.032592,0.029035,0.300799
279,0.023444,0.013484,0.254753,0.037081,0.029534,0.321215
280,0.022779,0.012902,0.267099,0.032354,0.027499,0.330279
281,0.022202,0.012715,0.259587,0.034708,0.028102,0.322606
282,0.023307,0.013382,0.256252,0.034218,0.027523,0.320464
283,0.022519,0.01287,0.253137,0.034051,0.037103,0.325629
284,0.022817,0.012129,0.260432,0.036347,0.028851,0.324229
285,0.023086,0.0132,0.254099,0.032215,0.027796,0.318181
286,0.022614,0.013275,0.252055,0.034752,0.027659,0.315603
287,0.031294,0.01332,0.25793,0.036077,0.026719,0.329263
288,0.02143,0.012347,0.242419,0.03292,0.025832,0.302028
289,0.020542,0.013562,0.257584,0.034713,0.026669,0.318357
290,0.021708,0.013259,0.26527,0.037482,0.028803,0.32904
291,0.022942,0.013275,0.245081,0.030905,0.026477,0.307775
292,0.021947,0.013217,0.236503,0.028972,0.024758,0.296425
293,0.020669,0.012159,0.34921,0.033657,0.028811,0.410849
294,0.022322,0.013598,0.190672,0.024453,0.020319,0.246911
295,0.015881,0.009211,0.181287,0.022183,0.019369,0.225748
296,0.015707,0.008755,0.186922,0.023903,0.030537,0.241921
297,0.020698,0.012027,0.239298,0.029515,0.025403,0.297426
298,0.020409,0.01138,0.234809,0.028561,0.023954,0.290552
299,0.020258,0.010801,0.249327,0.032306,0.028686,0.309072
300,0.023361,0.013263,0.255935,0.032711,0.02765,0.320209
301,0.021639,0.013366,0.247411,0.035414,0.026438,0.308854
302,0.021949,0.012949,0.240203,0.030846,0.026592,0.301693
303,0.022209,0.012976,0.255254,0.029844,0.025675,0.316114
304,0.020843,0.012054,0.240148,0.03158,0.02636,0.299405
305,0.021592,0.012894,0.254142,0.038148,0.0286,0.317228
306,0.023414,0.013874,0.288896,0.041216,0.029017,0.355201
307,0.021956,0.013177,0.230952,0.04178,0.027155,0.29324
308,0.021081,0.013486,0.250634,0.037648,0.025825,0.311026
309,0.020555,0.012512,0.271239,0.049379,0.031919,0.336225
310,0.024569,0.014856,0.262029,0.039521,0.028646,0.3301
311,0.023299,0.013266,0.25021,0.038403,0.026495,0.31327
312,0.022508,0.013306,0.249607,0.031334,0.026081,0.311502
313,0.022143,0.012903,0.240516,0.028616,0.024695,0.300257
314,0.020352,0.01195,0.230025,0.025259,0.023636,0.285963
315,0.019414,0.011933,0.247043,0.032396,0.028698,0.307088
316,0.03083,0.014618,0.259882,0.049306,0.023582,0.328912
317,0.0215,0.013038,0.270949,0.04614,0.025965,0.331452
318,0.023152,0.013244,0.224559,0.039561,0.025714,0.286669
319,0.02001,0.012109,0.265276,0.035995,0.027318,0.324713
320,0.023218,0.01194,0.242108,0.038515,0.029492,0.306758
321,0.023186,0.012773,0.242619,0.041013,0.028024,0.306602
322,0.023416,0.013002,0.259307,0.044502,0.025384,0.321109
323,0.020435,0.011097,0.228414,0.037945,0.024989,0.284935
324,0.020667,0.011593,0.222051,0.035445,0.026859,0.28117
325,0.020992,0.012261,0.263667,0.053835,0.029418,0.326338
326,0.022556,0.013908,0.236518,0.040556,0.025923,0.298905
327,0.021533,0.013069,0.246644,0.043882,0.027913,0.309159
328,0.022426,0.013809,0.25531,0.040697,0.025442,0.316987
329,0.021056,0.012225,0.24993,0.034682,0.027337,0.310548
330,0.022268,0.012934,0.248169,0.037303,0.027466,0.310837
331,0.023252,0.013445,0.249481,0.044495,0.028545,0.314723
332,0.105691,0.013305,0.250682,0.04407,0.028354,0.398032
333,0.02266,0.013036,0.188315,0.028643,0.01885,0.242861
334,0.01934,0.009705,0.226369,0.041302,0.024431,0.279845
335,0.018989,0.008444,0.172905,0.025381,0.023222,0.22356
336,0.018736,0.010983,0.227734,0.03071,0.025187,0.28264
337,0.019989,0.011611,0.233319,0.029762,0.023999,0.288918
338,0.019523,0.011045,0.231275,0.026893,0.116392,0.378235
339,0.021667,0.013072,0.255862,0.036475,0.026407,0.317008
340,0.020653,0.012679,0.244612,0.032101,0.027051,0.304995
341,0.022307,0.012691,0.208463,0.02816,0.036969,0.28043
342,0.021734,0.013119,0.226419,0.034257,0.020806,0.282078
343,0.019213,0.01132,0.235054,0.040406,0.029557,0.295144
344,0.023548,0.014086,0.251579,0.033033,0.024904,0.314117
345,0.019709,0.012508,0.245777,0.029148,0.025482,0.303476
346,0.019899,0.011679,0.236002,0.028577,0.023366,0.290946
347,0.020886,0.011907,0.242336,0.032109,0.026318,0.301447
348,0.020678,0.012712,0.254078,0.05131,0.02923,0.316698
349,0.021999,0.01187,0.243975,0.043103,0.027681,0.305525
350,0.022212,0.013088,0.234058,0.038111,0.028516,0.297874
351,0.021358,0.012552,0.214889,0.039224,0.034451,0.28325
352,0.022859,0.013279,0.272638,0.041566,0.026568,0.335344
353,0.021418,0.012442,0.252575,0.033545,0.025873,0.312308
354,0.019781,0.012576,0.248822,0.030796,0.126212,0.407391
355,0.024651,0.014225,0.258179,0.037117,0.022009,0.319064
356,0.017317,0.010646,0.189501,0.026078,0.019826,0.23729
357,0.016575,0.009483,0.211341,0.028705,0.024819,0.262218
358,0.018427,0.011465,0.219341,0.02901,0.0271,0.276333
359,0.021443,0.0122,0.23483,0.027822,0.02556,0.294033
360,0.020181,0.011727,0.237969,0.026794,0.025043,0.29492
361,0.020337,0.011259,0.258607,0.042517,0.0282,0.318403
362,0.023538,0.014538,0.276108,0.037224,0.029301,0.343485
363,0.023382,0.013313,0.254381,0.032234,0.025296,0.316372
364,0.020736,0.011557,0.247889,0.039242,0.025518,0.3057
365,0.020443,0.011948,0.251337,0.036394,0.029243,0.312971
366,0.02356,0.014091,0.266941,0.037855,0.027727,0.332319
367,0.022906,0.012666,0.273635,0.035198,0.027551,0.336758
368,0.022569,0.012957,0.248537,0.034519,0.025609,0.309672
369,0.021385,0.012394,0.245557,0.031744,0.027442,0.306778
370,0.022257,0.0126,0.231441,0.028141,0.03189,0.298188
371,0.019942,0.011061,0.221386,0.030887,0.025033,0.277422
372,0.018877,0.011593,0.214943,0.0305,0.023365,0.268778
373,0.019,0.010967,0.221693,0.031633,0.024331,0.275991
374,0.019244,0.010459,0.236118,0.032531,0.023923,0.289744
375,0.018914,0.011023,0.210642,0.0277,0.023161,0.26374
376,0.019243,0.011304,0.217965,0.027842,0.025902,0.274414
377,0.022044,0.011118,0.235627,0.029644,0.022733,0.291522
378,0.018633,0.018623,0.214199,0.026357,0.022339,0.273794
379,0.016763,0.009535,0.214413,0.025341,0.023203,0.263914
380,0.020254,0.012188,0.20659,0.023763,0.021484,0.260516
381,0.019218,0.011385,0.215002,0.023549,0.021714,0.267319
382,0.017458,0.009812,0.203772,0.0221,0.022879,0.253921
383,0.019144,0.011306,0.207159,0.023386,0.021041,0.25865
384,0.021829,0.010323,0.215487,0.031753,0.026012,0.273651
385,0.020805,0.011145,0.242742,0.03317,0.023838,0.29853
386,0.020672,0.011764,0.237012,0.032658,0.022908,0.292356
387,0.019567,0.010592,0.219679,0.02646,0.022392,0.27223
388,0.017685,0.010322,0.217411,0.024952,0.022832,0.26825
389,0.016488,0.021539,0.212638,0.026715,0.022605,0.27327
390,0.0177,0.010037,0.22215,0.0304,0.025763,0.27565
391,0.022278,0.01235,0.225738,0.034346,0.024749,0.285115
392,0.020721,0.011395,0.242539,0.041632,0.025315,0.29997
393,0.020193,0.011974,0.242047,0.030082,0.024601,0.298815
394,0.020204,0.011624,0.244339,0.033378,0.029709,0.305876
395,0.023451,0.013949,0.26122,0.032427,0.026649,0.325269
396,0.021561,0.01247,0.237935,0.030181,0.026295,0.298261
397,0.021383,0.013049,0.25646,0.032677,0.027442,0.318334
398,0.021457,0.012225,0.24398,0.031832,0.027311,0.304973
399,0.035788,0.013977,0.255919,0.036276,0.028713,0.334397
400,0.023261,0.014352,0.253076,0.033322,0.026818,0.317507
401,0.021706,0.013756,0.24584,0.032855,0.028041,0.309343
402,0.022088,0.024733,0.269893,0.038324,0.029577,0.346291
403,0.023156,0.013162,0.264622,0.034331,0.027084,0.328024
404,0.020827,0.012732,0.249772,0.034982,0.026233,0.309564
405,0.021359,0.012828,0.370391,0.036929,0.027302,0.43188
406,0.022192,0.010712,0.195795,0.028815,0.020321,0.24902
407,0.016192,0.009274,0.19773,0.027168,0.020909,0.244105
408,0.016352,0.009785,0.213546,0.028115,0.02385,0.263533
409,0.019199,0.011619,0.258337,0.034942,0.027151,0.316306
410,0.021892,0.012769,0.261797,0.040817,0.027267,0.323725
411,0.022619,0.013916,0.27719,0.053618,0.032341,0.346066
412,0.02437,0.014519,0.25949,0.041094,0.029121,0.3275
413,0.023237,0.013896,0.25472,0.037478,0.028049,0.319902
414,0.023582,0.013489,0.262744,0.036241,0.029721,0.329536
415,0.023454,0.013688,0.254418,0.03508,0.027626,0.319186
416,0.02231,0.012932,0.253254,0.037583,0.028346,0.316842
417,0.022968,0.013458,0.264329,0.044155,0.027695,0.32845
418,0.021142,0.01226,0.254615,0.034029,0.030289,0.318306
419,0.023948,0.014849,0.263471,0.038818,0.029851,0.332119
420,0.023689,0.013525,0.259536,0.036408,0.028474,0.325224
421,0.022559,0.013285,0.25147,0.039561,0.026432,0.313746
422,0.02245,0.013015,0.257202,0.038019,0.029222,0.321889
423,0.023883,0.013776,0.26738,0.03575,0.026817,0.331856
424,0.022214,0.013135,0.252634,0.035963,0.028015,0.315998
425,0.022101,0.013469,0.262234,0.037473,0.032341,0.330145
426,0.025027,0.015281,0.284073,0.040014,0.030791,0.355172
427,0.0253,0.014934,0.262071,0.038267,0.027258,0.329563
428,0.022854,0.014768,0.267333,0.039977,0.029088,0.334043
429,0.022804,0.013632,0.26604,0.035389,0.028427,0.330903
430,0.021901,0.012598,0.250867,0.034437,0.026159,0.311525
431,0.021934,0.012305,0.251522,0.037526,0.027659,0.31342
432,0.021978,0.013015,0.262183,0.03893,0.030905,0.328081
433,0.023272,0.014175,0.26361,0.035137,0.028279,0.329336
434,0.021853,0.013239,0.256669,0.035157,0.027261,0.319022
435,0.023039,0.012769,0.265345,0.033114,0.027906,0.329059
436,0.021987,0.012396,0.2516,0.034758,0.027194,0.313177
437,0.02269,0.013076,0.268448,0.037618,0.027503,0.331717
438,0.021841,0.012997,0.244467,0.034348,0.025781,0.305086
439,0.022549,0.013047,0.255714,0.034392,0.02636,0.31767
440,0.021102,0.01226,0.238229,0.030982,0.026287,0.297878
441,0.020011,0.012226,0.259743,0.034211,0.026073,0.318053
442,0.021425,0.012667,3.104051,0.074204,0.036294,3.174437
443,0.027201,0.015683,0.265419,0.048488,0.030246,0.338549
444,0.024286,0.014887,0.231899,0.036237,0.025932,0.297004
445,0.020997,0.012056,0.242249,0.038808,0.029745,0.305047
446,0.023546,0.013215,0.248271,0.036018,0.02428,0.309312
447,0.020213,0.011346,0.245844,0.032056,0.028369,0.305772
448,0.02171,0.012064,0.233072,0.029665,0.026132,0.292978
449,0.031562,0.012301,0.242692,0.03806,0.027327,0.313882
450,0.02105,0.012895,0.238595,0.030789,0.025163,0.297703
451,0.020279,0.011737,0.238007,0.036559,0.025489,0.295512
452,0.02104,0.012301,0.26177,0.036156,0.024442,0.319553
453,0.020371,0.013056,0.240272,0.029591,0.02625,0.299949
454,0.020767,0.011602,0.236132,0.035501,0.02593,0.294431
455,0.022617,0.012212,0.252845,0.039626,0.026121,0.313795
456,0.020378,0.012275,0.231095,0.031066,0.022685,0.286433
457,0.018938,0.010711,0.215099,0.024243,0.021651,0.266399
458,0.018664,0.010007,0.215086,0.023674,0.022139,0.265896
459,0.018276,0.019458,0.216325,0.02437,0.021651,0.27571
460,0.018097,0.010459,0.215936,0.028464,0.022776,0.267268
461,0.018375,0.010381,0.219795,0.029631,0.02199,0.270541
462,0.01927,0.011129,0.2224,0.026156,0.021534,0.274333
463,0.017859,0.010143,0.209729,0.030478,0.022526,0.260257
464,0.017867,0.010453,0.211934,0.031413,0.02274,0.262994
465,0.018765,0.010543,0.211742,0.026395,0.022745,0.263795
466,0.01788,0.00966,0.225366,0.030074,0.025428,0.278334
467,0.022249,0.011548,0.228531,0.029863,0.02619,0.288518
468,0.020493,0.011583,0.228128,0.02767,0.024466,0.28467
469,0.020093,0.010715,0.226026,0.026004,0.031871,0.288705
470,0.01947,0.010787,0.228332,0.027078,0.024202,0.282791
471,0.020244,0.011145,0.228817,0.027059,0.024402,0.284608
472,0.019943,0.011424,0.226979,0.026242,0.022722,0.281068
473,0.019043,0.010699,0.235504,0.026612,0.023523,0.288769
474,0.019236,0.01046,0.224112,0.023929,0.022909,0.276717
475,0.019154,0.010492,0.225197,0.0258,0.023134,0.277977
476,0.01892,0.010337,0.23017,0.027645,0.06308,0.322507
477,0.020893,0.010802,0.240701,0.037566,0.026843,0.299239
478,0.021188,0.011627,0.230357,0.028291,0.023219,0.286391
479,0.018734,0.010102,0.224195,0.02653,0.02354,0.276571
480,0.018666,0.010329,0.253648,0.034323,0.029802,0.312445
481,0.023028,0.012777,0.237822,0.03139,0.024722,0.298349
482,0.020545,0.010786,0.226407,0.027891,0.024319,0.282057
483,0.019526,0.01096,0.296963,0.093186,0.025961,0.35341
484,0.020759,0.011623,0.224266,0.027796,0.018084,0.274732
485,0.014922,0.007641,0.176016,0.020989,0.018759,0.217338
486,0.01581,0.00816,0.171261,0.020479,0.017844,0.213075
487,0.013802,0.008125,0.287582,0.039311,0.023055,0.332564
488,0.018281,0.00973,0.200334,0.029106,0.023399,0.251744
489,0.018603,0.010491,0.231911,0.02749,0.025239,0.286244
490,0.020254,0.012001,0.339676,0.037997,0.027953,0.399884
491,0.022529,0.011925,0.238958,0.031719,0.024317,0.297729
492,0.019752,0.010853,0.283544,0.027386,0.026102,0.340251
493,0.02165,0.012191,0.255263,0.036793,0.024514,0.313618
494,0.019682,0.011026,0.234722,0.028092,0.023013,0.288443
495,0.018772,0.010599,0.33275,0.05503,0.028017,0.390138
496,0.022298,0.013231,0.314189,0.103265,0.027994,0.377712
497,0.022271,0.012063,0.248064,0.039975,0.020137,0.302535
498,0.01604,0.009269,0.194385,0.028232,0.018539,0.238233
499,0.015887,0.009038,0.18242,0.02505,0.024412,0.231757
500,0.019975,0.035215,0.246465,0.031484,0.024928,0.326583
501,0.020349,0.012012,0.249162,0.032323,0.026142,0.307665
502,0.020431,0.011333,0.241259,0.030804,0.02578,0.298803
503,0.020195,0.011453,0.249524,0.02997,0.025153,0.306325
504,0.019371,0.011098,0.229511,0.027722,0.023966,0.283946
505,0.019282,0.01106,0.234737,0.030526,0.025692,0.290771
506,0.02023,0.011738,0.241824,0.034724,0.023584,0.297376
507,0.01969,0.011058,0.22797,0.026938,0.023187,0.281905
508,0.018452,0.011107,0.232344,0.038471,0.025743,0.287646
509,0.02114,0.012057,0.234816,0.029424,0.025127,0.29314
510,0.020317,0.018863,0.243682,0.03137,0.023637,0.306499
511,0.019333,0.011066,0.233685,0.033413,0.026043,0.290127
512,0.021292,0.011985,0.248778,0.034679,0.026047,0.308102
513,0.022347,0.011366,0.247719,0.032532,0.027045,0.308477
514,0.021968,0.01223,0.251702,0.037909,0.028263,0.314163
515,0.022852,0.012315,0.244659,0.031399,0.026026,0.305852
516,0.020865,0.011587,0.259167,0.036049,0.028992,0.320611
517,0.023434,0.013557,0.242343,0.029171,0.026007,0.305341
518,0.020842,0.011554,0.233084,0.027381,0.02492,0.2904
519,0.02007,0.011454,0.249112,0.03733,0.027824,0.30846
520,0.021894,0.012569,0.244334,0.032254,0.025429,0.304226
521,0.020875,0.011206,0.240691,0.030406,0.025453,0.298225
522,0.02056,0.01167,0.247138,0.034917,0.028637,0.308005
523,0.022342,0.02051,0.247222,0.035794,0.026291,0.316365
524,0.020868,0.012845,0.236106,0.029373,0.026559,0.296378
525,0.020708,0.012117,0.238454,0.033474,0.027776,0.299055
526,0.021947,0.01307,0.250186,0.033019,0.02563,0.310833
527,0.020794,0.011776,0.227624,0.033133,0.3944,0.654594
528,0.036529,0.02487,0.447147,0.061499,0.036026,0.544572
529,0.027199,0.016764,0.285343,0.052041,0.030894,0.3602
530,0.024143,0.013018,0.311522,0.100196,0.031465,0.380148
531,0.024834,0.015468,0.25894,0.036386,0.024649,0.323891
532,0.019386,0.01245,0.235814,0.04023,0.029915,0.297565
533,0.024559,0.01314,0.51699,0.052248,0.032567,0.587256
534,0.02583,0.015418,0.272802,0.040086,0.026727,0.340777
535,0.022134,0.013353,0.269496,0.038327,0.028402,0.333385
536,0.023585,0.013214,0.247246,0.040445,0.026814,0.310859
537,0.021991,0.012344,0.233154,0.032993,0.027063,0.294552
538,0.022844,0.013816,0.244889,0.039539,0.028602,0.310151
539,0.037965,0.015403,0.230293,0.033969,0.023941,0.307602
540,0.019934,0.011207,0.197416,0.023797,0.022093,0.25065
541,0.017994,0.010444,0.210758,0.026331,0.022414,0.26161
542,0.019241,0.010901,0.239901,0.041413,0.030372,0.300415
543,0.023889,0.01427,0.254057,0.039803,0.027972,0.320188
544,0.022969,0.013611,0.255718,0.046775,0.024976,0.317274
545,0.02095,0.01268,0.24909,0.039168,0.027627,0.310347
546,0.022343,0.013007,0.242301,0.038732,0.024708,0.302359
547,0.021493,0.012296,0.220829,0.03335,0.024273,0.278891
548,0.019461,0.011413,0.211944,0.028254,0.022019,0.264837
549,0.019072,0.010791,0.244569,0.037826,0.028221,0.302653
550,0.022407,0.012348,0.236006,0.034019,0.025317,0.296078
551,0.020569,0.011544,0.239985,0.032648,0.024999,0.297097
552,0.019754,0.011099,0.243188,0.03327,0.024662,0.298703
553,0.020198,0.013595,0.22095,0.026734,0.02237,0.277113
554,0.018096,0.009782,0.212902,0.0215,0.021263,0.262043
555,0.017576,0.00941,0.210114,0.020089,0.021013,0.258113
556,0.017388,0.009125,0.222533,0.021166,0.02209,0.271136
557,0.017902,0.009646,0.215732,0.028147,0.023244,0.266524
558,0.017892,0.009995,0.216758,0.025405,0.024649,0.269294
559,0.018047,0.010279,0.233349,0.034763,0.026998,0.288673
560,0.021417,0.012698,0.238204,0.033642,0.024597,0.296916
561,0.01963,0.011554,0.254977,0.035068,0.029328,0.315489
562,0.023498,0.013824,0.249799,0.035383,0.028923,0.316044
563,0.033581,0.012934,0.260525,0.035614,0.027987,0.335027
564,0.021649,0.012751,0.256059,0.035938,0.030105,0.320564
565,0.023533,0.01343,0.258626,0.034071,0.028761,0.32435
566,0.022779,0.021751,0.256985,0.030913,0.025278,0.326793
567,0.020425,0.011424,0.24596,0.032511,0.02688,0.304689
568,0.022512,0.012692,0.248023,0.029784,0.027476,0.310703
569,0.02183,0.012692,0.272274,0.038872,0.030449,0.337245
570,0.023852,0.013441,0.280201,0.040305,0.027679,0.345173
571,0.023213,0.014111,0.22656,0.04037,0.027306,0.29119
572,0.022204,0.01302,0.252161,0.041912,0.024821,0.312206
573,0.023424,0.01418,0.232235,0.036611,0.027881,0.29772
574,0.022278,0.012956,0.259436,0.041612,0.021818,0.316488
575,0.016303,0.010087,0.363932,0.184192,0.026359,0.416681
576,0.018326,0.011492,0.247904,0.039187,0.025281,0.303003
577,0.020617,0.012147,0.249389,0.035683,0.029641,0.311794
578,0.022329,0.013086,0.270824,0.039603,0.032519,0.338758
579,0.02246,0.012706,0.235249,0.045584,0.025301,0.295716
580,0.022198,0.014021,0.248464,0.035489,0.026448,0.311131
581,0.022088,0.012688,0.277026,0.035249,0.026493,0.338295
582,0.021829,0.013105,0.235668,0.037562,0.030542,0.301144
583,0.024925,0.012523,0.234206,0.041758,0.026876,0.29853
584,0.021225,0.012218,0.250083,0.030892,0.025469,0.308995
585,0.019474,0.011319,0.253052,0.035481,0.028621,0.312466
586,0.022576,0.013409,0.240847,0.029617,0.026226,0.303058
587,0.021899,0.012685,0.243682,0.028683,0.223196,0.501462
588,0.025976,0.016086,0.274205,0.042974,0.020522,0.336789
589,0.016658,0.009712,0.186357,0.024704,0.01897,0.231697
590,0.015523,0.009256,0.176329,0.021323,0.023682,0.22479
591,0.015606,0.008837,0.179869,0.022609,0.017568,0.22188
592,0.016071,0.011609,0.225562,0.024864,0.022361,0.275603
593,0.019104,0.010618,0.222513,0.025205,0.024769,0.277004
594,0.019776,0.011046,7.408283,0.066616,0.03982,7.478925
595,0.029161,0.016495,0.263635,0.036902,0.028075,0.337366
596,0.022126,0.014302,0.263753,0.04518,0.024828,0.325009
597,0.018543,0.013136,0.249223,0.042549,0.027489,0.308391
598,0.022307,0.012867,0.255289,0.038433,0.029217,0.31968
599,0.022616,0.012695,0.235137,0.039667,0.030413,0.300861
600,0.021368,0.014373,0.238469,0.043949,0.02767,0.30188
601,0.020948,0.012274,0.253251,0.037742,0.027018,0.313491
602,0.021194,0.012543,0.260612,0.035954,0.025044,0.319393
603,0.02012,0.01134,0.262676,0.030225,0.024329,0.318465
604,0.018865,0.010771,0.230276,0.026208,0.02237,0.282282
605,0.019009,0.010702,0.24223,0.030728,0.028202,0.300143
606,0.022292,0.012731,0.272513,0.036838,0.039035,0.346571
607,0.04382,0.013477,0.205592,0.031952,0.022146,0.285035
608,0.020159,0.011761,0.212686,0.031377,0.024985,0.269591
609,0.02091,0.012085,0.240168,0.033846,0.024949,0.298112
610,0.020885,0.012148,0.27925,0.039449,0.031108,0.343391
611,0.024796,0.013878,0.251525,0.031542,0.027212,0.317411
612,0.021509,0.012981,0.254629,0.032323,0.028161,0.31728
613,0.020133,0.012168,0.267552,0.031505,0.026375,0.326228
614,0.021699,0.01302,0.270782,0.03518,0.026361,0.331862
615,0.022627,0.013151,0.255037,0.032333,0.026972,0.317787
616,0.020713,0.012084,0.263005,0.032072,0.026031,0.321833
617,0.020799,0.013788,0.262457,0.034148,0.027986,0.32503
618,0.021278,0.012814,0.253495,0.033993,0.025858,0.313445
619,0.019836,0.012714,0.25805,0.036345,0.028103,0.318703
620,0.0218,0.014261,0.248871,0.04329,0.021177,0.306109
621,0.016306,0.009966,0.225416,0.038922,0.019766,0.271454
622,0.015855,0.009417,0.228492,0.030545,0.025502,0.279266
623,0.020183,0.012591,0.245545,0.035877,0.025587,0.303906
624,0.020287,0.011968,0.241547,0.031539,0.027406,0.301208
625,0.022709,0.013443,0.248217,0.032735,0.044449,0.328818
626,0.021889,0.012582,0.238663,0.029428,0.024128,0.297262
627,0.020114,0.011131,0.235539,0.026978,0.02409,0.290874
628,0.01926,0.011654,0.231177,0.026403,0.023019,0.28511
629,0.019219,0.011645,0.236921,0.025995,0.025839,0.293624
630,0.020739,0.012375,0.251722,0.046142,0.027937,0.312773
631,0.02263,0.012756,0.255186,0.044246,0.028378,0.31895
632,0.021851,0.013504,3.320748,0.071548,0.255116,3.611219
633,0.855633,0.036536,5.47703,1.142946,4.057048,10.426247
634,0.037958,0.023878,0.374345,0.065574,0.030338,0.466519
635,0.023026,0.013152,0.256844,0.031384,0.025504,0.318526
636,0.020513,0.011633,0.244661,0.026298,0.0247,0.301507
637,0.028393,0.011086,0.240227,0.025143,0.02378,0.303486
638,0.019821,0.010508,0.230618,0.022822,0.024651,0.285598
639,0.018927,0.010147,0.228704,0.022649,0.022531,0.280309
640,0.018454,0.010187,0.23357,0.028768,0.023805,0.286016
641,0.019473,0.011177,0.182913,0.025861,0.022751,0.236314
642,0.018382,0.011194,0.234753,0.030997,0.024233,0.288562
643,0.01968,0.011057,0.230851,0.032104,0.027293,0.288881
644,0.021808,0.024306,0.283104,0.040939,0.028963,0.358181
645,0.034645,0.011445,0.269308,0.029406,0.029083,0.344481
646,0.029584,0.013152,0.241285,0.030293,0.022577,0.306598
647,0.027446,0.011578,0.296758,0.036233,0.055077,0.390859
648,0.04103,0.015788,0.245145,0.038091,0.027493,0.329456
649,0.020711,0.011252,0.218011,0.028628,0.021754,0.271728
650,0.027343,0.00989,0.209013,0.028678,0.026766,0.273012
651,0.022758,0.010901,0.213687,0.029003,0.026299,0.273645
652,0.019531,0.0109,0.238446,0.026416,0.022817,0.291694
653,0.020435,0.010047,0.240547,0.044663,0.023168,0.294197
654,0.017509,0.010651,0.190825,0.021891,0.016586,0.235571
655,0.012169,0.007406,0.179665,0.016895,0.021674,0.220914
656,0.017382,0.009581,0.177557,0.018422,0.017106,0.221626
657,0.012691,0.007985,0.179752,0.020072,0.022202,0.22263
658,0.017162,0.00993,0.186504,0.019823,0.021527,0.235123
659,0.017422,0.009517,0.210827,0.023765,0.021659,0.259425
660,0.017541,0.009647,0.210797,0.021651,0.021117,0.259102
661,0.018462,0.007669,0.162381,0.016653,0.015535,0.204047
662,0.022934,0.009646,0.251299,0.037628,0.027123,0.311002
663,0.016404,0.012785,0.228896,0.031766,0.024596,0.282681
664,0.018871,0.010874,0.227919,0.027418,0.025521,0.283185
665,0.019871,0.011954,0.258886,0.038907,0.027493,0.318204
666,0.021052,0.011997,0.238508,0.039936,0.026085,0.297642
667,0.021267,0.011886,0.252973,0.035339,0.025853,0.311979
668,0.020631,0.012198,0.262678,0.032404,0.025124,0.320631
669,0.020389,0.01247,0.2646,0.037521,0.029811,0.32727
670,0.024997,0.012934,0.25659,0.034638,0.027343,0.321864
671,0.021869,0.011957,0.259484,0.045299,0.02676,0.32007
672,0.02233,0.011814,0.247139,0.033868,0.029049,0.310332
673,0.022784,0.013338,0.261872,0.039221,0.028213,0.326207
674,0.022725,0.018165,0.243595,0.041643,0.026052,0.310537
675,0.021034,0.011669,0.235149,0.036491,0.026142,0.293994
676,0.020687,0.012765,0.21178,0.029579,0.023281,0.268513
677,0.018352,0.009785,0.226211,0.032801,0.024124,0.278472
678,0.01911,0.010995,0.242672,0.02866,0.023502,0.296279
679,0.019366,0.010246,0.229759,0.028489,0.027606,0.286977
680,0.02261,0.013075,0.302598,0.066152,0.024355,0.362638
681,0.019011,0.012934,0.225593,0.0347,0.0241,0.281638
682,0.018488,0.010983,0.216731,0.035352,0.020271,0.266473
683,0.020604,0.011139,0.225403,0.029391,0.022656,0.279802
684,0.019305,0.010401,0.216096,0.022757,0.021704,0.267506
685,0.032155,0.010336,0.222016,0.027979,0.024117,0.288624
686,0.020774,0.011342,0.24618,0.031665,0.026699,0.304995
687,0.020086,0.011423,0.240255,0.035121,0.049433,0.321197
688,0.032457,0.012682,0.236069,0.04282,0.031163,0.312371
689,0.023901,0.015198,0.227281,0.04084,0.025339,0.291719
690,0.020076,0.011684,0.229537,0.0294,0.022534,0.283831
691,0.019203,0.010882,0.265482,0.052311,0.024998,0.320565
692,0.019255,0.011118,0.228216,0.031058,0.025324,0.283913
693,0.019004,0.010837,0.231284,0.031417,0.023179,0.284304
694,0.018611,0.010872,0.231244,0.035931,0.026233,0.28696
695,0.031051,0.012534,0.211036,0.032906,0.023601,0.278222
696,0.021259,0.011823,0.194852,0.027478,0.01783,0.245764
697,0.016103,0.01096,0.235621,0.032414,0.026282,0.288966
698,0.020239,0.011872,0.296209,0.037831,0.027391,0.355711
699,0.021482,0.012436,0.247757,0.036182,0.02558,0.307255
700,0.02136,0.012134,0.255515,0.036487,0.026242,0.315251
701,0.02174,0.013085,0.29605,0.047601,0.030815,0.36169
702,0.023223,0.014142,0.254724,0.04312,0.027682,0.319771
703,0.022112,0.012786,0.261223,0.040948,0.029756,0.325877
704,0.023138,0.01351,0.276937,0.042924,0.02844,0.342025
705,0.024269,0.013597,0.264955,0.041505,0.028397,0.331218
706,0.021086,0.013989,0.194537,0.029478,0.037501,0.267113
707,0.030291,0.011228,0.166088,0.024143,0.030705,0.238312
708,0.019488,0.012041,0.222932,0.034042,0.027077,0.281538
709,0.022344,0.013104,0.248682,0.041725,0.03015,0.31428
710,0.02199,0.012882,0.184021,0.027775,0.023307,0.2422
711,0.020841,0.011131,0.239387,0.036388,0.024852,0.296211
712,0.023414,0.012604,0.194092,0.033069,0.024421,0.254531
713,0.02049,0.01249,0.220194,0.039103,0.026756,0.27993
714,0.02188,0.012192,0.21808,0.037288,0.019525,0.271677
715,0.015003,0.018606,0.241154,0.040901,0.027866,0.302629
716,0.021884,0.012302,0.255164,0.044995,0.028835,0.318185
717,0.023482,0.019249,0.247435,0.041807,0.025731,0.315897
718,0.020492,0.011696,0.242663,0.037592,0.026424,0.301275
719,0.021635,0.012506,0.222337,0.027635,0.024169,0.280647
720,0.019183,0.011289,0.217036,0.024996,0.024652,0.27216
721,0.018976,0.011425,0.226622,0.024396,0.023831,0.280854
722,0.018917,0.011583,0.21956,0.027451,0.024083,0.274143
723,0.019291,0.012325,0.215279,0.024394,0.02491,0.271805
724,0.026407,0.010707,0.21607,0.02963,0.023933,0.277117
725,0.018856,0.00982,0.250459,0.034144,0.02393,0.303065
726,0.020097,0.010851,0.229688,0.028651,0.024216,0.284852
727,0.01979,0.01073,0.228964,0.029014,0.023509,0.282993
728,0.019755,0.010939,0.230295,0.027043,0.024074,0.285063
729,0.019663,0.011052,0.233749,0.031298,0.023868,0.288332
730,0.019279,0.010503,0.22739,0.027362,0.022708,0.27988
731,0.018674,0.010253,0.225086,0.025412,0.023715,0.277728
732,0.019657,0.010925,0.23906,0.030518,0.024098,0.29374
733,0.01876,0.01067,0.216785,0.030068,0.0254,0.271615
734,0.020213,0.011315,0.239169,0.032842,0.026479,0.297176
735,0.021219,0.018035,0.276997,0.045296,0.030638,0.346889
736,0.021523,0.012657,0.268147,0.044318,0.029199,0.331526
737,0.022926,0.014011,0.254553,0.040699,0.027043,0.318533
738,0.022128,0.012961,0.278682,0.05799,0.028191,0.341962
739,0.024083,0.013505,0.276649,0.046684,0.029492,0.343729
740,0.025323,0.015346,0.25489,0.037492,0.026945,0.322504
741,0.021897,0.01268,1.076778,0.05073,0.052522,1.163877
742,0.04786,0.020033,0.310387,0.064859,0.02611,0.40439
743,0.019615,0.01148,0.252339,0.040632,0.027814,0.311248
744,0.020962,0.012991,0.639322,0.372669,0.044737,0.718012
745,0.031573,0.018578,0.253997,0.047141,0.024562,0.32871
746,0.020332,0.012342,0.215534,0.0344,0.031922,0.28013
747,0.020361,0.012715,0.215326,0.041523,0.018474,0.266876
748,0.016705,0.009907,0.236385,0.04398,0.021765,0.284762
749,0.017097,0.012805,0.266394,0.040583,0.028635,0.324931
750,0.024196,0.016796,0.233748,0.030512,0.023151,0.297891
751,0.018812,0.011196,0.237393,0.032733,0.026934,0.294335
752,0.022678,0.013189,0.269767,0.049165,0.031337,0.336971
753,0.024743,0.014031,0.264967,0.042247,0.025867,0.329608
754,0.021671,0.012913,0.236621,0.030757,0.023245,0.29445
755,0.018936,0.010335,0.230561,0.023246,0.022366,0.282198
756,0.018369,0.010099,0.231028,0.024177,0.023062,0.282558
757,0.018669,0.010884,0.270879,0.050306,0.029617,0.330049
758,0.025241,0.013697,0.249116,0.041754,0.026426,0.31448
759,0.022475,0.012061,0.244182,0.034774,0.045335,0.324053
760,0.019828,0.012165,0.253954,0.04042,0.027235,0.313182
761,0.022554,0.013099,0.257209,0.041646,0.026363,0.319225
762,0.020502,0.0119,0.236228,0.039814,0.026036,0.294666
763,0.020149,0.010965,0.235255,0.032083,0.024434,0.290803
764,0.019333,0.010792,0.22604,0.025836,0.022896,0.279061
765,0.01905,0.010591,0.22768,0.024289,0.024842,0.282163
766,0.020223,0.011092,0.239216,0.026029,0.023708,0.294239
767,0.01901,0.010433,0.223809,0.022591,0.021962,0.275214
768,0.01853,0.010346,0.218046,0.022989,0.022354,0.269276
769,0.018612,0.010745,0.229321,0.027408,0.023975,0.282653
770,0.036297,0.034173,0.242541,0.036425,0.028953,0.341964
771,0.023492,0.013124,0.25269,0.040444,0.029648,0.318954
772,0.025889,0.014049,0.256545,0.04448,0.029524,0.326007
773,0.021679,0.013704,0.272874,0.04749,0.02972,0.337977
774,0.02377,0.014466,0.272761,0.050319,0.036892,0.347889
775,0.025889,0.014959,0.253592,0.048559,0.027595,0.322035
776,0.02194,0.023799,0.257852,0.052313,0.021506,0.325097
777,0.016936,0.011464,0.247439,0.041444,0.02213,0.297969
778,0.016346,0.009514,0.231352,0.037369,0.026546,0.283758
779,0.022254,0.01266,0.263561,0.041166,0.027148,0.325623
780,0.029958,0.032339,0.251332,0.042274,0.027765,0.341394
781,0.02174,0.013158,0.224674,0.039348,0.02419,0.283762
782,0.019137,0.010573,0.251749,0.033075,0.027345,0.308804
783,0.021519,0.012738,0.230836,0.029882,0.026796,0.291889
784,0.020275,0.012277,0.241371,0.045932,0.020545,0.294468
785,0.016243,0.009003,0.250328,0.03853,0.028656,0.30423
786,0.022609,0.013431,0.247857,0.039459,0.026099,0.309996
787,0.021724,0.012144,0.247282,0.034166,0.024125,0.305275
788,0.021735,0.012465,0.239724,0.032169,0.025838,0.299762
789,0.030487,0.012911,0.262897,0.045531,0.031869,0.338164
790,0.027084,0.016749,0.266683,0.048905,0.030477,0.340993
791,0.024898,0.015203,0.254792,0.034755,0.025399,0.320292
792,0.098636,0.014822,0.307479,0.081189,0.028823,0.44976
793,0.02458,0.013428,0.24665,0.038872,0.024922,0.30958
794,0.020286,0.011371,0.245155,0.026277,0.023287,0.300099
795,0.019717,0.010447,0.231328,0.023829,0.022659,0.284151
796,0.018686,0.010484,0.22943,0.02252,0.022285,0.280885
797,0.018646,0.010041,0.228061,0.023328,0.022815,0.279563
798,0.018909,0.010338,0.238468,0.022332,0.022577,0.290292
799,0.018619,0.010153,0.225576,0.021221,0.022284,0.276632
800,0.018302,0.01016,0.223842,0.021102,0.022321,0.274625
801,0.018491,0.010009,0.230609,0.022348,0.020549,0.279658
802,0.016729,0.009494,0.235998,0.03534,0.028436,0.290657
803,0.021048,0.011436,0.238174,0.032602,0.024046,0.294704
804,0.018925,0.011051,0.236617,0.033067,0.027053,0.293646
805,0.02678,0.014512,0.336714,0.049642,0.033226,0.411232
806,0.0256,0.013877,0.273785,0.048588,0.027065,0.340327
807,0.025663,0.015236,0.254708,0.04978,0.04656,0.342167
808,0.023398,0.013424,0.262907,0.049037,0.029005,0.328734
809,0.022562,0.013574,0.283191,0.041962,0.031001,0.350328
810,0.024438,0.013286,0.270728,0.036384,0.028325,0.336777
811,0.02293,0.012246,0.258185,0.036764,0.027448,0.320809
812,0.022493,0.011931,0.257446,0.033076,0.02684,0.31871
813,0.022225,0.012346,0.279897,0.035092,0.027719,0.342187
814,0.022614,0.012744,0.258148,0.034584,0.02547,0.318976
815,0.021469,0.012039,0.250118,0.032743,0.028182,0.311808
816,0.022966,0.013218,0.268766,0.038707,0.036648,0.341598
817,0.022762,0.013668,0.259776,0.040301,0.027222,0.323428
818,0.022608,0.013726,0.270907,0.038727,0.029551,0.336792
819,0.058581,0.022222,0.289071,0.054132,0.032134,0.402008
820,0.020045,0.012261,0.246819,0.043745,0.027457,0.306582
821,0.021234,0.012974,0.260082,0.037187,0.02592,0.32021
822,0.021137,0.012532,0.270947,0.035453,0.046248,0.350864
823,0.024797,0.015101,0.317668,0.051048,0.03102,0.388586
824,0.023573,0.01394,0.250689,0.03713,0.025681,0.313883
825,0.02291,0.012517,0.244692,0.0443,0.025434,0.305553
826,0.020414,0.011528,0.231837,0.032453,0.026649,0.290428
827,0.02427,0.016415,0.25057,0.044701,0.026846,0.318101
828,0.022292,0.013235,0.257286,0.036854,0.02441,0.317223
829,0.019845,0.011802,0.248684,0.035711,0.027598,0.307929
830,0.022151,0.012796,0.259167,0.045017,0.027049,0.321163
831,0.021222,0.012205,0.246085,0.034531,0.026697,0.306209
832,0.030731,0.012984,0.241117,0.032233,0.026873,0.311705
833,0.019343,0.011179,0.254237,0.049991,0.027288,0.312047
834,0.022225,0.013424,0.225802,0.041278,0.025173,0.286624
835,0.02075,0.012057,0.257739,0.035084,0.02917,0.319716
836,0.023396,0.014593,0.259022,0.03597,0.027092,0.324103
837,0.022326,0.012598,0.237483,0.032218,0.027428,0.299835
838,0.021514,0.012648,0.256331,0.034331,0.027002,0.317495
839,0.022615,0.013398,0.265139,0.037521,0.025826,0.326978
840,0.02138,0.013214,0.248361,0.03548,0.026009,0.308964
841,0.020841,0.012188,0.25955,0.033608,0.025165,0.317744
842,0.021175,0.011579,0.239961,0.034227,0.024793,0.297508
843,0.021552,0.012498,0.265759,0.034914,0.026579,0.326388
844,0.021674,0.012415,0.257778,0.043997,0.024552,0.316419
845,0.021216,0.012318,0.250677,0.036892,0.025838,0.310049
846,0.021648,0.01248,0.262198,0.036657,0.030311,0.326637
847,0.023876,0.013207,0.261961,0.035649,0.028641,0.327685
848,0.022841,0.013155,0.252699,0.037025,0.027906,0.316601
849,0.022279,0.012632,0.250683,0.036343,0.026301,0.311895
850,0.022495,0.013597,0.265495,0.035897,0.036077,0.337664
851,0.02301,0.013511,0.252172,0.033566,0.026418,0.315111
852,0.022237,0.013472,0.247029,0.031964,0.025902,0.30864
853,0.020857,0.011974,0.243187,0.032751,0.027656,0.303674
854,0.022593,0.022518,0.250391,0.032187,0.024936,0.320438
855,0.021999,0.012707,0.28103,0.041047,0.027565,0.343301
856,0.022769,0.013063,0.261097,0.041064,0.021811,0.31874
857,0.016123,0.009349,0.243014,0.037002,0.026829,0.295315
858,0.020106,0.011999,0.227743,0.034271,0.025128,0.284976
859,0.020377,0.01166,0.230293,0.033798,0.024405,0.286735
860,0.01965,0.010634,0.243859,0.026838,0.023303,0.297446
861,0.019329,0.010373,0.230165,0.02289,0.022656,0.282523
862,0.018536,0.010275,0.227472,0.021616,0.022675,0.278958
863,0.018883,0.010347,0.227919,0.022123,0.022515,0.279664
864,0.026657,0.010433,0.225665,0.022284,0.022677,0.285432
865,0.018509,0.009871,0.224893,0.022366,0.022408,0.275681
866,0.018443,0.010056,0.226219,0.022364,0.021937,0.276655
867,0.018258,0.009994,0.221533,0.021828,0.02368,0.273465
868,0.018579,0.010121,0.233354,0.030348,0.026473,0.288527
869,0.021263,0.011879,0.238173,0.029448,0.026863,0.298178
870,0.021553,0.012371,0.232501,0.027498,0.024136,0.290561
871,0.028801,0.011695,0.23898,0.032712,0.027302,0.306778
872,0.021154,0.012533,0.273956,0.04788,0.032719,0.340362
873,0.025795,0.013204,0.243457,0.028189,0.025693,0.308149
874,0.021432,0.011936,0.256986,0.043922,0.028557,0.318911
875,0.02205,0.012655,0.238665,0.038554,0.027292,0.300662
876,0.020787,0.012524,0.233435,0.031886,0.026489,0.293235
877,0.020605,0.01217,0.269174,0.051442,0.030754,0.332703
878,0.025888,0.014463,0.262536,0.039725,0.025247,0.328134
879,0.01988,0.011969,0.260037,0.051674,0.029824,0.32171
880,0.023513,0.013239,0.258712,0.041286,0.025602,0.321066
881,0.022644,0.013149,0.244824,0.042974,0.028859,0.309476
882,0.022761,0.013625,0.25617,0.038849,0.025707,0.318263
883,0.022384,0.013379,0.25919,0.040652,0.028125,0.323078
884,0.021866,0.012761,0.2557,0.040779,0.026948,0.317275
885,0.022757,0.014022,0.273997,0.041758,0.028792,0.339568
886,0.02355,0.013333,0.295453,0.039952,0.02832,0.360656
887,0.022598,0.013566,0.303154,0.044825,0.03113,0.370448
888,0.023594,0.013611,0.24994,0.043538,0.02523,0.312375
889,0.022997,0.01502,0.337922,0.053614,0.031914,0.407853
890,0.025885,0.018895,0.257987,0.04065,0.022796,0.325563
891,0.587542,0.037958,0.320906,0.062578,0.032055,0.978461
892,0.025262,0.014474,0.240841,0.037868,0.024945,0.305522
893,0.018808,0.01135,0.283282,0.047614,0.248141,0.561581
894,0.03183,0.019297,0.302612,0.057634,0.032006,0.385745
895,0.02467,0.014755,0.297179,0.04145,0.031801,0.368405
896,0.025222,0.019701,0.263127,0.046934,0.027682,0.335732
897,0.023593,0.013644,0.245494,0.033803,0.025001,0.307732
898,0.021024,0.012272,0.253561,0.031854,0.025332,0.312189
899,0.019999,0.017574,0.25205,0.035205,0.029544,0.319167
900,0.024881,0.014028,0.253922,0.042681,0.02716,0.319991
901,0.021038,0.014101,0.285465,0.040467,0.027611,0.348215
902,0.022733,0.014251,0.213133,0.036198,0.024228,0.274345
903,0.019166,0.011355,0.239754,0.035978,0.031213,0.301488
904,0.023184,0.012639,0.241756,0.03567,0.022571,0.30015
905,0.019434,0.011217,0.236763,0.03633,0.0255,0.292914
906,0.021023,0.012468,0.225511,0.031404,0.025792,0.284794
907,0.020616,0.012052,0.235574,0.041877,0.027831,0.296073
908,0.023042,0.010932,0.258511,0.040277,0.028703,0.321188
909,0.024065,0.013795,0.251117,0.035389,0.026001,0.314978
910,0.021427,0.013202,0.237871,0.029727,0.025735,0.298235
911,0.021007,0.012955,0.273726,0.046221,0.029531,0.337219
912,0.024265,0.013459,0.263447,0.046492,0.029577,0.330748
913,0.024192,0.013987,0.226483,0.039291,0.025174,0.289836
914,0.020955,0.011958,0.254076,0.033554,0.024913,0.311902
915,0.019967,0.011656,0.236444,0.028542,0.023096,0.291163
916,0.019271,0.010886,0.242494,0.034282,0.030234,0.302885
917,0.024203,0.013592,0.267428,0.049466,0.032601,0.337824
918,0.023223,0.013671,0.240993,0.040509,0.026056,0.303943
919,0.021379,0.011828,0.234592,0.032708,0.024955,0.292754
920,0.019698,0.012557,0.26195,0.036748,0.027151,0.321356
921,0.018156,0.010521,0.240749,0.042838,0.025607,0.295033
922,0.018589,0.012789,0.239535,0.035249,0.024243,0.295156
923,0.020605,0.012513,0.253373,0.036835,0.026159,0.31265
924,0.020969,0.012679,0.254142,0.037927,0.026631,0.314421
925,0.021407,0.013014,0.247042,0.039311,0.027842,0.309305
926,0.022447,0.013981,0.267217,0.043452,0.028149,0.331794
927,0.022315,0.012464,0.326185,0.040265,0.026023,0.386987
928,0.022098,0.013372,0.238216,0.031257,0.019691,0.293377
929,0.015952,0.009576,0.192126,0.026221,0.021502,0.239156
930,0.017448,0.010075,0.214312,0.026846,0.025045,0.26688
931,0.020032,0.010909,0.224628,0.031749,0.023625,0.279194
932,0.018263,0.012478,0.190166,0.029002,0.025062,0.245969
933,0.019948,0.011667,0.239747,0.035737,0.027391,0.298753
934,0.022261,0.012454,0.248336,0.039932,0.025939,0.30899
935,0.020491,0.012077,0.242317,0.031941,0.024066,0.298951
936,0.019945,0.011341,0.22568,0.025482,0.022071,0.279037
937,0.018506,0.009926,0.231834,0.02673,0.024003,0.284269
938,0.018945,0.010783,0.231913,0.028536,0.027934,0.289575
939,0.021378,0.012748,0.252679,0.031594,0.027312,0.314117
940,0.023407,0.013803,0.296235,0.031061,0.027309,0.360754
941,0.021587,0.012377,0.251935,0.035324,0.025763,0.311662
942,0.015612,0.009755,0.20279,0.026348,0.022282,0.250439
943,0.017941,0.010179,0.200356,0.02566,0.020191,0.248667
944,0.017148,0.009385,0.24092,0.033245,0.019843,0.287296
945,0.01598,0.009415,0.188086,0.024907,0.019327,0.232808
946,0.015428,0.008473,0.182556,0.024961,0.019455,0.225912
947,0.016441,0.009608,0.203408,0.030401,0.021547,0.251004
948,0.017463,0.01057,0.23555,0.033401,0.020524,0.284107
949,0.016921,0.009682,0.203151,0.033701,0.02185,0.251604
950,0.01643,0.010593,0.18491,0.02977,0.021918,0.233851
951,0.01752,0.009718,0.193665,0.028108,0.019718,0.240621
952,0.015785,0.009053,0.209656,0.028302,0.022681,0.257175
953,0.018118,0.010847,0.199621,0.026251,0.020603,0.249189
954,0.016761,0.009819,0.196529,0.028316,0.020386,0.243495
955,0.018262,0.010093,0.203046,0.036617,0.019743,0.251144
956,0.013334,0.007877,0.244275,0.034644,0.028625,0.294111
957,0.028012,0.01593,0.282739,0.051709,0.028616,0.355297
958,0.022793,0.01316,0.244468,0.0367,0.02392,0.304341
959,0.019836,0.012069,0.219353,0.027069,0.021086,0.272344
960,0.016686,0.009689,0.194454,0.022687,0.019756,0.240585
961,0.015802,0.008966,0.189948,0.021654,0.018938,0.233654
962,0.015654,0.009278,0.190027,0.021167,0.019702,0.234661
963,0.015896,0.008764,0.263078,0.023169,0.020707,0.308445
964,0.016363,0.009363,0.18646,0.021927,0.014511,0.226697
965,0.011998,0.00678,0.144303,0.015966,0.014503,0.177584
966,0.011809,0.006761,0.142029,0.015956,0.015369,0.175968
967,0.012098,0.006875,0.14392,0.015661,0.02091,0.183803
968,0.011936,0.006737,0.147725,0.016233,0.016678,0.183076
969,0.01231,0.006783,0.1537,0.01705,0.016357,0.18915
970,0.013752,0.007553,0.154136,0.016041,0.01621,0.191651
971,0.013091,0.007211,0.157818,0.016847,0.01669,0.19481
972,0.013549,0.007276,0.159994,0.017936,0.016605,0.197424
973,0.013409,0.007603,0.166696,0.018301,0.017599,0.205307
974,0.01411,0.007499,0.164722,0.017918,0.016745,0.203076
975,0.01416,0.007944,0.161692,0.016971,0.016708,0.200504
976,0.013654,0.007837,0.164711,0.018954,0.017293,0.203495
977,0.013985,0.007762,0.179101,0.024808,0.030102,0.23095
978,0.017655,0.009971,0.194701,0.027083,0.021169,0.243496
979,0.017543,0.010109,0.183718,0.024017,0.019108,0.230478
980,0.015964,0.009096,0.188834,0.025367,0.02097,0.234864
981,0.017269,0.00983,0.189876,0.025923,0.021804,0.238779
982,0.029064,0.011392,0.194413,0.026035,0.019712,0.254581
983,0.015563,0.009249,0.20068,0.02558,0.020478,0.24597
984,0.01669,0.009783,0.190537,0.025576,0.020474,0.237484
985,0.016497,0.010113,0.210073,0.028867,0.022345,0.259028
986,0.024053,0.010086,0.191031,0.028234,0.021403,0.246573
987,0.01664,0.009117,0.198647,0.027502,0.021874,0.246278
988,0.016747,0.009615,0.196404,0.026081,0.020954,0.24372
989,0.016369,0.009608,0.202252,0.028168,0.023709,0.251938
990,0.029245,0.010583,0.211629,0.028171,0.021428,0.272885
991,0.017652,0.010234,0.196647,0.026001,0.021491,0.246024
992,0.017057,0.009814,0.197414,0.025382,0.020966,0.245251
993,0.01741,0.010579,0.205212,0.028081,0.028191,0.261392
994,0.017286,0.010378,0.203775,0.026324,0.020342,0.251781
995,0.015839,0.008947,0.197016,0.0252,0.021403,0.243205
996,0.017325,0.009705,0.205415,0.030898,0.020722,0.253167
997,0.016164,0.009139,0.184502,0.028342,0.02749,0.237295
998,0.015633,0.009076,0.190189,0.028018,0.01892,0.233818
999,0.015266,0.008992,0.181774,0.025943,0.018379,0.224411
1000,0.015053,0.008962,0.182551,0.026169,0.022668,0.229234
1001,0.017584,0.010091,0.193079,0.033214,0.02696,0.247714
1002,0.023158,0.011676,0.229032,0.033182,0.023388,0.287254
1003,0.021903,0.010701,0.232006,0.034424,0.026444,0.291054
1004,0.021252,0.011305,0.215478,0.029184,0.023782,0.271817
1005,0.019938,0.010264,0.223048,0.035371,0.025346,0.278596
1006,0.019139,0.010476,0.216547,0.026134,0.025259,0.271421
1007,0.018807,0.010704,0.20715,0.023766,0.021843,0.258504
1008,0.017194,0.010238,0.222829,0.027755,0.022948,0.273209
1009,0.019689,0.011718,0.225965,0.03024,0.024639,0.282011
1010,0.019667,0.010999,0.236578,0.028605,0.022735,0.289979
1011,0.018876,0.010468,0.238808,0.029151,0.02394,0.292092
1012,0.019421,0.01115,0.262699,0.043479,0.025861,0.319131
1013,0.019976,0.011203,0.229056,0.028591,0.022775,0.28301
1014,0.019286,0.010769,0.224531,0.027908,0.022453,0.277039
1015,0.01798,0.010411,0.226107,0.027262,0.022392,0.27689
1016,0.018842,0.009599,0.259194,0.040229,0.031969,0.319604
1017,0.024087,0.014139,0.237716,0.036527,0.025019,0.300961
1018,0.019828,0.010558,0.236058,0.030168,0.02398,0.290424
1019,0.019723,0.010805,0.232614,0.02918,0.024307,0.287449
1020,0.019863,0.010783,0.222662,0.025888,0.023476,0.276784
1021,0.020332,0.011056,0.235936,0.033926,0.024673,0.291997
1022,0.019153,0.010869,0.231361,0.028866,0.030886,0.292269
1023,0.019543,0.010299,0.222879,0.029708,0.024116,0.276837
1024,0.019638,0.010742,0.218687,0.025282,0.023983,0.27305
1025,0.019572,0.010517,0.219794,0.026251,0.022086,0.271969
1026,0.018803,0.011515,0.236608,0.028981,0.022901,0.289827
1027,0.018812,0.01003,0.248388,0.029563,0.02434,0.30157
1028,0.019851,0.011003,0.221762,0.026623,0.023855,0.276471
1029,0.019505,0.010557,0.222527,0.025947,0.029746,0.282335
1030,0.019213,0.010263,0.22067,0.026595,0.021927,0.272073
1031,0.018415,0.009674,0.220744,0.027647,0.02385,0.272683
1032,0.019275,0.01016,0.218954,0.027562,0.023769,0.272158
1033,0.018993,0.010624,0.226434,0.02462,0.024014,0.280065
1034,0.019683,0.010857,0.220692,0.027084,0.021806,0.273038
1035,0.018314,0.00972,0.226921,0.028856,0.023656,0.278611
1036,0.019454,0.009946,0.220181,0.026759,0.02241,0.271991
1037,0.018564,0.010039,0.227451,0.024385,0.02299,0.279044
1038,0.019242,0.010489,0.220043,0.026625,0.022332,0.272106
1039,0.018464,0.010192,0.222768,0.029473,0.023594,0.275018
1040,0.019141,0.010436,0.226415,0.025645,0.023682,0.279674
1041,0.020036,0.010835,0.224051,0.027882,0.022321,0.277243
1042,0.018806,0.010074,0.221474,0.029198,0.023443,0.273797
1043,0.019607,0.010203,0.218251,0.025116,0.022177,0.270238
1044,0.019577,0.010787,0.243605,0.031275,0.022168,0.296137
1045,0.01911,0.010357,0.229175,0.030871,0.027963,0.286605
1046,0.022368,0.013088,0.238681,0.029675,0.023227,0.297364
1047,0.019356,0.011419,0.244039,0.027956,0.025478,0.300292
1048,0.020976,0.011884,0.239715,0.030768,0.026947,0.299522
1049,0.022694,0.013619,0.940638,0.065572,0.034948,1.011899
1050,0.026549,0.015326,0.251372,0.036839,0.024267,0.317514
1051,0.019515,0.011281,0.236122,0.029831,0.035562,0.30248
1052,0.020314,0.011455,0.559311,0.061418,0.035159,0.626239
1053,0.026616,0.015461,0.29114,0.051621,0.041688,0.374905
1054,0.024816,0.013802,0.260418,0.049354,0.027049,0.326085
1055,0.02216,0.012233,0.240285,0.034023,0.022964,0.297642
1056,0.018735,0.010517,0.23937,0.030843,0.027062,0.295684
1057,0.022001,0.011962,0.26489,0.040313,0.033589,0.332442
1058,0.023128,0.012943,0.251143,0.042015,0.024495,0.311709
1059,0.020111,0.011846,0.214216,0.025831,0.022334,0.268507
1060,0.018107,0.01134,0.222388,0.025127,0.024855,0.27669
1061,0.018449,0.010546,0.204881,0.02441,0.023303,0.257179
1062,0.017902,0.010361,0.226821,0.033914,0.027383,0.282467
1063,0.024798,0.019538,0.238774,0.032216,0.034669,0.317779
1064,0.02029,0.011844,0.245077,0.035898,0.026074,0.303285
1065,0.026024,0.013693,0.248159,0.04491,0.028731,0.316607
1066,0.023344,0.013006,0.277161,0.046215,0.026816,0.340327
1067,0.033325,0.013134,0.223519,0.032838,0.023982,0.29396
1068,0.019174,0.011194,0.226884,0.028262,0.02372,0.280972
1069,0.01972,0.010607,0.237677,0.030064,0.024302,0.292306
1070,0.02108,0.012226,0.319208,0.044868,0.02638,0.378894
1071,0.02838,0.012388,0.207857,0.029516,0.025087,0.273712
1072,0.019995,0.012546,0.154251,0.024891,0.013437,0.200229
1073,0.0139,0.008393,0.190575,0.026671,0.021015,0.233883
1074,0.017526,0.00995,0.230832,0.031371,0.023762,0.28207
1075,0.01955,0.010576,0.240434,0.032053,0.029696,0.300256
1076,0.024633,0.013639,0.229152,0.034208,0.027833,0.295257
1077,0.02131,0.01312,0.212661,0.030945,0.02453,0.271621
1078,0.021037,0.012383,0.243267,0.033369,0.02532,0.302007
1079,0.019901,0.010823,0.24596,0.035364,0.028656,0.30534
1080,0.02014,0.011827,0.216952,0.03926,0.034067,0.282986
1081,0.020481,0.012114,0.254521,0.041706,0.030071,0.317187
1082,0.023912,0.014607,0.263372,0.03997,0.02814,0.330031
1083,0.021719,0.012345,0.255568,0.037793,0.026318,0.31595
1084,0.019773,0.011465,0.235834,0.036238,0.024668,0.29174
1085,0.019987,0.011892,0.196265,0.023996,0.019366,0.24751
1086,0.015118,0.008633,0.177744,0.02305,0.018753,0.220248
1087,0.015148,0.009423,0.203632,0.038122,0.022557,0.25076
1088,0.021776,0.012737,0.203647,0.029115,0.019152,0.257312
1089,0.014808,0.00841,0.16525,0.024263,0.017377,0.205845
1090,0.015088,0.009976,0.16675,0.024545,0.018583,0.210397
1091,0.014646,0.008857,0.163908,0.026874,0.0173,0.204711
1092,0.013921,0.008792,0.216893,0.030458,0.018029,0.257635
1093,0.019843,0.010517,0.244568,0.033137,0.022617,0.297545
1094,0.018077,0.010375,0.181428,0.019878,0.016603,0.226483
1095,0.013322,0.007049,0.156383,0.01749,0.016446,0.1932
1096,0.013627,0.007373,0.164766,0.016771,0.015778,0.201544
1097,0.012744,0.007325,0.156882,0.017085,0.016,0.192951
1098,0.01293,0.007766,0.160686,0.019067,0.01708,0.198462
1099,0.013594,0.008074,0.19014,0.023533,0.02073,0.232538
1100,0.01757,0.010768,0.72915,0.058769,0.035683,0.793171
1101,0.026684,0.015963,0.283499,0.047239,0.027707,0.353853
1102,0.023406,0.014287,0.624942,0.041247,0.041754,0.704389
1103,0.03113,0.018085,0.319436,0.062115,0.030144,0.398795
1104,0.025329,0.015514,0.293471,0.058473,0.033166,0.36748
1105,0.026097,0.016454,0.277754,0.04523,0.02812,0.348425
1106,0.022362,0.014717,0.272479,0.049729,0.028197,0.337755
1107,0.023149,0.012204,0.253748,0.036751,0.026938,0.316039
1108,0.021073,0.012092,0.250111,0.034974,0.024918,0.308194
1109,0.022016,0.012233,0.255171,0.035182,0.026432,0.315852
1110,0.022361,0.011784,0.250635,0.036785,0.025149,0.309929
1111,0.021802,0.011692,0.253847,0.035828,0.026526,0.313867
1112,0.021551,0.012737,0.25159,0.03546,0.032647,0.318525
1113,0.022005,0.011476,0.250786,0.035397,0.026263,0.31053
1114,0.021391,0.012345,0.24962,0.034022,0.026586,0.309942
1115,0.021067,0.012602,0.246425,0.034421,0.026935,0.307029
1116,0.022073,0.013229,0.257329,0.038212,0.026907,0.319538
1117,0.02232,0.012109,0.245336,0.036788,0.024995,0.30476
1118,0.021631,0.012242,0.233096,0.032672,0.02262,0.289589
1119,0.018547,0.010231,0.22985,0.031836,0.024203,0.282831
1120,0.019516,0.01121,0.212339,0.029987,0.023086,0.266151
1121,0.019514,0.010461,0.21308,0.027466,0.020642,0.263697
1122,0.016609,0.009736,0.194181,0.023631,0.021098,0.241624
1123,0.018314,0.010346,0.229364,0.027276,0.024588,0.282612
1124,0.019099,0.01258,0.202162,0.024622,0.023009,0.25685
1125,0.018096,0.011134,0.239564,0.03524,0.030742,0.299536
1126,0.021061,0.011772,0.177614,0.026907,0.030352,0.240799
1127,0.017882,0.010225,0.224251,0.028573,0.022579,0.274937
1128,0.01894,0.010345,0.220686,0.025455,0.023429,0.2734
1129,0.019821,0.010887,0.222072,0.026142,0.023574,0.276354
1130,0.020309,0.010953,0.266606,0.038564,0.030207,0.328075
1131,0.023529,0.01353,0.257317,0.035344,0.028254,0.32263
1132,0.023011,0.012965,0.25004,0.035313,0.027345,0.313361
1133,0.022815,0.013485,0.249316,0.035084,0.025791,0.311407
1134,0.021836,0.012294,0.2562,0.035893,0.027187,0.317517
1135,0.021568,0.012356,0.245068,0.031693,0.024505,0.303497
1136,0.020847,0.012433,0.25053,0.033651,0.025524,0.309334
1137,0.020524,0.011649,0.253202,0.033449,0.026387,0.311762
1138,0.021845,0.013327,0.265771,0.038334,0.02739,0.328333
1139,0.021089,0.012034,0.273121,0.034439,0.027078,0.333322
1140,0.020207,0.011905,0.249551,0.035505,0.025473,0.307136
1141,0.020736,0.011488,0.237136,0.027138,0.022464,0.291824
1142,0.017891,0.01044,0.234658,0.027766,0.022956,0.285945
1143,0.01919,0.010798,0.241624,0.030342,0.029368,0.30098
1144,0.023867,0.013788,0.24908,0.034127,0.027542,0.314277
1145,0.021947,0.012694,0.235079,0.031871,0.025435,0.295155
1146,0.020565,0.012755,0.259837,0.03524,0.027389,0.320546
1147,0.02325,0.013985,0.274991,0.048821,0.029668,0.341894
1148,0.023836,0.012887,0.260222,0.048511,0.028775,0.32572
1149,0.021563,0.010912,0.260979,0.047985,0.028766,0.32222
1150,0.02354,0.014001,0.243048,0.037123,0.024362,0.304951
1151,0.021235,0.011871,0.24197,0.028944,0.023225,0.298301
1152,0.019548,0.011051,0.242286,0.034571,0.022937,0.295822
1153,0.018835,0.010375,0.229237,0.022618,0.022478,0.280925
1154,0.018699,0.010619,0.229975,0.022317,0.022675,0.281968
1155,0.018241,0.009983,0.226466,0.02173,0.022386,0.277076
1156,0.019109,0.010313,0.236919,0.023478,0.024303,0.290644
1157,0.019671,0.010516,0.227614,0.023447,0.023312,0.281113
1158,0.019467,0.010808,0.228193,0.021758,0.022951,0.281419
1159,0.018245,0.010244,0.236535,0.029139,0.02265,0.287674
1160,0.018997,0.010103,0.214754,0.022452,0.022908,0.266762
1161,0.019539,0.01015,0.229113,0.028191,0.024808,0.28361
1162,0.017997,0.010281,0.224524,0.028003,0.023719,0.276521
1163,0.020244,0.011795,0.240049,0.029668,0.022723,0.294811
1164,0.0189,0.01099,0.219068,0.026843,0.021379,0.270337
1165,0.019619,0.011776,0.230219,0.032105,0.028475,0.290089
1166,0.020932,0.012529,0.247082,0.0445,0.026178,0.306721
1167,0.021863,0.013058,0.235671,0.031453,0.027867,0.298459
1168,0.020202,0.012034,0.224439,0.032806,0.025864,0.282539
1169,0.019336,0.010654,0.231737,0.028005,0.024212,0.285939
1170,0.034031,0.011428,0.233467,0.024283,0.02315,0.302076
1171,0.018867,0.010252,0.228554,0.02202,0.022637,0.28031
1172,0.018301,0.010393,0.23318,0.021826,0.022611,0.284485
1173,0.018161,0.009679,0.236377,0.023541,0.023157,0.287374
1174,0.01915,0.010297,0.22928,0.021702,0.02266,0.281387
1175,0.01879,0.009864,0.224865,0.021208,0.022174,0.275693
1176,0.018555,0.010381,0.226723,0.021433,0.022584,0.278243
1177,0.02529,0.010115,0.226401,0.021607,0.022039,0.283845
1178,0.018181,0.010177,0.217523,0.020765,0.022943,0.268824
1179,0.020446,0.011057,0.233184,0.029402,0.023923,0.28861
1180,0.018278,0.010728,0.23875,0.03208,0.027394,0.29515
1181,0.022337,0.012397,0.233212,0.029856,0.024016,0.291962
1182,0.020901,0.012235,0.239463,0.033599,0.025896,0.298495
1183,0.02117,0.012041,0.23123,0.034436,0.038115,0.302556
1184,0.019671,0.011711,0.231403,0.032945,0.026764,0.289549
1185,0.021371,0.012833,0.243022,0.034173,0.026046,0.303272
1186,0.021254,0.012144,0.239415,0.033799,0.02382,0.296633
1187,0.021072,0.011295,4.603821,0.073591,0.046449,4.682637
1188,3.273485,0.240347,2.728022,0.065913,0.045899,6.287753
1189,0.032142,0.018448,0.316943,0.064487,0.03073,0.398263
1190,0.023768,0.014211,0.267693,0.048249,0.028946,0.334618
1191,0.023313,0.01349,0.251194,0.043241,0.026356,0.314353
1192,0.020284,0.01238,0.243906,0.034041,0.023495,0.300065
1193,0.018961,0.010554,0.23473,0.03462,0.025378,0.289623
1194,0.02129,0.011225,0.238329,0.028245,0.023512,0.294356
1195,0.019446,0.010623,0.245116,0.025617,0.02432,0.299505
1196,0.019996,0.01066,0.230527,0.023164,0.022648,0.283831
1197,0.018768,0.009821,0.227494,0.022823,0.022639,0.278722
1198,0.018678,0.009933,0.225429,0.022788,0.028932,0.282972
1199,0.018826,0.009768,0.225958,0.02248,0.022405,0.276957
1200,0.01849,0.009644,0.228228,0.02244,0.022382,0.278744
1201,0.018535,0.009629,0.229541,0.021405,0.022253,0.279958
1202,0.018691,0.009888,0.222788,0.021191,0.023195,0.274562
1203,0.019309,0.010562,0.222715,0.022627,0.023305,0.275891
1204,0.01932,0.01124,0.237453,0.035546,0.027035,0.295048
1205,0.022298,0.013104,0.238088,0.035451,0.037505,0.310995
1206,0.021172,0.012213,0.235056,0.033248,0.025498,0.293939
1207,0.021254,0.012577,0.251237,0.032877,0.025445,0.310513
1208,0.022114,0.012252,0.248934,0.040843,0.02622,0.30952
1209,0.021532,0.011899,0.260135,0.038294,0.028947,0.322513
1210,0.023077,0.012938,0.243575,0.029556,0.02415,0.30374
1211,0.019319,0.010707,0.231688,0.023245,0.022892,0.284606
1212,0.01898,0.010246,0.241124,0.023864,0.022934,0.293284
1213,0.018336,0.010177,0.228132,0.023019,0.022494,0.279139
1214,0.018703,0.010113,0.228249,0.022662,0.021926,0.278991
1215,0.018346,0.010382,0.226941,0.021868,0.33681,0.592479
1216,0.031437,0.966906,11.201015,10.62308,0.046506,12.245864
1217,0.033269,0.018811,0.293418,0.04066,0.027672,0.37317
1218,0.022211,0.01225,0.259668,0.028393,0.024885,0.319014
1219,0.019969,0.011048,0.238381,0.024731,0.023528,0.292926
1220,0.019368,0.010906,0.229303,0.023019,0.023031,0.282608
1221,0.019324,0.010345,0.237079,0.022848,0.024478,0.291226
1222,0.019875,0.010528,0.230943,0.02329,0.022554,0.2839
1223,0.019209,0.010077,0.229671,0.022689,0.022751,0.281708
1224,0.018863,0.010431,0.232348,0.031392,0.03865,0.300292
1225,0.022755,0.013986,0.242699,0.033796,0.026401,0.305841
1226,0.020754,0.012682,0.2334,0.031716,0.026043,0.292879
1227,0.02152,0.017645,0.247248,0.038296,0.02776,0.314173
1228,0.02148,0.013083,0.251772,0.039346,0.026864,0.313199
1229,0.023083,0.013466,0.255591,0.04372,0.02528,0.31742
1230,0.021338,0.013121,0.244067,0.039646,0.025561,0.304087
1231,0.02257,0.013295,0.272181,0.033992,0.02418,0.332226
1232,0.020253,0.011163,0.233151,0.02394,0.02276,0.287327
1233,0.018948,0.010162,0.231057,0.022021,0.022863,0.28303
1234,0.019211,0.010032,0.231764,0.022034,0.021897,0.282904
1235,0.01887,0.009937,0.225224,0.02325,0.022473,0.276504
1236,0.018634,0.010147,0.223912,0.022387,0.022477,0.27517
1237,0.018558,0.010213,0.228361,0.023044,0.022442,0.279574
1238,0.018669,0.010088,0.234161,0.022511,0.022502,0.28542
1239,0.018354,0.010214,0.226888,0.021501,0.022239,0.277695
1240,0.018455,0.01026,0.229317,0.026875,0.025306,0.283338
1241,0.01966,0.011323,0.239025,0.0307,0.024202,0.29421
1242,0.02005,0.010984,0.235772,0.031368,0.024918,0.291724
1243,0.020393,0.011822,0.244441,0.031263,0.024612,0.301268
1244,0.020018,0.011997,0.240667,0.030582,0.025438,0.29812
1245,0.021789,0.030703,0.247667,0.0432,0.0254,0.325559
1246,0.020268,0.011855,0.235706,0.036249,0.023607,0.291436
1247,0.019527,0.012043,0.243895,0.029053,0.024099,0.299564
1248,0.019289,0.010619,0.243244,0.024862,0.022771,0.295923
1249,0.0192,0.009949,0.227889,0.023442,0.022404,0.279442
1250,0.018626,0.010115,0.228734,0.023134,0.022115,0.27959
1251,0.018695,0.009913,0.232305,0.022756,0.022632,0.283545
1252,0.018634,0.009971,0.229761,0.023268,0.022544,0.28091
1253,0.018382,0.009763,0.226579,0.021467,0.022246,0.27697
1254,0.018931,0.010511,0.226608,0.021583,0.022044,0.278094
1255,0.018746,0.009817,16.200315,0.842604,0.048502,16.27738
1256,0.032731,0.019275,0.3135,0.064397,0.02932,0.394826
1257,0.024667,0.014094,0.246031,0.035193,0.026435,0.311227
1258,0.021051,0.012209,0.237454,0.029041,0.024504,0.295218
1259,0.02099,0.0119,0.236091,0.035112,0.026419,0.2954
1260,0.02096,0.011518,0.236745,0.026693,0.02333,0.292553
1261,0.018831,0.010417,0.237445,0.023607,0.023046,0.289739
1262,0.01901,0.010496,0.22835,0.023062,0.022325,0.280181
1263,0.018696,0.009904,0.232103,0.023315,0.023123,0.283826
1264,0.019035,0.010264,0.229568,0.022761,0.022313,0.28118
1265,0.018707,0.010056,0.240641,0.023008,0.022848,0.292252
1266,0.018628,0.010147,0.235715,0.023815,0.023068,0.287558
1267,0.01876,0.01035,0.233254,0.023506,0.022924,0.285288
1268,0.018682,0.01109,0.235685,0.022721,0.022837,0.288294
1269,0.018384,0.009346,0.231047,0.036166,0.028712,0.287489
1270,0.022918,0.013074,0.238617,0.032888,0.024792,0.299401
1271,0.020375,0.011996,0.229117,0.031491,0.023725,0.285213
1272,0.020316,0.012189,0.244503,0.033945,0.027609,0.304617
1273,0.022327,0.013697,0.257542,0.039288,0.02549,0.319056
1274,0.021789,0.012779,0.247455,0.037387,0.026135,0.308158
1275,0.021432,0.011873,0.252856,0.038771,0.026311,0.312472
1276,0.020892,0.012247,0.222585,0.030246,0.024506,0.28023
1277,0.020388,0.011554,0.241064,0.03552,0.028586,0.301592
1278,0.022362,0.012942,0.251568,0.045434,0.02558,0.312452
1279,0.020254,0.011908,0.237073,0.034341,0.025301,0.294536
1280,0.022479,0.011874,0.236862,0.032086,0.023095,0.29431
1281,0.019731,0.011032,0.234081,0.024891,0.023485,0.288329
1282,0.026646,0.01088,0.232527,0.024209,0.022818,0.292871
1283,0.018931,0.010396,0.228619,0.023096,0.022729,0.280675
1284,0.018547,0.010357,0.229812,0.022582,0.022706,0.281422
1285,0.018394,0.01026,0.232705,0.022254,0.022493,0.283852
1286,0.018376,0.010228,0.226267,0.022136,0.0226,0.277471
1287,0.018388,0.01005,0.223951,0.021154,0.022059,0.274448
1288,0.018645,0.010001,0.227208,0.022535,0.022935,0.278789
1289,0.018674,0.015885,0.225006,0.023194,0.021057,0.280622
1290,0.017801,0.010311,0.239949,0.03187,0.024372,0.292433
1291,0.019547,0.011091,0.231463,0.026017,0.024168,0.286269
1292,0.019614,0.010193,0.235333,0.026632,0.023877,0.289017
1293,0.019895,0.010937,0.229813,0.025143,0.024376,0.285021
1294,0.019487,0.011515,0.234843,0.025916,0.023873,0.289718
1295,0.020012,0.010814,0.235245,0.02613,0.03172,0.297791
1296,0.019996,0.010715,0.228888,0.027265,0.017686,0.277285
1297,0.013872,0.007958,0.149443,0.018857,0.01588,0.187153
1298,0.011741,0.009358,0.218513,0.026064,0.024563,0.264175
1299,0.019495,0.010208,11.852287,0.027756,0.051235,11.933225
1300,0.035895,0.020002,0.351513,0.0769,0.030144,0.437554
1301,0.023925,0.014061,0.253361,0.036372,0.025299,0.316646
1302,0.02075,0.012157,0.248929,0.032232,0.026579,0.308415
1303,0.020362,0.012057,0.242059,0.029367,0.025686,0.300164
1304,0.021422,0.011329,0.232711,0.02985,0.022889,0.288351
1305,0.019179,0.010818,0.227291,0.027072,0.025603,0.282891
1306,0.021279,0.010701,0.233033,0.031932,0.022821,0.287834
1307,0.01859,0.010437,0.232268,0.027112,0.022554,0.283849
1308,0.019247,0.010161,0.218185,0.025431,0.022434,0.270027
1309,0.018445,0.010134,0.221475,0.025109,0.022213,0.272267
1310,0.018444,0.010945,0.225356,0.025737,0.022356,0.277101
1311,0.018828,0.009895,0.216567,0.024369,0.021505,0.266795
1312,0.01812,0.009931,0.225265,0.026603,0.02372,0.277036
1313,0.019946,0.010032,0.227969,0.030623,0.024105,0.282052
1314,0.019941,0.011024,0.223252,0.026445,0.021987,0.276204
1315,0.017975,0.009763,0.216054,0.025046,0.021896,0.265688
1316,0.017417,0.009983,0.223727,0.029924,0.02589,0.277017
1317,0.020243,0.0111,0.206463,0.027234,0.021731,0.259537
1318,0.018275,0.010676,0.21619,0.025637,0.023116,0.268257
1319,0.019114,0.010666,0.225486,0.026565,0.023601,0.278867
1320,0.019497,0.010342,0.209542,0.025966,0.024582,0.263963
1321,0.0194,0.011153,0.253987,0.04476,0.025817,0.310357
1322,0.023068,0.012385,0.240396,0.031852,0.023655,0.299504
1323,0.020308,0.010754,0.227889,0.026373,0.021062,0.280013
1324,0.019026,0.010915,0.175075,0.023507,0.016599,0.221615
1325,0.012546,0.007229,0.183446,0.024842,0.021979,0.2252
1326,0.017847,0.010396,0.224906,0.033812,0.022969,0.276118
1327,0.018235,0.010373,0.214149,0.028995,0.022659,0.265416
1328,0.01706,0.009602,0.209183,0.024574,0.022602,0.258447
1329,0.018175,0.010037,0.21939,0.028795,0.021891,0.269493
1330,0.017416,0.010727,0.21087,0.028351,0.022739,0.261752
1331,0.018171,0.009959,0.219857,0.029844,0.023182,0.271169
1332,0.019866,0.011196,0.242802,0.031693,0.025643,0.299507
1333,0.019987,0.011402,0.241892,0.031361,0.026984,0.300265
1334,0.02081,0.012708,0.249878,0.03584,0.026807,0.310203
1335,0.021511,0.012848,0.237501,0.035908,0.025273,0.297133
1336,0.019564,0.011892,0.258465,0.037913,0.029225,0.319146
1337,0.021577,0.012485,0.244462,0.032956,0.025264,0.303788
1338,0.020978,0.011472,0.234182,0.025041,0.022676,0.289308
1339,0.018879,0.010046,0.243253,0.023843,0.023145,0.295323
1340,0.018358,0.011852,0.227921,0.022722,0.022928,0.281059
1341,0.018598,0.010509,0.229116,0.02298,0.022727,0.28095
1342,0.018819,0.010482,0.412558,0.022151,0.028402,0.470261
1343,0.022137,0.186821,5.503382,4.014936,0.047405,5.759745
1344,0.541779,0.032916,1.410277,0.160342,0.644321,2.629293
1345,0.044272,0.027554,4.379989,0.067619,0.045482,4.497297
1346,0.031306,0.0193,0.301328,0.047207,0.029679,0.381613
1347,0.023479,0.015182,0.270734,0.046057,0.029657,0.339052
1348,0.023705,0.013633,0.266794,0.039969,0.026345,0.330477
1349,0.020604,0.012241,0.24685,0.038562,0.026554,0.306249
1350,0.021633,0.011879,0.238964,0.027463,0.023229,0.295705
1351,0.019489,0.010422,0.239266,0.024117,0.023178,0.292355
1352,0.01954,0.010206,0.230762,0.023556,0.022569,0.283077
1353,0.018547,0.010204,0.228256,0.022794,0.022389,0.279396
1354,0.018784,0.010281,0.231559,0.022847,0.021628,0.282252
1355,0.019671,0.010514,0.250857,0.026003,0.023321,0.304363
1356,0.018791,0.010201,0.230381,0.023189,0.022426,0.281799
1357,0.018,0.009984,0.228443,0.022194,0.022347,0.278774
1358,0.018803,0.010286,0.241076,0.034647,0.02037,0.290535
1359,0.015891,0.009772,0.228852,0.032003,0.025735,0.28025
1360,0.021176,0.011268,0.23047,0.027726,0.024664,0.287578
1361,0.020599,0.012132,0.2324,0.030005,0.025293,0.290424
1362,0.020235,0.011177,0.228089,0.027891,0.023711,0.283212
1363,0.017805,0.010617,0.212658,0.027673,0.02496,0.26604
1364,0.019758,0.011869,0.218499,0.027597,0.021985,0.272111
1365,0.017887,0.010459,0.227526,0.027258,0.025052,0.280924
1366,0.020713,0.011579,0.220998,0.030809,0.023801,0.277091
1367,0.018447,0.010649,0.235906,0.032953,0.02589,0.290892
1368,0.020015,0.011964,0.220164,0.031827,0.024667,0.27681
1369,0.019275,0.011482,0.268464,0.040833,0.032048,0.331269
1370,0.022887,0.014227,0.260337,0.039864,0.02812,0.325571
1371,0.022955,0.012308,0.243599,0.029631,0.02445,0.303312
1372,0.019726,0.011132,0.287108,0.033755,0.02876,0.346726
1373,0.022802,0.012618,0.261244,0.035337,0.025784,0.322448
1374,0.021612,0.012388,0.264885,0.034192,0.026257,0.325142
1375,0.021226,0.012246,0.390126,0.047434,0.040732,0.46433
1376,0.034592,0.014893,0.313179,0.040857,0.030711,0.393375
1377,0.024745,0.013007,0.27591,0.047432,0.027318,0.34098
1378,0.024533,0.013224,0.262264,0.036642,0.029192,0.329213
1379,0.02402,0.015326,0.25486,0.039931,0.029328,0.323534
1380,0.023568,0.012836,0.504818,0.034464,0.039072,0.580294
1381,0.029402,0.016471,11.981425,0.069983,0.046312,12.07361
1382,0.032195,0.019457,0.306019,0.050918,0.031328,0.388999
1383,0.024661,0.014604,0.279518,0.042499,0.027933,0.346716
1384,0.021532,0.0132,0.251614,0.039299,0.026358,0.312704
1385,0.022253,0.012712,0.254864,0.036366,0.025716,0.315545
1386,0.020272,0.012503,0.273474,0.054448,0.030457,0.336706
1387,0.024715,0.013884,0.539047,0.060029,0.035459,0.613105
1388,0.0269,0.016093,0.269077,0.042435,0.02769,0.33976
1389,0.023409,0.012539,0.247294,0.031631,0.02446,0.307702
1390,0.020276,0.011587,0.239046,0.026315,0.023558,0.294467
1391,0.01919,0.010303,0.228729,0.023622,0.022375,0.280597
1392,0.027166,0.010316,0.233645,0.023235,0.022873,0.294
1393,0.019077,0.010294,0.230494,0.02344,0.022602,0.282467
1394,0.018927,0.010081,0.228696,0.02293,0.022367,0.280071
1395,0.018634,0.01037,0.23402,0.022747,0.022779,0.285803
1396,0.018788,0.010293,0.228966,0.02229,0.022261,0.280308
1397,0.018229,0.010002,0.22549,0.022414,0.022426,0.276147
1398,0.016732,0.009508,0.216187,0.030791,0.024803,0.26723
1399,0.019448,0.019886,0.234428,0.033717,0.025887,0.299649
1400,0.021964,0.012605,0.246395,0.03723,0.024983,0.305947
1401,0.019869,0.011434,0.227773,0.033006,0.025907,0.284983
1402,0.02025,0.01208,0.242165,0.033212,0.024559,0.299054
1403,0.01997,0.011003,0.235393,0.025329,0.023429,0.289795
1404,0.018811,0.010327,0.228301,0.022801,0.022812,0.280251
1405,0.018967,0.010298,0.239613,0.022532,0.022927,0.291805
1406,0.018914,0.010656,0.230057,0.023544,0.022468,0.282095
1407,0.018617,0.010052,0.225945,0.02131,0.022434,0.277048
1408,0.019172,0.010302,0.227577,0.022076,0.022652,0.279703
1409,0.018932,0.014796,0.235057,0.022749,0.022632,0.291417
1410,0.019084,0.01025,0.227934,0.022493,0.022714,0.279982
1411,0.018941,0.010216,0.220729,0.022356,0.021911,0.271797
1412,0.01824,0.010212,0.246071,0.03433,0.029613,0.304136
1413,0.02249,0.012781,0.233098,0.033949,0.028322,0.296691
1414,0.021731,0.012811,0.238999,0.032719,0.026462,0.300003
1415,0.021604,0.011964,0.233276,0.035668,0.025826,0.29267
1416,0.021629,0.012446,0.235687,0.034393,0.023548,0.29331
1417,0.019271,0.011147,0.228836,0.031642,0.026728,0.285982
1418,0.020791,0.013328,0.246934,0.029061,0.024539,0.305592
1419,0.019047,0.010983,2.737434,0.236845,0.04738,2.814844
1420,0.03391,0.019133,0.88168,0.157172,0.33698,1.271703
1421,0.03488,0.021422,0.460416,0.063212,0.037842,0.55456
1422,0.028063,0.017106,0.296639,0.054339,0.033514,0.375322
1423,0.027204,0.015628,0.28944,0.053883,0.031294,0.363566
1424,0.025756,0.014462,0.303923,0.049141,0.031624,0.375765
1425,0.024682,0.01403,0.267846,0.051447,0.028416,0.334974
1426,0.023043,0.013346,0.250194,0.033995,0.024082,0.310665
1427,0.020415,0.011812,0.269308,0.038582,0.032263,0.333798
1428,0.025738,0.013765,0.300882,0.046783,0.032652,0.373037
1429,0.03768,0.014485,0.268172,0.047011,0.029336,0.349673
1430,0.023548,0.014077,0.268559,0.047607,0.031557,0.337741
1431,0.022992,0.012758,0.264531,0.047349,0.044069,0.34435
1432,0.026401,0.015008,0.254344,0.048143,0.029658,0.325411
1433,0.022904,0.013791,0.251561,0.041786,0.027896,0.316152
1434,0.021606,0.013425,0.255647,0.044859,0.030533,0.321211
1435,0.038712,0.013743,0.243057,0.043319,0.026731,0.322243
1436,0.022544,0.013802,0.266956,0.041823,0.028236,0.331538
1437,0.02154,0.023587,0.297843,0.049752,0.045897,0.388867
1438,0.023875,0.014368,0.26596,0.050086,0.027886,0.332089
1439,0.022785,0.01325,0.269638,0.043489,0.031328,0.337001
1440,0.024578,0.015222,0.26889,0.035775,0.02695,0.33564
1441,0.02258,0.013628,0.258149,0.038289,0.02865,0.323007
1442,0.022885,0.01355,0.252731,0.035344,0.026739,0.315905
1443,0.022561,0.012812,0.270316,0.033465,0.02888,0.334569
1444,0.023274,0.014134,0.262227,0.035621,0.027159,0.326794
1445,0.022512,0.012854,0.259052,0.031584,0.026152,0.32057
1446,0.021825,0.012195,0.265603,0.03824,0.046576,0.346199
1447,0.025682,0.014068,0.270136,0.036737,0.028553,0.338439
1448,0.022722,0.013035,0.251451,0.033534,0.029036,0.316244
1449,0.023027,0.013393,0.268405,0.035484,0.026529,0.331354
1450,0.022469,0.013465,0.253907,0.03457,0.027961,0.317802
1451,0.02208,0.01317,0.269823,0.03629,0.026752,0.331825
1452,0.021645,0.012899,0.268562,0.031927,0.026401,0.329507
1453,0.021282,0.012506,0.255824,0.033358,0.026215,0.315827
1454,0.02176,0.012495,0.252559,0.030529,0.026205,0.313019
1455,0.021324,0.01186,0.272804,0.042395,0.043273,0.349261
1456,0.026075,0.015752,0.262184,0.035594,0.028185,0.332196
1457,0.022447,0.013114,0.259054,0.033808,0.02649,0.321105
1458,0.020998,0.01207,0.254235,0.031481,0.026964,0.314267
1459,0.03301,0.011997,0.274092,0.042321,0.030658,0.349757
1460,0.024038,0.013876,0.263138,0.032898,0.027911,0.328963
1461,0.022067,0.013075,0.257271,0.031921,0.033499,0.325912
1462,0.021089,0.012329,0.255369,0.032342,0.025677,0.314464
1463,0.020214,0.013892,0.28195,0.04347,0.032758,0.348814
1464,0.024821,0.014062,0.264824,0.034498,0.037257,0.340964
1465,0.022611,0.013205,0.259108,0.031973,0.02618,0.321104
1466,0.021281,0.012873,0.254328,0.031856,0.026487,0.314969
1467,0.021672,0.012384,0.278621,0.043257,0.04262,0.355297
1468,0.025378,0.014601,0.264572,0.036406,0.027014,0.331565
1469,0.021611,0.012237,0.244964,0.032671,0.025433,0.304245
1470,0.02043,0.012325,0.257792,0.035894,0.031136,0.321683
1471,0.036211,0.013577,0.246107,0.03863,0.026078,0.321973
1472,0.021146,0.011817,0.225687,0.035871,0.025987,0.284637
1473,0.019981,0.01185,0.234276,0.035626,0.026201,0.292308
1474,0.020321,0.011497,0.247958,0.036072,0.026697,0.306473
1475,0.020506,0.01271,0.271739,0.040635,0.026933,0.331888
1476,0.022078,0.012974,0.255919,0.034527,0.025834,0.316805
1477,0.019707,0.011533,0.27309,0.037243,0.02671,0.33104
1478,0.020474,0.01233,0.246187,0.033962,0.025913,0.304904
1479,0.020066,0.011701,0.274658,0.041103,0.032144,0.338569
1480,0.025817,0.015556,0.278896,0.037421,0.027358,0.347627
1481,0.02304,0.014046,0.261003,0.034999,0.02779,0.325879
1482,0.022682,0.014181,0.265955,0.035163,0.028339,0.331157
1483,0.021505,0.013103,0.273848,0.035463,0.026973,0.335429
1484,0.022612,0.012555,0.260625,0.033924,0.027055,0.322847
1485,0.021411,0.012749,0.253588,0.03289,0.026817,0.314565
1486,0.021055,0.013004,0.274779,0.036738,0.030593,0.339431
1487,0.022554,0.013994,0.248924,0.036852,0.029695,0.315167
1488,0.023722,0.013923,0.242523,0.043176,0.028341,0.308509
1489,0.022213,0.01318,0.254997,0.038281,0.027621,0.318011
1490,0.0219,0.013004,0.227034,0.039251,0.026192,0.28813
1491,0.020805,0.012013,0.243134,0.035759,0.027066,0.303018
1492,0.019802,0.012011,0.253021,0.043341,0.024587,0.309421
1493,0.018356,0.012242,0.210789,0.035614,0.024613,0.266
1494,0.015728,0.009845,0.248531,0.040007,0.028278,0.302382
1495,0.016457,0.00942,0.200352,0.030685,0.023106,0.249335
1496,0.019889,0.011539,0.285598,0.059665,0.020048,0.337074
1497,0.015061,0.008989,0.202128,0.033446,0.018728,0.244906
1498,0.014645,0.008648,0.186019,0.02969,0.022366,0.231678
1499,0.018918,0.011496,0.244522,0.032637,0.034745,0.309681
1500,0.021019,0.012583,0.257971,0.03293,0.025386,0.316959
1501,0.019257,0.011996,0.262322,0.036883,0.030211,0.323786
1502,0.024662,0.014203,0.25571,0.033314,0.026955,0.32153
1503,0.437062,0.036461,0.337466,0.064302,0.03556,0.846549
1504,0.029306,0.015896,0.274355,0.039501,0.025896,0.345453
1505,0.021337,0.011676,0.241065,0.026854,0.023349,0.297427
1506,0.019706,0.010832,0.231105,0.023569,0.022652,0.284295
1507,0.019081,0.010452,0.236076,0.022497,0.022801,0.28841
1508,0.019027,0.010252,0.22975,0.023371,0.022035,0.281064
1509,0.018433,0.009753,0.228379,0.022674,0.022584,0.279149
1510,0.018864,0.009984,0.225879,0.022438,0.022448,0.277175
1511,0.018591,0.009974,0.21768,0.022496,0.023933,0.270178
1512,0.020318,0.01232,0.258746,0.039607,0.033018,0.324402
1513,0.024278,0.013909,0.266512,0.039794,0.024205,0.328904
1514,0.020464,0.010909,0.238451,0.025903,0.022871,0.292695
1515,0.025233,0.01103,0.251959,0.046181,0.028056,0.316278
1516,0.02233,0.012702,0.230002,0.033958,0.024312,0.289346
1517,0.020273,0.011583,0.258532,0.035802,0.024698,0.315086
1518,0.01958,0.011861,0.263619,0.042286,0.026803,0.321863
1519,0.022141,0.012519,0.291041,0.039825,0.029389,0.35509
1520,0.022862,0.012786,0.261521,0.042006,0.026269,0.323438
1521,0.021158,0.012395,0.251381,0.045655,0.02892,0.313854
1522,0.024156,0.014443,0.271886,0.039629,0.028412,0.338897
1523,0.020873,0.012991,0.304678,0.046666,0.028748,0.36729
1524,0.025253,0.013442,0.258818,0.045672,0.028478,0.325991
1525,0.022027,0.013112,0.255952,0.038014,0.025732,0.316823
1526,0.02091,0.012517,0.272686,0.046631,0.033515,0.339628
1527,0.025929,0.015204,0.262639,0.048654,0.030456,0.334228
1528,0.022361,0.01333,0.258891,0.042467,0.027825,0.322407
1529,0.021661,0.012827,0.273267,0.038699,0.027377,0.335132
1530,0.021883,0.012449,0.247168,0.045991,0.028095,0.309595
1531,0.0224,0.012514,0.263881,0.041095,0.030877,0.329672
1532,0.024039,0.014706,0.286188,0.040212,0.03011,0.355043
1533,0.023956,0.013865,0.31281,0.048736,0.032797,0.383428
1534,0.025111,0.014326,0.272755,0.049759,0.03001,0.342202
1535,0.024967,0.014134,0.276808,0.042964,0.027904,0.343813
1536,0.044885,0.028391,0.274979,0.04982,0.02976,0.378015
1537,0.02323,0.013259,0.257956,0.044925,0.028727,0.323172
1538,0.022861,0.013425,0.277028,0.040365,0.030586,0.3439
1539,0.024338,0.013973,0.259604,0.037619,0.028124,0.326039
1540,0.022702,0.013526,0.261245,0.032188,0.026344,0.323817
1541,0.021567,0.013121,0.271477,0.033652,0.028587,0.334752
1542,0.022926,0.014543,0.267303,0.037494,0.030903,0.335675
1543,0.024833,0.015121,0.279957,0.044505,0.028763,0.348674
1544,0.022748,0.013535,0.268041,0.039982,0.026894,0.331218
1545,0.022452,0.012682,0.263459,0.035838,0.026923,0.325516
1546,0.022011,0.013419,0.25806,0.034999,0.026605,0.320095
1547,0.021851,0.01326,0.281131,0.040293,0.028545,0.344787
1548,0.021782,0.012894,0.260552,0.036672,0.028324,0.323552
1549,0.022357,0.012975,0.260481,0.032818,0.02781,0.323623
1550,0.021419,0.012826,0.271818,0.03488,0.030757,0.33682
1551,0.024237,0.013683,0.261682,0.035385,0.027321,0.326923
1552,0.022354,0.013245,0.256516,0.034131,0.026509,0.318624
1553,0.02051,0.012468,0.257514,0.033144,0.027733,0.318225
1554,0.02115,0.012997,0.271031,0.034309,0.029849,0.335027
1555,0.023659,0.012839,0.258225,0.033058,0.028443,0.323166
1556,0.022044,0.012602,0.268471,0.031297,0.025246,0.328363
1557,0.022154,0.012261,0.250903,0.034062,0.026777,0.312095
1558,0.020737,0.012062,0.245711,0.030742,0.027901,0.306411
1559,0.023152,0.012981,0.277811,0.042761,0.02929,0.343234
1560,0.023249,0.012726,0.244651,0.028858,0.023457,0.304083
1561,0.01902,0.010608,0.233541,0.024251,0.022988,0.286157
1562,0.018794,0.010503,0.237995,0.023271,0.022762,0.290054
1563,0.019007,0.010422,0.229208,0.023402,0.022489,0.281126
1564,0.018628,0.010094,0.228869,0.021592,0.044051,0.301642
1565,0.018664,0.010384,0.228299,0.022186,0.022618,0.279965
1566,0.018292,0.010658,0.236451,0.022186,0.023269,0.28867
1567,0.018529,0.010326,0.228103,0.021528,0.02253,0.279488
1568,0.01854,0.010328,0.218096,0.021992,0.020748,0.267712
1569,0.017405,0.01071,0.274691,0.050659,0.03323,0.336036
1570,0.026118,0.013983,0.27104,0.037688,0.028451,0.339592
1571,0.022722,0.012268,0.258837,0.034967,0.028052,0.321879
1572,0.023048,0.013339,0.305262,0.049812,0.031824,0.373473
1573,0.024664,0.0195,0.268434,0.047608,0.029067,0.341665
1574,0.023425,0.013308,0.25844,0.044963,0.029209,0.324382
1575,0.024129,0.013109,0.259187,0.04297,0.026676,0.323101
1576,0.02174,0.01294,0.249335,0.033212,0.026476,0.310491
1577,0.021026,0.012061,0.244605,0.030138,0.027031,0.304723
1578,0.023168,0.012149,0.250241,0.037279,0.027263,0.312821
1579,0.023361,0.012987,0.246893,0.037438,0.027372,0.310613
1580,0.021723,0.012992,0.265936,0.037573,0.029931,0.330582
1581,0.023894,0.013528,0.2752,0.035339,0.028313,0.340935
1582,0.021761,0.012798,0.261144,0.037193,0.027266,0.322969
1583,0.022729,0.01318,0.256307,0.032973,0.026714,0.31893
1584,0.022079,0.013092,0.266647,0.031905,0.026947,0.328765
1585,0.022705,0.01355,0.278273,0.038813,0.029327,0.343855
1586,0.022718,0.013156,0.262324,0.035669,0.027505,0.325703
1587,0.022089,0.012496,0.262809,0.034789,0.027591,0.324985
1588,0.021884,0.012564,0.25843,0.036952,0.029035,0.321913
1589,0.023475,0.013872,0.258225,0.033853,0.02635,0.321922
1590,0.021153,0.012692,0.25834,0.043999,0.029793,0.321978
1591,0.02225,0.013287,0.26816,0.046677,0.028829,0.332526
1592,0.023837,0.013568,0.262516,0.03442,0.026647,0.326568
1593,0.02073,0.012598,0.277907,0.038104,0.028057,0.339292
1594,0.022592,0.013538,0.2599,0.046514,0.02896,0.32499
1595,0.023432,0.013841,0.256383,0.055525,0.026434,0.32009
1596,0.023478,0.014469,0.235728,0.03847,0.035171,0.308846
1597,0.022326,0.014148,0.268841,0.041167,0.028268,0.333583
1598,0.021149,0.012739,0.256294,0.03719,0.027879,0.318061
1599,0.021917,0.012474,0.262182,0.035259,0.027386,0.323959
1600,0.030658,0.012089,0.259813,0.033707,0.028241,0.330801
1601,0.023002,0.013195,0.264745,0.032233,0.026733,0.327675
1602,0.021399,0.012619,0.252614,0.03356,0.026839,0.313471
1603,0.021466,0.02679,0.258595,0.040808,0.038235,0.345086
1604,0.022146,0.012769,0.188572,0.029945,0.026755,0.250242
1605,0.021479,0.012533,0.234437,0.040207,0.027605,0.296054
1606,0.022447,0.013177,0.762392,0.058476,0.035618,0.833634
1607,0.027298,0.016319,0.291057,0.043192,0.028334,0.363008
1608,0.022782,0.013508,0.263122,0.040149,0.027695,0.327107
1609,0.022192,0.012778,0.264215,0.038319,0.028095,0.32728
1610,0.022278,0.013547,0.26813,0.034146,0.026737,0.330692
1611,0.022034,0.01327,0.270759,0.038528,0.028875,0.334938
1612,0.021632,0.013247,0.278405,0.04194,0.033667,0.346951
1613,0.022982,0.013346,0.262424,0.046754,0.02711,0.325862
1614,0.020509,0.013312,0.251569,0.0352,0.024447,0.309837
1615,0.019968,0.010822,0.237518,0.026026,0.023124,0.291432
1616,0.019292,0.0105,0.231007,0.022871,0.022669,0.283468
1617,0.019075,0.018352,0.231609,0.023654,0.022602,0.291638
1618,0.018721,0.009787,0.229725,0.022831,0.022723,0.280956
1619,0.018525,0.010116,0.229744,0.023306,0.02286,0.281245
1620,0.018873,0.010367,0.235031,0.021918,0.022767,0.287038
1621,0.018902,0.010464,0.226314,0.02141,0.022213,0.277893
1622,0.018545,0.010365,0.22715,0.021403,0.022393,0.278453
1623,0.018823,0.010377,0.218449,0.024891,0.024752,0.272401
1624,0.021188,0.018774,0.243584,0.043434,0.026051,0.309597
1625,0.021396,0.011844,0.237169,0.029601,0.024343,0.294752
1626,0.019514,0.010547,0.229049,0.030101,0.026197,0.285307
1627,0.020805,0.011834,0.239242,0.029321,0.026125,0.298006
1628,0.020852,0.012637,0.246381,0.03128,0.024821,0.304691
1629,0.020846,0.011594,0.247149,0.032163,0.028223,0.307812
1630,0.022264,0.013292,0.287618,0.048876,0.026263,0.349437
1631,0.021016,0.012256,0.261455,0.035056,0.026568,0.321295
1632,0.020559,0.012105,0.255203,0.034626,0.025159,0.313026
1633,0.020805,0.011625,0.253641,0.033988,0.027092,0.313163
1634,0.021956,0.013662,0.270942,0.036834,0.02665,0.33321
1635,0.022072,0.01174,0.260141,0.038884,0.028442,0.322395
1636,0.02167,0.012849,0.266939,0.035866,0.027536,0.328994
1637,0.022519,0.012452,0.262223,0.032906,0.026847,0.324041
1638,0.020029,0.012214,0.258065,0.03169,0.027705,0.318013
1639,0.023471,0.01341,0.273613,0.034085,0.026325,0.336819
1640,0.022125,0.012437,0.254555,0.032443,0.026583,0.3157
1641,0.021576,0.012687,0.260368,0.032469,0.026566,0.321197
1642,0.02112,0.012891,0.261031,0.028746,0.028945,0.323987
1643,0.02264,0.013147,0.265879,0.032694,0.027596,0.329262
1644,0.02199,0.013412,0.262015,0.031089,0.026716,0.324133
1645,0.021804,0.013171,0.257886,0.038892,0.136052,0.428913
1646,0.023579,0.013398,0.236173,0.036757,0.025651,0.298801
1647,0.021851,0.011999,0.253746,0.033036,0.025616,0.313212
1648,0.020317,0.011487,0.251195,0.029611,0.024245,0.307244
1649,0.019377,0.01129,0.236522,0.03143,0.025878,0.293067
1650,0.020967,0.012752,0.25174,0.035852,0.026684,0.312143
1651,0.022289,0.012456,0.252191,0.039165,0.026353,0.313289
1652,0.028235,0.012453,0.247808,0.035267,0.024983,0.313479
1653,0.020589,0.011626,0.238562,0.030816,0.024732,0.295509
1654,0.020701,0.011575,0.239853,0.030135,0.023405,0.295534
1655,0.020799,0.01093,0.262107,0.035185,0.028333,0.322169
1656,0.022809,0.012123,0.242528,0.032311,0.025551,0.303011
1657,0.020748,0.011477,0.241082,0.031099,0.025053,0.29836
1658,0.020689,0.012169,0.249069,0.031677,0.027175,0.309102
1659,0.021423,0.013164,0.239888,0.030021,0.024604,0.299079
1660,0.020382,0.011496,0.239519,0.027192,0.023903,0.2953
1661,0.019642,0.010847,0.244629,0.024984,0.02542,0.300538
1662,0.020226,0.01173,0.242129,0.026763,0.024814,0.298899
1663,0.019955,0.011384,0.226601,0.025321,0.024408,0.282348
1664,0.019522,0.011512,0.245799,0.028424,0.02592,0.302753
1665,0.02255,0.012306,0.260653,0.032132,0.026426,0.321935
1666,0.02106,0.012403,0.239335,0.027012,0.024602,0.2974
1667,0.020826,0.011573,0.233653,0.02823,0.025348,0.2914
1668,0.020694,0.012072,0.263058,0.034203,0.026831,0.322655
1669,0.020427,0.011419,0.243677,0.029759,0.023925,0.299448
1670,0.019613,0.01088,0.238878,0.027221,0.023411,0.292782
1671,0.019928,0.011346,0.249117,0.027529,0.026461,0.306852
1672,0.02125,0.012188,0.239246,0.030415,0.0241,0.296784
1673,0.020286,0.011302,0.221136,0.026034,0.022758,0.275482
1674,0.018835,0.010863,0.23536,0.033513,0.028483,0.293541
1675,0.022092,0.020844,0.262675,0.034938,0.026365,0.331976
1676,0.021772,0.012347,0.256815,0.039075,0.026293,0.317227
1677,0.025325,0.01715,0.249074,0.043869,0.032285,0.323834
1678,0.021453,0.012924,0.254017,0.039595,0.025147,0.313541
1679,0.021285,0.012535,0.249827,0.040114,0.029027,0.312674
1680,0.021958,0.013121,0.256791,0.041617,0.026609,0.318479
1681,0.021893,0.012806,0.273128,0.034423,0.026421,0.334248
1682,0.02022,0.012378,0.247653,0.03272,0.024848,0.305099
1683,0.020984,0.012367,0.24164,0.03096,0.02583,0.300821
1684,0.021075,0.012279,0.254268,0.031038,0.025456,0.313078
1685,0.019188,0.011154,0.250261,0.029177,0.02847,0.309073
1686,0.021135,0.012755,0.242595,0.030443,0.025199,0.301684
1687,0.020177,0.011943,0.261248,0.042972,0.025642,0.31901
1688,0.020877,0.012143,0.248068,0.028956,0.024916,0.306004
1689,0.020645,0.011824,0.24912,0.029515,0.027797,0.309386
1690,0.022266,0.013398,0.263883,0.032842,0.028318,0.327865
1691,0.023851,0.01317,0.258286,0.030968,0.026071,0.321378
1692,0.021137,0.012706,0.253963,0.031257,0.025216,0.313022
1693,0.020336,0.011299,0.252024,0.036224,0.040383,0.324042
1694,0.024035,0.01456,0.244347,0.037002,0.027374,0.310316
1695,0.022473,0.012981,0.254023,0.039106,0.028104,0.317581
1696,0.021876,0.013453,0.253423,0.037001,0.029956,0.318708
1697,0.02335,0.033945,0.271894,0.039493,0.029546,0.358735
1698,0.023142,0.014376,0.266805,0.039756,0.026049,0.330372
1699,0.02208,0.013717,0.26576,0.038283,0.028417,0.329974
1700,0.042459,0.030678,0.354585,0.064996,0.037442,0.465164
1701,0.026077,0.015931,0.289989,0.050122,0.03079,0.362787
1702,0.023825,0.014109,0.248728,0.031993,0.025233,0.311895
1703,0.020307,0.011546,0.238747,0.025748,0.023816,0.294416
1704,0.019241,0.010483,0.249539,0.025811,0.024372,0.303635
1705,0.020194,0.010389,0.231635,0.023612,0.022932,0.28515
1706,0.019022,0.010393,0.228643,0.022418,0.022698,0.280756
1707,0.018823,0.01049,0.23164,0.02223,0.021313,0.282266
1708,0.016663,0.009075,0.265293,0.03385,0.026822,0.317853
1709,0.021396,0.011514,0.231675,0.026215,0.022957,0.287542
1710,0.018653,0.010255,0.227772,0.023123,0.022583,0.279263
1711,0.018604,0.010157,0.229897,0.022191,0.030812,0.28947
1712,0.019464,0.011257,0.248925,0.044515,0.026411,0.306057
1713,0.021564,0.012188,0.243491,0.030591,0.026246,0.303489
1714,0.021017,0.011961,0.255036,0.037057,0.025966,0.31398
1715,0.02044,0.011768,0.227159,0.029871,0.023753,0.28312
1716,0.019431,0.01109,0.24217,0.031365,0.02716,0.299851
1717,0.021515,0.011752,0.249823,0.028581,0.026505,0.309595
1718,0.021171,0.012073,0.234829,0.027664,0.024485,0.292558
1719,0.020357,0.011915,0.242201,0.032957,0.025241,0.299714
1720,0.019462,0.012578,0.264472,0.044425,0.029835,0.326347
1721,0.038158,0.014665,0.253138,0.047554,0.02938,0.335341
1722,0.023414,0.014649,0.269792,0.049646,0.030047,0.337902
1723,0.023835,0.013861,0.259785,0.046035,0.025918,0.323399
1724,0.032118,0.012906,0.257579,0.039852,0.029549,0.332152
1725,0.022855,0.013317,0.255864,0.033724,0.026876,0.318912
1726,0.021156,0.012076,0.24045,0.03088,0.025117,0.298799
1727,0.02006,0.011322,0.256114,0.032527,0.026527,0.314023
1728,0.0213,0.011846,0.241633,0.030405,0.028821,0.3036
1729,0.022695,0.012887,0.245081,0.029744,0.025573,0.306236
1730,0.021007,0.01187,0.24831,0.030207,0.025089,0.306276
1731,0.020809,0.011502,0.239648,0.030116,0.026477,0.298436
1732,0.021336,0.013259,0.246879,0.026311,0.024317,0.305791
1733,0.019327,0.011025,0.239198,0.031062,0.024614,0.294164
1734,0.020058,0.011274,0.238857,0.026557,0.025264,0.295453
1735,0.020142,0.011559,0.234326,0.027599,0.024929,0.290956
1736,0.019941,0.011626,0.236158,0.029266,0.025584,0.293309
1737,0.029733,0.017128,0.234029,0.027622,0.023677,0.304567
1738,0.019536,0.011594,0.231339,0.025075,0.025695,0.288164
1739,0.021345,0.012476,0.255305,0.034966,0.025505,0.314631
1740,0.020738,0.011804,0.261447,0.039911,0.027919,0.321908
1741,0.022282,0.013766,0.258659,0.041936,0.028768,0.323475
1742,0.023351,0.013365,0.28344,0.042419,0.028978,0.349134
1743,0.023011,0.013685,0.291641,0.051557,0.032416,0.360753
1744,0.025233,0.014254,0.265805,0.045165,0.028706,0.333998
1745,0.022964,0.014467,0.247062,0.045081,0.030758,0.315251
1746,0.024211,0.014159,0.27194,0.042946,0.028446,0.338756
1747,0.022388,0.012898,0.272868,0.045222,0.030873,0.339027
1748,0.023756,0.013832,0.263886,0.048556,0.027983,0.329457
1749,0.02304,0.013703,0.27331,0.043856,0.027549,0.337602
1750,0.022149,0.01408,0.268464,0.049983,0.03364,0.338333
1751,0.024296,0.014352,0.272431,0.048814,0.029132,0.340211
1752,0.022877,0.021717,0.304839,0.075987,0.02782,0.377253
1753,0.023213,0.013112,0.255555,0.042923,0.030038,0.321918
1754,0.023459,0.107351,0.313891,0.066468,0.031129,0.47583
1755,0.025622,0.02065,0.272758,0.050022,0.029744,0.348774
1756,0.023099,0.015067,0.29762,0.050326,0.029541,0.365327
1757,0.023829,0.014099,0.285249,0.050469,0.033492,0.356669
1758,0.026275,0.015126,0.273217,0.048283,0.02976,0.344378
1759,0.022826,0.013597,0.259654,0.045991,0.030484,0.326561
1760,0.023981,0.014279,0.275568,0.041943,0.031281,0.345109
1761,0.024897,0.01494,0.269563,0.03933,0.029252,0.338652
1762,0.023096,0.012943,0.256293,0.037124,0.026473,0.318805
1763,0.021944,0.012475,0.263093,0.036412,0.027415,0.324927
1764,0.022839,0.012957,0.25839,0.036265,0.029411,0.323597
1765,0.023098,0.013414,0.272596,0.035701,0.027512,0.33662
1766,0.021802,0.012966,0.264556,0.034443,0.025052,0.324376
1767,0.020629,0.011876,0.257504,0.03135,0.025032,0.315041
1768,0.020171,0.011972,0.245811,0.028665,0.024554,0.302508
1769,0.019099,0.01147,0.253612,0.033827,0.026877,0.311058
1770,0.021384,0.012593,0.251592,0.033347,0.026221,0.31179
1771,0.02061,0.012496,0.265463,0.044372,0.027179,0.325748
1772,0.021559,0.012648,0.257217,0.03557,0.02651,0.317934
1773,0.021284,0.012032,0.232641,0.030658,0.032218,0.298175
1774,0.021325,0.01335,0.250148,0.04318,0.025662,0.310485
1775,0.020993,0.012623,0.269839,0.039438,0.027656,0.331111
1776,0.021031,0.013014,0.277696,0.042976,0.028144,0.339885
1777,0.02237,0.013454,0.263152,0.04501,0.027025,0.326001
1778,0.022066,0.012552,0.260142,0.039261,0.028489,0.323249
1779,0.022043,0.012186,0.252416,0.04514,0.028203,0.314848
1780,0.022495,0.013027,0.27635,0.048534,0.0318,0.343672
1781,0.02489,0.013757,0.266642,0.048081,0.02916,0.334449
1782,0.023072,0.013951,0.25307,0.047145,0.027203,0.317296
1783,0.023651,0.012834,0.250502,0.044961,0.028422,0.315409
1784,0.022782,0.01359,0.274457,0.046298,0.028441,0.33927
1785,0.022891,0.013417,0.258631,0.041757,0.026168,0.321107
1786,0.028037,0.013941,0.253201,0.038661,0.028765,0.323944
1787,0.022469,0.012256,0.273496,0.042728,0.030208,0.338429
1788,0.02372,0.01333,0.255033,0.043139,0.027416,0.319499
1789,0.022075,0.013779,0.263016,0.04282,0.028157,0.327027
1790,0.022246,0.013862,0.265961,0.04088,0.030774,0.332843
1791,0.022511,0.025644,0.274917,0.041522,0.028572,0.351644
1792,0.02127,0.012304,0.25801,0.04323,0.028782,0.320366
1793,0.020885,0.011821,0.253946,0.041367,0.027802,0.314454
1794,0.022126,0.013476,0.267146,0.043308,0.027167,0.329915
1795,0.022098,0.013348,0.257065,0.039218,0.027048,0.319559
1796,0.021785,0.012473,0.314505,0.045045,0.027555,0.376318
1797,0.021405,0.011443,0.251888,0.043852,0.029918,0.314654
1798,0.023228,0.013761,0.279585,0.040549,0.030348,0.346922
1799,0.024939,0.014239,0.273524,0.061552,0.029043,0.341745
1800,0.023783,0.013752,0.254788,0.04147,0.02927,0.321593
1801,0.023894,0.013129,0.258686,0.042737,0.028631,0.32434
1802,0.023717,0.013122,0.272146,0.055585,0.027734,0.336719
1803,0.022578,0.013234,0.265671,0.040461,0.026779,0.328262
1804,0.022095,0.013036,0.256288,0.036749,0.024859,0.316278
1805,0.021409,0.012021,0.316181,0.057768,0.033488,0.383099
1806,0.026348,0.014178,0.257097,0.042978,0.029297,0.32692
1807,0.023652,0.013713,0.299163,0.068147,0.030853,0.367381
1808,0.024177,0.013852,0.265896,0.043129,0.028559,0.332484
1809,0.022512,0.012658,0.24249,0.032708,0.027882,0.305542
1810,0.0222,0.01366,0.272274,0.041407,0.029141,0.337275
1811,0.023159,0.013516,0.276672,0.041963,0.028362,0.341709
1812,0.022779,0.012812,0.258194,0.038394,0.027839,0.321624
1813,0.022379,0.013139,0.261228,0.038367,0.02696,0.323706
1814,0.022123,0.013282,0.263906,0.037535,0.027338,0.326649
1815,0.022515,0.013359,0.27204,0.039234,0.032602,0.340516
1816,0.0255,0.014969,0.265688,0.038268,0.028444,0.334601
1817,0.023355,0.013275,0.270613,0.039564,0.027012,0.334255
1818,0.022889,0.01402,0.262884,0.037969,0.028273,0.328066
1819,0.022863,0.013353,0.268457,0.039953,0.030851,0.335524
1820,0.024688,0.014498,0.277829,0.040378,0.029896,0.346911
1821,0.024127,0.013347,0.261322,0.037922,0.02824,0.327036
1822,0.023323,0.013732,0.261803,0.038562,0.02726,0.326118
1823,0.022791,0.013336,0.255263,0.036681,0.026856,0.318246
1824,0.022951,0.012801,0.267364,0.037126,0.03062,0.333736
1825,0.024267,0.013656,0.255139,0.035394,0.029794,0.322856
1826,0.023409,0.013835,0.274187,0.035272,0.027647,0.339078
1827,0.022168,0.012738,0.253937,0.033074,0.026271,0.315114
1828,0.021786,0.01235,0.256899,0.030256,0.028093,0.319128
1829,0.021886,0.01318,0.272359,0.036698,0.028889,0.336314
1830,0.021525,0.013045,0.303448,0.058415,0.029126,0.367144
1831,0.023232,0.012576,0.247822,0.030261,0.023302,0.306932
1832,0.019378,0.010459,0.246755,0.025171,0.023557,0.300149
1833,0.01891,0.01022,0.219484,0.022336,0.023405,0.272019
1834,0.019683,0.012339,0.255086,0.034774,0.026738,0.313846
1835,0.021038,0.010809,0.245875,0.031138,0.027203,0.304925
1836,0.020358,0.01151,0.226832,0.030822,0.022739,0.281439
1837,0.017368,0.010156,0.229747,0.030605,0.02435,0.281621
1838,0.019497,0.011035,0.240722,0.026687,0.026286,0.29754
1839,0.021454,0.011523,0.241196,0.025667,0.024675,0.298848
1840,0.019664,0.010913,0.230821,0.025735,0.02468,0.286078
1841,0.019769,0.010763,0.237516,0.026624,0.026805,0.294853
1842,0.02131,0.012147,0.254022,0.042758,0.025912,0.313391
1843,0.021781,0.012609,0.260552,0.046333,0.03012,0.325062
1844,0.024113,0.013271,0.247463,0.038925,0.025127,0.309974
1845,0.021609,0.012926,0.264618,0.03764,0.030826,0.329979
1846,0.024147,0.013929,0.259038,0.036038,0.027518,0.324632
1847,0.022078,0.012374,0.244144,0.031765,0.025932,0.304528
1848,0.020612,0.011879,0.237301,0.029906,0.037535,0.307327
1849,0.021194,0.012068,0.253891,0.03516,0.025209,0.312362
1850,0.021228,0.011823,0.239662,0.031727,0.02406,0.296773
1851,0.019759,0.010859,0.237534,0.030239,0.023762,0.291914
1852,0.01968,0.010363,0.253764,0.029503,0.028168,0.311975
1853,0.022097,0.012919,0.23904,0.0282,0.025561,0.299617
1854,0.020661,0.011814,0.234136,0.027068,0.024097,0.290708
1855,0.020118,0.011699,0.23634,0.026308,0.02366,0.291817
1856,0.019542,0.010937,0.249469,0.031239,0.026493,0.306441
1857,0.021462,0.011427,0.23965,0.02761,0.024759,0.297298
1858,0.020178,0.011255,0.242266,0.025757,0.02376,0.297459
1859,0.019713,0.010699,0.232262,0.026003,0.025698,0.288372
1860,0.021762,0.012553,0.253444,0.034051,0.024948,0.312707
1861,0.020461,0.011351,0.243031,0.029339,0.024251,0.299094
1862,0.019739,0.011006,0.249043,0.03165,0.027242,0.30703
1863,0.022192,0.012749,0.254788,0.03323,0.024938,0.314667
1864,0.02035,0.011657,0.248045,0.029022,0.025583,0.305635
1865,0.019361,0.011669,0.264123,0.043081,0.029019,0.324172
1866,0.023723,0.014054,0.268902,0.040406,0.02697,0.333649
1867,0.022927,0.013433,0.268407,0.035989,0.026291,0.331058
1868,0.021004,0.012097,0.266912,0.033788,0.026482,0.326495
1869,0.02168,0.012645,0.252337,0.029843,0.025519,0.312181
1870,0.020761,0.012104,0.254735,0.03113,0.02801,0.31561
1871,0.022826,0.012204,0.268096,0.041104,0.050601,0.353727
1872,0.042233,0.013194,0.259926,0.046418,0.029067,0.34442
1873,0.023831,0.01274,0.259663,0.043138,0.028422,0.324656
1874,0.0218,0.022961,0.288298,0.045873,0.031476,0.364535
1875,0.025467,0.014444,0.277426,0.047752,0.029307,0.346644
1876,0.024596,0.014241,0.273219,0.046129,0.029337,0.341393
1877,0.023612,0.013156,0.266916,0.045624,0.028415,0.332099
1878,0.023938,0.015063,0.268657,0.044401,0.045471,0.353129
1879,0.049327,0.014408,0.265259,0.048773,0.043116,0.37211
1880,0.02437,0.014692,0.266707,0.05076,0.02934,0.335109
1881,0.022518,0.013578,0.259373,0.047807,0.028165,0.323634
1882,0.023411,0.013907,0.266104,0.0496,0.041931,0.345353
1883,0.025351,0.014491,0.269646,0.047157,0.029954,0.339442
1884,0.023888,0.013877,0.248234,0.040112,0.028136,0.314135
1885,0.023264,0.013841,0.260613,0.044119,0.038935,0.336653
1886,0.022349,0.013107,0.268173,0.041929,0.031253,0.334882
1887,0.023723,0.013678,0.266669,0.037819,0.029599,0.333669
1888,0.02336,0.012958,0.263016,0.036019,0.027524,0.326858
1889,0.022199,0.013077,0.254575,0.041365,0.065462,0.355313
1890,0.026906,0.015298,0.267616,0.043502,0.025324,0.335144
1891,0.021031,0.012163,0.250519,0.028594,0.024216,0.307929
1892,0.018517,0.011305,0.24381,0.029912,0.024385,0.298017
1893,0.019412,0.01086,0.238365,0.031781,0.02741,0.296047
1894,0.020398,0.012254,0.273111,0.049456,0.030261,0.336024
1895,0.03293,0.014293,0.260993,0.043005,0.024603,0.332819
1896,0.020618,0.011659,0.225332,0.028237,0.021676,0.279285
1897,0.017014,0.01007,0.233085,0.032052,0.025232,0.285401
1898,0.019955,0.01119,0.246325,0.031667,0.027754,0.305224
1899,0.023175,0.013492,0.243242,0.032859,0.026266,0.306175
1900,0.021339,0.012482,0.266018,0.042973,0.027584,0.327423
1901,0.023029,0.01285,0.250998,0.029598,0.024027,0.310904
1902,0.020095,0.011186,0.2431,0.026916,0.026383,0.300764
1903,0.021278,0.011921,0.233864,0.024778,0.025507,0.29257
1904,0.02044,0.012263,0.25092,0.025676,0.023918,0.307541
1905,0.02009,0.011286,0.236418,0.027061,0.025775,0.293569
1906,0.020601,0.011598,0.236931,0.027165,0.026103,0.295233
1907,0.020647,0.011971,0.23812,0.027061,0.025006,0.295744
1908,0.020304,0.011412,0.25219,0.027377,0.02456,0.308466
1909,0.020375,0.011507,0.245484,0.029343,0.025174,0.30254
1910,0.019735,0.011514,0.23846,0.025791,0.023224,0.292933
1911,0.019436,0.010896,0.241679,0.025727,0.02337,0.295381
1912,0.01954,0.011059,0.233776,0.02602,0.024851,0.289226
1913,0.02074,0.011736,0.244203,0.027577,0.024182,0.300861
1914,0.019704,0.011416,0.242555,0.025595,0.023618,0.297293
1915,0.01897,0.011477,0.236969,0.026972,0.023232,0.290648
1916,0.019003,0.010627,0.239992,0.025772,0.027446,0.297068
1917,0.021565,0.012148,0.239415,0.027726,0.025959,0.299087
1918,0.020672,0.01203,0.245317,0.028987,0.025022,0.303041
1919,0.019966,0.014516,0.236232,0.027294,0.025171,0.295885
1920,0.021245,0.011798,0.242854,0.028507,0.023926,0.299823
1921,0.019724,0.011036,0.2461,0.031082,0.024625,0.301485
1922,0.01952,0.011112,0.233158,0.025478,0.023176,0.286966
1923,0.018946,0.010624,0.23802,0.025389,0.025082,0.292672
1924,0.020011,0.012577,0.242844,0.026377,0.025048,0.30048
1925,0.020328,0.01167,0.233495,0.026108,0.023774,0.289267
1926,0.019241,0.011394,0.231648,0.02433,0.025634,0.287917
1927,0.020631,0.01174,0.238697,0.024145,0.024693,0.295761
1928,0.019586,0.010638,0.25299,0.039853,0.028496,0.31171
1929,0.02394,0.013801,0.247471,0.036477,0.02658,0.311792
1930,0.021479,0.014489,0.274195,0.038727,0.03084,0.341003
1931,0.022853,0.013525,0.273044,0.036121,0.028259,0.337681
1932,0.022033,0.013546,0.259591,0.031045,0.026001,0.321171
1933,0.019364,0.011867,0.246757,0.034424,0.028687,0.306675
1934,0.022505,0.013033,0.288519,0.045408,0.029693,0.35375
1935,0.024219,0.012714,0.257341,0.046154,0.027313,0.321587
1936,0.023396,0.013372,0.26206,0.039012,0.026002,0.32483
1937,0.022093,0.012036,0.284103,0.043118,0.028497,0.346729
1938,0.02575,0.014088,0.269845,0.049061,0.031611,0.341294
1939,0.025784,0.014855,0.269034,0.046794,0.029862,0.339535
1940,0.024003,0.014242,0.304105,0.049568,0.030977,0.373327
1941,0.022702,0.014278,0.264,0.046043,0.028885,0.329865
1942,0.044785,0.031135,0.257084,0.042981,0.036761,0.369765
1943,0.022269,0.013802,0.257086,0.04332,0.030154,0.323311
1944,0.024667,0.014823,0.276807,0.05297,0.028649,0.344946
1945,0.023082,0.013169,0.254824,0.04453,0.041404,0.332479
1946,0.023772,0.013016,0.25485,0.042852,0.028686,0.320324
1947,0.021251,0.029361,0.282964,0.043644,0.027932,0.361508
1948,0.022955,0.014244,0.276,0.0421,0.028881,0.34208
1949,0.023417,0.013202,0.26535,0.050714,0.028945,0.330914
1950,0.021752,0.014505,0.250851,0.043431,0.026915,0.314023
1951,0.022889,0.012833,0.280243,0.037969,0.028044,0.344009
1952,0.022314,0.013412,0.271854,0.037224,0.02646,0.33404
1953,0.021814,0.012634,0.255167,0.035004,0.028462,0.318077
1954,0.021552,0.017775,0.27078,0.045152,0.028698,0.338805
1955,0.021986,0.013041,0.258338,0.044649,0.033054,0.326419
1956,0.024617,0.014842,0.302831,0.043256,0.031225,0.373515
1957,0.024013,0.014448,0.268112,0.05702,0.029002,0.335575
1958,0.023667,0.013684,0.25294,0.042561,0.026915,0.317206
1959,0.021626,0.013386,0.265772,0.037829,0.030719,0.331503
1960,0.023051,0.014384,0.271493,0.034511,0.028786,0.337714
1961,0.022487,0.012519,0.258435,0.03212,0.025408,0.318849
1962,0.022582,0.015603,0.268838,0.042303,0.031073,0.338096
1963,0.025097,0.015541,0.285714,0.052239,0.03028,0.356632
1964,0.023971,0.014214,0.268591,0.036335,0.027387,0.334163
1965,0.021884,0.012692,0.253923,0.033859,0.028221,0.31672
1966,0.02262,0.013877,0.287499,0.053207,0.030607,0.354603
1967,0.024576,0.013601,0.267582,0.045467,0.027419,0.333178
1968,0.022217,0.013414,0.246804,0.036495,0.024414,0.306849
1969,0.020794,0.01762,0.280488,0.063935,0.032208,0.35111
1970,0.024036,0.014062,0.244741,0.031372,0.026373,0.309212
1971,0.019927,0.014187,0.241383,0.027788,0.02629,0.301787
1972,0.019622,0.011457,0.25283,0.02579,0.025764,0.309673
1973,0.020338,0.011746,0.240528,0.027597,0.025108,0.29772
1974,0.020842,0.011926,0.235725,0.026485,0.023302,0.291795
1975,0.019774,0.010715,0.237925,0.02678,0.023874,0.292288
1976,0.020268,0.011328,0.248465,0.028812,0.026153,0.306214
1977,0.021254,0.012377,0.233701,0.026614,0.024177,0.291509
1978,0.019638,0.011318,0.227118,0.026079,0.024311,0.282385
1979,0.020839,0.011178,0.226435,0.023211,0.022312,0.280764
1980,0.019431,0.011481,0.253008,0.035654,0.029709,0.313629
1981,0.023662,0.013006,0.268113,0.039422,0.06059,0.365371
1982,0.023771,0.013518,0.269037,0.047363,0.028004,0.33433
1983,0.023024,0.013735,0.25839,0.044062,0.028568,0.323717
1984,0.022382,0.013631,0.265812,0.045875,0.033551,0.335376
1985,0.02445,0.013821,0.277877,0.045164,0.029327,0.345475
1986,0.022906,0.014299,0.268954,0.042636,0.026528,0.332687
1987,0.02142,0.013094,0.254308,0.035351,0.025867,0.314689
1988,0.019868,0.012105,0.279695,0.040877,0.030662,0.34233
1989,0.02439,0.014175,0.264879,0.038256,0.028655,0.332099
1990,0.022767,0.01323,0.257788,0.033425,0.026424,0.320209
1991,0.020769,0.012375,0.263248,0.035391,0.025855,0.322247
1992,0.02264,0.013019,0.26045,0.035928,0.02696,0.323069
1993,0.022173,0.01329,0.268635,0.036234,0.027455,0.331553
1994,0.020875,0.012159,0.272716,0.039506,0.027921,0.333671
1995,0.022927,0.012606,0.258581,0.036726,0.027247,0.321361
1996,0.021687,0.012422,0.256498,0.032901,0.026259,0.316866
1997,0.020368,0.01276,0.267409,0.048,0.032051,0.332588
1998,0.024088,0.014069,0.253816,0.037867,0.026253,0.318226
1999,0.021971,0.012918,0.245823,0.032847,0.025978,0.30669
2000,0.020942,0.012132,0.251422,0.032866,0.025231,0.309727
2001,0.020744,0.01179,0.253449,0.034463,0.028954,0.314937
2002,0.024552,0.013949,0.259523,0.033272,0.027375,0.325399
2003,0.021923,0.012183,0.2414,0.030511,0.033152,0.308658
2004,0.020325,0.01254,0.232777,0.029932,0.024976,0.290618
2005,0.021059,0.011417,0.252067,0.033942,0.029089,0.313632
2006,0.024858,0.01347,0.251845,0.035611,0.027971,0.318144
2007,0.023169,0.012845,0.265711,0.034257,0.027076,0.328801
2008,0.022968,0.01234,0.296754,0.083642,0.030879,0.362941
2009,0.024298,0.014003,0.256899,0.035795,0.025274,0.320474
2010,0.029369,0.011785,0.247058,0.031931,0.024614,0.312826
2011,0.02003,0.011585,0.235216,0.026713,0.024347,0.291178
2012,0.018961,0.011006,0.236907,0.026246,0.025147,0.292021
2013,0.020493,0.011904,0.24711,0.025739,0.024781,0.304288
2014,0.019494,0.011561,0.231068,0.024728,0.02367,0.285793
2015,0.019642,0.010768,0.230674,0.026452,0.024412,0.285496
2016,0.020172,0.011667,0.250774,0.028895,0.024098,0.306711
2017,0.020169,0.010861,0.234749,0.029098,0.025149,0.290928
2018,0.019851,0.01094,0.191563,0.020298,0.018731,0.241085
2019,0.015712,0.008989,0.187879,0.02098,0.0218,0.23438
2020,0.017587,0.010495,0.24462,0.042293,0.028286,0.300988
2021,0.021823,0.013255,0.273532,0.049953,0.030819,0.339429
2022,0.024508,0.013511,0.24606,0.031753,0.023073,0.307152
2023,0.019052,0.010538,0.233767,0.031401,0.023902,0.287259
2024,0.019178,0.011488,0.233917,0.031168,0.027132,0.291715
2025,0.023391,0.014023,0.262521,0.04666,0.030739,0.330674
2026,0.024201,0.014168,0.265333,0.04466,0.028855,0.332557
2027,0.022984,0.013186,0.243017,0.032068,0.025884,0.305071
2028,0.020748,0.012038,0.272703,0.033019,0.025313,0.330802
2029,0.020553,0.012163,0.239454,0.027698,0.033833,0.306003
2030,0.020288,0.011575,0.239851,0.026649,0.02312,0.294834
2031,0.019269,0.010409,0.246,0.027657,0.027038,0.302716
2032,0.022141,0.011762,0.243668,0.026345,0.025002,0.302573
2033,0.021091,0.010947,0.24796,0.027123,0.02432,0.304318
2034,0.020309,0.011413,0.236699,0.026598,0.025588,0.294009
2035,0.021073,0.012369,0.242433,0.029618,0.025851,0.301726
2036,0.02169,0.012507,0.265793,0.040501,0.026351,0.326341
2037,0.021621,0.012181,0.249674,0.034248,0.025083,0.308559
2038,0.018892,0.011483,0.250559,0.049583,0.031272,0.312206
2039,0.024832,0.013462,0.263347,0.05681,0.028918,0.330559
2040,0.024281,0.01394,0.253438,0.044635,0.029516,0.321175
2041,0.024781,0.014033,0.279425,0.045181,0.027741,0.34598
2042,0.021306,0.012199,0.255115,0.041247,0.026021,0.314641
2043,0.021299,0.01189,0.255727,0.042367,0.030771,0.319687
2044,0.024012,0.012964,0.257872,0.04138,0.027163,0.322011
2045,0.022225,0.013496,0.258779,0.033324,0.026519,0.321019
2046,0.021796,0.013663,0.261102,0.038825,0.029997,0.326558
2047,0.023641,0.014462,0.310544,0.046556,0.029501,0.378148
2048,0.023644,0.012995,0.253031,0.037553,0.02333,0.313
2049,0.019034,0.010968,0.2319,0.024639,0.024209,0.286111
2050,0.019949,0.010856,0.231816,0.0221,0.022462,0.285083
2051,0.018658,0.010011,0.22381,0.020941,0.022815,0.275294
2052,0.018191,0.010115,0.247098,0.027216,0.026713,0.302117
2053,0.022663,0.01278,0.239188,0.033977,0.023869,0.2985
2054,0.020419,0.012228,0.246885,0.032604,0.0267,0.306232
2055,0.020673,0.012336,0.275113,0.042685,0.030901,0.339023
2056,0.039948,0.014078,0.259486,0.040499,0.024083,0.337595
2057,0.019814,0.011004,0.234267,0.024715,0.023564,0.288649
2058,0.019089,0.01059,0.23567,0.022957,0.022941,0.28829
2059,0.018538,0.01016,0.22505,0.022455,0.022768,0.276516
2060,0.018142,0.010475,0.225816,0.021872,0.022713,0.277146
2061,0.018482,0.00992,0.225531,0.021516,0.022324,0.276257
2062,0.017901,0.016444,0.225078,0.021827,0.02215,0.281573
2063,0.018624,0.010242,0.224172,0.02101,0.022175,0.275213
2064,0.018604,0.010221,0.222651,0.020975,0.021668,0.273144
2065,0.018399,0.010041,0.235038,0.029401,0.023148,0.286626
2066,0.018523,0.010525,0.225437,0.021967,0.022915,0.2774
2067,0.018233,0.010064,0.224,0.02139,0.022742,0.275039
2068,0.018179,0.010402,0.223196,0.021754,0.022619,0.274396
2069,0.018146,0.010167,0.233757,0.022281,0.022854,0.284924
2070,0.01903,0.010447,0.226547,0.02184,0.0224,0.278424
2071,0.018858,0.010129,0.225524,0.021465,0.022061,0.276572
2072,0.018705,0.010351,0.230273,0.022333,0.022794,0.282123
2073,0.018235,0.010078,0.228603,0.024801,0.024173,0.281089
2074,0.020159,0.011538,0.250599,0.031677,0.024793,0.307089
2075,0.020027,0.011545,0.238539,0.028343,0.023806,0.293917
2076,0.018329,0.011572,0.258054,0.042719,0.027331,0.315286
2077,0.022753,0.012648,0.254137,0.03999,0.029021,0.318559
2078,0.023874,0.013762,0.267576,0.039456,0.027952,0.333164
2079,0.020729,0.012576,0.278285,0.041873,0.036351,0.347941
2080,0.049921,0.01644,0.252839,0.047433,0.029404,0.348604
2081,0.021827,0.01341,0.259607,0.041464,0.027887,0.322731
2082,0.022073,0.024272,0.267413,0.041372,0.029198,0.342956
2083,0.022618,0.018391,0.272369,0.043733,0.029709,0.343087
2084,0.022668,0.01358,0.260015,0.04773,0.025171,0.321434
2085,0.030821,0.013559,0.262288,0.046604,0.033084,0.339752
2086,0.02384,0.014266,0.273072,0.049396,0.028171,0.339349
2087,0.021358,0.013006,0.316912,0.068422,0.028679,0.379955
2088,0.025055,0.013516,0.266415,0.049391,0.028589,0.333575
2089,0.023267,0.013428,0.262103,0.038404,0.029836,0.328634
2090,0.024204,0.01418,0.285949,0.037857,0.026946,0.351279
2091,0.023419,0.013522,0.261001,0.036014,0.027474,0.325416
2092,0.022526,0.013202,0.255111,0.038338,0.027559,0.318398
2093,0.021966,0.012498,0.316998,0.069401,0.034053,0.385515
2094,0.025602,0.016646,0.274256,0.050631,0.029225,0.345729
2095,0.02182,0.013087,0.247345,0.037379,0.025657,0.307909
2096,0.020834,0.012798,0.263922,0.048207,0.026558,0.324112
2097,0.021087,0.012373,0.252125,0.036272,0.029299,0.314884
2098,0.023046,0.013754,0.249076,0.035676,0.026444,0.31232
2099,0.021521,0.011844,0.25916,0.033171,0.029794,0.322319
2100,0.022178,0.012763,0.26326,0.042334,0.029889,0.32809
2101,0.02364,0.013507,0.254848,0.033855,0.0251,0.317095
2102,0.020088,0.011394,0.238975,0.025807,0.031308,0.301765
2103,0.019533,0.010957,0.242762,0.027849,0.024272,0.297524
2104,0.019715,0.010724,0.234276,0.023976,0.023586,0.288301
2105,0.018362,0.010499,0.233212,0.023962,0.022899,0.284972
2106,0.018568,0.010397,0.241499,0.023884,0.023088,0.293552
2107,0.018949,0.01059,0.228853,0.022865,0.02335,0.281742
2108,0.018954,0.010526,0.228649,0.022632,0.023098,0.281227
2109,0.018704,0.010568,0.236535,0.022625,0.023029,0.288836
2110,0.019275,0.010497,0.229868,0.022834,0.022826,0.282466
2111,0.018299,0.010223,0.229639,0.022964,0.022432,0.280593
2112,0.019035,0.01003,0.232322,0.023298,0.0229,0.284287
2113,0.018522,0.009938,0.236763,0.041569,0.02132,0.286543
2114,0.015783,0.008519,0.223062,0.035866,0.026646,0.27401
2115,0.022112,0.011971,0.259534,0.042622,0.049613,0.34323
2116,0.023939,0.014302,0.240319,0.048687,0.027365,0.305925
2117,0.022168,0.012538,0.249172,0.045191,0.032188,0.316066
2118,0.023473,0.014027,0.25826,0.044062,0.027838,0.323598
2119,0.023047,0.013364,0.27129,0.050384,0.031875,0.339576
2120,0.024682,0.015038,0.266366,0.037818,0.028453,0.334539
2121,0.023455,0.014091,0.261995,0.035348,0.026946,0.326487
2122,0.02305,0.014206,0.271084,0.047612,0.02587,0.33421
2123,0.022713,0.012826,0.263314,0.037757,0.028405,0.327258
2124,0.023274,0.014159,0.262489,0.035623,0.028488,0.32841
2125,0.022966,0.012495,0.266585,0.045278,0.03481,0.336856
2126,0.022418,0.013553,0.26426,0.038957,0.027074,0.327305
2127,0.021581,0.012851,0.255045,0.034098,0.027139,0.316616
2128,0.022702,0.013002,0.324475,0.05538,0.028895,0.389074
2129,0.02346,0.014295,0.258546,0.041153,0.026454,0.322755
2130,0.022731,0.01362,0.260735,0.045113,0.025891,0.322977
2131,0.019883,0.012351,0.265521,0.053026,0.027358,0.325113
2132,0.022381,0.013138,0.246899,0.037919,0.027596,0.310014
2133,0.022081,0.012722,0.255038,0.042311,0.029846,0.319687
2134,0.022577,0.012164,0.266254,0.050673,0.030946,0.331941
2135,0.024303,0.013174,0.253271,0.03676,0.02364,0.314388
2136,0.019514,0.012086,0.292018,0.049081,0.028068,0.351686
2137,0.023094,0.012873,0.260247,0.042658,0.024155,0.320369
2138,0.019657,0.011558,0.246082,0.036586,0.026154,0.303451
2139,0.016308,0.009259,0.238198,0.034684,0.024396,0.288161
2140,0.019646,0.01139,0.234509,0.024514,0.023422,0.288967
2141,0.029444,0.010639,0.277077,0.03561,0.028436,0.345596
2142,0.022394,0.0126,0.245154,0.033213,0.023734,0.303882
2143,0.019057,0.010839,0.233905,0.03843,0.028835,0.292636
2144,0.023144,0.012874,0.265018,0.042514,0.031649,0.332685
2145,0.023569,0.01327,0.242546,0.034564,0.029538,0.308923
2146,0.02236,0.012818,0.253906,0.04195,0.028533,0.317617
2147,0.022491,0.012746,0.305637,0.041129,0.031071,0.371945
2148,0.023628,0.01354,0.248474,0.030414,0.025039,0.310681
2149,0.020068,0.01067,0.232769,0.037346,0.02717,0.290677
2150,0.022829,0.013021,0.250088,0.037517,0.02778,0.313718
2151,0.021688,0.013528,0.290857,0.042214,0.027761,0.353834
2152,0.021626,0.012394,0.235928,0.026703,0.021843,0.291791
2153,0.02111,0.010642,0.233685,0.037615,0.028522,0.293959
2154,0.024764,0.013746,0.25107,0.04184,0.02861,0.31819
2155,0.022895,0.012643,0.246536,0.039741,0.028029,0.310103
2156,0.024145,0.013859,0.276079,0.057164,0.032806,0.346889
2157,0.025101,0.0151,0.264861,0.044697,0.026607,0.331669
2158,0.02073,0.012928,0.255698,0.037459,0.02467,0.314026
2159,0.020284,0.011488,0.252418,0.049538,0.026219,0.310409
2160,0.020931,0.012769,0.23919,0.033403,0.027418,0.300308
2161,0.022527,0.013389,0.25841,0.035881,0.028918,0.323244
2162,0.023205,0.013744,0.279746,0.046532,0.028521,0.345216
2163,0.022785,0.012868,0.242059,0.029028,0.025264,0.302976
2164,0.020087,0.011368,0.260038,0.044735,0.027985,0.319478
2165,0.023937,0.013392,0.26617,0.039564,0.028053,0.331552
2166,0.021728,0.01299,0.25966,0.038841,0.027425,0.321803
2167,0.022529,0.012493,0.260613,0.037189,0.02946,0.325095
2168,0.023735,0.014057,0.27854,0.040083,0.029202,0.345534
2169,0.022774,0.013732,0.262885,0.035031,0.026473,0.325864
2170,0.021892,0.013464,0.255491,0.029869,0.025263,0.31611
2171,0.020734,0.011657,0.253901,0.030344,0.036353,0.322645
2172,0.024051,0.013924,0.270119,0.035036,0.027417,0.335511
2173,0.021822,0.012863,0.2591,0.029184,0.025908,0.319693
2174,0.021234,0.012813,0.256309,0.030246,0.033639,0.323995
2175,0.021529,0.01158,0.260668,0.045968,0.030284,0.324061
2176,0.024381,0.014879,0.25573,0.04498,0.029386,0.324376
2177,0.023561,0.01484,0.267821,0.045227,0.040116,0.346338
2178,0.024894,0.015207,0.285658,0.044231,0.026775,0.352534
2179,0.021229,0.012846,0.261358,0.034831,0.026925,0.322358
2180,0.021972,0.013056,0.242352,0.031048,0.023713,0.301093
2181,0.02039,0.011747,0.248854,0.043794,0.027367,0.308358
2182,0.021833,0.013152,0.268826,0.043803,0.028017,0.331828
2183,0.021757,0.012624,0.263879,0.040741,0.0268,0.32506
2184,0.031181,0.012417,0.254787,0.034903,0.026635,0.32502
2185,0.021047,0.011354,0.244415,0.032703,0.026545,0.303361
2186,0.020705,0.012964,0.257101,0.042601,0.030373,0.321143
2187,0.02449,0.013701,0.280396,0.031567,0.043199,0.361786
2188,0.020565,0.012143,0.237658,0.035601,0.028116,0.298482
2189,0.022696,0.01261,0.241234,0.041732,0.024766,0.301306
2190,0.021572,0.011853,0.261526,0.029275,0.023522,0.318473
2191,0.01762,0.010334,0.160686,0.021561,0.015927,0.204567
2192,0.013652,0.009654,0.20746,0.021196,0.016853,0.247619
2193,0.013251,0.007501,0.192112,0.024337,0.022389,0.235253
2194,0.013232,0.007908,0.294309,0.050786,0.030627,0.346076
2195,0.05212,0.024351,0.229231,0.045289,0.024115,0.329817
2196,0.0209,0.012426,0.234815,0.038046,0.02033,0.288471
2197,0.015734,0.009335,0.253172,0.03981,0.025574,0.303815
2198,0.020756,0.012479,0.256503,0.037361,0.029886,0.319624
2199,0.024104,0.014147,0.257689,0.035992,0.028137,0.324077
2200,0.022982,0.012997,0.303706,0.079577,0.022576,0.362261
2201,0.017777,0.010569,0.188498,0.031489,0.025136,0.24198
2202,0.019819,0.01151,0.219777,0.037393,0.025336,0.276442
2203,0.021957,0.01318,0.27443,0.039796,0.026966,0.336533
2204,0.021781,0.012932,0.263594,0.041161,0.02689,0.325197
2205,0.02308,0.010423,0.209147,0.03897,0.022655,0.265305
2206,0.020417,0.012544,0.203713,0.030097,0.018172,0.254846
2207,0.01375,0.008262,0.215312,0.029836,0.026289,0.263613
2208,0.021659,0.012159,0.266627,0.040525,0.042727,0.343172
2209,0.023643,0.013398,0.258288,0.0386,0.026482,0.321811
2210,0.021583,0.012277,0.256382,0.041028,0.025832,0.316074
2211,0.022079,0.011973,0.290981,0.047436,0.032288,0.357321
2212,0.024396,0.013757,0.252035,0.032295,0.025214,0.315402
2213,0.020201,0.011367,0.256077,0.039477,0.027017,0.314662
2214,0.021561,0.012954,0.245854,0.036634,0.026099,0.306468
2215,0.022173,0.012444,0.275184,0.044762,0.02872,0.338521
2216,0.022933,0.013647,0.269219,0.046291,0.030933,0.336732
2217,0.024745,0.014911,0.262608,0.039207,0.027806,0.33007
2218,0.021939,0.013294,0.258982,0.038463,0.026299,0.320514
2219,0.022213,0.013973,0.271783,0.042775,0.028819,0.336788
2220,0.022423,0.013114,0.282029,0.038307,0.026075,0.343641
2221,0.022824,0.012519,0.260508,0.037764,0.0309,0.326751
2222,0.025048,0.014432,0.269026,0.041464,0.027478,0.335984
2223,0.022618,0.013144,0.297253,0.086006,0.029339,0.362354
2224,0.023662,0.012853,0.249201,0.033069,0.024046,0.309762
2225,0.019298,0.011045,0.238757,0.024847,0.027717,0.296817
2226,0.02162,0.013152,0.238718,0.038137,0.026715,0.300205
2227,0.021554,0.012022,0.238434,0.035962,0.028046,0.300056
2228,0.021711,0.012363,0.271981,0.05153,0.026771,0.332826
2229,0.025428,0.013226,0.255303,0.04363,0.026967,0.320924
2230,0.021386,0.012294,0.237188,0.026978,0.023771,0.294639
2231,0.019093,0.010274,0.231302,0.026869,0.041766,0.302435
2232,0.022451,0.013199,0.25552,0.033058,0.025786,0.316956
2233,0.022228,0.012829,0.292137,0.036141,0.028835,0.356029
2234,0.023131,0.013476,0.278191,0.039447,0.031029,0.345827
2235,0.023031,0.014583,0.265733,0.043955,0.028804,0.332151
2236,0.022656,0.013863,0.26002,0.037945,0.027117,0.323656
2237,0.022812,0.013152,0.257704,0.03367,0.028581,0.322249
2238,0.023449,0.014677,0.315145,0.050086,0.029481,0.382752
2239,0.022846,0.01326,0.252352,0.040439,0.027188,0.315646
2240,0.022866,0.013456,0.245123,0.039814,0.027113,0.308558
2241,0.02125,0.012689,0.282144,0.062612,0.035738,0.351821
2242,0.050427,0.017586,0.264079,0.045697,0.029502,0.361594
2243,0.021899,0.014432,0.2754,0.054903,0.026428,0.338159
2244,0.022102,0.013515,0.252595,0.041828,0.026409,0.314621
2245,0.020884,0.012382,0.265654,0.035655,0.028564,0.327484
2246,0.023096,0.013635,0.315002,0.056268,0.028253,0.379986
2247,0.021825,0.018913,0.247634,0.037778,0.025189,0.313561
2248,0.023344,0.013395,0.261078,0.046013,0.029775,0.327592
2249,0.022899,0.013095,0.274341,0.044994,0.029674,0.340009
2250,0.024885,0.013181,0.259155,0.043363,0.02861,0.325831
2251,0.022265,0.013122,0.240816,0.040077,0.021004,0.297207
2252,0.015649,0.009364,0.245655,0.032288,0.026938,0.297606
2253,0.020459,0.013439,0.25881,0.046596,0.029039,0.321747
2254,0.022628,0.012246,0.247093,0.040049,0.028911,0.310878
2255,0.025025,0.032927,0.279773,0.041695,0.026244,0.363969
2256,0.020372,0.015734,0.226695,0.042928,0.028869,0.29167
2257,0.021429,0.011797,0.253982,0.041869,0.025936,0.313144
2258,0.022315,0.012218,0.260881,0.046866,0.040021,0.335435
2259,0.02386,0.013378,0.247112,0.040172,0.027024,0.311374
2260,0.022444,0.013201,0.251595,0.035771,0.02722,0.31446
2261,0.02057,0.012539,0.309498,0.074131,0.034078,0.376685
2262,0.025618,0.014245,0.253821,0.037852,0.03198,0.325664
2263,0.022598,0.013024,0.248058,0.039417,0.026286,0.309966
2264,0.021194,0.011488,0.226323,0.025988,0.024926,0.283931
2265,0.019721,0.02361,0.256583,0.037406,0.030358,0.330272
2266,0.023371,0.014058,0.257178,0.035204,0.028514,0.323121
2267,0.023173,0.013114,0.256112,0.03454,0.026724,0.319123
2268,0.021952,0.012636,0.270734,0.041801,0.03028,0.335602
2269,0.022915,0.014314,0.27571,0.03964,0.053511,0.36645
2270,0.024132,0.011067,0.241485,0.036561,0.02738,0.304064
2271,0.022508,0.022574,0.256738,0.042867,0.02664,0.32846
2272,0.020579,0.012024,0.255141,0.040271,0.027343,0.315087
2273,0.021804,0.012328,0.291549,0.075064,0.028862,0.354543
2274,0.03283,0.014519,0.250979,0.036284,0.026497,0.324825
2275,0.020923,0.011603,0.238438,0.027064,0.023512,0.294476
2276,0.018423,0.010825,0.228186,0.036867,0.027427,0.284861
2277,0.021838,0.011881,0.252838,0.036245,0.044875,0.331432
2278,0.041206,0.013267,0.245792,0.035717,0.020206,0.320471
2279,0.015292,0.008684,0.217189,0.035796,0.025119,0.266284
2280,0.019072,0.013756,0.259645,0.044808,0.028448,0.320921
2281,0.022444,0.012176,0.241034,0.038751,0.027488,0.303142
2282,0.021769,0.012618,0.256326,0.038224,0.030188,0.320901
2283,0.024655,0.014932,0.285248,0.047693,0.027667,0.352502
2284,0.023342,0.013329,0.264279,0.037142,0.027435,0.328385
2285,0.021076,0.013411,0.296522,0.047598,0.031384,0.362393
2286,0.023511,0.014541,0.281283,0.047378,0.029419,0.348754
2287,0.024429,0.014219,0.264001,0.039401,0.026971,0.32962
2288,0.020784,0.012525,0.25833,0.038529,0.030083,0.321722
2289,0.023107,0.014067,0.275787,0.041241,0.028115,0.341076
2290,0.022653,0.013049,0.250376,0.037299,0.027589,0.313667
2291,0.022279,0.012606,0.25288,0.037849,0.027916,0.315681
2292,0.023324,0.013172,0.277642,0.044295,0.027829,0.341967
2293,0.022801,0.013984,0.267502,0.041904,0.032793,0.33708
2294,0.023875,0.01334,0.256079,0.038729,0.023613,0.316907
2295,0.020996,0.01317,0.260004,0.045401,0.027446,0.321616
2296,0.02038,0.011842,0.263534,0.042917,0.030576,0.326332
2297,0.023788,0.013879,0.247541,0.031579,0.02467,0.309878
2298,0.019824,0.01091,0.240488,0.036343,0.027412,0.298634
2299,0.021525,0.012622,0.294202,0.041996,0.026861,0.35521
2300,0.020028,0.012092,0.244045,0.040432,0.028366,0.304531
2301,0.022648,0.011997,0.251699,0.031524,0.026035,0.312379
2302,0.021694,0.013723,0.296123,0.065005,0.030153,0.361693
2303,0.024421,0.013922,0.296017,0.04236,0.037274,0.371634
2304,0.020007,0.01041,0.24321,0.046683,0.027912,0.301539
2305,0.020634,0.012136,0.24896,0.042635,0.025383,0.307113
2306,0.019931,0.011727,0.293475,0.041212,0.027454,0.352587
2307,0.023417,0.013729,0.258663,0.057426,0.027883,0.323692
2308,0.023873,0.014022,0.248834,0.038968,0.03022,0.316949
2309,0.022678,0.016023,0.920007,0.065637,0.037516,0.996224
2310,0.028204,0.017572,0.281236,0.052088,0.029643,0.356655
2311,0.023815,0.013878,0.271273,0.051781,0.267368,0.576334
2312,0.031213,0.02285,0.335457,0.063195,0.030814,0.420334
2313,0.024208,0.014734,0.275228,0.046863,0.027557,0.341727
2314,0.022131,0.013812,0.274062,0.046097,0.029033,0.339038
2315,0.023368,0.012927,0.251585,0.033686,0.028327,0.316207
2316,0.022022,0.014115,0.314975,0.050842,0.028619,0.379731
2317,0.021398,0.01216,0.266801,0.045774,0.029034,0.329393
2318,0.022602,0.012858,0.251663,0.043688,0.028426,0.315549
2319,0.022869,0.013674,0.325012,0.046229,0.02756,0.389115
2320,0.024408,0.013829,0.25449,0.046434,0.026981,0.319708
2321,0.021906,0.012564,0.251682,0.039941,0.029559,0.315711
2322,0.023662,0.014465,0.276985,0.043056,0.029226,0.344338
2323,0.023833,0.013564,0.255026,0.036735,0.027661,0.320084
2324,0.022007,0.013983,0.257424,0.038626,0.025664,0.319078
2325,0.020785,0.011958,0.251275,0.033935,0.025407,0.309425
2326,0.021647,0.011928,0.253044,0.035675,0.02702,0.313639
2327,0.021327,0.012066,0.244116,0.03699,0.028675,0.306184
2328,0.022925,0.013312,0.262814,0.043185,0.026908,0.325959
2329,0.022606,0.015578,0.266137,0.040318,0.025858,0.330179
2330,0.020677,0.011942,0.248564,0.041084,0.027697,0.30888
2331,0.022076,0.012073,0.270013,0.053081,0.032365,0.336527
2332,0.025012,0.014395,0.254031,0.035672,0.028207,0.321645
2333,0.022609,0.013193,0.263032,0.04196,0.02725,0.326084
2334,0.020135,0.011607,0.242057,0.037658,0.029924,0.303723
2335,0.022291,0.013337,0.251666,0.039261,0.033323,0.320617
2336,0.027195,0.012749,0.253323,0.03859,0.021737,0.315004
2337,0.015108,0.008856,0.207002,0.035467,0.024377,0.255343
2338,0.031236,0.011887,0.239301,0.027555,0.023519,0.305943
2339,0.018945,0.010128,0.231836,0.023407,0.022978,0.283887
2340,0.018361,0.010292,0.22827,0.022342,0.022943,0.279866
2341,0.018602,0.009695,0.23291,0.024561,0.024395,0.285602
2342,0.020665,0.014292,0.254856,0.04401,0.025839,0.315652
2343,0.020587,0.011346,0.239307,0.032426,0.024865,0.296105
2344,0.019705,0.011107,0.24862,0.031655,0.025015,0.304447
2345,0.020539,0.011063,0.25364,0.036912,0.030821,0.316063
2346,0.025305,0.01457,0.255662,0.036797,0.029347,0.324884
2347,0.023897,0.012211,0.271925,0.043951,0.029907,0.33794
2348,0.02339,0.013942,0.261921,0.051001,0.027651,0.326904
2349,0.022355,0.013774,0.257677,0.03544,0.025612,0.319418
2350,0.020175,0.011529,0.264587,0.044141,0.030194,0.326485
2351,0.024127,0.013613,0.25072,0.041589,0.028469,0.316929
2352,0.026031,0.012975,0.256988,0.040234,0.024792,0.320786
2353,0.02182,0.012102,0.222472,0.038969,0.028087,0.284481
2354,0.028926,0.013318,0.300371,0.04659,0.02898,0.371595
2355,0.021521,0.012616,0.242128,0.030677,0.02897,0.305235
2356,0.020769,0.012901,0.266173,0.04394,0.025358,0.325201
2357,0.0308,0.012079,0.25455,0.040958,0.028498,0.325927
2358,0.022828,0.013725,0.266977,0.041857,0.028538,0.332068
2359,0.021743,0.013153,0.261178,0.043278,0.027132,0.323206
2360,0.034731,0.012568,0.246954,0.02923,0.022611,0.316864
2361,0.018198,0.011182,0.27407,0.040288,0.026434,0.329884
2362,0.020097,0.01141,0.260624,0.046869,0.031732,0.323863
2363,0.025587,0.013662,0.261102,0.032875,0.024454,0.324805
2364,0.019551,0.011644,0.239909,0.035828,0.026957,0.298061
2365,0.031324,0.013855,0.251346,0.038871,0.024644,0.321169
2366,0.021298,0.012993,0.242039,0.038929,0.024789,0.301119
2367,0.019684,0.012061,0.274544,0.053609,0.031186,0.337475
2368,0.023669,0.014433,0.267706,0.046928,0.029138,0.334946
2369,0.023048,0.013129,0.255075,0.037465,0.026548,0.3178
2370,0.021313,0.013274,0.276256,0.037336,0.035804,0.346647
2371,0.022826,0.013773,0.265631,0.041631,0.028934,0.331164
2372,0.022344,0.013469,0.264196,0.042629,0.027247,0.327256
2373,0.022892,0.013368,0.257595,0.040876,0.02801,0.321865
2374,0.022001,0.0128,0.276229,0.04965,0.032123,0.343153
2375,0.025233,0.014287,0.261917,0.033153,0.027899,0.329336
2376,0.022139,0.013391,0.255219,0.04174,0.027473,0.318222
2377,0.022001,0.012599,0.257672,0.040431,0.025699,0.317971
2378,0.021874,0.012318,0.291227,0.040858,0.028153,0.353572
2379,0.017119,0.010073,0.248163,0.039767,0.025099,0.300454
2380,0.018536,0.011231,0.251776,0.042485,0.028125,0.309668
2381,0.022653,0.012447,0.264443,0.038326,0.027839,0.327382
2382,0.022845,0.012482,0.290323,0.039611,0.025789,0.351439
2383,0.024609,0.012215,0.217841,0.037219,0.026364,0.281029
2384,0.021694,0.012491,0.256592,0.049663,0.038274,0.329051
2385,0.043592,0.013436,0.254678,0.04203,0.025488,0.337194
2386,0.020462,0.011606,0.240544,0.029999,0.025764,0.298376
2387,0.019947,0.011318,0.274636,0.057502,0.030742,0.336643
2388,0.023787,0.013925,0.247077,0.038938,0.026189,0.310978
2389,0.021609,0.013011,0.256101,0.039766,0.030343,0.321064
2390,0.023508,0.0148,0.273406,0.049002,0.029144,0.340858
2391,0.023003,0.014087,0.264966,0.036499,0.028222,0.330278
2392,0.021889,0.01325,0.255896,0.037489,0.028316,0.319351
2393,0.02248,0.014754,0.296345,0.058698,0.031309,0.364888
2394,0.022798,0.014315,0.263765,0.04168,0.028155,0.329033
2395,0.021858,0.013971,0.260923,0.039869,0.030567,0.327319
2396,0.023211,0.013037,0.281636,0.045357,0.030323,0.348207
2397,0.024753,0.014364,0.260647,0.037786,0.027078,0.326842
2398,0.023594,0.014119,0.276878,0.047809,0.02829,0.342881
2399,0.022388,0.012749,0.2851,0.049085,0.030966,0.351203
2400,0.02386,0.013159,0.2579,0.043846,0.02876,0.323679
2401,0.022473,0.012865,0.250044,0.033185,0.02438,0.309762
2402,0.019327,0.011152,0.334203,0.040437,0.033082,0.397764
2403,0.025247,0.014659,0.262789,0.034425,0.027491,0.330186
2404,0.021828,0.013702,0.260454,0.039973,0.027522,0.323506
2405,0.022228,0.01257,0.309686,0.044832,0.030791,0.375275
2406,0.022897,0.013859,0.256431,0.043984,0.026525,0.319712
2407,0.021988,0.013384,0.268731,0.043152,0.028394,0.332497
2408,0.021802,0.012392,0.257243,0.030565,0.026132,0.317569
2409,0.020482,0.011663,0.257501,0.040077,0.026329,0.315975
2410,0.020446,0.011322,0.236444,0.035164,0.02798,0.296192
2411,0.021207,0.012106,0.272745,0.045353,0.032628,0.338686
2412,0.024841,0.014334,0.257624,0.041386,0.030152,0.326951
2413,0.023654,0.013496,0.246739,0.033891,0.026428,0.310317
2414,0.02045,0.012539,0.264819,0.037175,0.026025,0.323833
2415,0.020538,0.011767,0.233061,0.02709,0.024911,0.290277
2416,0.019739,0.012181,0.258537,0.039782,0.028482,0.318939
2417,0.023138,0.012923,0.276591,0.0356,0.02179,0.334442
2418,0.020096,0.011944,0.241226,0.029628,0.024056,0.297322
2419,0.019394,0.010439,0.234683,0.036612,0.028729,0.293245
2420,0.023653,0.012916,0.259573,0.03982,0.028665,0.324807
2421,0.022089,0.013641,0.265175,0.041265,0.028876,0.329781
2422,0.023716,0.013503,0.305373,0.043956,0.021446,0.364038
2423,0.016401,0.010822,0.252251,0.039463,0.026646,0.30612
2424,0.022367,0.012674,0.244859,0.029284,0.023289,0.303189
2425,0.018637,0.010216,0.22735,0.028335,0.024341,0.280544
2426,0.019366,0.011015,0.234421,0.024054,0.02401,0.288812
2427,0.019363,0.01068,0.247455,0.02384,0.023668,0.301166
2428,0.018665,0.01036,0.237992,0.036435,0.028438,0.295455
2429,0.022961,0.019572,0.255434,0.044872,0.026694,0.324661
2430,0.022758,0.013108,0.26846,0.041001,0.027915,0.332241
2431,0.023304,0.013184,0.251611,0.039667,0.028654,0.316753
2432,0.023594,0.013272,0.277328,0.043105,0.027799,0.341993
2433,0.022426,0.012457,0.25936,0.04078,0.028932,0.323175
2434,0.023599,0.012637,0.240911,0.032824,0.024672,0.301819
2435,0.020013,0.012055,0.246508,0.036464,0.027553,0.306129
2436,0.021879,0.012975,0.277929,0.045757,0.030885,0.343668
2437,0.025179,0.014476,0.249955,0.03587,0.024309,0.313919
2438,0.021831,0.013539,0.247229,0.043031,0.025971,0.30857
2439,0.022271,0.012768,0.257647,0.049178,0.028218,0.320904
2440,0.02306,0.014126,0.267685,0.046894,0.031125,0.335996
2441,0.025256,0.013928,0.260986,0.045302,0.030414,0.330584
2442,0.023919,0.013676,0.265822,0.053789,0.029384,0.332801
2443,0.023693,0.014339,0.291972,0.049641,0.029343,0.359347
2444,0.023081,0.013285,0.814452,0.068522,0.037976,0.888794
2445,0.026922,0.016392,0.287697,0.053755,0.030829,0.36184
2446,0.025024,0.015307,0.277581,0.043562,0.028035,0.345947
2447,0.022909,0.012921,0.527506,0.057009,0.032108,0.595444
2448,0.024349,0.013962,0.2226,0.027753,0.022854,0.283765
2449,0.027769,0.010403,0.213793,0.023866,0.021351,0.273316
2450,0.017323,0.009282,0.209583,0.021629,0.020852,0.25704
2451,0.017118,0.009168,0.207847,0.021538,0.021052,0.255185
2452,0.017389,0.009453,0.216858,0.021643,0.021387,0.265087
2453,0.017046,0.009414,0.210226,0.022872,0.021222,0.257908
2454,0.017038,0.009542,0.20345,0.021403,0.020815,0.250845
2455,0.017279,0.00966,0.207444,0.021232,0.021158,0.255541
2456,0.017534,0.009464,0.212545,0.020873,0.020747,0.26029
2457,0.017076,0.00917,0.207325,0.021855,0.020662,0.254233
2458,0.017234,0.009649,0.204684,0.021155,0.021301,0.252868
2459,0.023147,0.010509,0.224765,0.023482,0.021989,0.28041
2460,0.018165,0.009967,0.220252,0.024246,0.021275,0.269659
2461,0.017079,0.009511,0.207917,0.02192,0.020034,0.254541
2462,0.017257,0.009928,0.207278,0.02175,0.020512,0.254975
2463,0.017341,0.009194,0.206319,0.020543,0.021185,0.254039
2464,0.0171,0.009312,0.212292,0.020921,0.021164,0.259868
2465,0.017134,0.009319,0.20724,0.02078,0.020928,0.254621
2466,0.017055,0.009974,0.20763,0.020713,0.021543,0.256202
2467,0.017421,0.009417,0.209085,0.021405,0.020769,0.256692
2468,0.017217,0.009802,0.211913,0.020388,0.020898,0.25983
2469,0.01734,0.009563,0.204772,0.020231,0.020599,0.252274
2470,0.017142,0.009344,0.206413,0.020085,0.020878,0.253777
2471,0.017025,0.009621,0.208052,0.021073,0.021363,0.256061
2472,0.018598,0.013839,0.223459,0.023621,0.023908,0.279804
2473,0.019601,0.011625,0.291666,0.03951,0.030648,0.35354
2474,0.025475,0.0149,0.261911,0.035362,0.025128,0.327414
2475,0.019794,0.011297,0.255048,0.040006,0.029102,0.315241
2476,0.021365,0.013358,0.255133,0.037566,0.026929,0.316785
2477,0.021039,0.013062,0.244547,0.0333,0.027084,0.305732
2478,0.022506,0.01326,0.284931,0.041153,0.028145,0.348842
2479,0.021307,0.013005,0.256221,0.038303,0.025347,0.31588
2480,0.020647,0.011721,0.245575,0.036097,0.027987,0.30593
2481,0.022199,0.012091,0.259264,0.039185,0.029179,0.322733
2482,0.021854,0.013502,0.257316,0.039746,0.027718,0.32039
2483,0.022475,0.01206,0.242936,0.028538,0.02514,0.302611
2484,0.019803,0.011295,0.29771,0.058255,0.028284,0.357092
2485,0.022487,0.012812,0.234104,0.041682,0.027484,0.296887
2486,0.021528,0.012296,0.251561,0.033413,0.028471,0.313856
2487,0.023095,0.012838,0.263191,0.047251,0.026322,0.325446
2488,0.022841,0.013112,0.249122,0.03957,0.027019,0.312094
2489,0.021864,0.012041,0.25211,0.040077,0.028216,0.314231
2490,0.022436,0.012409,0.306791,0.087286,0.030598,0.372234
2491,0.023807,0.013705,0.260892,0.03117,0.024648,0.323052
2492,0.020053,0.011356,0.23607,0.0243,0.02286,0.290339
2493,0.019223,0.010352,0.239069,0.022607,0.023161,0.291805
2494,0.018803,0.010306,0.231291,0.023201,0.022298,0.282698
2495,0.018748,0.01047,0.229456,0.022368,0.022963,0.281637
2496,0.018902,0.009828,0.229163,0.022964,0.022988,0.280881
2497,0.018464,0.009706,0.232629,0.022224,0.022608,0.283407
2498,0.018465,0.010157,0.229086,0.0214,0.021982,0.27969
2499,0.01824,0.009905,0.228805,0.021998,0.022655,0.279605
2500,0.01885,0.010227,0.238777,0.022923,0.022548,0.290402
2501,0.019162,0.009956,0.228904,0.022994,0.022225,0.280247
2502,0.018476,0.01003,0.230677,0.023169,0.022236,0.281419
2503,0.01867,0.009989,0.226462,0.022003,0.022365,0.277486
2504,0.018776,0.009993,0.240575,0.022902,0.022474,0.291818
2505,0.018703,0.010079,0.230534,0.022151,0.02289,0.282206
2506,0.018877,0.010154,0.232399,0.021934,0.021806,0.283236
2507,0.018284,0.009925,0.240015,0.028077,0.025795,0.294019
2508,0.020675,0.011987,0.238757,0.025375,0.023649,0.295068
2509,0.018532,0.009964,0.232521,0.024673,0.023292,0.284309
2510,0.018638,0.010576,0.231422,0.024103,0.022026,0.282662
2511,0.018503,0.01,0.233232,0.023096,0.022438,0.284173
2512,0.018417,0.010004,0.226449,0.021404,0.022225,0.277095
2513,0.018681,0.009764,0.224044,0.021439,0.022502,0.274991
2514,0.018304,0.009907,0.230207,0.021378,0.022115,0.280533
2515,0.018569,0.009993,0.225908,0.022426,0.022933,0.277403
2516,0.018502,0.010027,0.223241,0.022308,0.022028,0.273798
2517,0.018529,0.009998,0.229204,0.02268,0.023117,0.280848
2518,0.019368,0.010835,0.240928,0.028587,0.024006,0.295137
2519,0.019183,0.011147,0.22918,0.035136,0.019444,0.278954
2520,0.017108,0.011429,0.257018,0.041214,0.028322,0.313877
2521,0.022291,0.012075,0.255074,0.040535,0.025444,0.314884
2522,0.020276,0.011654,0.237987,0.027245,0.022125,0.292042
2523,0.017992,0.010089,0.233429,0.025075,0.022574,0.284084
2524,0.018371,0.010241,0.228403,0.024119,0.022518,0.279533
2525,0.018838,0.010264,0.238096,0.02437,0.023048,0.290246
2526,0.018418,0.010543,0.227204,0.022364,0.022507,0.278672
2527,0.018731,0.01046,0.2263,0.022407,0.022599,0.27809
2528,0.018431,0.0104,0.238828,0.03003,0.024066,0.291725
2529,0.019938,0.011269,0.231935,0.025187,0.02521,0.288352
2530,0.019851,0.011841,0.241462,0.03339,0.026245,0.299399
2531,0.021624,0.012258,0.299143,0.03909,0.025798,0.358823
2532,0.021093,0.011571,0.235197,0.026095,0.022343,0.290204
2533,0.018401,0.010633,0.237045,0.030143,0.028076,0.294155
2534,0.023085,0.012693,0.242093,0.027553,0.024098,0.301969
2535,0.020318,0.011098,0.245759,0.025887,0.024296,0.301471
2536,0.019474,0.011202,0.237718,0.025446,0.022557,0.290951
2537,0.018737,0.00998,0.231611,0.034117,0.029083,0.289411
2538,0.021648,0.012373,0.280968,0.041603,0.029154,0.344143
2539,0.023994,0.013263,0.243632,0.027653,0.024061,0.30495
2540,0.020262,0.011349,0.241493,0.025308,0.022607,0.295711
2541,0.019278,0.01088,0.244427,0.031729,0.023868,0.298453
2542,0.019233,0.010995,0.239445,0.024226,0.024206,0.293879
2543,0.019889,0.010667,0.23807,0.024889,0.023098,0.291724
2544,0.01884,0.010611,0.233361,0.024498,0.022515,0.285327
2545,0.01855,0.015842,0.227968,0.025537,0.02366,0.28602
2546,0.018923,0.010521,0.234406,0.031743,0.023495,0.287345
2547,0.019025,0.010835,0.251923,0.033781,0.029102,0.310885
2548,0.023493,0.013247,0.264609,0.03098,0.027563,0.328912
2549,0.0228,0.012546,0.25058,0.029519,0.024724,0.31065
2550,0.020231,0.011548,0.233013,0.029675,0.025528,0.29032
2551,0.02188,0.012621,0.26763,0.057778,0.030548,0.332679
2552,0.023245,0.01399,0.26897,0.047587,0.027628,0.333833
2553,0.024071,0.013239,0.290737,0.037066,0.026972,0.355019
2554,0.021888,0.012468,0.272186,0.02856,0.025144,0.331686
2555,0.020507,0.011623,0.25169,0.027043,0.025505,0.309325
2556,0.020064,0.011976,0.267144,0.030685,0.025494,0.324678
2557,0.021122,0.011783,0.266927,0.028132,0.024378,0.32421
2558,0.020098,0.011121,0.248753,0.025999,0.024204,0.304176
2559,0.018589,0.011337,0.231354,0.028752,0.027901,0.289181
2560,0.02202,0.01381,0.308171,0.084791,0.031001,0.375002
2561,0.023714,0.013496,0.266163,0.050078,0.029679,0.333052
2562,0.023862,0.013517,0.322933,0.043905,0.027746,0.388058
2563,0.026929,0.014507,0.252913,0.041226,0.025478,0.319827
2564,0.022135,0.011936,0.242043,0.031943,0.02522,0.301334
2565,0.020605,0.010973,0.238456,0.030069,0.024559,0.294593
2566,0.019299,0.01112,0.248028,0.033282,0.028478,0.306925
2567,0.022367,0.013302,0.257136,0.040457,0.02812,0.320925
2568,0.029929,0.013526,0.230512,0.042318,0.027947,0.301914
2569,0.017226,0.010116,0.235611,0.039083,0.025385,0.288338
2570,0.020693,0.011933,0.255231,0.038619,0.030788,0.318645
2571,0.072614,0.021533,0.24935,0.051291,0.026069,0.369566
2572,0.017846,0.010976,0.239953,0.040104,0.036319,0.305094
2573,0.021711,0.013032,0.252613,0.04317,0.023329,0.310685
2574,0.020301,0.013234,0.210933,0.031512,0.025598,0.270066
2575,0.021175,0.012602,0.238318,0.033175,0.024861,0.296956
2576,0.021435,0.012804,0.271715,0.038215,0.025646,0.3316
2577,0.022609,0.012939,0.249292,0.040911,0.029616,0.314456
2578,0.022207,0.014301,0.238694,0.043106,0.027696,0.302898
2579,0.021822,0.013336,0.249664,0.038132,0.024145,0.308967
2580,0.020293,0.011745,0.243484,0.036937,0.026747,0.302269
2581,0.022532,0.013209,0.242017,0.035661,0.025349,0.303107
2582,0.021192,0.011947,0.247293,0.029933,0.026593,0.307025
2583,0.021577,0.011679,0.253651,0.0345,0.029746,0.316653
2584,0.023622,0.013903,0.285244,0.036284,0.029052,0.351821
2585,0.022678,0.013383,0.23903,0.037801,0.027265,0.302356
2586,0.02267,0.013271,0.244352,0.035829,0.025179,0.305472
2587,0.021834,0.012234,0.246966,0.032551,0.026676,0.30771
2588,0.022,0.013018,0.280921,0.039284,0.027165,0.343104
2589,0.023985,0.013045,0.250248,0.039797,0.020202,0.30748
2590,0.01623,0.009877,0.224465,0.035544,0.026032,0.276604
2591,0.021199,0.012195,0.230034,0.032684,0.024164,0.287592
2592,0.019914,0.011267,0.270183,0.038319,0.029615,0.330979
2593,0.0238,0.019411,0.265151,0.037706,0.027715,0.336077
2594,0.022631,0.012798,0.250162,0.040431,0.022334,0.307925
2595,0.016679,0.010847,0.250104,0.03257,0.022414,0.300044
2596,0.019771,0.012835,0.2136,0.030422,0.02477,0.270976
2597,0.021157,0.011792,0.282394,0.079762,0.021457,0.3368
2598,0.01626,0.009733,0.228116,0.04101,0.026568,0.280677
2599,0.022972,0.01299,0.225371,0.036367,0.02872,0.290053
2600,0.021176,0.012329,0.181769,0.029944,0.016621,0.231895
2601,0.012893,0.007691,0.213461,0.02921,0.024071,0.258116
2602,0.019387,0.011118,0.246311,0.028965,0.023938,0.300754
2603,0.019541,0.011668,0.26416,0.032579,0.028852,0.324221
2604,0.023466,0.0125,0.255281,0.031398,1.725644,2.016891
2605,0.040334,0.027178,0.60322,0.067143,0.040583,0.711315
2606,0.029091,0.017857,0.288745,0.04204,0.030021,0.365714
2607,0.024331,0.014542,0.282014,0.040609,0.031232,0.352119
2608,0.033785,0.014329,0.27792,0.038728,0.029454,0.355488
2609,0.024178,0.014196,0.282212,0.046255,0.055557,0.376143
2610,0.025025,0.014717,0.324044,0.061413,0.032521,0.396307
2611,0.025311,0.015089,0.336797,0.04891,0.035056,0.412253
2612,0.027751,0.015759,0.287588,0.053806,0.029933,0.361031
2613,0.024728,0.014242,0.324742,0.050394,0.029414,0.393126
2614,0.024668,0.013303,0.257482,0.047954,0.030086,0.325539
2615,0.024693,0.014714,0.283322,0.04666,0.032313,0.355042
2616,0.030897,0.016093,0.257747,0.047196,0.029469,0.334206
2617,0.023239,0.013611,0.264274,0.051383,0.032922,0.334046
2618,0.02545,0.014589,0.263198,0.043145,0.027439,0.330676
2619,0.032464,0.014464,0.260984,0.039545,0.027948,0.33586
2620,0.022553,0.013702,0.314661,0.087143,0.031065,0.381981
2621,0.02236,0.015072,0.27877,0.047029,0.0303,0.346502
2622,0.024002,0.014956,0.307321,0.08254,0.029444,0.375723
2623,0.023363,0.013829,0.253297,0.03987,0.026515,0.317004
2624,0.021348,0.011931,0.261372,0.039638,0.029864,0.324515
2625,0.022139,0.013155,0.239384,0.040094,0.028398,0.303076
2626,0.023196,0.012986,0.252682,0.039522,0.027082,0.315946
2627,0.021948,0.013177,0.206776,0.030591,0.024326,0.266227
2628,0.041768,0.029524,0.212289,0.029706,0.025296,0.308877
2629,0.02004,0.011029,0.248007,0.043426,0.031334,0.31041
2630,0.025669,0.01376,0.205042,0.033565,0.025749,0.27022
2631,0.017201,0.00927,0.273187,0.040068,0.025937,0.325595
2632,0.0167,0.010147,0.193067,0.030228,0.01848,0.238394
2633,0.013859,0.008299,0.192136,0.030321,0.025095,0.239389
2634,0.015497,0.009067,0.217251,0.035874,0.025986,0.267801
2635,0.022193,0.015002,0.234813,0.038335,0.020741,0.292749
2636,0.014557,0.008343,0.223801,0.034569,0.026294,0.272995
2637,0.015963,0.009201,0.209221,0.038577,0.018855,0.25324
2638,0.015842,0.01149,0.25119,0.037225,0.026314,0.304836
2639,0.020492,0.012102,0.251258,0.037992,0.029641,0.313493
2640,0.02248,0.013067,0.269797,0.041498,0.030718,0.336062
2641,0.020707,0.01145,0.235853,0.041849,0.030618,0.298628
2642,0.022252,0.013464,0.243109,0.04053,0.025384,0.304209
2643,0.021323,0.01176,0.322434,0.109802,0.034203,0.38972
2644,0.025444,0.014713,0.262241,0.042467,0.029138,0.331536
2645,0.024061,0.013285,0.262359,0.042205,0.051048,0.350753
2646,0.039743,0.013552,0.256125,0.047839,0.028453,0.337873
2647,0.023423,0.013234,0.266904,0.055291,0.028894,0.332455
2648,0.024739,0.013254,0.259262,0.041415,0.029426,0.326681
2649,0.05247,0.018572,0.262027,0.044356,0.026823,0.359892
2650,0.02065,0.01121,0.238099,0.041981,0.023657,0.293616
2651,0.020464,0.011703,0.242435,0.030039,0.027036,0.301638
2652,0.021691,0.012233,0.242824,0.027943,0.023546,0.300294
2653,0.01983,0.010834,0.231694,0.024592,0.030884,0.293242
2654,0.018535,0.011041,0.228778,0.023501,0.022655,0.281009
2655,0.01893,0.009949,0.222614,0.022285,0.021957,0.27345
2656,0.017228,0.009553,0.219499,0.021212,0.023393,0.269673
2657,0.019048,0.010478,0.2431,0.027042,0.023915,0.296541
2658,0.019313,0.010744,0.228018,0.026784,0.023772,0.281847
2659,0.019753,0.010958,0.228624,0.02381,0.022167,0.281502
2660,0.018266,0.010181,0.225558,0.023616,0.023227,0.277232
2661,0.026111,0.010599,0.226937,0.023614,0.022702,0.286349
2662,0.018453,0.010185,0.225511,0.021855,0.021743,0.275892
2663,0.018102,0.009993,0.223791,0.021969,0.022129,0.274015
2664,0.018835,0.010177,0.234623,0.022444,0.022905,0.28654
2665,0.018566,0.009957,0.227633,0.022385,0.022199,0.278355
2666,0.018262,0.01005,0.226265,0.022851,0.022182,0.276759
2667,0.018457,0.009998,0.231416,0.023027,0.02303,0.282901
2668,0.018548,0.010112,0.23324,0.022409,0.022718,0.284618
2669,0.018485,0.010268,0.227301,0.022258,0.022523,0.278577
2670,0.018399,0.010126,0.228016,0.021798,0.022006,0.278547
2671,0.018529,0.010018,0.238871,0.034845,0.022658,0.290076
2672,0.018652,0.010275,0.22635,0.022735,0.021327,0.276604
2673,0.016928,0.009739,0.210029,0.024329,0.022511,0.259207
2674,0.017832,0.010218,0.248644,0.026477,0.024282,0.300976
2675,0.018626,0.010782,0.226318,0.029395,0.02299,0.278716
2676,0.019098,0.010722,0.21998,0.026484,0.022177,0.271977
2677,0.018402,0.01032,0.214718,0.026779,0.022578,0.266018
2678,0.018282,0.01033,0.218229,0.025385,0.022876,0.269717
2679,0.018722,0.010261,0.214706,0.027903,0.021608,0.265297
2680,0.018295,0.01039,0.218022,0.027095,0.023886,0.270593
2681,0.019261,0.010527,0.228878,0.031755,0.024971,0.283637
2682,0.019903,0.012141,0.249796,0.046098,0.030699,0.312539
2683,0.022577,0.01246,0.231592,0.037377,0.022658,0.289287
2684,0.017608,0.010647,0.235827,0.034289,0.026479,0.290561
2685,0.020896,0.012299,0.259658,0.033485,0.026064,0.318917
2686,0.020236,0.01215,0.244305,0.037567,0.044219,0.32091
2687,0.042941,0.012651,0.237696,0.038918,0.02363,0.316918
2688,0.019483,0.01101,0.217181,0.02725,0.03051,0.278184
2689,0.019625,0.011358,0.240843,0.029764,0.024787,0.296613
2690,0.019952,0.01151,0.253297,0.043961,0.021272,0.306031
2691,0.016575,0.009384,0.243946,0.039127,0.026195,0.2961
2692,0.020389,0.01172,0.256221,0.037729,0.027094,0.315424
2693,0.022456,0.013215,0.229678,0.035282,0.028343,0.293692
2694,0.021436,0.012364,0.229085,0.038065,0.025668,0.288553
2695,0.020665,0.012154,0.254343,0.035732,0.026018,0.31318
2696,0.020316,0.012041,0.269195,0.038671,0.03016,0.331712
2697,0.024393,0.014753,0.271531,0.041592,0.026068,0.336745
2698,0.018741,0.010469,0.208239,0.033874,0.0284,0.265849
2699,0.02043,0.011869,0.19094,0.030982,0.017811,0.24105
2700,0.013435,0.00755,0.204907,0.029129,0.023086,0.248978
2701,0.019368,0.011134,0.236421,0.031589,0.027414,0.294337
2702,0.022401,0.012836,0.308559,0.046374,0.027711,0.371507
2703,0.022436,0.011078,0.235853,0.041643,0.025336,0.294703
2704,0.02069,0.011837,0.246516,0.037401,0.026869,0.305912
2705,0.016387,0.009475,0.24766,0.043593,0.019214,0.292736
2706,0.013726,0.008673,0.199887,0.034128,0.019358,0.241644
2707,0.014881,0.008912,0.233127,0.034329,0.049113,0.306033
2708,0.039211,0.013118,0.200093,0.036738,0.018612,0.271034
2709,0.014634,0.019505,0.270444,0.054858,0.031627,0.33621
2710,0.024568,0.013751,0.242785,0.03988,0.02487,0.305974
2711,0.020281,0.011583,0.246375,0.043283,0.027444,0.305683
2712,0.021994,0.012609,0.254375,0.036902,0.025822,0.3148
2713,0.021548,0.011997,0.249077,0.039881,0.028493,0.311115
2714,0.021728,0.012074,0.250341,0.042914,0.027182,0.311325
2715,0.022357,0.012526,0.249662,0.03618,0.025174,0.309719
2716,0.020877,0.011308,0.242172,0.031599,0.025905,0.300262
2717,0.021609,0.012194,0.256049,0.044406,0.03066,0.320512
2718,0.022484,0.013312,0.318576,0.049764,0.030197,0.384569
2719,0.023115,0.013335,0.252908,0.04264,0.026179,0.315537
2720,0.022102,0.013075,0.260433,0.035262,0.027409,0.323019
2721,0.022862,0.013715,0.282102,0.040263,0.028977,0.347656
2722,0.021622,0.01353,0.259222,0.037873,0.02749,0.321864
2723,0.022174,0.012853,0.263434,0.036703,0.028161,0.326622
2724,0.022739,0.013091,0.273136,0.037865,0.031621,0.340587
2725,0.024981,0.013568,0.304744,0.050047,0.030712,0.374005
2726,0.02473,0.015287,0.262967,0.047782,0.028864,0.331848
2727,0.023711,0.014122,0.272188,0.037932,0.027485,0.337506
2728,0.021493,0.013127,0.246033,0.033083,0.02828,0.308933
2729,0.020835,0.012647,0.281612,0.051242,0.032084,0.347178
2730,0.023286,0.013707,0.267724,0.047496,0.030027,0.334744
2731,0.023498,0.013113,0.263946,0.043853,0.028292,0.328849
2732,0.021939,0.012962,0.25768,0.035119,0.026099,0.31868
2733,0.022802,0.012925,0.277074,0.03982,0.027556,0.340357
2734,0.023164,0.012917,0.26594,0.036167,0.02594,0.327961
2735,0.021263,0.012563,0.256067,0.032244,0.026575,0.316468
2736,0.021641,0.011789,0.270284,0.035889,0.026045,0.329759
2737,0.020676,0.012268,0.254345,0.032467,0.027824,0.315113
2738,0.021991,0.012306,0.29619,0.034869,0.047856,0.378343
2739,0.024668,0.014531,0.265815,0.046942,0.028195,0.333209
2740,0.024562,0.014079,0.253667,0.033242,0.024222,0.31653
2741,0.019996,0.010843,0.754878,0.505718,0.037141,0.822858
2742,0.028057,0.015867,0.266218,0.035878,0.02387,0.334012
2743,0.019467,0.010651,0.238089,0.023966,0.023187,0.291394
2744,0.018605,0.01047,0.419687,0.02364,0.030051,0.478813
2745,0.023298,0.01234,0.255034,0.038477,0.020955,0.311627
2746,0.017255,0.010259,0.262298,0.041495,0.029759,0.319571
2747,0.025536,0.013567,0.272953,0.04807,0.029598,0.341654
2748,0.023462,0.013733,0.254209,0.042371,0.028021,0.319425
2749,0.02279,0.013012,0.260674,0.041804,0.028272,0.324748
2750,0.022844,0.012801,0.265527,0.039103,0.029648,0.33082
2751,0.022599,0.014162,0.304337,0.049132,0.029948,0.371046
2752,0.025729,0.013642,0.266312,0.044566,0.0292,0.334883
2753,0.023185,0.014238,0.2753,0.044712,0.02966,0.342383
2754,0.024075,0.013813,0.276597,0.051838,0.031081,0.345566
2755,0.024485,0.014298,0.268522,0.049743,0.030036,0.337341
2756,0.023962,0.013408,0.255434,0.042059,0.027509,0.320313
2757,0.022025,0.019091,0.278651,0.04093,0.029213,0.34898
2758,0.022231,0.013314,0.2799,0.038412,0.027768,0.343213
2759,0.021799,0.013355,0.257595,0.039317,0.027315,0.320064
2760,0.022301,0.012761,0.253492,0.045182,0.027204,0.315758
2761,0.021238,0.012502,0.251638,0.0356,0.025512,0.31089
2762,0.020793,0.011964,0.242028,0.032767,0.023475,0.29826
2763,0.020299,0.011211,0.237666,0.026269,0.024054,0.29323
2764,0.018735,0.01063,0.243835,0.036633,0.026642,0.299842
2765,0.021539,0.012627,0.24543,0.027535,0.025577,0.305173
2766,0.019887,0.011522,0.234949,0.026927,0.026077,0.292435
2767,0.021073,0.012531,0.252919,0.033136,0.028015,0.314538
2768,0.033112,0.03042,0.273512,0.047553,0.029291,0.366335
2769,0.02406,0.014109,0.263683,0.047742,0.035517,0.337369
2770,0.022543,0.013768,0.265994,0.046591,0.028213,0.330518
2771,0.022437,0.013383,0.26513,0.044994,0.030808,0.331758
2772,0.02246,0.01363,0.269642,0.048763,0.032901,0.338633
2773,0.025734,0.014796,0.28596,0.06007,0.033244,0.359734
2774,0.025051,0.015122,0.262052,0.049607,0.030101,0.332326
2775,0.024461,0.016008,0.263112,0.04571,0.029761,0.333342
2776,0.023782,0.01436,0.294925,0.049264,0.029467,0.362534
2777,0.023818,0.013964,0.258716,0.045919,0.031026,0.327524
2778,0.025165,0.015158,0.2721,0.044233,0.028492,0.340915
2779,0.02326,0.013638,0.269723,0.039231,0.027976,0.334597
2780,0.021976,0.01302,0.267795,0.039321,0.035758,0.338549
2781,0.023339,0.014574,0.267904,0.046657,0.028507,0.334324
2782,0.022742,0.013446,0.263222,0.037168,0.026366,0.325776
2783,0.021696,0.01202,0.243405,0.031864,0.026216,0.303337
2784,0.02137,0.011833,0.249388,0.033606,0.027009,0.3096
2785,0.022934,0.012463,0.248745,0.039852,0.026075,0.310217
2786,0.021667,0.011587,0.237613,0.030345,0.024896,0.295763
2787,0.021149,0.01176,0.237674,0.029046,0.026018,0.296601
2788,0.02138,0.012957,0.248359,0.031676,0.034175,0.316871
2789,0.020829,0.012089,0.237995,0.027716,0.024051,0.294964
2790,0.019139,0.011563,0.237714,0.027703,0.026056,0.294472
2791,0.020625,0.01147,0.237283,0.028023,0.026211,0.295589
2792,0.02045,0.011516,0.247814,0.037453,0.027692,0.307472
2793,0.023006,0.013756,0.272384,0.042317,0.029356,0.338502
2794,0.024851,0.014821,0.263879,0.038813,0.030363,0.333914
2795,0.023131,0.013283,0.305101,0.044449,0.030124,0.371639
2796,0.023551,0.014375,0.27167,0.045657,0.030766,0.340362
2797,0.024558,0.014668,0.308555,0.064221,0.045083,0.392864
2798,0.024227,0.014177,0.271095,0.038789,0.02744,0.336939
2799,0.024008,0.01374,0.266137,0.045582,0.031921,0.335806
2800,0.022585,0.014233,0.256095,0.045911,0.038588,0.331501
2801,0.023804,0.014643,0.279367,0.045692,0.027858,0.345672
2802,0.023022,0.013364,0.256176,0.038566,0.027311,0.319873
2803,0.023237,0.012417,0.269154,0.044837,0.029208,0.334016
2804,0.023693,0.013469,0.255916,0.033141,0.025288,0.318366
2805,0.021033,0.012326,0.243664,0.033275,0.026644,0.303667
2806,0.021462,0.01275,0.245307,0.030664,0.024549,0.304068
2807,0.019591,0.019589,0.244704,0.03043,0.028462,0.312346
2808,0.022271,0.012629,0.241376,0.031296,0.026693,0.302969
2809,0.021804,0.012376,0.242949,0.027737,0.025491,0.30262
2810,0.019891,0.01175,0.278735,0.032733,0.029104,0.33948
2811,0.021748,0.013141,0.253877,0.043879,0.030351,0.319117
2812,0.023659,0.013795,0.270434,0.045916,0.029387,0.337275
2813,0.024392,0.013426,0.253756,0.043045,0.026565,0.318139
2814,0.021647,0.01328,0.30026,0.057461,0.027349,0.362536
2815,0.024669,0.01323,0.25798,0.043517,0.032079,0.327958
2816,0.024542,0.014568,0.324319,0.090244,0.02973,0.393159
2817,0.023916,0.013749,0.259898,0.04659,0.029254,0.326817
2818,0.023058,0.013561,0.25708,0.041141,0.027442,0.321141
2819,0.021842,0.025469,0.260429,0.039642,0.056215,0.363955
2820,0.037238,0.014741,0.26773,0.046018,0.026758,0.346467
2821,0.022176,0.012928,0.245927,0.029979,0.03371,0.314741
2822,0.020118,0.011707,0.238399,0.027855,0.024123,0.294347
2823,0.019309,0.010969,0.241828,0.028037,0.027782,0.299888
2824,0.022479,0.012726,0.243698,0.027914,0.027096,0.305999
2825,0.021498,0.012636,0.266416,0.048403,0.029239,0.329789
2826,0.023486,0.014183,0.253715,0.042689,0.027568,0.318952
2827,0.021789,0.013554,0.296636,0.084054,0.030627,0.362606
2828,0.024374,0.014024,0.280924,0.050779,0.030328,0.34965
2829,0.025204,0.014643,0.263338,0.043576,0.026589,0.329774
2830,0.022272,0.013331,0.296958,0.085281,0.029192,0.361753
2831,0.029417,0.013418,0.247525,0.037934,0.02576,0.31612
2832,0.021292,0.012062,0.227659,0.028102,0.025206,0.286219
2833,0.021153,0.012144,0.239296,0.029759,0.023963,0.296556
2834,0.019529,0.011288,0.2461,0.02596,0.023835,0.300752
2835,0.01923,0.010832,0.240261,0.026979,0.027464,0.297787
2836,0.021328,0.01204,0.238486,0.025629,0.024555,0.296409
2837,0.020604,0.011763,0.239194,0.034356,0.024134,0.295695
2838,0.018797,0.011816,0.261011,0.045088,0.033008,0.324632
2839,0.025335,0.014457,0.260967,0.041622,0.027606,0.328365
2840,0.02342,0.014239,0.275858,0.054696,0.029727,0.343244
2841,0.024559,0.014613,0.262893,0.048508,0.030003,0.332068
2842,0.022534,0.016151,0.272551,0.047069,0.030435,0.341671
2843,0.022889,0.013197,0.272996,0.060282,0.030182,0.339264
2844,0.022594,0.01395,0.25259,0.040028,0.029347,0.318481
2845,0.022789,0.013185,0.258536,0.042671,0.030625,0.325135
2846,0.023045,0.01406,0.336662,0.047532,0.030023,0.40379
2847,0.02513,0.014088,0.31368,0.047841,0.030449,0.383347
2848,0.023221,0.014852,0.271548,0.047227,0.029146,0.338767
2849,0.022404,0.012945,0.280563,0.03832,0.029878,0.34579
2850,0.022638,0.013714,0.260701,0.03592,0.028454,0.325507
2851,0.021824,0.012144,0.253708,0.033618,0.027582,0.315258
2852,0.021805,0.013366,0.268132,0.03466,0.028338,0.331641
2853,0.024054,0.014655,0.272114,0.040299,0.028832,0.339655
2854,0.021805,0.012693,0.25952,0.035911,0.02787,0.321888
2855,0.022531,0.013104,0.261895,0.042923,0.027434,0.324964
2856,0.019783,0.012224,0.25714,0.034983,0.028421,0.317568
2857,0.022482,0.013151,0.245349,0.029522,0.026186,0.307168
2858,0.020502,0.011699,0.273271,0.027739,0.025499,0.330971
2859,0.020585,0.011516,0.240498,0.027257,0.025592,0.298191
2860,0.020594,0.011298,0.245352,0.028011,0.025172,0.302416
2861,0.019735,0.011537,0.252875,0.02828,0.024685,0.308832
2862,0.019636,0.011205,0.235167,0.02623,0.024167,0.290175
2863,0.019032,0.010343,0.23302,0.025455,0.024255,0.28665
2864,0.019956,0.011828,0.241313,0.027118,0.030157,0.303254
2865,0.018481,0.011404,0.238065,0.029165,0.024471,0.292421
2866,0.0196,0.011192,0.246145,0.029074,0.026533,0.30347
2867,0.021192,0.012514,0.239098,0.02784,0.024936,0.29774
2868,0.020292,0.01144,0.251104,0.026646,0.023838,0.306674
2869,0.019574,0.010688,0.234495,0.025943,0.024637,0.289394
2870,0.019694,0.011433,0.245769,0.028568,0.025975,0.302871
2871,0.02058,0.011135,0.246148,0.02625,0.024562,0.302425
2872,0.019648,0.010661,0.23265,0.025661,0.024488,0.287447
2873,0.019921,0.010749,0.23411,0.024854,0.023298,0.288078
2874,0.019214,0.010827,0.243151,0.026635,0.030735,0.303927
2875,0.019284,0.01129,0.236493,0.025583,0.024403,0.29147
2876,0.019205,0.011037,0.235803,0.024218,0.023901,0.289946
2877,0.018389,0.01068,0.243227,0.029877,0.025446,0.297742
2878,0.020542,0.011137,0.239623,0.026635,0.024924,0.296226
2879,0.019886,0.01054,0.832674,0.065506,0.041441,0.904541
2880,0.028879,0.018392,0.288813,0.044808,0.028543,0.364627
2881,0.023527,0.013488,0.254858,0.031444,0.027495,0.319368
2882,0.250181,0.021991,0.300701,0.049813,0.029346,0.602219
2883,0.0215,0.013126,0.259385,0.035307,0.028183,0.322194
2884,0.020286,0.012153,0.262741,0.030498,0.02473,0.31991
2885,0.020109,0.011943,0.288803,0.043186,0.029439,0.350294
2886,0.022012,0.012973,0.267252,0.044207,0.059461,0.361698
2887,0.035986,0.014321,0.275997,0.050657,0.02813,0.354434
2888,0.021252,0.0134,0.265771,0.044583,0.029982,0.330405
2889,0.024192,0.013063,0.261365,0.047718,0.031424,0.330044
2890,0.024465,0.014567,0.298435,0.078209,0.030761,0.368228
2891,0.024373,0.014333,0.267953,0.050483,0.029792,0.336451
2892,0.024233,0.014523,0.267087,0.046291,0.054463,0.360306
2893,0.024415,0.014073,0.279656,0.050157,0.0273,0.345444
2894,0.023158,0.013466,0.260116,0.042896,0.029683,0.326423
2895,0.023527,0.013471,0.30941,0.079261,0.029121,0.375529
2896,0.022392,0.013072,0.262627,0.042383,0.025838,0.323929
2897,0.02144,0.013115,0.251153,0.040784,0.029419,0.315127
2898,0.023279,0.013623,0.26209,0.046614,0.031995,0.330987
2899,0.026027,0.015458,0.297666,0.053259,0.033768,0.372919
2900,0.025853,0.015336,0.268198,0.046985,0.02894,0.338327
2901,0.023858,0.014628,0.303333,0.04514,0.043781,0.3856
2902,0.023629,0.013693,0.258194,0.041067,0.025503,0.321019
2903,0.02214,0.014227,0.276278,0.041153,0.028414,0.341059
2904,0.020678,0.013053,0.257427,0.034296,0.037677,0.328835
2905,0.022794,0.013783,0.259999,0.030811,0.025653,0.322229
2906,0.021335,0.012518,0.248903,0.030547,0.026133,0.308889
2907,0.020453,0.012347,0.253741,0.028774,0.025805,0.312346
2908,0.020365,0.022006,0.26053,0.030944,0.026462,0.329363
2909,0.021863,0.01162,0.245421,0.033846,0.028108,0.307012
2910,0.021887,0.012198,0.270795,0.038189,0.051167,0.356047
2911,0.032963,0.013747,0.269343,0.047705,0.032297,0.34835
2912,0.025733,0.015618,0.257116,0.043288,0.028782,0.327249
2913,0.022996,0.013748,0.257459,0.038922,0.028862,0.323065
2914,0.032441,0.013352,0.266185,0.06021,0.029564,0.341542
2915,0.024223,0.013861,0.266534,0.041174,0.028492,0.33311
2916,0.023882,0.013551,0.256906,0.044056,0.050833,0.345172
2917,0.021942,0.012428,0.250027,0.038736,0.027596,0.311993
2918,0.024381,0.033395,0.267212,0.045352,0.029071,0.354059
2919,0.023423,0.013467,0.271762,0.045554,0.038148,0.3468
2920,0.024093,0.014046,0.261232,0.049602,0.029574,0.328945
2921,0.022688,0.013533,0.260928,0.043056,0.028092,0.325241
2922,0.023065,0.013355,0.32021,0.044935,0.029593,0.386223
2923,0.022826,0.012716,0.260983,0.046408,0.030183,0.326708
2924,0.024995,0.015006,0.266925,0.039777,0.02728,0.334206
2925,0.021923,0.013045,0.270524,0.035905,0.030808,0.3363
2926,0.02509,0.0143,0.286772,0.045919,0.029513,0.355675
2927,0.022956,0.013035,0.245316,0.030879,0.024943,0.30625
2928,0.020155,0.011829,0.247163,0.026369,0.026272,0.305419
2929,0.021108,0.012017,0.24493,0.02977,0.025773,0.303828
2930,0.020941,0.012075,0.240846,0.028438,0.024446,0.298308
2931,0.020544,0.011604,0.237449,0.028551,0.02401,0.293607
2932,0.019118,0.017861,0.244115,0.031593,0.025684,0.306778
2933,0.02059,0.011285,0.232895,0.026632,0.024378,0.289148
2934,0.019718,0.010751,0.231294,0.023891,0.022785,0.284548
2935,0.018396,0.009993,0.234423,0.022615,0.02233,0.285142
2936,0.018286,0.010177,0.226056,0.025378,0.023768,0.278287
2937,0.019895,0.011259,0.246525,0.028408,0.024914,0.302593
2938,0.01932,0.011089,0.249387,0.027217,0.024771,0.304567
2939,0.019213,0.015979,0.239433,0.02758,0.024417,0.299042
2940,0.019239,0.010477,0.228223,0.025082,0.023323,0.281262
2941,0.018756,0.010904,0.230431,0.025652,0.024727,0.284818
2942,0.019379,0.01152,0.246692,0.02882,0.023851,0.301442
2943,0.018879,0.010872,0.237551,0.027232,0.024406,0.291708
2944,0.019027,0.010859,0.233397,0.027088,0.023325,0.286608
2945,0.018983,0.010687,0.241173,0.035027,0.027722,0.298565
2946,0.021444,0.012339,0.253326,0.038061,0.028425,0.315534
2947,0.022946,0.013873,0.246878,0.035368,0.026506,0.310203
2948,0.021414,0.012575,0.252702,0.030435,0.026169,0.31286
2949,0.022105,0.012555,0.249381,0.03091,0.025842,0.309883
2950,0.021251,0.011885,0.238002,0.024936,0.022946,0.294084
2951,0.019241,0.010709,0.235908,0.024272,0.024924,0.290782
2952,0.01993,0.011211,0.244515,0.025182,0.023633,0.299289
2953,0.018553,0.010019,0.229097,0.022592,0.022549,0.280218
2954,0.018249,0.010083,0.224374,0.021953,0.022017,0.274723
2955,0.018146,0.009903,0.23354,0.02878,0.024441,0.28603
2956,0.02016,0.012052,0.24651,0.040002,0.028188,0.30691
2957,0.021468,0.012796,0.295054,0.05945,0.029807,0.359125
2958,0.022952,0.013082,0.254965,0.040864,0.027322,0.318321
2959,0.022338,0.013204,0.254165,0.039222,0.028618,0.318325
2960,0.023431,0.014409,0.303786,0.083802,0.030527,0.372153
2961,0.023439,0.013132,0.270557,0.0521,0.028828,0.335956
2962,0.022689,0.013428,0.255589,0.037593,0.029265,0.320971
2963,0.024711,0.014826,0.26707,0.035751,0.027461,0.334068
2964,0.021406,0.012841,0.269574,0.052171,0.042648,0.346469
2965,0.023889,0.014246,0.269101,0.045838,0.031476,0.338712
2966,0.024683,0.013783,0.261772,0.044238,0.028943,0.329181
2967,0.023138,0.014039,0.285079,0.045891,0.030312,0.352568
2968,0.023929,0.013657,0.257552,0.043352,0.028961,0.324099
2969,0.023335,0.013295,0.289586,0.042912,0.027681,0.353897
2970,0.022537,0.012798,0.263393,0.041593,0.028761,0.327489
2971,0.022507,0.013568,0.275191,0.042303,0.027655,0.338921
2972,0.023254,0.013379,0.247709,0.037199,0.025299,0.309641
2973,0.021458,0.012433,0.263033,0.03431,0.028489,0.325413
2974,0.022533,0.013258,0.25767,0.037182,0.02747,0.320931
2975,0.022953,0.012616,0.265494,0.03532,0.027765,0.328828
2976,0.022634,0.013457,0.26566,0.033674,0.02576,0.327511
2977,0.020612,0.012833,0.258286,0.032622,0.026368,0.318099
2978,0.021619,0.013328,0.26273,0.033121,0.026977,0.324654
2979,0.021783,0.013342,0.290566,0.073127,0.03027,0.355961
2980,0.024114,0.013627,0.280875,0.036399,0.026221,0.344837
2981,0.021787,0.012729,0.263672,0.043929,0.031181,0.329369
2982,0.02323,0.013324,0.270279,0.040355,0.028684,0.335517
2983,0.023069,0.013535,0.252586,0.040475,0.028169,0.317359
2984,0.022081,0.013681,0.262296,0.041618,0.030438,0.328496
2985,0.0241,0.013842,0.278664,0.042954,0.029633,0.346239
2986,0.024704,0.014745,0.276078,0.046841,0.029851,0.345378
2987,0.02334,0.013148,0.279793,0.049251,0.029595,0.345876
2988,0.023623,0.013509,0.272054,0.042208,0.028606,0.337792
2989,0.022653,0.012323,0.24484,0.037124,0.027223,0.307039
2990,0.023038,0.013297,0.263877,0.03605,0.02921,0.329422
2991,0.023264,0.013544,0.276079,0.037464,0.02962,0.342507
2992,0.023727,0.013562,0.252877,0.034512,0.028888,0.319054
2993,0.02355,0.013646,0.300583,0.042282,0.027891,0.36567
2994,0.022743,0.012924,0.254702,0.027295,0.023988,0.314357
2995,0.019074,0.010762,0.232531,0.024233,0.024406,0.286773
2996,0.018874,0.010723,0.229061,0.023091,0.022632,0.28129
2997,0.018619,0.010066,0.240256,0.03387,0.022771,0.291712
2998,0.019082,0.010408,0.228838,0.021304,0.022448,0.280776
2999,0.018379,0.010379,0.227294,0.021174,0.022601,0.278653
3000,0.018038,0.010161,0.227153,0.021388,0.022888,0.27824
3001,0.018662,0.010171,0.236716,0.022972,0.02266,0.288209
3002,0.018314,0.010446,0.225549,0.022387,0.022662,0.276971
3003,0.018331,0.010028,0.227901,0.022121,0.022808,0.279068
3004,0.018444,0.010068,0.234712,0.022956,0.024963,0.288187
3005,0.020524,0.011006,0.246743,0.032226,0.025155,0.303428
3006,0.020309,0.011671,0.243217,0.029933,0.023673,0.29887
3007,0.019441,0.010915,0.244725,0.034023,0.029016,0.304097
3008,0.030013,0.013779,0.253299,0.043278,0.029517,0.326608
3009,0.023876,0.014746,0.269533,0.045721,0.065718,0.373873
3010,0.026815,0.013895,0.277414,0.048785,0.027384,0.345508
3011,0.023272,0.013794,0.251049,0.03903,0.026511,0.314626
3012,0.022015,0.013199,0.27364,0.042009,0.029331,0.338185
3013,0.022311,0.013179,0.275278,0.047343,0.03185,0.342618
3014,0.025543,0.015135,0.270088,0.044883,0.028993,0.339759
3015,0.023703,0.013979,0.287699,0.044292,0.027649,0.35303
3016,0.022497,0.01307,0.256395,0.040896,0.029624,0.321586
3017,0.02277,0.013337,0.259798,0.039548,0.026908,0.322813
3018,0.020362,0.016276,1.164487,0.048312,0.049588,1.250713
3019,0.033276,0.018938,0.334282,0.064669,0.034631,0.421127
3020,0.027712,0.016921,0.304889,0.054007,0.03283,0.382352
3021,0.025604,0.015182,0.583729,0.072848,0.038853,0.663368
3022,0.029283,0.01707,0.268638,0.035673,0.026691,0.341682
3023,0.020725,0.011835,0.244184,0.02762,0.024162,0.300906
3024,0.019427,0.010924,0.775627,0.044537,0.032635,0.838613
3025,0.025462,0.013619,0.248691,0.028861,0.024091,0.311863
3026,0.019882,0.010659,0.251946,0.026678,0.023967,0.306454
3027,0.019547,0.010592,0.234731,0.02483,0.023494,0.288364
3028,0.019273,0.010241,0.233342,0.024067,0.023342,0.286198
3029,0.018993,0.010298,0.23776,0.024521,0.022812,0.289863
3030,0.018772,0.010135,0.248135,0.045432,0.028555,0.305597
3031,0.023239,0.013084,0.249387,0.039696,0.027695,0.313405
3032,0.022688,0.013258,0.26828,0.033365,0.025202,0.329428
3033,0.019469,0.011438,0.238383,0.027777,0.023465,0.292755
3034,0.019333,0.011029,0.225003,0.023902,0.022505,0.27787
3035,0.017882,0.010338,0.223201,0.023891,0.021841,0.273262
3036,0.018498,0.009494,0.258448,0.024857,0.022313,0.308753
3037,0.018166,0.010171,0.224584,0.02235,0.021519,0.27444
3038,0.01833,0.010158,0.221717,0.022733,0.026114,0.276319
3039,0.016733,0.009876,0.226076,0.031932,0.023156,0.275841
3040,0.017145,0.010069,0.21919,0.022056,0.021904,0.268308
3041,0.018546,0.009619,0.220949,0.023257,0.021583,0.270697
3042,0.017909,0.00986,0.220743,0.021502,0.021878,0.27039
3043,0.017756,0.010105,0.227129,0.022773,0.021643,0.276633
3044,0.018165,0.009652,0.222719,0.022252,0.021659,0.272195
3045,0.017581,0.00926,0.221017,0.022342,0.022282,0.27014
3046,0.017732,0.010217,0.226362,0.021696,0.031594,0.285905
3047,0.018402,0.010771,0.232081,0.026678,0.02259,0.283844
3048,0.018408,0.009754,0.220582,0.022758,0.021932,0.270676
3049,0.018059,0.010273,0.220272,0.023219,0.022412,0.271016
3050,0.016727,0.009576,0.225316,0.022336,0.022466,0.274085
3051,0.016916,0.010778,0.226121,0.023741,0.021289,0.275104
3052,0.018003,0.010223,0.220087,0.021934,0.022698,0.271011
3053,0.017352,0.010089,0.212352,0.021798,0.020589,0.260382
3054,0.017509,0.009499,0.222091,0.022169,0.020703,0.269802
3055,0.018353,0.009876,0.217202,0.020041,0.020393,0.265824
3056,0.017378,0.010296,0.218638,0.021848,0.021077,0.267389
3057,0.018145,0.009821,0.24102,0.02343,0.023361,0.292347
3058,0.018264,0.009916,0.220807,0.022889,0.021397,0.270384
3059,0.0183,0.010297,0.220457,0.021118,0.021907,0.270961
3060,0.017698,0.009656,0.220336,0.02162,0.021924,0.269614
3061,0.017185,0.009476,0.230308,0.022624,0.022204,0.279173
3062,0.018153,0.009257,0.222522,0.02238,0.022075,0.272007
3063,0.017842,0.009674,0.229964,0.022749,0.02262,0.2801
3064,0.018374,0.009924,0.21499,0.021788,0.022592,0.26588
3065,0.018285,0.010225,0.224354,0.023188,0.021116,0.27398
3066,0.017174,0.009431,0.219866,0.021753,0.023055,0.269526
3067,0.018037,0.009633,0.226792,0.021947,0.021279,0.275741
3068,0.01689,0.009148,0.225427,0.020791,0.022197,0.273662
3069,0.016816,0.010468,0.224872,0.022569,0.021923,0.274079
3070,0.018223,0.009899,0.23268,0.023213,0.021368,0.28217
3071,0.017968,0.010357,0.233442,0.024001,0.022989,0.284756
3072,0.01768,0.009651,0.228148,0.023484,0.022279,0.277758
3073,0.018497,0.009816,0.226682,0.023259,0.021671,0.276666
3074,0.017741,0.010535,0.222167,0.022599,0.022428,0.272871
3075,0.017746,0.010049,0.231481,0.022935,0.020687,0.279963
3076,0.017968,0.009773,0.229855,0.032205,0.02401,0.281606
3077,0.019501,0.010806,0.23105,0.026362,0.023739,0.285096
3078,0.019641,0.010695,0.231089,0.024529,0.024982,0.286407
3079,0.019385,0.01095,0.259967,0.029241,0.023772,0.314074
3080,0.019339,0.010179,0.23981,0.027778,0.02329,0.292618
3081,0.020634,0.011391,0.238515,0.029032,0.023418,0.293958
3082,0.018159,0.010267,0.235238,0.034451,0.023176,0.28684
3083,0.018862,0.01015,0.232596,0.025217,0.025145,0.286753
3084,0.019347,0.010254,0.22766,0.025579,0.022617,0.279878
3085,0.018878,0.010354,0.231494,0.024666,0.022526,0.283252
3086,0.019016,0.010227,0.237267,0.026901,0.023661,0.290171
3087,0.019243,0.010513,0.237241,0.026314,0.023335,0.290332
3088,0.0191,0.010365,0.233485,0.02429,0.022884,0.285834
3089,0.01832,0.00968,0.244438,0.032595,0.025945,0.298383
3090,0.020649,0.011354,0.241217,0.028283,0.025194,0.298414
3091,0.019431,0.011042,0.235517,0.026712,0.023546,0.289536
3092,0.017915,0.01087,0.231907,0.027863,0.023024,0.283716
3093,0.027969,0.010468,0.232294,0.025483,0.022184,0.292915
3094,0.019657,0.011147,0.237906,0.028725,0.023007,0.291717
3095,0.019225,0.010389,0.230756,0.025265,0.023011,0.283381
3096,0.018517,0.00992,0.244487,0.024792,0.024033,0.296957
3097,0.018823,0.010031,0.241937,0.025179,0.022526,0.293317
3098,0.018305,0.009947,0.236298,0.024378,0.022577,0.287127
3099,0.018861,0.010121,0.239976,0.028165,0.023754,0.292712
3100,0.018971,0.010264,0.226458,0.032237,0.025138,0.280831
3101,0.020333,0.011473,0.225832,0.032236,0.023469,0.281107
3102,0.020536,0.011958,0.243384,0.035614,0.024815,0.300693
3103,0.02028,0.011534,0.250028,0.036477,0.024449,0.306291
3104,0.020406,0.012208,0.232631,0.031904,0.022556,0.287801
3105,0.018658,0.010897,0.220359,0.02876,0.022411,0.272325
3106,0.018965,0.010686,0.228985,0.029199,0.022092,0.280728
3107,0.018622,0.010642,0.240812,0.028673,0.022752,0.292828
3108,0.01844,0.010344,0.223454,0.028839,0.024814,0.277052
3109,0.02057,0.01094,0.223593,0.028872,0.022369,0.277472
3110,0.019131,0.010457,0.233337,0.027953,0.022996,0.285921
3111,0.018535,0.011073,0.218828,0.026242,0.023026,0.271462
3112,0.018058,0.010908,0.219388,0.026863,0.02276,0.271114
3113,0.018367,0.010397,0.228746,0.028767,0.022975,0.280485
3114,0.019248,0.010736,0.231356,0.030429,0.024046,0.285386
3115,0.020195,0.010992,0.243327,0.034906,0.024849,0.299363
3116,0.020347,0.011628,0.236818,0.028051,0.023265,0.292058
3117,0.018876,0.010623,0.242516,0.033542,0.024611,0.296626
3118,0.019939,0.011055,0.22754,0.030525,0.022436,0.28097
3119,0.019744,0.011165,0.259892,0.041139,0.032834,0.323635
3120,0.025429,0.015074,0.258855,0.04045,0.026798,0.326156
3121,0.020318,0.011771,0.247113,0.035008,0.025176,0.304378
3122,0.019564,0.012027,0.240596,0.036184,0.027044,0.299231
3123,0.021172,0.012451,0.266279,0.049049,0.025554,0.325456
3124,0.02073,0.011948,0.238013,0.028243,0.024044,0.294735
3125,0.019221,0.010804,0.236215,0.031362,0.024285,0.290525
3126,0.019517,0.01088,0.235811,0.032145,0.024232,0.29044
3127,0.028012,0.011145,0.235814,0.030532,0.024463,0.299434
3128,0.019173,0.011174,0.241404,0.036371,0.024208,0.295959
3129,0.020213,0.011548,0.244856,0.033301,0.024139,0.300756
3130,0.019636,0.010634,0.244363,0.02647,0.02189,0.296523
3131,0.018581,0.010314,0.23559,0.03278,0.023827,0.288312
3132,0.019424,0.010886,0.236408,0.033596,0.024208,0.290926
3133,0.020359,0.011075,0.247592,0.034736,0.027064,0.30609
3134,0.02195,0.017254,0.252273,0.03772,0.02606,0.317537
3135,0.02119,0.011792,0.238865,0.035481,0.026271,0.298118
3136,0.020911,0.012057,0.232963,0.034689,0.039645,0.305576
3137,0.021032,0.011656,0.240395,0.029607,0.023046,0.296129
3138,0.01911,0.010142,0.232181,0.030317,0.026573,0.288006
3139,0.021487,0.01174,0.245844,0.033212,0.025555,0.304626
3140,0.020842,0.011584,0.257782,0.033236,0.023998,0.314206
3141,0.019605,0.011857,0.242875,0.035023,0.028126,0.302463
3142,0.022391,0.013099,0.232732,0.030134,0.023602,0.291824
3143,0.018583,0.010716,0.23708,0.029688,0.023594,0.289973
3144,0.019576,0.011184,0.226458,0.029417,0.023782,0.281
3145,0.019438,0.010465,0.224397,0.028312,0.02178,0.27608
3146,0.018017,0.010785,0.229629,0.025859,0.023221,0.281652
3147,0.01887,0.010329,0.240855,0.024749,0.023716,0.29377
3148,0.018708,0.010201,0.217157,0.026733,0.025119,0.271185
3149,0.018484,0.01019,0.222742,0.027081,0.022454,0.27387
3150,0.018533,0.010846,0.238813,0.042117,0.025656,0.293848
3151,0.021184,0.011752,0.245096,0.037739,0.026867,0.304899
3152,0.021572,0.012037,0.249432,0.02979,0.02331,0.306351
3153,0.019079,0.010862,0.229887,0.024121,0.031163,0.290991
3154,0.018104,0.010618,0.234241,0.034888,0.024872,0.287835
3155,0.020366,0.010235,0.238846,0.035208,0.028501,0.297948
3156,0.023227,0.012534,0.242074,0.035026,0.026324,0.304159
3157,0.021147,0.01251,0.258,0.032181,0.024476,0.316133
3158,0.019512,0.01105,0.230479,0.030991,0.025239,0.28628
3159,0.019926,0.011469,0.224765,0.030552,0.025644,0.281804
3160,0.020856,0.011354,0.250488,0.041255,0.028934,0.311632
3161,0.022049,0.013341,0.247172,0.03542,0.025968,0.30853
3162,0.02002,0.01202,0.239792,0.030499,0.024921,0.296753
3163,0.020364,0.011457,0.25232,0.032085,0.026233,0.310374
3164,0.020466,0.009796,0.169463,0.022896,0.021709,0.221434
3165,0.018989,0.010285,0.23061,0.025341,0.017685,0.277569
3166,0.012704,0.007262,0.163921,0.018875,0.023529,0.207416
3167,0.019383,0.010618,0.188568,0.020548,0.0166,0.235169
3168,0.028324,0.010543,0.227672,0.028493,0.024044,0.290583
3169,0.018804,0.010241,0.227992,0.029486,0.024178,0.281215
3170,0.020345,0.010998,0.23312,0.030092,0.024476,0.288939
3171,0.019675,0.011456,0.249179,0.031255,0.024897,0.305207
3172,0.02219,0.01199,0.253866,0.036094,0.024757,0.312803
3173,0.020778,0.011953,0.241184,0.035796,0.024641,0.298556
3174,0.020206,0.011329,0.241926,0.042146,0.02339,0.296851
3175,0.019409,0.01157,0.257822,0.031889,0.023694,0.312495
3176,0.019115,0.010861,0.227206,0.029322,0.022907,0.280089
3177,0.019204,0.010512,0.230528,0.030772,0.026646,0.28689
3178,0.020783,0.019028,0.230923,0.033521,0.023908,0.294642
3179,0.019423,0.011432,0.811112,0.033154,0.042143,0.88411
3180,0.030828,0.017722,0.306779,0.062407,0.030016,0.385345
3181,0.023342,0.013735,0.262783,0.035586,0.023949,0.323809
3182,0.02038,0.012255,0.533325,0.271377,0.039587,0.605547
3183,0.029247,0.017998,0.285579,0.047721,0.027392,0.360216
3184,0.022127,0.013161,0.272557,0.040789,0.027714,0.335559
3185,0.023031,0.013121,0.255109,0.038147,0.026661,0.317922
3186,0.021168,0.012277,0.246109,0.036831,0.024805,0.304359
3187,0.020996,0.011897,0.253909,0.047766,0.025919,0.312721
3188,0.021039,0.012078,0.242201,0.033777,0.027061,0.302379
3189,0.021496,0.012999,0.244638,0.034044,0.024452,0.303585
3190,0.020502,0.011254,0.240953,0.031521,0.024016,0.296725
3191,0.019989,0.01084,0.228495,0.029146,0.022984,0.282308
3192,0.018611,0.010836,0.228665,0.029741,0.024467,0.282579
3193,0.019312,0.011026,0.245066,0.035015,0.026831,0.302235
3194,0.021399,0.011811,0.241161,0.032595,0.026263,0.300634
3195,0.021865,0.011327,0.229766,0.031004,0.023267,0.286225
3196,0.019385,0.010832,0.229252,0.028669,0.024424,0.283893
3197,0.020175,0.010972,0.254355,0.044567,0.027907,0.313409
3198,0.022225,0.01269,0.241222,0.03584,0.026477,0.302614
3199,0.021671,0.012113,0.236849,0.03146,0.024105,0.294738
3200,0.018747,0.010999,0.226518,0.029951,0.03115,0.287414
3201,0.020461,0.011588,0.233015,0.032927,0.025601,0.290665
3202,0.021037,0.011711,0.240289,0.027042,0.02303,0.296067
3203,0.018763,0.010345,0.227863,0.026765,0.024613,0.281584
3204,0.019256,0.010867,0.233286,0.031184,0.023872,0.287281
3205,0.019365,0.011085,0.232358,0.032576,0.027948,0.290756
3206,0.021856,0.01272,0.236169,0.032869,0.02468,0.295425
3207,0.020541,0.011533,0.232093,0.027754,0.023299,0.287466
3208,0.019204,0.011166,0.222514,0.028503,0.022843,0.275727
3209,0.019254,0.010215,0.235238,0.030841,0.02626,0.290967
3210,0.021498,0.01193,0.230108,0.029866,0.025085,0.288621
3211,0.020105,0.011501,0.236905,0.030125,0.02386,0.292371
3212,0.01952,0.01131,0.223465,0.029214,0.02326,0.277555
3213,0.019625,0.01092,0.228229,0.030325,0.024207,0.282981
3214,0.019917,0.010869,0.2405,0.029701,0.027781,0.299067
3215,0.020983,0.012001,0.233199,0.032597,0.024704,0.290887
3216,0.019198,0.011253,0.228557,0.030047,0.023176,0.282184
3217,0.019465,0.010591,0.224205,0.02867,0.022194,0.276455
3218,0.019028,0.010459,0.237259,0.030081,0.022454,0.2892
3219,0.01944,0.010664,0.230272,0.029876,0.023924,0.2843
3220,0.020445,0.012221,0.231818,0.030631,0.024408,0.288892
3221,0.020123,0.011018,0.235141,0.040006,0.02347,0.289752
3222,0.01921,0.011085,0.229743,0.033124,0.02418,0.284218
3223,0.020426,0.010885,0.227016,0.03216,0.024324,0.282651
3224,0.020831,0.011229,0.227683,0.031129,0.02486,0.284603
3225,0.021226,0.012441,0.26766,0.038087,0.026835,0.328162
3226,0.021945,0.012852,0.250603,0.03857,0.026822,0.312222
3227,0.021558,0.012622,0.256204,0.040991,0.028016,0.3184
3228,0.022665,0.014032,0.272764,0.046435,0.030505,0.339966
3229,0.02187,0.013204,0.240005,0.039337,0.026088,0.301167
3230,0.020148,0.0129,0.234453,0.037817,0.025305,0.292806
3231,0.019908,0.012116,0.24459,0.042333,0.025504,0.302118
3232,0.018786,0.011357,0.239442,0.033018,0.026359,0.295944
3233,0.020804,0.011815,0.242357,0.038835,0.027276,0.302252
3234,0.022452,0.012746,0.256478,0.043343,0.02346,0.315136
3235,0.019243,0.011814,0.235691,0.036058,0.025398,0.292146
3236,0.020203,0.011427,0.228061,0.032816,0.025505,0.285196
3237,0.020381,0.011888,0.227397,0.033281,0.025003,0.284669
3238,0.020716,0.019165,0.233993,0.035139,0.045461,0.319335
3239,0.023613,0.013285,0.244793,0.038303,0.026289,0.30798
3240,0.02156,0.012623,0.238127,0.034572,0.024733,0.297043
3241,0.020229,0.012177,0.255544,0.033544,0.024131,0.312081
3242,0.018984,0.01157,0.234453,0.035829,0.025232,0.290239
3243,0.019291,0.01174,0.246977,0.035419,0.025795,0.303803
3244,0.020211,0.011621,0.246887,0.043041,0.02375,0.302469
3245,0.019359,0.011385,0.229016,0.034203,0.025151,0.284911
3246,0.020593,0.011151,0.234474,0.034729,0.027534,0.293752
3247,0.022654,0.013096,0.235862,0.034237,0.032274,0.303886
3248,0.021261,0.012814,0.242657,0.030806,0.024336,0.301068
3249,0.019808,0.010997,0.226299,0.032789,0.025288,0.282392
3250,0.020527,0.011611,0.237864,0.031708,0.023739,0.293741
3251,0.019629,0.011283,0.260131,0.036813,0.024547,0.31559
3252,0.01978,0.011917,0.238896,0.03566,0.025396,0.295989
3253,0.019956,0.011432,0.24186,0.037214,0.025135,0.298383
3254,0.020386,0.011088,0.241198,0.043116,0.025708,0.29838
3255,0.020108,0.01145,0.240018,0.036341,0.029138,0.300714
3256,0.021811,0.013127,0.238632,0.034795,0.026668,0.300238
3257,0.021589,0.012373,0.25308,0.030044,0.022771,0.309813
3258,0.01917,0.010668,0.232581,0.034909,0.02572,0.288139
3259,0.020532,0.011094,0.23959,0.035061,0.02968,0.300896
3260,0.02334,0.012846,0.239942,0.034925,0.028512,0.30464
3261,0.022939,0.012034,0.25629,0.038571,0.026766,0.318029
3262,0.021686,0.012732,0.244986,0.03241,0.022485,0.301889
3263,0.018598,0.010729,0.241046,0.036752,0.028354,0.298727
3264,0.022427,0.012563,0.249808,0.033615,0.0275,0.312298
3265,0.022577,0.013124,0.240341,0.033659,0.024195,0.300237
3266,0.020032,0.011779,0.234862,0.032545,0.023713,0.290386
3267,0.018902,0.011329,0.252811,0.035225,0.027972,0.311014
3268,0.021806,0.011939,0.244767,0.029957,0.023286,0.301798
3269,0.019062,0.010485,0.236114,0.024874,0.023162,0.288823
3270,0.018682,0.010532,0.232435,0.023682,0.02304,0.284689
3271,0.028455,0.010395,0.227642,0.023072,0.022456,0.288948
3272,0.018323,0.010299,0.233929,0.035133,0.027555,0.290106
3273,0.021531,0.011876,0.233124,0.028529,0.024331,0.290862
3274,0.019817,0.010982,0.240804,0.028376,0.023793,0.295396
3275,0.019745,0.012286,0.232316,0.032696,0.022871,0.287218
3276,0.019708,0.011422,0.238334,0.035906,0.02732,0.296784
3277,0.022025,0.012366,0.249212,0.029121,0.024353,0.307956
3278,0.019864,0.012074,0.230289,0.032787,0.024155,0.286382
3279,0.019331,0.01148,0.23214,0.032592,0.024829,0.28778
3280,0.020199,0.011515,0.229456,0.03338,0.026077,0.287247
3281,0.020684,0.012003,0.254826,0.028723,0.022514,0.310027
3282,0.018112,0.010949,0.249122,0.037428,0.029899,0.308082
3283,0.023005,0.012627,0.236429,0.035408,0.027547,0.299608
3284,0.022757,0.012765,0.25553,0.031782,0.024202,0.315254
3285,0.01955,0.010876,0.227148,0.028763,0.024747,0.282321
3286,0.019407,0.011349,0.232225,0.032294,0.024704,0.287685
3287,0.020513,0.011675,0.252556,0.030623,0.024194,0.308938
3288,0.020268,0.011129,0.232786,0.028042,0.022642,0.286825
3289,0.019174,0.010974,0.233255,0.030824,0.022966,0.286369
3290,0.018455,0.010355,0.223375,0.032911,0.024778,0.276963
3291,0.019138,0.010963,0.249175,0.037833,0.029818,0.309094
3292,0.023357,0.013094,0.24413,0.036642,0.026444,0.307025
3293,0.021071,0.01146,0.232897,0.030944,0.026107,0.291535
3294,0.020743,0.011669,0.256678,0.033182,0.025024,0.314114
3295,0.019923,0.01195,0.250608,0.038726,0.026762,0.309243
3296,0.020088,0.01194,0.246543,0.040712,0.025765,0.304336
3297,0.020491,0.011954,0.237998,0.031986,0.024686,0.295129
3298,0.020152,0.018685,0.250946,0.038249,0.026203,0.315986
3299,0.0201,0.011726,0.242291,0.035404,0.026534,0.300651
3300,0.020472,0.012006,0.242378,0.034238,0.025047,0.299903
3301,0.027251,0.011194,0.245707,0.036758,0.028493,0.312645
3302,0.021655,0.012767,0.24061,0.032791,0.024369,0.299401
3303,0.019653,0.011542,0.236776,0.032523,0.025113,0.293084
3304,0.018977,0.011597,0.249833,0.034217,0.023834,0.304241
3305,0.019274,0.011168,0.250865,0.034575,0.02542,0.306727
3306,0.020204,0.011654,0.235949,0.031551,0.025477,0.293284
3307,0.021241,0.011235,0.241656,0.033206,0.026002,0.300134
3308,0.021193,0.011345,0.240473,0.033266,0.023608,0.296619
3309,0.019402,0.010799,0.232809,0.034309,0.025007,0.288017
3310,0.019542,0.011173,0.236878,0.034744,0.039853,0.307446
3311,0.022414,0.012864,0.236754,0.036269,0.027338,0.29937
3312,0.022166,0.012053,0.240131,0.028857,0.023245,0.297595
3313,0.019483,0.010475,0.227737,0.027173,0.023192,0.280887
3314,0.018925,0.010781,0.246837,0.03078,0.024458,0.301001
3315,0.019869,0.010914,0.239411,0.032629,0.027274,0.297468
3316,0.022246,0.018374,0.244893,0.035443,0.026344,0.311857
3317,0.020495,0.011844,0.252598,0.035275,0.0261,0.311037
3318,0.01982,0.011524,0.235722,0.032275,0.024909,0.291975
3319,0.0197,0.011443,0.242694,0.036984,0.0272,0.301037
3320,0.022414,0.012476,0.252912,0.027499,0.023469,0.311271
3321,0.018929,0.010995,0.234403,0.033575,0.025487,0.289814
3322,0.020881,0.010871,0.223676,0.030365,0.023079,0.278507
3323,0.018986,0.011021,0.234771,0.033123,0.024559,0.289337
3324,0.01946,0.011586,0.257522,0.035369,0.02433,0.312898
3325,0.019661,0.011524,0.853005,0.073035,0.039091,0.923281
3326,0.029274,0.016789,0.259247,0.039821,0.02723,0.33254
3327,0.0215,0.012764,0.25067,0.037666,0.025471,0.310405
3328,0.234904,0.026712,0.331262,0.060389,0.032287,0.625165
3329,0.025975,0.013342,0.244707,0.040368,0.028184,0.312208
3330,0.022356,0.012731,0.250844,0.038503,0.027939,0.31387
3331,0.022891,0.012658,0.238673,0.037355,0.025384,0.299606
3332,0.020715,0.012661,0.257776,0.040441,0.025872,0.317024
3333,0.020291,0.011893,0.235271,0.037093,0.025388,0.292843
3334,0.032016,0.011776,0.248944,0.028755,0.023339,0.316075
3335,0.018013,0.010108,0.228909,0.026773,0.02336,0.28039
3336,0.019266,0.010376,0.234172,0.023978,0.023551,0.287365
3337,0.019625,0.010396,0.239896,0.022919,0.022875,0.292792
3338,0.0174,0.010128,0.22247,0.032222,0.025044,0.275042
3339,0.021011,0.011448,0.225111,0.031951,0.025732,0.283302
3340,0.021129,0.011776,0.237939,0.030145,0.025321,0.296165
3341,0.020552,0.011755,0.252115,0.03511,0.024365,0.308787
3342,0.018638,0.010623,0.230141,0.033415,0.02536,0.284762
3343,0.020649,0.011253,0.224035,0.028425,0.023086,0.279023
3344,0.018427,0.010746,0.258454,0.029434,0.022316,0.309943
3345,0.018497,0.010965,0.219987,0.032186,0.024687,0.274136
3346,0.021264,0.012517,0.238462,0.031351,0.024207,0.29645
3347,0.020084,0.011743,0.240859,0.04041,0.024369,0.297055
3348,0.01986,0.011414,0.238157,0.034805,0.026281,0.295712
3349,0.021602,0.012482,0.253241,0.040447,0.025995,0.31332
3350,0.021539,0.012354,0.25656,0.038516,0.025222,0.315675
3351,0.021433,0.012627,0.246361,0.039092,0.02529,0.305711
3352,0.020587,0.012257,0.250246,0.03845,0.025081,0.308171
3353,0.020223,0.012027,0.259273,0.040029,0.029593,0.321116
3354,0.033368,0.013917,0.251786,0.038374,0.024499,0.32357
3355,0.020934,0.01208,0.238318,0.036565,0.026053,0.297385
3356,0.021499,0.011987,0.233969,0.02714,0.023123,0.290578
3357,0.019567,0.012408,0.274966,0.038052,0.026608,0.333549
3358,0.020593,0.011646,0.23654,0.026351,0.025902,0.294681
3359,0.019209,0.011855,0.248579,0.034884,0.026029,0.305672
3360,0.019399,0.011091,0.260754,0.032527,0.025484,0.316728
3361,0.020552,0.011421,0.254742,0.032729,0.024977,0.311692
3362,0.020787,0.011194,0.250199,0.033313,0.023899,0.306079
3363,0.019311,0.010771,0.253683,0.042384,0.025466,0.309231
3364,0.020479,0.011216,0.242848,0.032075,0.025216,0.299759
3365,0.017887,0.011109,0.233144,0.031547,0.02305,0.28519
3366,0.018942,0.010461,0.234172,0.025386,0.022961,0.286536
3367,0.027257,0.010766,0.245039,0.032188,0.026389,0.309451
3368,0.020259,0.011609,0.288977,0.039828,0.025497,0.346342
3369,0.019899,0.012259,0.251081,0.034557,0.023991,0.30723
3370,0.021027,0.011255,0.267573,0.033468,0.025594,0.325449
3371,0.020361,0.011803,0.257444,0.034997,0.025766,0.315374
3372,0.0205,0.012486,0.257457,0.03379,0.024412,0.314855
3373,0.020299,0.0111,0.265196,0.033927,0.024994,0.321589
3374,0.020738,0.011799,0.251322,0.031859,0.024006,0.307865
3375,0.019688,0.010839,0.244717,0.030939,0.024456,0.2997
3376,0.020213,0.010575,0.272624,0.034911,0.02468,0.328092
3377,0.018189,0.011232,0.25493,0.035277,0.02456,0.308911
3378,0.016554,0.008869,0.198495,0.025894,0.017815,0.241733
3379,0.014947,0.008279,0.178729,0.024504,0.017155,0.21911
3380,0.015054,0.008809,0.249876,0.038435,0.024995,0.298734
3381,0.020431,0.011713,0.241826,0.034892,0.023186,0.297156
3382,0.020263,0.011129,0.247169,0.035338,0.025682,0.304243
3383,0.020405,0.011754,0.266907,0.039674,0.027382,0.326448
3384,0.022556,0.012162,0.256684,0.038166,0.026929,0.318331
3385,0.021945,0.011629,0.249021,0.035854,0.024788,0.307383
3386,0.021294,0.011594,0.249329,0.028405,0.023707,0.305924
3387,0.018838,0.010862,0.234758,0.023969,0.022917,0.287375
3388,0.018951,0.009932,0.228083,0.022628,0.022403,0.279369
3389,0.018459,0.010125,0.22767,0.022289,0.031031,0.287285
3390,0.018956,0.010035,0.229118,0.022338,0.023797,0.281906
3391,0.019185,0.010568,0.229126,0.021567,0.022634,0.281513
3392,0.018656,0.010215,0.230359,0.022646,0.022759,0.281989
3393,0.01829,0.009892,0.234183,0.022925,0.022783,0.285148
3394,0.018781,0.009907,0.228487,0.022595,0.022243,0.279418
3395,0.018223,0.009913,0.227629,0.022396,0.022471,0.278236
3396,0.01842,0.01028,0.22635,0.021066,0.02216,0.27721
3397,0.023966,0.010001,0.228597,0.021977,0.022076,0.28464
3398,0.018187,0.009869,0.225741,0.021338,0.021836,0.275633
3399,0.018137,0.009351,0.227411,0.02231,0.022191,0.27709
3400,0.018109,0.009632,0.237866,0.022985,0.022677,0.288284
3401,0.018488,0.009829,0.231081,0.023483,0.022612,0.28201
3402,0.018139,0.010226,0.221356,0.026123,0.024461,0.274182
3403,0.019452,0.010549,0.231126,0.023325,0.022324,0.283451
3404,0.018224,0.016014,0.22954,0.023313,0.023249,0.287027
3405,0.019146,0.010279,0.228312,0.023452,0.022145,0.279882
3406,0.018741,0.010027,0.225895,0.022867,0.022008,0.276671
3407,0.018332,0.009504,0.235811,0.023884,0.021951,0.285598
3408,0.01824,0.00973,0.226275,0.022336,0.022032,0.276277
3409,0.018117,0.009767,0.225246,0.022203,0.021484,0.274614
3410,0.018153,0.010034,0.223365,0.021117,0.021629,0.273181
3411,0.018167,0.009548,0.22857,0.021388,0.021669,0.277954
3412,0.017903,0.009623,0.221112,0.021037,0.021768,0.270406
3413,0.01843,0.009954,0.223334,0.021866,0.022845,0.274563
3414,0.018448,0.009829,0.2373,0.028056,0.028003,0.29358
3415,0.021542,0.013251,0.271284,0.043909,0.027892,0.333969
3416,0.023258,0.01146,0.25697,0.038073,0.025829,0.317517
3417,0.021988,0.010902,0.26355,0.037885,0.026272,0.322712
3418,0.020789,0.011515,0.249218,0.036248,0.025128,0.30665
3419,0.020345,0.01145,0.252376,0.036417,0.025163,0.309334
3420,0.020022,0.011132,0.259979,0.041543,0.030194,0.321327
3421,0.033601,0.013816,0.266799,0.040213,0.02566,0.339876
3422,0.020518,0.011918,0.245653,0.037374,0.025707,0.303796
3423,0.02062,0.011631,0.253181,0.035887,0.026724,0.312156
3424,0.021105,0.011788,0.271335,0.037146,0.025818,0.330046
3425,0.021181,0.011956,0.252721,0.036539,0.024818,0.310676
3426,0.020794,0.011441,0.259318,0.036334,0.024581,0.316134
3427,0.019684,0.013065,0.260145,0.037275,0.025273,0.318167
3428,0.020609,0.011332,0.248099,0.033783,0.022667,0.302707
3429,0.019383,0.010363,0.239999,0.03127,0.023159,0.292904
3430,0.019116,0.010123,0.252074,0.030773,0.023356,0.304669
3431,0.019045,0.01081,0.236832,0.029123,0.02264,0.289327
3432,0.018006,0.01013,0.235662,0.027758,0.022867,0.286665
3433,0.018214,0.010471,0.234858,0.028056,0.030918,0.294461
3434,0.018944,0.010659,0.241096,0.030497,0.023222,0.293921
3435,0.018626,0.010196,0.25997,0.031494,0.022988,0.31178
3436,0.018604,0.010597,0.236662,0.029017,0.022441,0.288304
3437,0.018994,0.009942,0.250231,0.028866,0.023183,0.30235
3438,0.018868,0.010207,0.236025,0.028469,0.023022,0.288122
3439,0.019097,0.010326,0.235182,0.028307,0.022834,0.287439
3440,0.018275,0.010239,0.243471,0.036137,0.022775,0.29476
3441,0.018617,0.010331,0.228441,0.025968,0.021782,0.279171
3442,0.01811,0.009832,0.214718,0.024697,0.022881,0.265541
3443,0.018976,0.011472,0.266794,0.038577,0.060786,0.358028
3444,0.024409,0.012646,0.262502,0.043027,0.026313,0.32587
3445,0.021689,0.011855,0.238791,0.027805,0.023762,0.296097
3446,0.019761,0.010918,0.233383,0.024511,0.02322,0.287282
3447,0.018731,0.010543,0.239013,0.024203,0.023559,0.291846
3448,0.018783,0.010499,0.235117,0.025652,0.024533,0.288932
3449,0.019623,0.010606,0.231562,0.024405,0.023258,0.285049
3450,0.018931,0.010592,0.237816,0.032472,0.023162,0.290501
3451,0.019051,0.010626,0.230556,0.022269,0.022578,0.282811
3452,0.018509,0.010041,0.228989,0.022284,0.023256,0.280795
3453,0.018921,0.010184,0.227828,0.022812,0.022621,0.279554
3454,0.018239,0.010088,0.236825,0.027274,0.025906,0.291058
3455,0.02045,0.012158,0.318449,0.039163,0.02807,0.379127
3456,0.022354,0.011668,0.236358,0.041748,0.026232,0.296612
3457,0.021969,0.013052,0.252582,0.04065,0.026519,0.314122
3458,0.020981,0.011893,0.239459,0.028531,0.024562,0.296895
3459,0.019929,0.010869,0.242143,0.027677,0.02325,0.296191
3460,0.019096,0.010517,0.241993,0.026255,0.023127,0.294733
3461,0.018448,0.01018,0.234259,0.023464,0.022564,0.285451
3462,0.018988,0.010249,0.231578,0.023903,0.02239,0.283205
3463,0.018718,0.010404,0.229523,0.022407,0.030439,0.289084
3464,0.018582,0.010675,0.229379,0.025319,0.022133,0.280769
3465,0.016988,0.012397,0.226474,0.032187,0.026248,0.282107
3466,0.021394,0.012174,0.251521,0.033758,0.045455,0.330544
3467,0.043926,0.012836,0.250127,0.043107,0.022331,0.32922
3468,0.016659,0.01101,0.240471,0.038063,0.024346,0.292486
3469,0.020345,0.011165,0.233284,0.027925,0.026026,0.29082
3470,0.020934,0.011548,0.606373,0.331742,0.042483,0.681338
3471,0.031249,0.018353,0.296573,0.056476,0.030656,0.376831
3472,0.026253,0.014103,0.294231,0.060292,0.031902,0.366489
3473,0.019538,0.011357,0.224661,0.04159,0.024363,0.279919
3474,0.020034,0.011889,0.237757,0.031482,0.025874,0.295554
3475,0.022897,0.013223,0.271372,0.042299,0.029713,0.337205
3476,0.024422,0.013857,0.261507,0.049015,0.051649,0.351435
3477,0.03125,0.014777,0.231461,0.045077,0.02352,0.301008
3478,0.016872,0.010264,0.206171,0.044045,0.023514,0.256821
3479,0.019666,0.011588,0.248206,0.03697,0.02794,0.3074
3480,0.051946,0.03271,0.199291,0.033324,0.023597,0.307544
3481,0.020784,0.012931,0.208245,0.030805,0.018168,0.260128
3482,0.029572,0.011668,0.215476,0.031755,0.025133,0.281849
3483,0.020407,0.011653,0.240675,0.033985,0.026836,0.299571
3484,0.021764,0.011842,0.289013,0.045507,0.028648,0.351267
3485,0.021918,0.012439,0.247656,0.036556,0.025634,0.307647
3486,0.022363,0.012708,0.253293,0.046547,0.025619,0.313983
3487,0.020414,0.012922,0.234879,0.034488,0.023388,0.291603
3488,0.018574,0.011168,0.230511,0.031935,0.02132,0.281573
3489,0.017206,0.010184,0.231605,0.029448,0.0259,0.284895
3490,0.020165,0.012023,0.246259,0.033829,0.024858,0.303305
3491,0.022118,0.012729,0.250644,0.034492,0.026088,0.311579
3492,0.022047,0.012789,0.256711,0.031088,0.025767,0.317314
3493,0.020473,0.011512,0.25395,0.027692,0.026379,0.312314
3494,0.021713,0.012314,0.264907,0.03208,0.03511,0.334044
3495,0.020915,0.011885,0.251189,0.028549,0.023099,0.307088
3496,0.019541,0.010948,0.248864,0.035867,0.060145,0.339498
3497,0.022563,0.011969,0.220684,0.038925,0.024813,0.280029
3498,0.017286,0.009906,0.267447,0.043831,0.026426,0.321065
3499,0.021574,0.012493,0.275683,0.03622,0.02788,0.33763
3500,0.021956,0.024063,0.250089,0.048232,0.024685,0.320793
3501,0.016846,0.009955,0.243512,0.040511,0.026574,0.296887
3502,0.021659,0.012593,0.252687,0.040041,0.02825,0.315189
3503,0.023282,0.013178,0.261607,0.036091,0.027328,0.325395
3504,0.02138,0.012541,0.262248,0.034812,0.02813,0.324299
3505,0.023577,0.013344,0.274416,0.046523,0.029137,0.340474
3506,0.024918,0.013922,0.241841,0.040147,0.0284,0.309081
3507,0.016971,0.009881,0.238633,0.039099,0.026526,0.292011
3508,0.021269,0.012421,0.249417,0.030343,0.022042,0.305149
3509,0.018338,0.011272,0.254093,0.030855,0.026028,0.309731
3510,0.01958,0.010787,0.25113,0.033676,0.023183,0.30468
3511,0.019281,0.010883,0.230587,0.026587,0.024751,0.285502
3512,0.018505,0.010404,0.245533,0.044147,0.021451,0.295893
3513,0.015227,0.008574,0.201688,0.031607,0.024679,0.250168
3514,0.020021,0.009412,0.227534,0.03536,0.024887,0.281854
3515,0.01872,0.010715,0.229576,0.037762,0.029184,0.288195
3516,0.024341,0.013148,0.244468,0.037332,0.028065,0.310022
3517,0.023014,0.01346,0.284445,0.047182,0.030806,0.351725
3518,0.023217,0.013668,0.229672,0.035946,0.025174,0.291731
3519,0.020693,0.011965,0.238614,0.039054,0.029538,0.30081
3520,0.025124,0.014416,0.253031,0.056755,0.026948,0.319519
3521,0.021595,0.013259,0.247563,0.035403,0.024395,0.306812
3522,0.021418,0.011301,0.242168,0.034378,0.024508,0.299395
3523,0.02052,0.011716,0.276063,0.039656,0.031214,0.339513
3524,0.02337,0.013304,0.251001,0.034912,0.028273,0.315948
3525,0.022423,0.013672,0.250942,0.036641,0.027682,0.314719
3526,0.022333,0.013267,0.27944,0.039748,0.029907,0.344947
3527,0.023626,0.015521,0.211913,0.033968,0.019052,0.270112
3528,0.019426,0.01155,0.238736,0.034999,0.025397,0.295109
3529,0.021113,0.012494,0.289848,0.037372,0.028589,0.352044
3530,0.01731,0.00969,0.254355,0.043813,0.027611,0.308966
3531,0.0217,0.012923,0.26017,0.042048,0.031379,0.326172
3532,0.024946,0.01487,0.26068,0.046143,0.027387,0.327883
3533,0.02171,0.012993,0.309976,0.049803,0.027588,0.372267
3534,0.022493,0.013177,0.252148,0.046643,0.029745,0.317563
3535,0.022961,0.013897,0.25661,0.042949,0.032775,0.326243
3536,0.022591,0.021262,0.273037,0.05082,0.029052,0.345942
3537,0.023547,0.013439,0.248211,0.038678,0.025148,0.310345
3538,0.022001,0.011985,0.251368,0.036174,0.02695,0.312304
3539,0.021274,0.012171,0.273899,0.047451,0.033177,0.340521
3540,0.019373,0.011565,0.25199,0.043825,0.029231,0.312159
3541,0.023088,0.012875,0.254897,0.038855,0.027532,0.318392
3542,0.025875,0.014389,0.270677,0.050265,0.030162,0.341103
3543,0.022718,0.01328,0.244103,0.041391,0.027441,0.307542
3544,0.022208,0.013104,0.264869,0.038136,0.030165,0.330346
3545,0.022478,0.013186,0.272517,0.047559,0.029107,0.337288
3546,0.023461,0.012992,0.249816,0.044338,0.029718,0.315987
3547,0.023851,0.01449,0.261382,0.041185,0.027382,0.327105
3548,0.034429,0.027604,0.285319,0.050211,0.030394,0.377746
3549,0.024724,0.013974,0.263384,0.047754,0.031081,0.333163
3550,0.027356,0.016794,0.263431,0.040382,0.028262,0.335843
3551,0.02239,0.021489,0.257167,0.037994,0.027629,0.328675
3552,0.022337,0.012937,0.268086,0.041028,0.034496,0.337856
3553,0.025037,0.014706,0.26648,0.047785,0.031016,0.337239
3554,0.033977,0.014613,0.252083,0.043035,0.026947,0.32762
3555,0.022437,0.013114,0.25583,0.037711,0.026676,0.318057
3556,0.023174,0.014256,0.256975,0.047692,0.030977,0.325382
3557,0.024258,0.023696,0.271849,0.048679,0.067448,0.387251
3558,0.030285,0.014473,0.263399,0.050861,0.029797,0.337954
3559,0.022695,0.013697,0.278069,0.047297,0.030417,0.344878
3560,0.024032,0.013851,0.245075,0.044941,0.028014,0.310972
3561,0.022811,0.013971,0.299317,0.065059,0.031392,0.367491
3562,0.052982,0.027223,0.283082,0.05683,0.031007,0.394294
3563,0.026604,0.014439,0.255618,0.044127,0.026074,0.322735
3564,0.021715,0.011784,0.234659,0.030761,0.02381,0.291968
3565,0.020036,0.010741,0.256483,0.034434,0.030317,0.317577
3566,0.023911,0.013237,0.25383,0.039961,0.029131,0.320109
3567,0.022223,0.029173,0.278011,0.04899,0.030623,0.36003
3568,0.023742,0.013767,0.260293,0.042331,0.026741,0.324543
3569,0.022434,0.01325,0.253146,0.03515,0.026022,0.314852
3570,0.021035,0.011503,0.235892,0.027526,0.023925,0.292355
3571,0.019536,0.010607,0.23723,0.024295,0.023509,0.290882
3572,0.030674,0.01028,0.230349,0.022822,0.022606,0.293909
3573,0.018365,0.010283,0.223162,0.022243,0.021154,0.272964
3574,0.01691,0.009562,0.223767,0.027137,0.026553,0.276792
3575,0.020988,0.011965,0.253584,0.027684,0.023284,0.309821
3576,0.018933,0.010774,0.229014,0.024105,0.022483,0.281204
3577,0.01883,0.009853,0.2274,0.023917,0.022072,0.278155
3578,0.018922,0.010166,0.22317,0.022225,0.021702,0.27396
3579,0.027024,0.010238,0.225302,0.022965,0.022401,0.284965
3580,0.018377,0.009707,0.223582,0.021669,0.022055,0.273721
3581,0.01819,0.009618,0.220302,0.021425,0.022113,0.270223
3582,0.017566,0.01021,0.230728,0.023107,0.021882,0.280386
3583,0.018668,0.010427,0.223184,0.022019,0.022094,0.274373
3584,0.018036,0.010213,0.225143,0.021673,0.022045,0.275437
3585,0.017993,0.00968,0.230843,0.024907,0.022285,0.280801
3586,0.01851,0.010057,0.233869,0.022049,0.02268,0.285116
3587,0.018396,0.010317,0.224499,0.021848,0.022048,0.27526
3588,0.018557,0.010051,0.222533,0.021194,0.022248,0.273389
3589,0.018313,0.01009,0.236806,0.023066,0.022505,0.287714
3590,0.01838,0.009961,0.22705,0.02228,0.022755,0.278146
3591,0.01765,0.009877,0.211759,0.02457,0.021681,0.260967
3592,0.017669,0.0096,0.22089,0.023442,0.022876,0.271035
3593,0.018186,0.010329,0.237333,0.024678,0.02148,0.287328
3594,0.017172,0.009286,0.204565,0.024333,0.021454,0.252477
3595,0.018006,0.009643,0.203311,0.022292,0.022534,0.253494
3596,0.01835,0.010545,0.215442,0.025875,0.022528,0.266865
3597,0.018154,0.010372,0.21588,0.027576,0.022063,0.266469
3598,0.017563,0.009781,0.209861,0.024997,0.02083,0.258035
3599,0.016977,0.009378,0.212457,0.023857,0.022375,0.261187
3600,0.018752,0.010248,0.234488,0.030826,0.024236,0.287724
3601,0.019977,0.011216,0.238981,0.037978,0.029157,0.299331
3602,0.023819,0.013696,0.25146,0.038151,0.026791,0.315766
3603,0.022097,0.013025,0.288268,0.043527,0.035405,0.358795
3604,0.020085,0.011603,0.214391,0.02728,0.021603,0.267682
3605,0.017332,0.010661,0.231782,0.036578,0.029581,0.289356
3606,0.023676,0.012866,0.233612,0.034602,0.023112,0.293266
3607,0.018178,0.010359,0.239286,0.028459,0.022859,0.290682
3608,0.01918,0.010441,0.22023,0.02786,0.022851,0.272702
3609,0.019023,0.011519,0.230139,0.033566,0.028042,0.288723
3610,0.021876,0.013472,0.277057,0.036512,0.024417,0.336822
3611,0.018055,0.010816,0.222222,0.039841,0.019758,0.270851
3612,0.01597,0.011842,0.249387,0.039328,0.042533,0.319732
3613,0.038354,0.012887,0.194591,0.028804,0.024618,0.27045
3614,0.020704,0.011904,0.25771,0.047344,0.029636,0.319954
3615,0.024127,0.014046,0.245158,0.03874,0.025715,0.309046
3616,0.020838,0.01238,0.23322,0.037715,0.024957,0.291395
3617,0.019825,0.01188,0.281597,0.037336,0.02602,0.339322
3618,0.020188,0.012205,0.228043,0.034998,0.026385,0.286821
3619,0.019683,0.011583,0.239193,0.039124,0.028918,0.299377
3620,0.023917,0.014535,0.2672,0.046165,0.028648,0.3343
3621,0.023041,0.013075,0.243562,0.039821,0.028402,0.30808
3622,0.023018,0.013154,0.25572,0.04034,0.034046,0.325938
3623,0.034088,0.013706,0.235669,0.051188,0.027315,0.310778
3624,0.021818,0.010149,0.249949,0.042216,0.028175,0.310091
3625,0.022444,0.013438,0.28643,0.039588,0.028599,0.350911
3626,0.018582,0.010636,0.241571,0.043604,0.023403,0.294192
3627,0.016667,0.009267,0.222394,0.034508,0.023186,0.271514
3628,0.019956,0.011544,0.23983,0.033476,0.048601,0.319931
3629,0.047488,0.028195,0.22812,0.042564,0.03419,0.337993
3630,0.020883,0.012066,0.174573,0.027769,0.015694,0.223216
3631,0.015413,0.009788,0.248415,0.034431,0.030046,0.303662
3632,0.022858,0.014546,0.285344,0.042234,0.023667,0.346415
3633,0.020954,0.014535,0.223092,0.030645,0.025295,0.283876
3634,0.020709,0.012168,0.24295,0.035479,0.026701,0.302528
3635,0.020632,0.028726,0.220123,0.030102,0.022655,0.292136
3636,0.019406,0.012037,0.211498,0.027242,0.025736,0.268677
3637,0.020937,0.012581,0.260559,0.040734,0.026956,0.321033
3638,0.020812,0.012974,0.257928,0.041334,0.068573,0.360287
3639,0.023367,0.012663,0.227618,0.04388,0.026241,0.289889
3640,0.020667,0.011873,0.252236,0.041775,0.0275,0.312276
3641,0.023059,0.013285,0.269651,0.037633,0.028213,0.334208
3642,0.022141,0.012696,0.263354,0.038042,0.039912,0.338103
3643,0.022039,0.012355,0.246627,0.04235,0.025952,0.306973
3644,0.021316,0.018404,0.266503,0.03883,0.030016,0.336239
3645,0.023671,0.013233,0.256672,0.034067,0.041753,0.335329
3646,0.022045,0.012993,0.257653,0.034544,0.027721,0.320412
3647,0.021872,0.01205,0.268693,0.038209,0.028866,0.331481
3648,0.022942,0.01265,0.26079,0.034583,0.038858,0.33524
3649,0.020965,0.012197,0.24474,0.034936,0.029753,0.307655
3650,0.023396,0.013319,0.261413,0.031252,0.025448,0.323576
3651,0.021196,0.01178,0.245144,0.029952,0.027532,0.305652
3652,0.021233,0.011717,0.300075,0.040994,0.029123,0.362148
3653,0.022057,0.012655,0.219091,0.038057,0.026148,0.279951
3654,0.021287,0.01206,0.245453,0.034773,0.026556,0.305356
3655,0.021821,0.013508,0.309243,0.045107,0.027284,0.371856
3656,0.02414,0.012884,0.228415,0.039693,0.028772,0.294211
3657,0.023563,0.013851,0.257477,0.035153,0.02535,0.320241
3658,0.020419,0.012405,0.294863,0.042663,0.020384,0.348071
3659,0.021102,0.013388,0.229162,0.03488,0.029113,0.292765
3660,0.023946,0.014226,0.250522,0.046289,0.021169,0.309863
3661,0.017134,0.010056,0.235903,0.037842,0.025576,0.288669
3662,0.022125,0.012319,0.282416,0.03951,0.043721,0.360581
3663,0.022303,0.011276,0.20749,0.037626,0.026004,0.267073
3664,0.016731,0.009395,0.229462,0.036638,0.025498,0.281086
3665,0.02118,0.012453,0.228648,0.036309,0.019234,0.281515
3666,0.015233,0.008692,0.21269,0.036829,0.025817,0.262432
3667,0.016912,0.009588,0.225747,0.034042,0.023817,0.276064
3668,0.018827,0.011387,0.848011,0.063938,0.039101,0.917326
3669,0.027724,0.017373,0.270408,0.051165,0.029847,0.345352
3670,0.0241,0.014151,0.297971,0.077702,0.023838,0.36006
3671,0.017612,0.010091,0.231146,0.034906,0.027648,0.286497
3672,0.022312,0.012741,0.309234,0.04213,0.028399,0.372686
3673,0.017654,0.010786,0.221414,0.043371,0.01959,0.269444
3674,0.015129,0.009378,0.244939,0.037794,0.030216,0.299662
3675,0.024403,0.014718,0.315044,0.085355,0.028698,0.382863
3676,0.018708,0.010991,0.226302,0.037851,0.027463,0.283464
3677,0.022754,0.013241,0.249706,0.037401,0.028633,0.314334
3678,0.022443,0.013832,0.246039,0.042933,0.027758,0.310072
3679,0.021603,0.012132,0.241438,0.041983,0.027242,0.302415
3680,0.022226,0.015337,0.195069,0.032294,0.017547,0.250179
3681,0.019687,0.01234,0.20678,0.030693,0.02711,0.265917
3682,0.022435,0.012441,0.233389,0.03723,0.027247,0.295512
3683,0.020826,0.013297,0.225661,0.040893,0.025721,0.285505
3684,0.020841,0.011592,0.230834,0.03046,0.02405,0.287317
3685,0.020731,0.011692,0.267786,0.049472,0.032542,0.332751
3686,0.024903,0.014088,0.270389,0.039747,0.030637,0.340017
3687,0.019016,0.011404,0.226083,0.044544,0.020189,0.276692
3688,0.019947,0.012142,0.25326,0.035644,0.027544,0.312893
3689,0.022295,0.013226,0.236541,0.03455,0.026906,0.298968
3690,0.021417,0.012066,0.195342,0.028673,0.024077,0.252902
3691,0.020807,0.011872,0.294191,0.049389,0.023016,0.349886
3692,0.017216,0.020534,0.24334,0.041694,0.026084,0.307174
3693,0.020596,0.011453,0.233623,0.036781,0.023534,0.289206
3694,0.020533,0.012207,0.229259,0.033405,0.024664,0.286663
3695,0.020127,0.010904,0.245735,0.026811,0.02284,0.299606
3696,0.018836,0.010161,0.227727,0.022739,0.022297,0.279021
3697,0.018351,0.01014,0.223714,0.022442,0.022921,0.275126
3698,0.018535,0.010557,0.229857,0.023485,0.028812,0.287761
3699,0.01874,0.01039,0.229843,0.02248,0.022647,0.28162
3700,0.018488,0.01006,0.225898,0.021377,0.022611,0.277057
3701,0.018302,0.010149,0.225528,0.022142,0.022867,0.276846
3702,0.018485,0.009984,0.233143,0.022883,0.022544,0.284156
3703,0.018416,0.009738,0.225996,0.022404,0.021816,0.275966
3704,0.018488,0.009701,0.222321,0.025308,0.024897,0.275407
3705,0.020351,0.012407,0.243722,0.042655,0.0385,0.31498
3706,0.021275,0.0134,0.256232,0.044467,0.02828,0.319187
3707,0.021899,0.011946,0.247338,0.037458,0.028231,0.309414
3708,0.02216,0.013354,0.234155,0.030916,0.024299,0.293968
3709,0.020411,0.012966,0.237319,0.029656,0.022203,0.292899
3710,0.018059,0.010106,0.219449,0.028568,0.024011,0.271625
3711,0.020304,0.011614,0.250565,0.031806,0.0254,0.307883
3712,0.019413,0.01076,0.245865,0.026912,0.023704,0.299742
3713,0.01907,0.010472,0.232451,0.025735,0.024082,0.286075
3714,0.018879,0.010292,0.239894,0.027588,0.026825,0.29589
3715,0.021473,0.011684,0.237907,0.032195,0.036987,0.308051
3716,0.022876,0.013112,0.245561,0.046272,0.030651,0.3122
3717,0.024058,0.01425,0.261835,0.045326,0.030103,0.330246
3718,0.024885,0.014908,0.260959,0.037281,0.065198,0.36595
3719,0.022996,0.013786,0.265588,0.034302,0.027608,0.329978
3720,0.022426,0.013107,0.256966,0.03038,0.027238,0.319737
3721,0.022154,0.013341,0.269726,0.038018,0.028719,0.33394
3722,0.023094,0.013127,0.257672,0.038624,0.028499,0.322392
3723,0.022663,0.012983,0.283381,0.050385,0.031385,0.350412
3724,0.024683,0.013479,0.278896,0.049241,0.031315,0.348373
3725,0.025384,0.014114,0.264004,0.046843,0.027941,0.331443
3726,0.022511,0.012713,0.245882,0.036079,0.025948,0.307054
3727,0.021659,0.012227,0.254757,0.033443,0.025573,0.314216
3728,0.021534,0.011349,0.253393,0.036128,0.029366,0.315642
3729,0.023176,0.013377,0.243424,0.032183,0.02599,0.305967
3730,0.021288,0.011636,0.239696,0.03129,0.025391,0.298011
3731,0.020683,0.023153,0.239317,0.030518,0.025154,0.308307
3732,0.020764,0.012277,0.235768,0.028435,0.026146,0.294955
3733,0.020883,0.011647,0.238591,0.029628,0.025202,0.296323
3734,0.0204,0.010847,0.246415,0.028197,0.02395,0.301612
3735,0.019259,0.011553,0.250641,0.03147,0.028528,0.309981
3736,0.022367,0.012488,0.239945,0.027427,0.025035,0.299835
3737,0.020994,0.011374,0.248283,0.038269,0.024289,0.30494
3738,0.019989,0.011713,0.238183,0.029997,0.026324,0.296209
3739,0.021376,0.011453,0.23685,0.02698,0.023768,0.293447
3740,0.019663,0.010498,0.23925,0.026622,0.023387,0.292798
3741,0.028264,0.010974,0.236772,0.02756,0.024287,0.300297
3742,0.019173,0.01126,0.249477,0.036622,0.027638,0.307548
3743,0.022708,0.011539,0.240227,0.029063,0.024597,0.299071
3744,0.020403,0.010613,0.24817,0.031316,0.024824,0.30401
3745,0.020398,0.011564,0.247504,0.033589,0.028381,0.307847
3746,0.023473,0.012921,0.241669,0.029093,0.024968,0.303031
3747,0.020744,0.011522,0.24707,0.031795,0.026239,0.305575
3748,0.022164,0.012072,0.239241,0.028285,0.02424,0.297717
3749,0.019713,0.011907,0.246507,0.029995,0.026421,0.304548
3750,0.019807,0.011253,0.243021,0.026564,0.024883,0.298964
3751,0.019908,0.010887,0.231364,0.024653,0.0239,0.286059
3752,0.019034,0.011528,0.237042,0.026501,0.026266,0.29387
3753,0.020416,0.011488,0.241544,0.031261,0.026423,0.299871
3754,0.021764,0.017552,0.260087,0.048167,0.03053,0.329933
3755,0.024048,0.013271,0.256819,0.04108,0.027457,0.321595
3756,0.023266,0.013574,0.305266,0.043947,0.029455,0.371561
3757,0.023248,0.031633,0.29961,0.051333,0.030951,0.385442
3758,0.0231,0.013102,0.262258,0.044461,0.026727,0.325187
3759,0.020937,0.012606,0.264099,0.04104,0.037902,0.335544
3760,0.021494,0.013407,0.297734,0.044142,0.030135,0.36277
3761,0.023762,0.015972,0.275033,0.0518,0.028108,0.342875
3762,0.023767,0.013941,0.2697,0.043531,0.02661,0.334018
3763,0.02129,0.01248,0.268197,0.041096,0.028972,0.330939
3764,0.023307,0.013003,0.250078,0.045108,0.026451,0.312839
3765,0.020127,0.010993,0.264866,0.040446,0.027877,0.323863
3766,0.022424,0.012611,0.255419,0.039359,0.028352,0.318806
3767,0.022196,0.013079,0.253615,0.035345,0.02731,0.3162
3768,0.022109,0.013026,0.260475,0.032467,0.034124,0.329734
3769,0.02266,0.01353,0.281657,0.042358,0.029247,0.347094
3770,0.022908,0.012642,0.264631,0.04008,0.045977,0.346158
3771,0.025331,0.014055,0.280687,0.055021,0.030744,0.350817
3772,0.024064,0.01404,0.255503,0.045645,0.028286,0.321893
3773,0.023353,0.014726,0.253928,0.040734,0.02788,0.319887
3774,0.021488,0.011811,0.238495,0.033808,0.034687,0.306481
3775,0.019764,0.011651,0.23243,0.032932,0.023664,0.287509
3776,0.019459,0.012095,0.236148,0.033583,0.024506,0.292208
3777,0.020325,0.011742,0.230972,0.031606,0.02387,0.286909
3778,0.020558,0.011433,0.250003,0.033678,0.026605,0.308599
3779,0.021502,0.012746,0.235079,0.02978,0.024217,0.293544
3780,0.020513,0.011485,0.22583,0.03044,0.024732,0.28256
3781,0.021265,0.010967,0.226047,0.031468,0.024929,0.283208
3782,0.020565,0.012335,0.229545,0.03713,0.025517,0.287962
3783,0.020917,0.0118,0.262478,0.04895,0.031997,0.327192
3784,0.025087,0.013872,0.256526,0.043376,0.037126,0.332611
3785,0.022598,0.013706,0.256425,0.038676,0.025988,0.318717
3786,0.021297,0.012627,0.292194,0.045528,0.027192,0.35331
3787,0.024603,0.012863,0.271046,0.046716,0.029489,0.338001
3788,0.023051,0.013677,0.263926,0.040994,0.027311,0.327965
3789,0.022091,0.013324,0.257886,0.037068,0.027012,0.320313
3790,0.022301,0.013002,0.277522,0.034014,0.02661,0.339435
3791,0.019808,0.012556,0.276216,0.049683,0.032651,0.341231
3792,0.025745,0.015043,0.275542,0.046107,0.030734,0.347064
3793,0.023355,0.01342,0.288066,0.044653,0.029954,0.354795
3794,0.024065,0.014113,0.268765,0.045438,0.028549,0.335492
3795,0.023715,0.013487,0.260992,0.045696,0.028055,0.326249
3796,0.023629,0.014179,0.293471,0.056363,0.039915,0.371194
3797,0.023837,0.014715,0.270851,0.048833,0.029441,0.338844
3798,0.023588,0.013594,0.25833,0.041983,0.02726,0.322772
3799,0.022041,0.013893,0.273565,0.046667,0.027808,0.337307
3800,0.022274,0.012613,0.251104,0.042699,0.02749,0.313481
3801,0.023377,0.013798,0.27692,0.047063,0.029917,0.344012
3802,0.022703,0.013087,0.279986,0.040792,0.026924,0.3427
3803,0.020615,0.012301,0.246538,0.033203,0.02503,0.304484
3804,0.019273,0.01101,0.245934,0.034501,0.027731,0.303948
3805,0.023101,0.013206,0.256987,0.039818,0.027407,0.320701
3806,0.022278,0.013096,0.254375,0.032466,0.02541,0.315159
3807,0.021469,0.012455,0.246635,0.031895,0.025692,0.306251
3808,0.020662,0.017679,0.266099,0.036692,0.030135,0.334575
3809,0.023353,0.013539,0.262373,0.03774,0.028834,0.328099
3810,0.022924,0.013496,0.26194,0.032993,0.02645,0.32481
3811,0.021234,0.012792,0.259569,0.029636,0.026055,0.31965
3812,0.021359,0.0137,0.304795,0.045383,0.031024,0.370878
3813,0.024309,0.014099,0.256382,0.037262,0.024934,0.319724
3814,0.019366,0.010988,0.251042,0.02957,0.024278,0.305674
3815,0.020354,0.011315,0.240076,0.029205,0.025384,0.297129
3816,0.020578,0.011607,0.249208,0.030834,0.024496,0.305889
3817,0.019708,0.011029,0.265713,0.03305,0.025847,0.322297
3818,0.02813,0.012155,0.247515,0.032375,0.024716,0.312516
3819,0.020112,0.011392,0.241421,0.029365,0.027012,0.299937
3820,0.020775,0.01157,0.242736,0.028564,0.024379,0.29946
3821,0.019702,0.011148,0.252032,0.026464,0.024007,0.306889
3822,0.019109,0.010998,0.23876,0.02499,0.025674,0.294541
3823,0.020055,0.011521,0.239588,0.026142,0.024725,0.295889
3824,0.019464,0.01099,0.241765,0.032108,0.023473,0.295692
3825,0.019676,0.011045,0.236286,0.025155,0.026123,0.29313
3826,0.020569,0.016319,0.240246,0.028233,0.023949,0.301083
3827,0.019834,0.010578,0.235171,0.025812,0.024024,0.289607
3828,0.024054,0.011156,0.235629,0.026431,0.023699,0.294538
3829,0.019464,0.010362,0.237891,0.027927,0.026515,0.294232
3830,0.021129,0.01189,0.237884,0.027533,0.024679,0.295582
3831,0.020138,0.011117,0.242525,0.026328,0.023458,0.297238
3832,0.019178,0.011266,0.235405,0.027367,0.023993,0.289842
3833,0.019585,0.010893,0.236591,0.025074,0.025303,0.292372
3834,0.020762,0.011591,0.246042,0.024214,0.023597,0.301992
3835,0.020909,0.011126,0.237511,0.026433,0.023705,0.293251
3836,0.019389,0.010762,0.233133,0.024127,0.023228,0.286512
3837,0.018497,0.010581,0.238595,0.025503,0.02592,0.293593
3838,0.020368,0.011451,0.241586,0.025164,0.023841,0.297246
3839,0.019831,0.010848,0.23217,0.024257,0.023207,0.286056
3840,0.017992,0.011357,0.231486,0.025333,0.023107,0.283942
3841,0.018927,0.010592,0.245442,0.028257,0.024101,0.299062
3842,0.019083,0.010506,0.236958,0.025474,0.022935,0.289482
3843,0.019129,0.010279,0.228063,0.024985,0.023064,0.280535
3844,0.018111,0.010571,0.269959,0.038408,0.03189,0.330531
3845,0.024117,0.013603,0.253866,0.035246,0.025907,0.317493
3846,0.021102,0.011126,0.238733,0.027332,0.024732,0.295693
3847,0.019683,0.011387,0.247041,0.028157,0.027183,0.305294
3848,0.021461,0.020371,0.237435,0.026276,0.02479,0.304057
3849,0.01957,0.010914,0.235705,0.027318,0.024257,0.290446
3850,0.020643,0.010861,0.234294,0.026426,0.022691,0.288489
3851,0.019794,0.011084,0.252028,0.03761,0.034452,0.317358
3852,0.023441,0.013349,0.255637,0.042039,0.027625,0.320052
3853,0.022245,0.012179,0.238083,0.031378,0.023736,0.296243
3854,0.019431,0.011126,0.257449,0.047063,0.026303,0.314309
3855,0.021515,0.012559,0.250655,0.038172,0.029476,0.314205
3856,0.023601,0.01405,0.274999,0.046178,0.029673,0.342323
3857,0.024208,0.012968,0.263507,0.048629,0.028735,0.329418
3858,0.023394,0.013111,0.272012,0.044478,0.02784,0.336357
3859,0.021522,0.013359,0.252449,0.043519,0.027703,0.315033
3860,0.023018,0.01255,0.2719,0.052076,0.030366,0.337834
3861,0.023855,0.013156,0.258969,0.041962,0.030307,0.326287
3862,0.022863,0.013709,0.251237,0.0398,0.027748,0.315557
3863,0.024043,0.01437,0.279732,0.057804,0.027706,0.345851
3864,0.021252,0.012992,0.270587,0.0462,0.0306,0.335431
3865,0.024269,0.014279,0.261354,0.049042,0.029267,0.329169
3866,0.024087,0.013972,0.272719,0.051983,0.029649,0.340427
3867,0.024851,0.014486,0.289837,0.046674,0.030514,0.359688
3868,0.023791,0.014514,0.257845,0.043287,0.026872,0.323022
3869,0.022373,0.013186,0.278796,0.037373,0.026249,0.340604
3870,0.020828,0.012539,0.263777,0.037927,0.028467,0.325611
3871,0.023489,0.013632,0.264602,0.040711,0.065539,0.367262
3872,0.024149,0.013064,0.269718,0.047143,0.030721,0.337652
3873,0.023475,0.013068,0.25787,0.043665,0.027072,0.321485
3874,0.022898,0.013741,0.301032,0.086284,0.032573,0.370244
3875,0.021604,0.012799,0.267055,0.043811,0.030542,0.332
3876,0.022569,0.013115,0.252388,0.041189,0.028695,0.316767
3877,0.023791,0.013067,0.301971,0.085335,0.03046,0.369289
3878,0.023577,0.012907,0.258795,0.044452,0.028842,0.324121
3879,0.023204,0.013154,0.255588,0.04156,0.028271,0.320217
3880,0.023425,0.013558,0.25691,0.043057,0.043899,0.337792
3881,0.025142,0.014091,0.275927,0.046807,0.027235,0.342395
3882,0.022355,0.013884,0.293296,0.046517,0.027131,0.356666
3883,0.024884,0.01281,0.259585,0.044546,0.027241,0.32452
3884,0.022609,0.012373,0.254853,0.036474,0.02666,0.316495
3885,0.021229,0.013375,0.276525,0.048909,0.027792,0.338921
3886,0.023527,0.013034,0.249721,0.042531,0.025678,0.31196
3887,0.019429,0.011838,0.252902,0.037402,0.026874,0.311043
3888,0.021123,0.012252,0.249291,0.03708,0.02669,0.309356
3889,0.022098,0.014746,0.27588,0.044325,0.026892,0.339616
3890,0.021308,0.012074,0.255829,0.033935,0.025505,0.314716
3891,0.020334,0.011212,0.246025,0.028546,0.026553,0.304124
3892,0.02174,0.011502,0.238052,0.025732,0.025106,0.2964
3893,0.020263,0.011572,0.242767,0.025535,0.023766,0.298368
3894,0.019126,0.010611,0.230797,0.025357,0.02401,0.284544
3895,0.020364,0.012423,0.24951,0.030332,0.02405,0.306347
3896,0.019858,0.011271,0.239474,0.028764,0.032216,0.302819
3897,0.019556,0.011471,0.240948,0.033293,0.024053,0.296028
3898,0.020323,0.010388,0.232624,0.027958,0.024631,0.287966
3899,0.01957,0.011211,0.235963,0.025548,0.022988,0.289732
3900,0.019095,0.010463,0.238497,0.024607,0.023137,0.291192
3901,0.018615,0.010476,0.229114,0.024624,0.024173,0.282378
3902,0.019521,0.010864,0.230435,0.025304,0.024104,0.284924
3903,0.01899,0.010501,0.24639,0.024814,0.025938,0.301819
3904,0.020757,0.011625,0.241871,0.026543,0.02438,0.298633
3905,0.019211,0.011691,0.232535,0.024858,0.022893,0.28633
3906,0.019067,0.010294,0.227553,0.023574,0.023339,0.280253
3907,0.019523,0.010596,0.237187,0.025431,0.02275,0.290056
3908,0.019797,0.010296,0.236254,0.027067,0.026405,0.292752
3909,0.021167,0.011128,0.235511,0.025887,0.025353,0.293159
3910,0.019811,0.010593,0.240625,0.027325,0.024619,0.295648
3911,0.01948,0.010634,0.227145,0.026639,0.025547,0.282806
3912,0.020237,0.011566,0.261829,0.047584,0.029867,0.323499
3913,0.024301,0.013355,0.277626,0.05335,0.031939,0.347221
3914,0.024253,0.013409,0.262122,0.046642,0.027363,0.327147
3915,0.023145,0.012269,0.256092,0.040637,0.02887,0.320376
3916,0.022147,0.023411,0.315567,0.06021,0.031783,0.392908
3917,0.027834,0.013954,0.282929,0.053562,0.030462,0.355179
3918,0.024406,0.013662,0.267037,0.040345,0.025749,0.330854
3919,0.020594,0.011139,0.256194,0.034973,0.027236,0.315163
3920,0.021508,0.011935,0.249155,0.033313,0.02577,0.308368
3921,0.021843,0.012215,0.242459,0.031325,0.024353,0.30087
3922,0.020343,0.011815,0.254523,0.031845,0.026097,0.312778
3923,0.021196,0.01135,0.249942,0.032568,0.028048,0.310536
3924,0.023624,0.013164,0.262228,0.032109,0.027439,0.326455
3925,0.021545,0.012603,0.356592,0.03177,0.026634,0.417374
3926,0.021969,0.012022,0.239538,0.034806,0.020653,0.294182
3927,0.017218,0.009353,0.201557,0.028378,0.019369,0.247497
3928,0.016134,0.009154,0.186395,0.024958,0.019294,0.230977
3929,0.015741,0.009073,0.224642,0.030857,0.024753,0.274209
3930,0.019946,0.011834,0.249126,0.037988,0.028041,0.308947
3931,0.021948,0.013383,0.318603,0.055689,0.030884,0.384818
3932,0.023996,0.014062,0.27456,0.046739,0.027801,0.340419
3933,0.022139,0.012596,0.242899,0.035262,0.025323,0.302957
3934,0.020554,0.012213,0.296148,0.084338,0.030073,0.358988
3935,0.023102,0.013194,0.285531,0.050358,0.032285,0.354112
3936,0.025172,0.014563,0.269146,0.042534,0.025852,0.334733
3937,0.020921,0.012883,0.253168,0.031381,0.024577,0.311549
3938,0.0199,0.011566,0.25786,0.036049,0.024952,0.314278
3939,0.021044,0.012086,0.254081,0.033995,0.027976,0.315187
3940,0.023329,0.013261,0.261758,0.030279,0.026665,0.325013
3941,0.02133,0.013032,0.262267,0.030721,0.026522,0.323151
3942,0.021723,0.012169,0.250223,0.032143,0.025182,0.309297
3943,0.021421,0.012045,0.263174,0.043297,0.029386,0.326026
3944,0.022673,0.0129,0.308765,0.042472,0.025732,0.37007
3945,0.02127,0.012082,0.242129,0.031379,0.024108,0.299589
3946,0.01989,0.011106,0.239358,0.029312,0.023384,0.293738
3947,0.019065,0.010681,0.244155,0.026261,0.023204,0.297105
3948,0.018796,0.010459,0.245111,0.027794,0.026572,0.300938
3949,0.021252,0.011592,0.229409,0.022663,0.022888,0.285141
3950,0.018693,0.010043,0.227801,0.021638,0.022269,0.278806
3951,0.036911,0.010185,0.2306,0.022156,0.023156,0.300852
3952,0.019073,0.009963,0.227653,0.02197,0.022393,0.279082
3953,0.017931,0.010039,0.226297,0.021911,0.022237,0.276504
3954,0.018495,0.010372,0.236941,0.022498,0.022604,0.288412
3955,0.018416,0.010139,0.223966,0.021594,0.022148,0.274669
3956,0.018268,0.010016,0.224258,0.020577,0.022573,0.275115
3957,0.018103,0.010234,0.224967,0.020647,0.022454,0.275758
3958,0.02542,0.010139,0.228072,0.02188,0.022002,0.285633
3959,0.018016,0.010001,0.224914,0.021594,0.02217,0.275101
3960,0.018276,0.009728,0.224282,0.021444,0.022217,0.274503
3961,0.018218,0.009912,0.23516,0.022692,0.023787,0.287077
3962,0.018859,0.01042,0.22864,0.02205,0.022208,0.280127
3963,0.018405,0.010043,0.224223,0.02071,0.022351,0.275022
3964,0.018154,0.009959,0.222796,0.020621,0.02185,0.272759
3965,0.018102,0.009762,0.229975,0.020952,0.022514,0.280353
3966,0.018344,0.010143,0.224965,0.021383,0.022711,0.276163
3967,0.018346,0.010055,0.228721,0.022109,0.022884,0.280006
3968,0.018886,0.010062,0.246887,0.021657,0.023782,0.299617
3969,0.019211,0.010452,0.229901,0.02698,0.02451,0.284074
3970,0.019268,0.010723,0.240549,0.027768,0.026525,0.297065
3971,0.021476,0.011839,0.243494,0.029312,0.026888,0.303697
3972,0.039425,0.012365,0.240412,0.030345,0.018453,0.310655
3973,0.014733,0.008154,0.153871,0.020183,0.015228,0.191986
3974,0.011796,0.006793,0.185886,0.024399,0.023717,0.228192
3975,0.018911,0.010635,0.232485,0.024723,0.031502,0.293533
3976,0.018773,0.010683,0.232559,0.024141,0.023793,0.285808
3977,0.019401,0.01046,0.234706,0.024455,0.023179,0.287746
3978,0.018657,0.010297,0.232476,0.023986,0.022793,0.284223
3979,0.018545,0.010096,0.238825,0.023916,0.022582,0.290048
3980,0.018365,0.01016,0.230459,0.023274,0.022475,0.281459
3981,0.018965,0.010028,0.230668,0.023282,0.022943,0.282604
3982,0.018524,0.010232,0.242279,0.022641,0.02331,0.294345
3983,0.018703,0.01005,0.231387,0.023691,0.022751,0.282891
3984,0.018715,0.010332,0.230774,0.023661,0.022993,0.282814
3985,0.018601,0.009918,0.227524,0.022116,0.022888,0.278931
3986,0.018508,0.010057,0.238555,0.023279,0.022303,0.289423
3987,0.018419,0.010106,0.229081,0.021749,0.022985,0.280591
3988,0.018604,0.010374,0.22111,0.023354,0.017423,0.267511
3989,0.013049,0.007635,0.15699,0.017831,0.020358,0.198032
3990,0.018305,0.013674,1.353453,0.067362,0.042143,1.427575
3991,0.029978,0.017895,0.280848,0.046163,0.031959,0.36068
3992,0.024216,0.014904,0.540148,0.256611,0.033471,0.612739
3993,0.028503,0.016985,0.277312,0.048907,0.028746,0.351546
3994,0.024577,0.013911,0.309022,0.043304,0.030571,0.378081
3995,0.023973,0.014779,0.259242,0.045801,0.030165,0.328159
3996,0.024272,0.014098,0.267704,0.044476,0.027569,0.333643
3997,0.022807,0.013164,0.279457,0.039569,0.027783,0.343211
3998,0.021839,0.012842,0.254846,0.037111,0.025713,0.31524
3999,0.02191,0.01285,0.284533,0.040219,0.042618,0.361911
4000,0.02219,0.014513,0.292883,0.068587,0.030519,0.360105
4001,0.024598,0.013661,0.269583,0.043776,0.025861,0.333703
4002,0.019134,0.012223,0.249401,0.041537,0.02869,0.309448
4003,0.020793,0.012485,0.266674,0.05314,0.028018,0.32797
4004,0.022279,0.012289,0.247186,0.029753,0.023663,0.305417
4005,0.01892,0.010353,0.277985,0.036298,0.030601,0.337859
4006,0.024791,0.013328,0.253416,0.030881,0.028495,0.32003
4007,0.021848,0.012766,0.253741,0.04108,0.025378,0.313733
4008,0.02153,0.011327,0.24823,0.027784,0.023941,0.305028
4009,0.0196,0.010549,0.241514,0.036352,0.039142,0.310805
4010,0.026628,0.015035,0.262778,0.043087,0.029577,0.334018
4011,0.023785,0.014327,0.237554,0.043498,0.029353,0.305019
4012,0.022394,0.013048,0.256574,0.041086,0.040701,0.332717
4013,0.022749,0.01313,0.23895,0.040143,0.024932,0.299761
4014,0.020461,0.011229,0.238392,0.027392,0.022067,0.292149
4015,0.018018,0.010785,0.254113,0.039207,0.030033,0.312949
4016,0.025177,0.014298,0.310697,0.046028,0.029188,0.37936
4017,0.023957,0.01283,0.256368,0.045632,0.030381,0.323536
4018,0.023739,0.01336,0.250759,0.033133,0.023894,0.311752
4019,0.019809,0.011165,0.263346,0.038237,0.030931,0.325251
4020,0.024288,0.014139,0.26644,0.050629,0.031091,0.335958
4021,0.024733,0.013854,0.252934,0.035741,0.02766,0.319181
4022,0.021959,0.0122,0.282326,0.047625,0.034065,0.35055
4023,0.026563,0.015677,0.357472,0.049906,0.03097,0.430682
4024,0.024906,0.014467,0.270069,0.039024,0.026043,0.335485
4025,0.021996,0.012847,0.25285,0.042901,0.029796,0.317489
4026,0.023286,0.01364,0.271677,0.040155,0.026736,0.335339
4027,0.022736,0.0136,0.343161,0.035796,0.030805,0.410302
4028,0.023775,0.014317,0.272838,0.042008,0.027002,0.337932
4029,0.021907,0.013008,0.257967,0.034433,0.026223,0.319105
4030,0.020384,0.012887,0.275311,0.036506,0.027438,0.33602
4031,0.021538,0.012534,0.258145,0.034496,0.027031,0.319248
4032,0.021788,0.012055,0.267809,0.034892,0.029698,0.33135
4033,0.024073,0.013753,0.273722,0.037635,0.029192,0.34074
4034,0.023285,0.013551,0.251754,0.035185,0.02752,0.31611
4035,0.022954,0.01362,0.260317,0.034356,0.024903,0.321794
4036,0.02109,0.012265,0.280225,0.050895,0.031348,0.344928
4037,0.025342,0.01459,0.267433,0.036483,0.028446,0.335811
4038,0.022947,0.013619,0.255442,0.037937,0.028126,0.320134
4039,0.023607,0.013088,0.264849,0.051416,0.027008,0.328552
4040,0.022278,0.011765,0.243394,0.029115,0.026712,0.304149
4041,0.018863,0.011661,0.285993,0.039363,0.028426,0.344943
4042,0.021082,0.012871,0.273563,0.060624,0.030357,0.337873
4043,0.023098,0.012846,0.241008,0.031699,0.02595,0.302902
4044,0.020876,0.012555,0.252961,0.046437,0.029384,0.315776
4045,0.023145,0.012098,0.23657,0.038172,0.02392,0.295733
4046,0.021627,0.012255,0.252449,0.031065,0.025043,0.311374
4047,0.020623,0.0112,0.239364,0.028928,0.025921,0.297108
4048,0.02146,0.013162,0.313188,0.042827,0.026317,0.374127
4049,0.022266,0.016392,0.803274,0.527102,0.045698,0.88763
4050,0.032346,0.020357,0.334893,0.057423,0.032253,0.419849
4051,0.025013,0.015092,0.279762,0.041723,0.030257,0.350124
4052,0.024473,0.014669,0.591037,0.063249,0.035538,0.665717
4053,0.028525,0.016749,0.283367,0.043996,0.028192,0.356833
4054,0.021476,0.01312,0.28709,0.044471,0.029608,0.351294
4055,0.022739,0.015112,0.276516,0.039941,0.029765,0.344132
4056,0.024494,0.01359,0.270233,0.037402,0.02962,0.337937
4057,0.023004,0.013537,2.313956,0.079246,0.04316,2.393657
4058,0.029431,0.018259,0.303516,0.053566,0.032941,0.384147
4059,0.028346,0.03424,0.649223,0.070679,0.039419,0.751228
4060,0.02998,0.018575,0.316941,0.057313,0.035711,0.401207
4061,0.026434,0.017206,0.501831,0.059979,0.035335,0.580806
4062,0.027211,0.015976,0.280105,0.049916,0.028443,0.351735
4063,0.023041,0.014233,0.600039,0.335362,0.043419,0.680732
4064,0.031117,0.018925,0.339531,0.055081,0.03095,0.420523
4065,0.024952,0.014387,0.346761,0.054608,0.083485,0.469585
4066,0.026908,0.015587,0.272234,0.037251,0.024911,0.33964
4067,0.019665,0.011421,0.34114,0.039396,0.033364,0.40559
4068,0.052643,0.015554,0.326329,0.054095,0.030007,0.424533
4069,0.025173,0.014456,0.326572,0.055812,0.080878,0.447079
4070,0.025311,0.014602,0.293047,0.050716,0.027694,0.360654
4071,0.022327,0.012884,0.525537,0.052731,0.035864,0.596612
4072,0.027558,0.016443,0.319576,0.053456,0.02933,0.392907
4073,0.023995,0.013359,0.268527,0.037234,0.02794,0.333821
4074,0.022371,0.013052,0.274056,0.036502,0.030563,0.340042
4075,0.034846,0.014287,0.293716,0.03853,0.028195,0.371044
4076,0.023191,0.013368,0.257169,0.03191,0.024806,0.318534
4077,0.020592,0.012023,0.292886,0.032414,0.029776,0.355277
4078,0.022636,0.014105,0.27406,0.035225,0.024952,0.335753
4079,0.021609,0.012464,0.266859,0.033022,0.025964,0.326896
4080,0.020673,0.012322,0.557481,0.051255,0.037357,0.627833
4081,0.028601,0.017437,0.290678,0.046344,0.028885,0.365601
4082,0.023198,0.013335,0.397059,0.05758,0.032563,0.466155
4083,0.024757,0.014696,0.288715,0.049499,0.030447,0.358615
4084,0.022945,0.01426,0.311268,0.042538,0.028763,0.377236
4085,0.021904,0.014108,0.298388,0.046745,0.032157,0.366557
4086,0.025677,0.014101,0.299347,0.042859,0.029185,0.36831
4087,0.023352,0.013345,0.266073,0.037109,0.027009,0.329779
4088,0.034043,0.012755,0.338224,0.044817,0.033796,0.418818
4089,0.024812,0.014791,0.278943,0.03816,0.028543,0.347089
4090,0.022534,0.013431,0.329952,0.091592,0.03062,0.396537
4091,0.023943,0.014236,0.340994,0.048234,0.034715,0.413888
4092,0.025606,0.014837,0.457092,0.187907,0.039538,0.537073
4093,0.029317,0.01718,0.294903,0.052611,0.029738,0.371138
4094,0.023733,0.013564,0.492866,0.034771,0.036055,0.566218
4095,0.028363,0.016671,0.303709,0.059376,0.02968,0.378423
4096,0.024577,0.014242,0.391701,0.045162,0.032474,0.462994
4097,0.025523,0.01407,0.350452,0.055718,0.02908,0.419125
4098,0.021973,0.012614,0.246402,0.044555,0.025932,0.306921
4099,0.022355,0.016893,0.261685,0.045834,0.027888,0.328821
4100,0.033414,0.013842,0.506694,0.256227,0.035122,0.589072
4101,0.027583,0.015582,0.275388,0.053814,0.026459,0.345012
4102,0.020681,0.01214,0.244829,0.034494,0.022023,0.299673
4103,0.016929,0.009654,0.208047,0.026887,0.022353,0.256983
4104,0.0186,0.010459,0.231969,0.04525,0.02624,0.287268
4105,0.020476,0.011337,0.244543,0.034453,0.114387,0.390743
4106,0.026402,0.017007,0.361294,0.057442,0.040027,0.44473
4107,0.02438,0.014086,0.260429,0.049372,0.02849,0.327385
4108,0.022114,0.012933,0.277869,0.042615,0.028461,0.341377
4109,0.020477,0.01243,0.257273,0.038809,0.028623,0.318803
4110,0.022949,0.013561,0.267519,0.041872,0.025211,0.32924
4111,0.020709,0.012255,0.27773,0.0408,0.026014,0.336708
4112,0.021085,0.011524,0.27487,0.046557,0.028783,0.336262
4113,0.022097,0.012604,0.260771,0.042526,0.030796,0.326268
4114,0.024492,0.013618,0.275556,0.041357,0.028073,0.341739
4115,0.023269,0.013593,0.255036,0.035306,0.028918,0.320816
4116,0.021417,0.012901,0.247704,0.033811,0.025391,0.307413
4117,0.020666,0.011616,0.254289,0.028703,0.025589,0.31216
4118,0.020888,0.012595,0.26,0.039994,0.028673,0.322156
4119,0.02169,0.012345,0.259905,0.040765,0.026496,0.320436
4120,0.022019,0.012313,0.268237,0.039822,0.026331,0.3289
4121,0.020565,0.012011,0.249752,0.037915,0.026741,0.309069
4122,0.020933,0.011392,0.245726,0.034407,0.025821,0.303872
4123,0.020591,0.011497,0.26433,0.039625,0.028692,0.32511
4124,0.022708,0.013315,0.24275,0.029252,0.023935,0.302708
4125,0.018995,0.011065,0.244582,0.038184,0.028522,0.303164
4126,0.0228,0.012253,0.30583,0.052749,0.029272,0.370155
4127,0.023494,0.013507,0.228815,0.03247,0.023809,0.289625
4128,0.027422,0.011279,0.240818,0.035677,0.026312,0.305831
4129,0.021287,0.009602,0.219704,0.034864,0.024971,0.275564
4130,0.0206,0.012501,0.253635,0.037412,0.027176,0.313912
4131,0.021434,0.013258,0.250645,0.036866,0.026374,0.311711
4132,0.021487,0.011428,0.249905,0.033974,0.028462,0.311282
4133,0.035505,0.013007,0.263474,0.040149,0.028027,0.340013
4134,0.022611,0.013158,0.253267,0.035027,0.024252,0.313288
4135,0.02074,0.011746,0.253985,0.03657,0.025472,0.311943
4136,0.020678,0.030084,0.262398,0.041282,0.029189,0.342349
4137,0.023503,0.013365,0.255615,0.036175,0.027167,0.31965
4138,0.022238,0.012238,0.254127,0.038504,0.02748,0.316083
4139,0.022384,0.01317,0.267353,0.038774,0.026299,0.329206
4140,0.021856,0.012825,0.260308,0.037085,0.031216,0.326205
4141,0.024561,0.014515,0.265129,0.038012,0.028691,0.332896
4142,0.023917,0.014331,0.278745,0.043451,0.029134,0.346127
4143,0.023999,0.013772,0.255207,0.037244,0.025543,0.318521
4144,0.021214,0.01164,0.238745,0.027569,0.023086,0.294685
4145,0.018865,0.010594,0.268952,0.037869,0.027811,0.326222
4146,0.022194,0.012222,0.255928,0.037935,0.02731,0.317654
4147,0.022426,0.012624,0.253355,0.034692,0.025602,0.314007
4148,0.020531,0.011113,0.257383,0.034227,0.026162,0.315189
4149,0.020929,0.0131,0.262165,0.037454,0.029666,0.32586
4150,0.021587,0.012381,0.257853,0.038316,0.027462,0.319283
4151,0.021507,0.012578,0.272619,0.041515,0.028185,0.334889
4152,0.022562,0.01312,0.255017,0.038011,0.026925,0.317624
4153,0.02206,0.012475,0.266987,0.041397,0.02984,0.331362
4154,0.023324,0.019792,0.280263,0.046536,0.031594,0.354973
4155,0.024259,0.014106,0.240229,0.037074,0.028015,0.306609
4156,0.022968,0.013126,0.255756,0.040273,0.026716,0.318566
4157,0.020719,0.011458,0.26773,0.040184,0.030328,0.330235
4158,0.023484,0.01344,0.257769,0.03744,0.028553,0.323246
4159,0.022991,0.013152,0.257594,0.036088,0.027791,0.321528
4160,0.02153,0.012506,0.265793,0.035104,0.026071,0.3259
4161,0.020761,0.011306,0.244095,0.03347,0.026723,0.302885
4162,0.021417,0.01145,0.246231,0.032882,0.027919,0.307017
4163,0.022666,0.014091,0.274499,0.05228,0.030127,0.341383
4164,0.02396,0.013327,0.264858,0.040613,0.027244,0.329389
4165,0.022998,0.013048,0.253661,0.036717,0.024803,0.31451
4166,0.019342,0.011803,0.262324,0.036439,0.025689,0.319158
4167,0.02151,0.012568,0.26443,0.041829,0.03018,0.328688
4168,0.024782,0.013363,0.258647,0.039239,0.029257,0.326049
4169,0.023472,0.0132,0.258208,0.032953,0.025729,0.320609
4170,0.021749,0.012662,0.252413,0.039384,0.026344,0.313168
4171,0.022437,0.013509,0.242249,0.04145,0.026777,0.304972
4172,0.022172,0.012319,0.310029,0.042103,0.029147,0.373667
4173,0.021285,0.012772,0.473207,0.061213,0.034084,0.541348
4174,0.026169,0.014896,0.281437,0.049662,0.0341,0.356602
4175,0.036631,0.01621,0.274323,0.049449,0.028317,0.355481
4176,0.023259,0.012422,0.328578,0.049246,0.030328,0.394587
4177,0.024334,0.013522,0.263801,0.048438,0.03268,0.334337
4178,0.024672,0.013999,0.261941,0.045905,0.030853,0.331465
4179,0.023627,0.013775,0.247828,0.040468,0.029041,0.314271
4180,0.023674,0.012782,0.257602,0.035921,0.02747,0.321528
4181,0.021492,0.012517,0.271735,0.041884,0.026489,0.332233
4182,0.020767,0.011639,0.237216,0.025921,0.023082,0.292704
4183,0.019058,0.00997,0.23402,0.0235,0.023793,0.286841
4184,0.019189,0.010862,0.244414,0.024366,0.023643,0.298108
4185,0.019166,0.010971,0.205108,0.023625,0.024372,0.259617
4186,0.0244,0.011688,0.235991,0.031526,0.022662,0.294741
4187,0.018122,0.010783,0.2434,0.029004,0.023412,0.295717
4188,0.019762,0.010494,0.211379,0.034999,0.024617,0.266252
4189,0.022856,0.012817,0.239573,0.030974,0.026026,0.301272
4190,0.021885,0.012167,0.251753,0.036879,0.037897,0.323702
4191,0.021142,0.012083,0.240386,0.030701,0.024689,0.2983
4192,0.020784,0.011939,0.253265,0.037005,0.031498,0.317486
4193,0.024881,0.014042,0.262811,0.037295,0.026736,0.32847
4194,0.020126,0.026323,0.26201,0.038675,0.027653,0.336112
4195,0.022743,0.012465,0.239316,0.029182,0.024709,0.299233
4196,0.021096,0.012212,0.249634,0.033451,0.026775,0.309717
4197,0.020709,0.011992,0.276661,0.035363,0.026569,0.335931
4198,0.021678,0.012065,0.240686,0.027706,0.023644,0.298073
4199,0.018992,0.010821,0.242619,0.031971,0.026458,0.29889
4200,0.020809,0.011607,0.274129,0.043474,0.032659,0.339204
4201,0.02481,0.013675,0.251948,0.0319,0.024508,0.314941
4202,0.019908,0.010805,0.240012,0.034296,0.026643,0.297368
4203,0.021781,0.012396,0.256841,0.032519,0.027666,0.318684
4204,0.021721,0.012756,0.242569,0.030255,0.026117,0.303163
4205,0.022009,0.013826,0.273631,0.045523,0.030179,0.339645
4206,0.023923,0.013435,0.271293,0.040729,0.023947,0.332598
4207,0.020709,0.011962,0.258784,0.035904,0.025414,0.316869
4208,0.020882,0.011091,0.255444,0.034074,0.025561,0.312978
4209,0.019835,0.012268,0.282496,0.054207,0.030828,0.345427
4210,0.023904,0.01349,0.251987,0.034447,0.028144,0.317525
4211,0.022679,0.01388,0.250331,0.033408,0.028373,0.315263
4212,0.022248,0.013042,0.257179,0.03272,0.026967,0.319436
4213,0.021713,0.01294,0.267571,0.040196,0.030032,0.332256
4214,0.022868,0.013107,0.255974,0.036667,0.02814,0.320089
4215,0.022398,0.012388,0.26477,0.034461,0.027955,0.327511
4216,0.023228,0.012499,0.251874,0.037864,0.028098,0.315699
4217,0.023139,0.013091,0.261633,0.038046,0.027048,0.324911
4218,0.021973,0.012789,0.276274,0.040221,0.025179,0.336215
4219,0.021917,0.012604,0.24352,0.034334,0.023887,0.301928
4220,0.019693,0.011232,0.241417,0.035395,0.027547,0.299889
4221,0.022027,0.011642,0.250961,0.035579,0.029911,0.314541
4222,0.032099,0.014426,0.3081,0.084137,0.030827,0.385452
4223,0.024592,0.013932,0.251859,0.034332,0.027493,0.317876
4224,0.023368,0.01352,0.249703,0.037639,0.032974,0.319565
4225,0.020855,0.012631,0.248234,0.038674,0.027472,0.309192
4226,0.02103,0.012691,0.266708,0.042699,0.026344,0.326773
4227,0.022052,0.01261,0.244748,0.029499,0.023452,0.302862
4228,0.018848,0.018231,0.260392,0.040864,0.033139,0.33061
4229,0.025213,0.015402,0.262014,0.041251,0.026509,0.329138
4230,0.021002,0.011989,0.241889,0.040213,0.029751,0.304631
4231,0.023091,0.013241,0.256341,0.040495,0.028378,0.321051
4232,0.022851,0.01244,0.255856,0.034978,0.028823,0.31997
4233,0.022824,0.013675,0.26978,0.03857,0.031282,0.337561
4234,0.023292,0.013731,0.27814,0.036442,0.027206,0.342369
4235,0.022215,0.01297,0.254339,0.031265,0.024911,0.314435
4236,0.020693,0.013182,0.264827,0.036875,0.027755,0.326457
4237,0.021739,0.012341,0.283277,0.037045,0.028872,0.346229
4238,0.021884,0.012823,0.264466,0.032698,0.026446,0.325619
4239,0.020721,0.012086,0.251397,0.033924,0.028966,0.31317
4240,0.022211,0.013085,0.330927,0.049852,0.030297,0.39652
4241,0.023696,0.013641,0.260722,0.047153,0.029802,0.327861
4242,0.023333,0.012963,0.247575,0.040728,0.026403,0.310274
4243,0.022031,0.013155,0.258371,0.034893,0.024395,0.317952
4244,0.019734,0.011041,0.242676,0.03238,0.027528,0.300979
4245,0.021842,0.012968,0.266185,0.038026,0.028384,0.329379
4246,0.022952,0.013166,0.274792,0.041339,0.028766,0.339676
4247,0.022966,0.013222,0.299112,0.053527,0.028826,0.364126
4248,0.023117,0.01359,0.249322,0.035508,0.02283,0.308859
4249,0.020462,0.013862,0.270422,0.043139,0.029289,0.334035
4250,0.023064,0.012565,0.228885,0.035843,0.019921,0.284435
4251,0.01927,0.011138,0.238327,0.031061,0.025295,0.29403
4252,0.019693,0.011301,0.243177,0.031944,0.026429,0.3006
4253,0.021978,0.012257,0.24014,0.029829,0.023735,0.29811
4254,0.019334,0.01073,0.24139,0.034856,0.0292,0.300654
4255,0.023415,0.012976,0.262396,0.046384,0.029623,0.32841
4256,0.022898,0.0129,0.25199,0.037283,0.026931,0.314719
4257,0.022413,0.012511,0.252158,0.036772,0.027652,0.314734
4258,0.021729,0.012671,0.253626,0.031877,0.024548,0.312574
4259,0.019616,0.011059,0.242987,0.030449,0.02611,0.299772
4260,0.021627,0.011254,0.237293,0.026242,0.023135,0.293309
4261,0.019531,0.010505,0.234071,0.024424,0.022661,0.286768
4262,0.018641,0.010267,0.242386,0.032007,0.026494,0.297788
4263,0.021643,0.01251,0.282516,0.036289,0.030219,0.346888
4264,0.024378,0.014396,0.264567,0.048401,0.027403,0.330744
4265,0.021542,0.012955,0.26518,0.041528,0.025471,0.325148
4266,0.021166,0.012203,0.250571,0.037205,0.025249,0.309189
4267,0.020335,0.011744,0.243056,0.033392,0.027196,0.302331
4268,0.022327,0.013028,0.265894,0.036293,0.025554,0.326803
4269,0.02149,0.011966,0.280118,0.041186,0.04607,0.359644
4270,0.023836,0.012555,0.258938,0.039532,0.022673,0.318002
4271,0.018363,0.010932,0.258054,0.042736,0.026713,0.314062
4272,0.022629,0.012556,0.21471,0.038862,0.027198,0.277093
4273,0.022359,0.012664,0.259691,0.038991,0.031508,0.326222
4274,0.022841,0.013653,0.272077,0.047586,0.028485,0.337056
4275,0.024055,0.013481,0.229947,0.035426,0.018581,0.286064
4276,0.019648,0.01153,0.236471,0.034084,0.025603,0.293252
4277,0.020753,0.012027,0.260838,0.034804,0.03043,0.324048
4278,0.023607,0.013859,0.270666,0.039974,0.027697,0.335829
4279,0.02351,0.013108,0.257324,0.036236,0.027045,0.320987
4280,0.021846,0.012497,0.256519,0.03171,0.023515,0.314377
4281,0.02018,0.011722,0.258292,0.036708,0.025062,0.315256
4282,0.020656,0.011512,0.235675,0.026396,0.024995,0.292838
4283,0.021554,0.012108,0.272246,0.042127,0.027095,0.333003
4284,0.033709,0.01281,0.26186,0.037201,0.025829,0.334208
4285,0.020539,0.01212,0.253039,0.035736,0.027036,0.312734
4286,0.020529,0.012424,0.254835,0.042286,0.025585,0.313373
4287,0.020854,0.012651,0.273554,0.043301,0.027625,0.334684
4288,0.020566,0.011652,0.258591,0.044557,0.027867,0.318676
4289,0.021005,0.012037,0.256803,0.041207,0.026008,0.315853
4290,0.021154,0.012269,0.254706,0.034479,0.048438,0.336567
4291,0.032373,0.011707,0.242588,0.036582,0.01998,0.306648
4292,0.016535,0.011835,0.243735,0.038098,0.026388,0.298493
4293,0.021679,0.011863,0.259586,0.031086,0.024031,0.317159
4294,0.018962,0.010563,0.230209,0.027546,0.024256,0.28399
4295,0.019961,0.008917,0.202615,0.030472,0.021747,0.25324
4296,0.018463,0.010919,0.262302,0.045546,0.032722,0.324406
4297,0.024411,0.013757,0.262758,0.044898,0.030653,0.331579
4298,0.023804,0.013033,0.250731,0.039267,0.026125,0.313693
4299,0.021292,0.012603,0.272688,0.040758,0.031345,0.337928
4300,0.025234,0.014806,0.266474,0.043435,0.064442,0.370956
4301,0.029157,0.014271,0.268495,0.045015,0.030595,0.342518
4302,0.02425,0.013993,0.277204,0.054847,0.02994,0.345387
4303,0.023705,0.0145,0.277634,0.044364,0.028365,0.344204
4304,0.022744,0.013424,0.266183,0.041581,0.025704,0.328055
4305,0.022234,0.011825,0.257026,0.028891,0.023475,0.31456
4306,0.019798,0.010715,0.23487,0.02412,0.022735,0.288118
4307,0.018927,0.01045,0.230914,0.023471,0.0224,0.282691
4308,0.018592,0.010135,0.230342,0.023514,0.022546,0.281615
4309,0.02293,0.00979,0.231831,0.02306,0.022789,0.28734
4310,0.018722,0.009978,0.232156,0.023832,0.022315,0.283171
4311,0.018574,0.010172,0.231733,0.022753,0.022887,0.283366
4312,0.018698,0.010256,0.266923,0.026337,0.023556,0.319433
4313,0.019233,0.010049,0.23026,0.023349,0.021943,0.281485
4314,0.01848,0.009795,0.229652,0.022813,0.022178,0.280105
4315,0.018748,0.010291,0.228926,0.022712,0.030268,0.288233
4316,0.018354,0.009909,0.230914,0.022043,0.022697,0.281874
4317,0.01875,0.009885,0.230076,0.021649,0.021927,0.280638
4318,0.018395,0.017014,0.231231,0.02206,0.022393,0.289033
4319,0.018179,0.010211,0.232976,0.021529,0.022654,0.28402
4320,0.018316,0.010452,0.235588,0.02978,0.023654,0.28801
4321,0.020083,0.010629,0.23769,0.024776,0.023039,0.291441
4322,0.019367,0.010623,0.239602,0.024185,0.02295,0.292542
4323,0.018788,0.010283,0.234506,0.023362,0.022742,0.286319
4324,0.018796,0.009614,0.226105,0.021547,0.022103,0.276618
4325,0.018578,0.009675,0.224545,0.021367,0.021785,0.274583
4326,0.018086,0.009543,0.228625,0.021491,0.021873,0.278127
4327,0.01793,0.00995,0.220866,0.020408,0.022909,0.271655
4328,0.018143,0.01055,0.252842,0.039447,0.025508,0.307043
4329,0.021954,0.011389,0.245492,0.025691,0.022659,0.301494
4330,0.019081,0.010271,0.230406,0.023757,0.021562,0.28132
4331,0.018429,0.009904,0.221659,0.022369,0.022467,0.272459
4332,0.018131,0.009428,0.225995,0.023473,0.023224,0.276778
4333,0.018754,0.010558,0.247075,0.037135,0.028339,0.304726
4334,0.02199,0.012921,0.23226,0.041122,0.027728,0.294899
4335,0.022876,0.013459,0.271234,0.039935,0.025572,0.333141
4336,0.021174,0.017757,0.27758,0.043062,0.030828,0.347339
4337,0.023389,0.012943,0.259598,0.043485,0.02506,0.32099
4338,0.021011,0.011481,0.238797,0.026886,0.024613,0.295902
4339,0.020428,0.011133,0.251813,0.027408,0.023295,0.306669
4340,0.019086,0.010851,0.230767,0.035848,0.028564,0.289268
4341,0.023033,0.012959,0.241756,0.038311,0.027195,0.304943
4342,0.022477,0.012254,0.256545,0.042443,0.029605,0.320881
4343,0.021922,0.012256,0.269428,0.048019,0.02924,0.332846
4344,0.023405,0.013571,0.270968,0.050329,0.026475,0.334419
4345,0.022093,0.013541,0.2463,0.041596,0.02517,0.307104
4346,0.020966,0.012169,0.243846,0.036607,0.024887,0.301868
4347,0.020363,0.010512,0.225812,0.030984,0.02264,0.279327
4348,0.020049,0.01088,0.22311,0.031434,0.022191,0.27623
4349,0.020319,0.010661,0.243112,0.034233,0.027544,0.301636
4350,0.021684,0.012367,0.252572,0.042705,0.030452,0.317075
4351,0.024388,0.013864,0.260044,0.046559,0.028969,0.327265
4352,0.024277,0.013163,0.275598,0.04677,0.03131,0.344348
4353,0.025905,0.015179,0.285695,0.056504,0.032739,0.359518
4354,0.025726,0.013669,0.27416,0.038508,0.02459,0.338145
4355,0.019962,0.011506,0.256969,0.028995,0.023611,0.312048
4356,0.019361,0.010902,0.231288,0.025827,0.022524,0.284075
4357,0.01785,0.010552,0.257552,0.041919,0.031014,0.316968
4358,0.024042,0.01339,0.272256,0.036709,0.027967,0.337655
4359,0.02271,0.013005,0.25958,0.041164,0.031066,0.326361
4360,0.025067,0.014257,0.252961,0.037019,0.024529,0.316814
4361,0.020476,0.011271,0.258667,0.029726,0.026881,0.317295
4362,0.021108,0.011958,0.236888,0.024985,0.024646,0.2946
4363,0.018613,0.013223,0.241029,0.041461,0.022344,0.295209
4364,0.016944,0.009539,0.183279,0.027139,0.023844,0.233606
4365,0.018711,0.011428,0.259004,0.03372,0.026674,0.315817
4366,0.021832,0.012736,0.267034,0.03521,0.025422,0.327024
4367,0.019676,0.011797,0.273624,0.039283,0.052932,0.358029
4368,0.022398,0.02401,0.258992,0.048605,0.027406,0.332806
4369,0.022348,0.01301,0.257496,0.040789,0.03021,0.323064
4370,0.023505,0.014029,0.271346,0.036671,0.027645,0.336525
4371,0.034109,0.013369,0.252185,0.03692,0.027762,0.327425
4372,0.022358,0.012198,0.266646,0.048334,0.030312,0.331514
4373,0.025547,0.013972,0.276916,0.050622,0.028899,0.345334
4374,0.032561,0.013402,0.264843,0.039904,0.027837,0.338643
4375,0.022328,0.01314,0.266481,0.048912,0.030323,0.332272
4376,0.023856,0.014311,0.337161,0.051439,0.031532,0.40686
4377,0.025601,0.01503,0.273214,0.044656,0.028496,0.342341
4378,0.023158,0.014839,0.268797,0.048757,0.028297,0.335091
4379,0.022774,0.013442,0.305074,0.060622,0.030696,0.371986
4380,0.025448,0.014558,0.29067,0.04635,0.047296,0.377972
4381,0.025761,0.015211,0.267945,0.047935,0.02912,0.338037
4382,0.023853,0.013836,0.26433,0.045084,0.028774,0.330793
4383,0.022929,0.012886,0.250683,0.045266,0.028835,0.315333
4384,0.02324,0.013377,0.252875,0.040227,0.030902,0.320394
4385,0.023425,0.013334,0.281115,0.052659,0.034399,0.352273
4386,0.024809,0.013914,0.255697,0.042794,0.029228,0.323648
4387,0.022508,0.013369,0.288093,0.045382,0.029172,0.353142
4388,0.023162,0.014885,0.25095,0.041104,0.027546,0.316543
4389,0.02211,0.012841,0.263737,0.03757,0.030159,0.328847
4390,0.024217,0.014248,0.271333,0.035664,0.028724,0.338522
4391,0.023778,0.013812,0.285277,0.034918,0.027108,0.349975
4392,0.02144,0.012656,0.254041,0.03484,0.025984,0.314121
4393,0.022193,0.01225,0.297567,0.043399,0.031098,0.363108
4394,0.023872,0.014284,0.268228,0.049665,0.030114,0.336498
4395,0.018045,0.010727,0.212783,0.037364,0.024969,0.266524
4396,0.019181,0.012572,0.255198,0.036905,0.025616,0.312567
4397,0.021161,0.011839,0.273046,0.035741,0.029841,0.335887
4398,0.023181,0.013592,0.273349,0.037502,0.027344,0.337466
4399,0.021725,0.012807,0.267923,0.033436,0.028239,0.330694
4400,0.023127,0.013151,0.268393,0.041742,0.0265,0.331171
4401,0.022584,0.012286,0.256175,0.03568,0.026336,0.317381
4402,0.020138,0.012374,0.276766,0.042065,0.059459,0.368737
4403,0.024909,0.013089,0.242941,0.046531,0.021796,0.302735
4404,0.017305,0.01205,0.250404,0.041716,0.02681,0.306569
4405,0.021055,0.012202,0.249187,0.035856,0.026889,0.309333
4406,0.022447,0.012179,0.258189,0.039458,0.025792,0.318607
4407,0.020527,0.011668,0.257783,0.036877,0.029026,0.319004
4408,0.022921,0.011893,0.233627,0.034928,0.026255,0.294696
4409,0.042377,0.024316,0.187886,0.026913,0.022465,0.277044
4410,0.019749,0.010437,0.224618,0.031266,0.024169,0.278973
4411,0.019177,0.010333,0.291703,0.030153,0.031732,0.352945
4412,0.025448,0.014688,0.251271,0.04333,0.026866,0.318273
4413,0.035499,0.013047,0.246697,0.040852,0.029608,0.324851
4414,0.022396,0.013063,0.234655,0.043179,0.026686,0.2968
4415,0.022828,0.012438,0.288819,0.045943,0.033933,0.358018
4416,0.033108,0.01528,0.261739,0.049743,0.030868,0.340995
4417,0.024955,0.015277,0.267415,0.050272,0.032217,0.339864
4418,0.023319,0.014862,0.253924,0.044842,0.027323,0.319428
4419,0.033192,0.013672,0.27118,0.04394,0.028371,0.346415
4420,0.023369,0.013562,0.32226,0.042698,0.033218,0.392409
4421,0.024854,0.01388,0.327976,0.064568,0.030693,0.397403
4422,0.023482,0.014141,0.26939,0.049991,0.029655,0.336668
4423,0.024652,0.028214,0.278909,0.050905,0.032575,0.36435
4424,0.025109,0.014732,0.291353,0.047074,0.031454,0.362648
4425,0.024832,0.01486,0.258702,0.048171,0.028555,0.326949
4426,0.022705,0.013454,0.259519,0.041707,0.030667,0.326345
4427,0.023273,0.013932,0.289973,0.038785,0.029897,0.357075
4428,0.022755,0.013723,0.267738,0.039523,0.027814,0.33203
4429,0.021414,0.013298,0.298982,0.075612,0.029042,0.362736
4430,0.022131,0.013514,0.254474,0.041504,0.026916,0.317035
4431,0.022841,0.013103,0.268965,0.044927,0.027515,0.332424
4432,0.051516,0.026345,0.261908,0.047976,0.029401,0.36917
4433,0.022604,0.013395,0.276764,0.045526,0.02848,0.341243
4434,0.022546,0.013499,0.258067,0.032913,0.023712,0.317824
4435,0.019281,0.011322,0.267751,0.037782,0.031469,0.329823
4436,0.024833,0.012906,0.280146,0.034328,0.028862,0.346747
4437,0.02188,0.013167,0.257906,0.031172,0.026408,0.319361
4438,0.021362,0.011994,0.335547,0.034715,0.04278,0.411683
4439,0.026074,0.015552,0.267226,0.038621,0.027099,0.335951
4440,0.041169,0.051533,0.3464,0.063739,0.034197,0.473299
4441,0.023379,0.014036,0.299818,0.049403,0.033385,0.370618
4442,0.026385,0.01623,0.321264,0.07718,0.024458,0.388337
4443,0.018382,0.011487,0.240313,0.038139,0.020683,0.290865
4444,0.015879,0.009626,0.232609,0.035685,0.026082,0.284196
4445,0.021029,0.012236,0.259281,0.035808,0.026233,0.318779
4446,0.022306,0.013346,0.3018,0.039163,0.029255,0.366707
4447,0.022745,0.012767,0.269189,0.041086,0.027968,0.332669
4448,0.021439,0.012109,0.298701,0.036452,0.028357,0.360606
4449,0.02251,0.013645,0.293497,0.051289,0.038362,0.368014
4450,0.024434,0.012226,0.214738,0.043071,0.034951,0.286349
4451,0.022181,0.010243,0.25549,0.044923,0.027325,0.315239
4452,0.02198,0.012021,0.268046,0.037552,0.02698,0.329027
4453,0.022464,0.012147,0.26335,0.040641,0.031026,0.328987
4454,0.024913,0.014959,0.270878,0.042256,0.029779,0.340529
4455,0.023988,0.014612,0.271581,0.040871,0.030391,0.340572
4456,0.023802,0.014401,0.266845,0.040502,0.028423,0.333471
4457,0.023425,0.012983,0.258651,0.04077,0.028267,0.323326
4458,0.023115,0.012924,0.276169,0.033154,0.026947,0.339155
4459,0.022907,0.014002,0.269846,0.035053,0.027164,0.333919
4460,0.02002,0.012045,0.24963,0.043656,0.029023,0.310718
4461,0.023971,0.013475,0.274424,0.047441,0.030257,0.342127
4462,0.024222,0.01434,0.270881,0.038732,0.02523,0.334673
4463,0.021525,0.013056,0.270869,0.039775,0.028437,0.333887
4464,0.021727,0.012361,0.269081,0.039113,0.027927,0.331096
4465,0.022255,0.013152,0.264979,0.049214,0.030907,0.331293
4466,0.024073,0.013709,0.258589,0.036365,0.02708,0.323451
4467,0.020948,0.012391,0.272291,0.040814,0.030268,0.335898
4468,0.025851,0.015594,0.277773,0.038437,0.029178,0.348396
4469,0.022156,0.013982,0.222785,0.037391,0.027137,0.28606
4470,0.020901,0.013166,0.265299,0.040606,0.028242,0.327608
4471,0.021449,0.012386,0.268851,0.079775,0.020867,0.323553
4472,0.015986,0.009018,0.216681,0.035494,0.023374,0.265059
4473,0.020661,0.011665,0.249229,0.0347,0.027694,0.309249
4474,0.022062,0.012959,0.246098,0.030334,0.018676,0.299795
4475,0.018346,0.013353,0.205286,0.031515,0.025935,0.26292
4476,0.019652,0.011065,0.254472,0.040379,0.062282,0.347471
4477,0.020136,0.012241,0.251248,0.042064,0.027826,0.311451
4478,0.041062,0.014563,0.280745,0.05417,0.029757,0.366127
4479,0.022414,0.013012,0.281953,0.040242,0.027821,0.3452
4480,0.024041,0.015173,0.299255,0.074198,0.029947,0.368416
4481,0.02383,0.014129,0.257589,0.047318,0.028118,0.323666
4482,0.022708,0.01409,0.32901,0.049752,0.029262,0.39507
4483,0.023601,0.013766,0.286474,0.055581,0.029037,0.352878
4484,0.045493,0.026673,0.300058,0.066662,0.032063,0.404287
4485,0.025214,0.024767,0.281299,0.046116,0.027751,0.359031
4486,0.024633,0.013249,0.265977,0.039394,0.020508,0.324367
4487,0.015866,0.033788,1.486352,0.059901,0.047298,1.583304
4488,0.035081,0.018404,0.376843,0.071535,0.03095,0.461278
4489,0.024795,0.013903,0.306763,0.047244,0.029316,0.374777
4490,0.021669,0.01197,0.264419,0.038515,0.027143,0.325201
4491,0.022163,0.012592,0.243286,0.030148,0.024403,0.302444
4492,0.019599,0.011132,0.250724,0.027621,0.034424,0.315879
4493,0.020166,0.011139,0.231302,0.02603,0.021765,0.284372
4494,0.017608,0.010281,0.233858,0.026514,0.023642,0.285389
4495,0.018512,0.010141,0.22767,0.023448,0.022185,0.278508
4496,0.018482,0.009817,0.236044,0.023902,0.022171,0.286514
4497,0.018287,0.009917,0.227543,0.022648,0.022454,0.278201
4498,0.018389,0.010183,0.224565,0.022791,0.022631,0.275768
4499,0.018303,0.009806,0.227471,0.022605,0.028835,0.284415
4500,0.018662,0.013083,0.225246,0.022791,0.022505,0.279496
4501,0.018276,0.010038,0.227368,0.022477,0.022304,0.277986
4502,0.018293,0.009888,0.225368,0.02222,0.021978,0.275527
4503,0.018142,0.009672,0.23085,0.022403,0.022425,0.281089
4504,0.018429,0.010082,0.226344,0.021435,0.022091,0.276946
4505,0.017832,0.010371,0.232532,0.023231,0.023016,0.283751
4506,0.018428,0.010051,0.227341,0.021561,0.022657,0.278477
4507,0.02386,0.009953,0.223433,0.022193,0.021319,0.278565
4508,0.017712,0.009488,0.2105,0.025474,0.023552,0.261252
4509,0.018848,0.0104,0.232291,0.026894,0.023422,0.284961
4510,0.018676,0.010218,0.234889,0.038237,0.022611,0.286394
4511,0.017967,0.01037,0.213342,0.025151,0.022484,0.264163
4512,0.018012,0.01069,0.221093,0.029011,0.022169,0.271964
4513,0.018378,0.009943,0.212824,0.025877,0.022607,0.263752
4514,0.018634,0.010271,0.226882,0.028235,0.022552,0.278339
4515,0.018644,0.010588,0.219059,0.027311,0.022636,0.270927
4516,0.019253,0.010602,0.22982,0.032215,0.025138,0.284813
4517,0.021478,0.012935,0.245542,0.037897,0.02461,0.304565
4518,0.019318,0.010965,0.224053,0.030402,0.023639,0.277975
4519,0.019952,0.010697,0.221791,0.027727,0.021662,0.274102
4520,0.018088,0.009901,0.219319,0.024066,0.022583,0.269891
4521,0.016832,0.010249,0.248946,0.035152,0.030011,0.306038
4522,0.023225,0.0124,0.252586,0.037028,0.027027,0.315238
4523,0.02306,0.012388,0.282816,0.044008,0.021554,0.339818
4524,0.019895,0.011644,0.2465,0.038584,0.027787,0.305826
4525,0.021441,0.012329,0.244613,0.037651,0.026715,0.305098
4526,0.01947,0.012262,0.259371,0.037409,0.029296,0.320399
4527,0.024534,0.01296,0.278569,0.067859,0.028811,0.344874
4528,0.032355,0.014221,0.252099,0.044052,0.028868,0.327543
4529,0.023054,0.013597,0.261991,0.044173,0.030955,0.329597
4530,0.022494,0.013924,0.271584,0.064593,0.03044,0.338442
4531,0.025008,0.014619,0.266055,0.048433,0.030124,0.335806
4532,0.023737,0.01407,0.258278,0.045087,0.027055,0.32314
4533,0.022146,0.013493,0.271935,0.044306,0.031452,0.339026
4534,0.022871,0.0137,0.247509,0.042665,0.026473,0.310553
4535,0.021867,0.013287,0.24859,0.039326,0.026931,0.310675
4536,0.022696,0.013519,0.27658,0.05878,0.026101,0.338896
4537,0.034958,0.015793,0.218211,0.043367,0.025481,0.294443
4538,0.022496,0.010305,0.231141,0.042269,0.027127,0.291069
4539,0.021227,0.0144,0.214588,0.03966,0.019884,0.270099
4540,0.030092,0.011921,0.229201,0.035023,0.025276,0.29649
4541,0.020461,0.014989,0.234931,0.040868,0.026999,0.29738
4542,0.021647,0.012444,0.250567,0.042515,0.030529,0.315187
4543,0.023234,0.015044,0.27677,0.039907,0.030298,0.345346
4544,0.022523,0.013625,0.307962,0.045791,0.031006,0.375116
4545,0.023788,0.01387,0.261755,0.043701,0.028324,0.327737
4546,0.022778,0.024247,0.276919,0.040581,0.030449,0.354393
4547,0.02436,0.013046,0.304552,0.084338,0.030423,0.372381
4548,0.023718,0.013903,0.269056,0.048308,0.03156,0.338237
4549,0.024287,0.013748,0.259657,0.043665,0.053658,0.35135
4550,0.031648,0.013768,0.254634,0.04655,0.028278,0.328328
4551,0.021857,0.013296,0.283408,0.046131,0.031842,0.350403
4552,0.025417,0.014217,0.265953,0.037615,0.02779,0.333377
4553,0.022869,0.012469,0.258104,0.038364,0.027036,0.320478
4554,0.023384,0.012781,0.295335,0.057697,0.029071,0.360571
4555,0.026647,0.013461,0.261854,0.047984,0.030712,0.332674
4556,0.024296,0.014505,0.266921,0.043636,0.029639,0.335361
4557,0.023558,0.013783,0.289328,0.062422,0.030366,0.357035
4558,0.025838,0.014159,0.264783,0.044728,0.027232,0.332012
4559,0.021968,0.013139,0.277197,0.043341,0.030233,0.342537
4560,0.022477,0.013014,0.28403,0.044193,0.03037,0.349891
4561,0.021996,0.03013,0.293341,0.046691,0.030764,0.376231
4562,0.025259,0.014487,0.264621,0.047937,0.029749,0.334116
4563,0.023013,0.013391,0.278108,0.040879,0.027789,0.342301
4564,0.020945,0.012488,0.29969,0.070809,0.029611,0.362734
4565,0.023793,0.01262,0.247634,0.041201,0.027178,0.311225
4566,0.021137,0.012003,0.263351,0.038563,0.027322,0.323813
4567,0.022559,0.013497,0.309096,0.06199,0.02958,0.374732
4568,0.022902,0.012427,0.23361,0.034861,0.023131,0.29207
4569,0.02055,0.011486,0.265067,0.046567,0.02742,0.324523
4570,0.022401,0.013801,0.262492,0.04428,0.03022,0.328914
4571,0.024193,0.013652,0.271203,0.038676,0.02828,0.337328
4572,0.022007,0.012802,0.2746,0.034744,0.027111,0.33652
4573,0.022443,0.013081,0.255118,0.034272,0.02634,0.316982
4574,0.02176,0.012455,0.269564,0.036615,0.031238,0.335017
4575,0.026096,0.014674,0.274319,0.038541,0.024778,0.339867
4576,0.020703,0.011327,0.234952,0.026105,0.022703,0.289685
4577,0.018989,0.010109,0.230054,0.022875,0.02243,0.281582
4578,0.018861,0.010282,0.244143,0.02327,0.02281,0.296096
4579,0.018622,0.01012,0.227226,0.022687,0.021829,0.277797
4580,0.018467,0.010125,0.225136,0.022371,0.02199,0.275718
4581,0.018822,0.009796,0.22697,0.021863,0.022217,0.277805
4582,0.018412,0.017641,0.223576,0.025743,0.028623,0.288252
4583,0.020951,0.012128,0.244132,0.042614,0.025192,0.302403
4584,0.020107,0.011671,0.252563,0.038473,0.029836,0.314177
4585,0.022473,0.014142,0.311837,0.064375,0.030031,0.378483
4586,0.023502,0.013291,0.251409,0.045888,0.030065,0.318267
4587,0.024025,0.015081,0.264924,0.043421,0.029675,0.333705
4588,0.023381,0.012733,0.247259,0.034551,0.02547,0.308843
4589,0.021178,0.012198,0.237684,0.033642,0.023708,0.294768
4590,0.018512,0.0103,0.231242,0.032354,0.025482,0.285536
4591,0.019263,0.011111,0.255994,0.029524,0.023857,0.310225
4592,0.019371,0.010563,0.239579,0.026879,0.026538,0.296051
4593,0.021385,0.011016,0.232504,0.027225,0.025197,0.290102
4594,0.020153,0.011075,0.231391,0.025442,0.034266,0.296885
4595,0.020172,0.011148,0.250358,0.034914,0.029671,0.311349
4596,0.022165,0.012234,0.251985,0.046061,0.029356,0.31574
4597,0.024057,0.013022,0.283089,0.071031,0.045278,0.365446
4598,0.024276,0.01346,0.264319,0.04794,0.028829,0.330884
4599,0.024356,0.013386,0.258122,0.040665,0.029869,0.325733
4600,0.022986,0.014347,0.307052,0.042772,0.031336,0.375721
4601,0.022243,0.013304,0.257225,0.046482,0.027966,0.320738
4602,0.023214,0.012962,0.256076,0.042782,0.027964,0.320216
4603,0.023167,0.013793,0.289934,0.036997,0.03084,0.357734
4604,0.022502,0.013846,0.293126,0.046611,0.052476,0.38195
4605,0.024122,0.014032,0.265197,0.050007,0.030693,0.334044
4606,0.024815,0.01494,0.284238,0.060173,0.065798,0.389791
4607,0.024059,0.013357,0.27011,0.049513,0.030549,0.338075
4608,0.025376,0.013832,0.249944,0.035989,0.025197,0.314349
4609,0.02137,0.012098,0.264394,0.035461,0.026094,0.323956
4610,0.021618,0.012261,0.235926,0.030932,0.025779,0.295584
4611,0.021316,0.012762,0.245148,0.032984,0.025574,0.3048
4612,0.020839,0.011715,0.247802,0.030117,0.025483,0.305839
4613,0.021178,0.011961,0.233173,0.031248,0.024185,0.290497
4614,0.019642,0.011255,0.236259,0.030235,0.025895,0.293051
4615,0.020587,0.011721,0.235756,0.026456,0.025311,0.293375
4616,0.020354,0.0192,0.236649,0.027076,0.023183,0.299386
4617,0.019352,0.010644,0.240904,0.02963,0.025528,0.296428
4618,0.021373,0.011157,0.230063,0.027802,0.023457,0.28605
4619,0.019655,0.011088,0.2477,0.029283,0.02516,0.303603
4620,0.020258,0.010927,0.233327,0.026574,0.024076,0.288588
4621,0.020229,0.011045,0.247332,0.02808,0.023389,0.301995
4622,0.020056,0.010601,0.240019,0.026822,0.024201,0.294877
4623,0.020531,0.011714,0.244316,0.031542,0.023727,0.300288
4624,0.018344,0.010094,0.242057,0.028404,0.027138,0.297633
4625,0.020807,0.012193,0.239181,0.028975,0.026722,0.298903
4626,0.02098,0.012319,0.250522,0.041269,0.03101,0.314831
4627,0.024622,0.013543,0.303793,0.041606,0.030567,0.372525
4628,0.024932,0.014179,0.269367,0.045799,0.028893,0.337371
4629,0.034406,0.014086,0.267983,0.046982,0.029996,0.346471
4630,0.023659,0.013241,0.25615,0.042965,0.027034,0.320084
4631,0.021255,0.012479,0.277291,0.041467,0.067763,0.378788
4632,0.022611,0.012637,0.270061,0.050616,0.029395,0.334704
4633,0.023395,0.013855,0.274302,0.049542,0.031125,0.342677
4634,0.025615,0.014038,0.272548,0.046343,0.026827,0.339028
4635,0.021358,0.012388,0.29733,0.046711,0.030606,0.361682
4636,0.023701,0.012984,0.256381,0.044913,0.028678,0.321744
4637,0.024147,0.014161,0.308224,0.070201,0.030654,0.377186
4638,0.025603,0.014256,0.266367,0.049181,0.028076,0.334302
4639,0.022111,0.013437,0.257004,0.040985,0.027698,0.32025
4640,0.021131,0.011683,0.305321,0.052538,0.026488,0.364623
4641,0.021416,0.012439,0.258114,0.044543,0.030632,0.322601
4642,0.025179,0.014269,0.270436,0.047014,0.02799,0.337874
4643,0.024932,0.013768,0.263001,0.039414,0.026873,0.328574
4644,0.021787,0.013198,0.255244,0.041321,0.026664,0.316893
4645,0.022205,0.012,0.246033,0.034993,0.029819,0.310057
4646,0.023387,0.013601,0.266276,0.036462,0.028619,0.331883
4647,0.022731,0.012814,0.245093,0.034364,0.0272,0.307838
4648,0.021631,0.011811,0.243166,0.036652,0.026454,0.303062
4649,0.022449,0.01267,0.250656,0.033055,0.026485,0.31226
4650,0.022382,0.012498,0.252823,0.036509,0.025769,0.313472
4651,0.020742,0.011263,0.234745,0.031885,0.024149,0.290899
4652,0.019639,0.010917,0.226914,0.027357,0.02222,0.27969
4653,0.019535,0.109089,0.224631,0.02678,0.025429,0.378684
4654,0.02064,0.011295,0.216009,0.025048,0.019938,0.267882
4655,0.015878,0.00913,0.223123,0.028685,0.023888,0.272019
4656,0.019441,0.01084,0.234455,0.028352,0.02218,0.286916
4657,0.017981,0.011216,0.219546,0.025333,0.021765,0.270508
4658,0.017834,0.009943,0.209229,0.023047,0.021724,0.25873
4659,0.017598,0.009718,0.212652,0.024377,0.021913,0.261881
4660,0.032394,0.010098,0.218524,0.025584,0.023172,0.284188
4661,0.021042,0.010691,0.254232,0.032371,0.024415,0.31038
4662,0.020103,0.011554,0.232386,0.031145,0.02346,0.287503
4663,0.019328,0.010478,0.232389,0.029187,0.025122,0.287317
4664,0.021097,0.016811,0.246867,0.035846,0.027678,0.312453
4665,0.02328,0.030487,0.265384,0.039791,0.025665,0.344816
4666,0.020823,0.01165,0.247536,0.027723,0.026136,0.306145
4667,0.019027,0.012271,0.248497,0.029459,0.02598,0.305775
4668,0.020095,0.011659,0.235365,0.030837,0.023188,0.290307
4669,0.019458,0.011983,0.269341,0.043566,0.029938,0.33072
4670,0.02279,0.013813,0.253989,0.04094,0.02571,0.316302
4671,0.021507,0.012395,0.230196,0.02738,0.022696,0.286794
4672,0.018089,0.00999,0.233965,0.029696,0.02448,0.286524
4673,0.02008,0.022819,0.233105,0.0273,0.024021,0.300025
4674,0.01955,0.010639,0.243121,0.028186,0.026961,0.300271
4675,0.021168,0.011895,0.237727,0.025347,0.024709,0.295499
4676,0.020176,0.010956,0.243941,0.026911,0.024744,0.299817
4677,0.019977,0.011531,0.233345,0.025706,0.02307,0.287923
4678,0.017743,0.010533,0.237897,0.0321,0.02667,0.292843
4679,0.019131,0.010251,0.228061,0.029858,0.026013,0.283456
4680,0.021471,0.011839,0.247577,0.043839,0.028762,0.309649
4681,0.024028,0.012737,0.238695,0.033311,0.023866,0.299326
4682,0.019706,0.010842,0.233828,0.02671,0.022673,0.287049
4683,0.018984,0.010979,0.229831,0.02607,0.022877,0.282671
4684,0.018548,0.010442,0.21699,0.022499,0.021994,0.267974
4685,0.01792,0.010482,0.218994,0.022312,0.022316,0.269712
4686,0.017755,0.009836,0.22097,0.020919,0.021868,0.270429
4687,0.018109,0.009654,0.211741,0.022025,0.021135,0.260639
4688,0.017779,0.010033,0.225196,0.025886,0.022941,0.275949
4689,0.017747,0.009794,0.216246,0.022298,0.022111,0.265898
4690,0.018516,0.009268,0.222432,0.023314,0.021837,0.272053
4691,0.017807,0.009569,0.212649,0.022436,0.021566,0.261591
4692,0.017543,0.009769,0.213937,0.021863,0.021329,0.262578
4693,0.01829,0.00961,0.212799,0.021829,0.022705,0.263404
4694,0.01831,0.010539,0.291101,0.034754,0.033206,0.353156
4695,0.024825,0.014674,0.272519,0.044869,0.025556,0.337574
4696,0.02022,0.011691,0.244962,0.035147,0.025905,0.302778
4697,0.020848,0.011612,0.250161,0.032642,0.024641,0.307262
4698,0.020666,0.011544,0.239747,0.028475,0.023722,0.295679
4699,0.0194,0.010993,0.24282,0.028038,0.027109,0.300322
4700,0.021241,0.012146,0.258032,0.026579,0.025238,0.316657
4701,0.020323,0.011041,0.233566,0.024664,0.023702,0.288632
4702,0.019567,0.010398,0.233586,0.025378,0.02401,0.287561
4703,0.018913,0.010976,0.248307,0.028127,0.027108,0.305304
4704,0.021086,0.011715,0.240203,0.027502,0.024602,0.297606
4705,0.020089,0.011667,0.233264,0.025101,0.023593,0.288613
4706,0.019541,0.011115,0.230231,0.024498,0.02427,0.285157
4707,0.020332,0.011446,0.252836,0.029666,0.024725,0.309339
4708,0.020693,0.011522,0.241956,0.027499,0.025279,0.29945
4709,0.019469,0.010877,0.238928,0.026948,0.023234,0.292508
4710,0.019179,0.011236,0.254662,0.029652,0.028244,0.313321
4711,0.025144,0.013178,0.258466,0.047495,0.026424,0.323212
4712,0.022705,0.012161,0.247135,0.037754,0.027393,0.309394
4713,0.021638,0.012554,0.255052,0.043607,0.027578,0.316822
4714,0.022954,0.012392,0.267815,0.045775,0.030939,0.3341
4715,0.02542,0.013932,0.271297,0.048007,0.02939,0.340039
4716,0.024371,0.014261,0.273114,0.051918,0.029958,0.341704
4717,0.023622,0.013839,0.305352,0.044075,0.027659,0.370472
4718,0.023089,0.012952,0.249298,0.02985,0.027401,0.31274
4719,0.021213,0.011624,0.24588,0.027882,0.026188,0.304905
4720,0.021342,0.011764,0.233938,0.027473,0.023785,0.290829
4721,0.019581,0.010817,0.23208,0.02498,0.023116,0.285594
4722,0.019297,0.01078,0.236038,0.025654,0.033287,0.299402
4723,0.020616,0.012086,0.240701,0.025966,0.024753,0.298156
4724,0.019783,0.01129,0.234633,0.025186,0.024861,0.290567
4725,0.019776,0.010983,0.243181,0.028541,0.022082,0.296022
4726,0.018391,0.010421,0.253545,0.042687,0.029286,0.311643
4727,0.023132,0.013285,0.249382,0.037491,0.025649,0.311448
4728,0.021024,0.012802,0.25713,0.031636,0.024608,0.315564
4729,0.019985,0.010957,0.269822,0.030841,0.028028,0.328792
4730,0.022012,0.012862,0.247216,0.031766,0.025343,0.307433
4731,0.021655,0.012505,0.246251,0.036418,0.028065,0.308476
4732,0.021953,0.025239,0.315679,0.048333,0.033833,0.396704
4733,0.024297,0.014214,0.26243,0.04256,0.026402,0.327343
4734,0.020666,0.011614,0.240051,0.028765,0.024907,0.297238
4735,0.019383,0.011513,0.252452,0.032076,0.030189,0.313537
4736,0.023784,0.0145,0.267202,0.040297,0.027191,0.332677
4737,0.022816,0.012531,0.247818,0.030088,0.024232,0.307397
4738,0.019882,0.011161,0.267119,0.048624,0.027396,0.325558
4739,0.021886,0.012506,0.245051,0.026133,0.024453,0.303896
4740,0.02053,0.011244,0.236775,0.023963,0.024627,0.293176
4741,0.020019,0.011548,0.910592,0.026384,0.210802,1.152961
4742,0.734596,0.031847,0.362437,0.064835,0.035114,1.163994
4743,0.024435,0.013568,0.267684,0.037593,0.028567,0.334254
4744,0.022831,0.013101,0.254046,0.030526,0.025549,0.315527
4745,0.020484,0.012657,0.25458,0.027337,0.025773,0.313494
4746,0.020451,0.011361,0.245249,0.027395,0.026448,0.303509
4747,0.021096,0.011447,0.243346,0.028576,0.025232,0.301121
4748,0.020897,0.011944,0.239055,0.0278,0.024646,0.296542
4749,0.019971,0.011715,0.245324,0.027753,0.0268,0.30381
4750,0.021101,0.011853,0.234647,0.028139,0.024066,0.291667
4751,0.019509,0.010719,0.234889,0.026312,0.024109,0.289226
4752,0.019465,0.010496,0.241152,0.024729,0.023054,0.294167
4753,0.019563,0.010364,0.226843,0.022916,0.022606,0.279376
4754,0.019281,0.010076,0.232113,0.026419,0.02415,0.28562
4755,0.019095,0.010982,0.244071,0.027859,0.040302,0.31445
4756,0.021517,0.011581,0.23847,0.027529,0.024774,0.296342
4757,0.020017,0.011888,0.233112,0.025754,0.022854,0.287871
4758,0.020231,0.010425,0.228596,0.024384,0.022862,0.282114
4759,0.018982,0.011394,0.251073,0.029053,0.023959,0.305408
4760,0.019476,0.010649,0.236908,0.025828,0.023365,0.290398
4761,0.01922,0.010588,0.232276,0.025217,0.023154,0.285238
4762,0.019272,0.010172,0.246646,0.026716,0.024636,0.300726
4763,0.020135,0.011075,0.247074,0.029715,0.023541,0.301825
4764,0.019555,0.011677,0.255381,0.040903,0.030422,0.317035
4765,0.023003,0.012986,0.263879,0.039365,0.026107,0.325975
4766,0.021803,0.012341,0.239097,0.030693,0.02452,0.297761
4767,0.019682,0.011938,0.241981,0.029575,0.024301,0.297902
4768,0.019702,0.011019,0.23252,0.024275,0.022576,0.285817
4769,0.019022,0.010434,0.249818,0.028002,0.023686,0.30296
4770,0.01975,0.010799,0.231669,0.023608,0.02232,0.284538
4771,0.018736,0.010285,0.230489,0.023065,0.023317,0.282827
4772,0.018996,0.010285,0.423014,0.197029,0.283674,0.735969
4773,0.030098,0.017678,3.28138,0.687239,0.142545,3.471701
4774,0.035173,0.233445,0.983216,0.574669,0.13042,1.382254
4775,0.249146,0.027792,0.952554,0.39803,0.042835,1.272327
4776,0.024548,0.01514,0.346037,0.110281,0.032499,0.418224
4777,0.02818,0.015434,0.277944,0.053007,0.030926,0.352484
4778,0.02411,0.01412,0.278683,0.045164,0.031439,0.348352
4779,0.023682,0.013423,0.288745,0.050509,0.030997,0.356847
4780,0.043285,0.016872,0.263856,0.04353,0.028688,0.352701
4781,0.0239,0.013745,0.270575,0.043863,0.028623,0.336843
4782,0.023774,0.014376,0.29431,0.053123,0.030585,0.363045
4783,0.023692,0.01407,0.27228,0.049101,0.030155,0.340197
4784,0.023849,0.013159,0.270088,0.049762,0.030553,0.337649
4785,0.023467,0.013915,0.272868,0.044955,0.026377,0.336627
4786,0.035267,0.02047,0.256883,0.045733,0.032221,0.344841
4787,0.025283,0.014317,0.275779,0.045634,0.061412,0.376791
4788,0.041665,0.013449,0.259425,0.045823,0.028093,0.342632
4789,0.023094,0.011993,0.261088,0.045394,0.029568,0.325743
4790,0.02356,0.013448,0.257159,0.043067,0.027272,0.321439
4791,0.032487,0.01414,0.285951,0.048254,0.031196,0.363774
4792,0.023461,0.013341,0.274971,0.052228,0.030353,0.342126
4793,0.022124,0.01314,0.274073,0.045999,0.03176,0.341097
4794,0.024353,0.013591,0.27274,0.045717,0.02833,0.339014
4795,0.024107,0.013493,0.271657,0.04898,0.031812,0.341069
4796,0.024895,0.016235,0.279504,0.046027,0.030338,0.350972
4797,0.024821,0.015136,0.262509,0.042772,0.028517,0.330983
4798,0.02331,0.013741,0.298816,0.043836,0.027534,0.363401
4799,0.021007,0.012655,0.276105,0.057927,0.03152,0.341287
4800,0.025415,0.015377,0.304167,0.04538,0.030966,0.375925
4801,0.024665,0.014,0.263397,0.044338,0.030155,0.332217
4802,0.024347,0.014272,0.276714,0.046039,0.028955,0.344288
4803,0.022896,0.012381,0.257078,0.039237,0.030541,0.322896
4804,0.024882,0.014667,0.270726,0.043627,0.03033,0.340605
4805,0.023288,0.013675,0.330863,0.089905,0.030127,0.397953
4806,0.022709,0.013443,0.266698,0.046311,0.032096,0.334946
4807,0.024007,0.014574,0.278085,0.048244,0.03183,0.348496
4808,0.023256,0.014091,0.2784,0.048319,0.031661,0.347408
4809,0.025017,0.014197,0.259303,0.036984,0.023827,0.322344
4810,0.019521,0.011325,0.240003,0.02653,0.02374,0.294589
4811,0.019263,0.010449,0.254844,0.024944,0.023283,0.307839
4812,0.019578,0.010545,0.241279,0.024241,0.023478,0.29488
4813,0.019503,0.010532,0.248906,0.034433,0.028615,0.307556
4814,0.021235,0.011033,0.248802,0.043015,0.028236,0.309306
4815,0.022494,0.012365,0.250744,0.042589,0.027198,0.312801
4816,0.021518,0.012382,0.253183,0.038198,0.028414,0.315497
4817,0.022736,0.012769,0.30615,0.041386,0.032605,0.37426
4818,0.020867,0.01572,0.261525,0.044841,0.031733,0.329845
4819,0.024438,0.014054,0.262738,0.043885,0.02809,0.32932
4820,0.023843,0.012995,0.270079,0.044595,0.028144,0.335061
4821,0.025176,0.013906,0.220758,0.036507,0.026032,0.285872
4822,0.020771,0.011955,0.254669,0.044579,0.031754,0.319149
4823,0.024902,0.015419,0.283262,0.053168,0.02972,0.353303
4824,0.024702,0.013837,0.25938,0.036899,0.024552,0.322471
4825,0.0197,0.012046,0.260933,0.034958,0.02798,0.320659
4826,0.020391,0.012006,0.26892,0.051094,0.030978,0.332295
4827,0.024146,0.01289,0.261962,0.042767,0.030283,0.329281
4828,0.023086,0.019668,0.24796,0.047051,0.027141,0.317855
4829,0.02308,0.012973,0.280668,0.052953,0.029417,0.346138
4830,0.023204,0.012839,0.246416,0.043701,0.029484,0.311943
4831,0.02334,0.013074,0.243501,0.031626,0.024548,0.304463
4832,0.020296,0.011606,0.276269,0.041905,0.031863,0.340034
4833,0.025412,0.015192,0.25379,0.044704,0.028818,0.323212
4834,0.022929,0.012986,0.245158,0.028912,0.024205,0.305278
4835,0.019668,0.010854,0.235035,0.03389,0.034965,0.300522
4836,0.021499,0.01219,0.242129,0.040674,0.027692,0.30351
4837,0.022099,0.01225,0.244985,0.028982,0.024655,0.303989
4838,0.020935,0.011404,0.234944,0.02421,0.023643,0.290926
4839,0.019235,0.010273,0.249855,0.032588,0.027027,0.30639
4840,0.020478,0.012529,0.285938,0.040362,0.028155,0.3471
4841,0.021642,0.012196,0.249705,0.041315,0.027195,0.310738
4842,0.045959,0.028291,0.277765,0.049628,0.032021,0.384036
4843,0.025188,0.014721,0.264169,0.042997,0.028553,0.332631
4844,0.023501,0.01411,0.249879,0.04201,0.028401,0.315891
4845,0.060052,0.017232,0.244935,0.041034,0.025114,0.347333
4846,0.020847,0.015957,0.232984,0.026895,0.027098,0.296886
4847,0.020081,0.012655,0.267972,0.04858,0.030645,0.331353
4848,0.022514,0.013641,0.273817,0.046061,0.032502,0.342474
4849,0.023406,0.013722,0.238685,0.040411,0.025028,0.300841
4850,0.020006,0.011027,0.234855,0.027804,0.025385,0.291273
4851,0.021345,0.012491,0.315487,0.048325,0.028308,0.377631
4852,0.022883,0.012391,0.250878,0.039539,0.028839,0.314991
4853,0.021742,0.013521,0.255039,0.044041,0.027376,0.317678
4854,0.022051,0.013281,0.261587,0.041567,0.02957,0.326489
4855,0.024666,0.014355,0.287105,0.050613,0.028485,0.354611
4856,0.02305,0.01318,0.251798,0.038487,0.026425,0.314453
4857,0.021846,0.012068,0.261372,0.036674,0.025761,0.321047
4858,0.01993,0.012153,0.297002,0.046137,0.029598,0.358683
4859,0.023216,0.013321,0.256567,0.041311,0.026147,0.319251
4860,0.022616,0.01338,0.270563,0.046338,0.02902,0.335579
4861,0.022395,0.021517,0.288355,0.041414,0.02686,0.359127
4862,0.02227,0.012953,0.257869,0.042137,0.027835,0.320927
4863,0.022899,0.012815,0.281679,0.047237,0.031469,0.348862
4864,0.019235,0.011357,0.23266,0.041129,0.025814,0.289066
4865,0.021581,0.012503,0.258901,0.039052,0.028033,0.321018
4866,0.021542,0.012692,0.289007,0.04147,0.029405,0.352646
4867,0.016678,0.00938,0.244652,0.036208,0.024427,0.295137
4868,0.02007,0.011358,0.245325,0.039983,0.031665,0.308418
4869,0.025197,0.013926,0.276177,0.044409,0.029637,0.344937
4870,0.021964,0.020933,0.272595,0.040154,0.026248,0.34174
4871,0.021746,0.012027,0.23558,0.025708,0.021909,0.291262
4872,0.017746,0.011731,0.241421,0.03939,0.029108,0.300006
4873,0.022269,0.012265,0.251907,0.043461,0.030056,0.316497
4874,0.02309,0.012662,0.271444,0.046696,0.032349,0.339545
4875,0.02417,0.014794,0.270475,0.043331,0.030015,0.339454
4876,0.023794,0.013333,0.261823,0.050489,0.028644,0.327594
4877,0.023023,0.013539,0.244802,0.040758,0.029286,0.31065
4878,0.024511,0.013502,0.26498,0.037112,0.027242,0.330235
4879,0.022173,0.013534,0.281547,0.047155,0.032114,0.349368
4880,0.023037,0.013388,0.235883,0.03943,0.026722,0.29903
4881,0.022405,0.012646,0.25515,0.042396,0.02437,0.314571
4882,0.019921,0.010612,0.235179,0.033805,0.02988,0.295592
4883,0.022838,0.014561,0.274419,0.050148,0.030931,0.342749
4884,0.022827,0.012855,0.281722,0.056825,0.027524,0.344928
4885,0.022296,0.013133,0.258135,0.042512,0.027676,0.32124
4886,0.021627,0.01241,0.240942,0.042149,0.020049,0.295028
4887,0.017731,0.011632,0.261931,0.040537,0.030338,0.321632
4888,0.02413,0.013703,0.304248,0.041768,0.029313,0.371394
4889,0.024,0.013619,0.249341,0.045404,0.022623,0.309583
4890,0.02147,0.012911,0.264987,0.042992,0.028788,0.328156
4891,0.022745,0.012786,0.247232,0.042597,0.023785,0.306548
4892,0.022012,0.012603,0.244105,0.034462,0.02775,0.30647
4893,0.021801,0.013174,0.264327,0.042114,0.045506,0.344808
4894,0.023027,0.013568,0.246236,0.040029,0.025273,0.308104
4895,0.021268,0.0119,0.237131,0.02612,0.023796,0.294095
4896,0.019233,0.010199,0.244782,0.053338,0.018977,0.293191
4897,0.017483,0.011038,0.250224,0.034082,0.027859,0.306604
4898,0.022617,0.012535,0.238675,0.044461,0.027596,0.301423
4899,0.0228,0.012848,0.242551,0.035439,0.027766,0.305965
4900,0.021693,0.012693,0.303681,0.040383,0.026825,0.364892
4901,0.022739,0.01331,0.245699,0.029261,0.023681,0.305429
4902,0.019636,0.010888,0.231982,0.025037,0.027968,0.290474
4903,0.020788,0.012375,0.244765,0.041746,0.028209,0.306137
4904,0.024833,0.013509,0.251223,0.040841,0.027679,0.317244
4905,0.023928,0.013489,0.247563,0.041973,0.025849,0.310829
4906,0.021456,0.012974,0.276886,0.057575,0.031989,0.343305
4907,0.025056,0.014969,0.265678,0.045685,0.028974,0.334677
4908,0.023298,0.012827,0.283687,0.056399,0.020826,0.340638
4909,0.016093,0.011404,0.254697,0.049399,0.028271,0.310465
4910,0.02222,0.014361,0.240924,0.040488,0.02616,0.303665
4911,0.022241,0.013941,0.313508,0.055149,0.028685,0.378375
4912,0.022718,0.013095,0.231431,0.046535,0.026477,0.293721
4913,0.020805,0.012549,0.249627,0.036802,0.025141,0.308122
4914,0.019982,0.011518,0.257195,0.044533,0.026458,0.315153
4915,0.020958,0.011481,0.259135,0.04052,0.028742,0.320316
4916,0.022562,0.012674,0.254481,0.03662,0.026223,0.31594
4917,0.020846,0.011818,0.253214,0.038986,0.025124,0.311002
4918,0.020549,0.012607,0.254396,0.039736,0.036156,0.323708
4919,0.020503,0.012245,0.225699,0.03574,0.025671,0.284118
4920,0.020084,0.011979,0.241016,0.036718,0.027674,0.300753
4921,0.023454,0.012575,0.254774,0.042571,0.025125,0.315928
4922,0.021166,0.012224,0.262314,0.041965,0.028155,0.323859
4923,0.022394,0.013379,0.249946,0.034133,0.025362,0.311081
4924,0.019844,0.011108,0.252735,0.039836,0.02702,0.310707
4925,0.021521,0.011983,0.252187,0.034683,0.029372,0.315063
4926,0.023705,0.013036,0.246535,0.038752,0.028147,0.311423
4927,0.023939,0.013418,0.251598,0.036284,0.025365,0.31432
4928,0.020721,0.012251,0.270071,0.038669,0.028769,0.331812
4929,0.022674,0.012341,0.2557,0.038124,0.030384,0.321099
4930,0.023491,0.01412,0.26009,0.037768,0.024777,0.322478
4931,0.0206,0.011458,0.2509,0.035169,0.023096,0.306054
4932,0.015957,0.009118,0.234284,0.032148,0.027687,0.287046
4933,0.021204,0.013253,0.273345,0.048504,0.030006,0.337808
4934,0.023196,0.013014,0.276748,0.059702,0.028069,0.341027
4935,0.023025,0.013,0.245784,0.039343,0.025957,0.307766
4936,0.021004,0.013303,0.285388,0.04098,0.044715,0.36441
4937,0.024602,0.014161,0.281171,0.052993,0.028263,0.348197
4938,0.022521,0.012988,0.269537,0.044825,0.027444,0.33249
4939,0.021764,0.012039,0.245654,0.031598,0.023593,0.30305
4940,0.019347,0.011332,0.252024,0.03504,0.0293,0.312003
4941,0.023424,0.01362,0.253059,0.035696,0.028079,0.318182
4942,0.02378,0.014401,0.29164,0.044949,0.028415,0.358236
4943,0.022819,0.012894,0.26833,0.058547,0.030487,0.33453
4944,0.024096,0.013586,0.255209,0.039066,0.028962,0.321853
4945,0.02272,0.014082,0.251394,0.038481,0.028709,0.316905
4946,0.023522,0.014642,0.281051,0.058397,0.028918,0.348133
4947,0.021897,0.013329,0.264341,0.04781,0.031745,0.331312
4948,0.023761,0.013837,0.252844,0.042584,0.028784,0.319226
4949,0.02295,0.013231,0.25477,0.032275,0.0258,0.316751
4950,0.020507,0.012443,0.254725,0.041611,0.030245,0.31792
4951,0.023678,0.013403,0.249211,0.031821,0.027996,0.314288
4952,0.021732,0.012714,0.258218,0.039715,0.027598,0.320262
4953,0.024329,0.030632,0.24552,0.039571,0.026186,0.326667
4954,0.021492,0.012119,0.244676,0.041006,0.02913,0.307417
4955,0.022978,0.01238,0.267231,0.042214,0.043675,0.346264
4956,0.024587,0.014533,0.258588,0.045229,0.027323,0.325031
4957,0.022828,0.012181,0.240741,0.037261,0.023862,0.299612
4958,0.022442,0.012885,0.24151,0.036287,0.026764,0.303601
4959,0.023031,0.023485,0.264403,0.042032,0.028108,0.339027
4960,0.023299,0.013118,0.252475,0.039659,0.027453,0.316345
4961,0.023525,0.01331,0.252256,0.04097,0.027943,0.317034
4962,0.022662,0.013191,0.316576,0.046632,0.028765,0.381194
4963,0.022401,0.012662,0.247926,0.036861,0.026463,0.309452
4964,0.021739,0.01192,0.254273,0.04033,0.030596,0.318528
4965,0.023462,0.023233,0.258397,0.044267,0.028042,0.333134
4966,0.022893,0.012659,0.288386,0.042542,0.027563,0.351501
4967,0.022752,0.012364,0.251215,0.043925,0.029376,0.315707
4968,0.032355,0.012515,0.249568,0.032045,0.023898,0.318336
4969,0.019515,0.010405,0.236022,0.0285,0.027305,0.293247
4970,0.021498,0.012931,0.256036,0.037655,0.028777,0.319242
4971,0.023974,0.014006,0.267026,0.043692,0.024409,0.329415
4972,0.017226,0.010408,0.245083,0.040987,0.029186,0.301903
4973,0.023579,0.013493,0.251016,0.037206,0.023453,0.311541
4974,0.023123,0.012941,0.271542,0.047413,0.027676,0.335282
4975,0.022743,0.012595,0.24499,0.039464,0.028312,0.30864
4976,0.021902,0.013704,0.265101,0.049973,0.030548,0.331255
4977,0.023732,0.013389,0.26458,0.045098,0.028022,0.329723
4978,0.023156,0.013303,0.257764,0.043407,0.029366,0.323589
4979,0.022873,0.014206,0.259969,0.041218,0.03,0.327048
4980,0.023195,0.013421,0.303946,0.045808,0.036207,0.376769
4981,0.02223,0.012711,0.241533,0.037058,0.027297,0.303771
4982,0.021967,0.013066,0.252511,0.041717,0.027354,0.314898
4983,0.022221,0.012916,0.260102,0.042187,0.030492,0.325731
4984,0.023233,0.01381,0.256345,0.04116,0.026817,0.320205
4985,0.021441,0.01231,0.269671,0.035638,0.039942,0.343364
4986,0.020682,0.010088,0.247424,0.036717,0.028999,0.307193
4987,0.020917,0.012966,0.257056,0.044123,0.028521,0.31946
4988,0.022696,0.012836,0.245258,0.038342,0.028465,0.309255
4989,0.032316,0.02745,0.264439,0.0413,0.02926,0.353465
4990,0.021321,0.01345,0.218463,0.040233,0.026814,0.280048
4991,0.021196,0.012144,0.245237,0.037879,0.025764,0.304341
4992,0.021113,0.01237,0.288941,0.083296,0.026807,0.349231
4993,0.021574,0.01251,0.242422,0.032222,0.026558,0.303064
4994,0.020596,0.012259,0.250395,0.041307,0.026191,0.309441
4995,0.020427,0.01224,0.254771,0.035927,0.02726,0.314698
4996,0.023221,0.013477,0.268511,0.037157,0.024618,0.329827
4997,0.020698,0.011627,0.253477,0.035732,0.027082,0.312884
4998,0.021164,0.012145,0.251053,0.030606,0.036017,0.320379
4999,0.021351,0.012321,0.267134,0.032361,0.024927,0.325733
5000,0.020351,0.011813,0.24917,0.025451,0.02455,0.305884
5001,0.018974,0.010888,0.252242,0.026455,0.025004,0.307108
5002,0.019752,0.011382,0.262259,0.027505,0.024128,0.317521
5003,0.020335,0.010692,0.230685,0.027756,0.025154,0.286866
5004,0.020124,0.01101,0.246714,0.028904,0.026947,0.304795
5005,0.021397,0.012561,0.505035,0.058349,0.033484,0.572477
5006,0.026466,0.014322,0.250779,0.049664,0.027666,0.319233
5007,0.022909,0.01309,0.273232,0.049377,0.026704,0.335935
5008,0.022567,0.012948,0.215417,0.034609,0.019681,0.270613
5009,0.019452,0.011657,0.223964,0.027725,0.017444,0.272517
5010,0.014368,0.014448,0.212477,0.033615,0.020071,0.261364
5011,0.015875,0.008762,0.238707,0.033595,0.026341,0.289685
5012,0.022414,0.012261,0.244657,0.044093,0.028334,0.307666
5013,0.022748,0.01396,0.255612,0.042035,0.027248,0.319568
5014,0.023185,0.013429,0.308788,0.047782,0.036161,0.381563
5015,0.022984,0.011472,0.199638,0.039109,0.023181,0.257275
5016,0.01509,0.008371,0.230938,0.038716,0.042344,0.296743
5017,0.021128,0.009633,0.235724,0.043733,0.024319,0.290804
5018,0.016263,0.00936,0.213226,0.037438,0.025363,0.264212
5019,0.020521,0.011613,0.252546,0.041883,0.030239,0.314919
5020,0.023242,0.01418,0.310461,0.058712,0.025264,0.373147
5021,0.017658,0.011555,0.229338,0.038437,0.019992,0.278543
5022,0.01976,0.01178,0.228357,0.031177,0.024107,0.284004
5023,0.01924,0.011044,0.242618,0.031491,0.025999,0.298901
5024,0.022796,0.013388,0.285139,0.038419,0.026428,0.347751
5025,0.022127,0.01347,0.263395,0.031817,0.026459,0.325451
5026,0.019633,0.011865,0.249849,0.036639,0.039651,0.320998
5027,0.045688,0.016251,0.217327,0.03153,0.024196,0.303462
5028,0.020913,0.011404,0.220206,0.037796,0.026713,0.279236
5029,0.023043,0.013204,0.26149,0.040109,0.031285,0.329022
5030,0.0226,0.012817,0.234469,0.044548,0.024962,0.294848
5031,0.020497,0.012557,0.248705,0.044716,0.026765,0.308524
5032,0.02176,0.012249,0.257759,0.041514,0.029905,0.321673
5033,0.025547,0.014898,0.258007,0.049931,0.027102,0.325554
5034,0.022908,0.012647,0.249946,0.040092,0.028731,0.314232
5035,0.023932,0.013266,0.24508,0.040396,0.02577,0.308048
5036,0.021414,0.012353,0.243323,0.036808,0.026612,0.303702
5037,0.022922,0.014513,0.265289,0.04194,0.026691,0.329415
5038,0.023095,0.013414,0.277008,0.041315,0.022932,0.336449
5039,0.020734,0.014325,0.22951,0.036561,0.036888,0.301457
5040,0.022541,0.012565,0.253589,0.043067,0.027028,0.315723
5041,0.02129,0.011896,0.243957,0.037264,0.027273,0.304416
5042,0.021909,0.012677,0.222695,0.027465,0.023653,0.280934
5043,0.019063,0.010874,0.587331,0.041196,0.028715,0.645983
5044,0.198991,0.021232,0.894411,0.065204,0.046538,1.161172
5045,0.031306,0.018434,0.745437,0.239235,0.040359,0.835536
5046,0.029568,0.202737,0.900496,0.063382,0.041169,1.17397
5047,0.030081,0.018099,0.73993,0.053689,0.039593,0.827703
5048,0.029724,0.017269,2.191092,0.069393,0.310279,2.548364
5049,0.033486,0.020952,0.940972,0.063304,0.041404,1.036814
5050,0.031649,0.018317,1.029799,0.485348,0.044562,1.124327
5051,0.215484,0.02612,1.070667,0.066048,0.04453,1.356801
5052,0.031456,0.021076,0.999753,0.305736,0.211133,1.263418
5053,0.028163,0.019819,0.741712,0.064505,0.039539,0.829233
5054,0.030094,0.017382,0.749846,0.262049,0.033746,0.831068
5055,0.023795,0.013773,0.286274,0.057289,0.028408,0.35225
5056,0.02079,0.023497,0.257495,0.046101,0.029767,0.331549
5057,0.022784,0.012573,0.256522,0.043972,0.029214,0.321093
5058,0.023019,0.013267,0.258626,0.046572,0.031677,0.326589
5059,0.024604,0.014148,0.278287,0.035785,0.03107,0.348109
5060,0.022422,0.013296,0.260486,0.042549,0.024465,0.320669
5061,0.020178,0.012646,0.246766,0.040068,0.026518,0.306108
5062,0.021212,0.012397,0.270294,0.044743,0.032995,0.336898
5063,0.025197,0.013955,0.264652,0.042447,0.029299,0.333103
5064,0.02283,0.01358,0.245333,0.036545,0.026467,0.30821
5065,0.020996,0.011841,0.256379,0.032393,0.026006,0.315222
5066,0.021379,0.013471,0.267003,0.037128,0.02775,0.329603
5067,0.021901,0.01191,0.265178,0.038783,0.028383,0.327372
5068,0.022481,0.012998,0.279653,0.039051,0.027519,0.342651
5069,0.022392,0.011947,0.261316,0.037494,0.026724,0.322379
5070,0.02167,0.011809,0.241362,0.02819,0.023991,0.298832
5071,0.020352,0.010722,0.259248,0.036212,0.028142,0.318464
5072,0.021773,0.012603,0.245822,0.030638,0.025819,0.306017
5073,0.022232,0.012742,0.26226,0.037546,0.02669,0.323924
5074,0.021806,0.013443,0.264564,0.03663,0.02703,0.326843
5075,0.0228,0.012852,0.250615,0.035577,0.025398,0.311665
5076,0.021069,0.012046,0.250909,0.034847,0.024873,0.308897
5077,0.020633,0.011202,0.2485,0.036883,0.025193,0.305528
5078,0.02014,0.012656,0.262858,0.039074,0.026112,0.321766
5079,0.020895,0.011558,0.345312,0.045227,0.032331,0.410096
5080,0.025023,0.014685,0.304397,0.043924,0.041589,0.385694
5081,0.022748,0.011323,0.269917,0.044872,0.026009,0.329997
5082,0.020519,0.011221,0.252331,0.04442,0.030036,0.314107
5083,0.023727,0.013092,0.263882,0.041424,0.027776,0.328477
5084,0.022486,0.013264,0.244757,0.038021,0.026053,0.30656
5085,0.02049,0.012847,0.255283,0.04271,0.02665,0.31527
5086,0.021809,0.011699,0.227601,0.032136,0.018909,0.280018
5087,0.01512,0.009545,0.229939,0.02868,0.023614,0.278218
5088,0.019506,0.01163,0.237452,0.028741,0.024506,0.293094
5089,0.019498,0.011525,0.242352,0.036444,0.025344,0.298719
5090,0.02135,0.012182,0.251135,0.040489,0.026109,0.310776
5091,0.021062,0.012986,0.247412,0.039387,0.02943,0.31089
5092,0.021758,0.012227,0.307053,0.040014,0.038028,0.379066
5093,0.023952,0.013661,0.252205,0.033955,0.023663,0.313481
5094,0.01963,0.010339,0.234914,0.029641,0.025976,0.290859
5095,0.020893,0.011598,0.237431,0.026244,0.023451,0.293373
5096,0.019143,0.010607,0.24523,0.02457,0.023162,0.298142
5097,0.018641,0.009997,0.24031,0.035351,0.028902,0.29785
5098,0.01961,0.029387,0.244426,0.037578,0.026522,0.319945
5099,0.02152,0.012281,0.276663,0.038543,0.025835,0.336299
5100,0.020263,0.012116,0.3032,0.047144,0.029694,0.365273
5101,0.024909,0.013677,0.272505,0.052974,0.031009,0.3421
5102,0.024161,0.01359,0.254534,0.033614,0.026496,0.318781
5103,0.021907,0.029599,0.254296,0.039332,0.023846,0.329648
5104,0.020404,0.011352,0.281402,0.045374,0.031311,0.344469
5105,0.025553,0.015073,0.298851,0.044326,0.031369,0.370846
5106,0.025141,0.014509,0.262551,0.044381,0.029963,0.332164
5107,0.023774,0.01418,0.262261,0.042482,0.029135,0.32935
5108,0.022872,0.01422,0.276087,0.042447,0.029886,0.343065
5109,0.023738,0.013987,0.261181,0.043576,0.026068,0.324974
5110,0.022714,0.013418,0.244385,0.035162,0.024483,0.305
5111,0.020687,0.011882,0.261969,0.033193,0.024238,0.318776
5112,0.019698,0.011262,0.238071,0.033328,0.025665,0.294696
5113,0.02144,0.012086,0.248248,0.031579,0.023346,0.30512
5114,0.019434,0.010818,0.244885,0.033025,0.026641,0.301778
5115,0.021742,0.012247,0.242463,0.033743,0.027159,0.303611
5116,0.02187,0.012133,0.250795,0.037177,0.030632,0.31543
5117,0.025439,0.01469,0.285334,0.054073,0.02881,0.354273
5118,0.023268,0.013072,0.250954,0.036949,0.024679,0.311973
5119,0.021051,0.011408,0.236195,0.031846,0.024271,0.292925
5120,0.019421,0.011473,0.245633,0.029651,0.023398,0.299925
5121,0.019438,0.01116,0.248249,0.035083,0.025616,0.304463
5122,0.021119,0.011367,0.240272,0.028353,0.023498,0.296256
5123,0.019053,0.010164,0.226884,0.036959,0.027893,0.283994
5124,0.022048,0.012274,0.284309,0.046696,0.029607,0.348238
5125,0.025363,0.013092,0.257218,0.043618,0.026296,0.321969
5126,0.02204,0.012642,0.233439,0.030126,0.023188,0.291309
5127,0.018795,0.011041,0.267636,0.041916,0.033106,0.330578
5128,0.024878,0.014377,0.266305,0.050645,0.029883,0.335443
5129,0.024163,0.013295,0.254616,0.041305,0.028169,0.320243
5130,0.022653,0.012664,0.259162,0.039097,0.027274,0.321753
5131,0.022754,0.012579,0.248993,0.038112,0.027934,0.31226
5132,0.02155,0.013619,0.261717,0.0432,0.030393,0.327279
5133,0.023548,0.013783,0.266344,0.049691,0.027086,0.330761
5134,0.02097,0.012772,0.252898,0.042091,0.027762,0.314402
5135,0.023118,0.013582,0.253687,0.036268,0.024542,0.314929
5136,0.01951,0.011409,0.252332,0.026898,0.023187,0.306438
5137,0.019088,0.010205,0.244308,0.025871,0.024715,0.298316
5138,0.019997,0.011139,0.233594,0.022938,0.02246,0.28719
5139,0.01916,0.010132,0.23373,0.021956,0.022512,0.285534
5140,0.019287,0.010331,0.231501,0.02206,0.023014,0.284133
5141,0.018797,0.010134,0.23003,0.02222,0.023012,0.281973
5142,0.018924,0.010493,0.230202,0.022616,0.022583,0.282202
5143,0.018276,0.010074,0.24457,0.023074,0.022871,0.295791
5144,0.018247,0.010101,0.229203,0.022474,0.021868,0.279419
5145,0.018497,0.010259,0.229053,0.021709,0.022176,0.279985
5146,0.018655,0.010206,0.23154,0.021485,0.022944,0.283345
5147,0.018537,0.01001,0.227146,0.022066,0.022284,0.277977
5148,0.018643,0.009677,0.22561,0.021412,0.022158,0.276088
5149,0.018395,0.009809,0.227648,0.022793,0.022975,0.278827
5150,0.018112,0.009831,0.235663,0.022941,0.02255,0.286156
5151,0.018142,0.010595,0.230012,0.027783,0.02704,0.285789
5152,0.021566,0.011557,0.235501,0.02496,0.02327,0.291894
5153,0.018852,0.010633,0.240767,0.023394,0.02332,0.293572
5154,0.019452,0.01085,0.233685,0.023629,0.022814,0.286801
5155,0.018656,0.010168,0.226619,0.022017,0.022175,0.277618
5156,0.018297,0.010277,0.225662,0.022441,0.022037,0.276273
5157,0.017994,0.00968,0.229231,0.022152,0.022021,0.278926
5158,0.018265,0.010023,0.222584,0.021697,0.021883,0.272755
5159,0.018286,0.009741,0.22489,0.022092,0.022137,0.275054
5160,0.018162,0.009656,0.222846,0.020775,0.027687,0.278351
5161,0.018483,0.009497,0.222414,0.0216,0.021825,0.272219
5162,0.018173,0.009544,0.232354,0.02486,0.027897,0.287968
5163,0.022444,0.011621,0.232859,0.032456,0.027514,0.294438
5164,0.022106,0.012304,0.276709,0.040882,0.028313,0.339432
5165,0.022064,0.0136,0.25106,0.039494,0.025144,0.311868
5166,0.020864,0.01171,0.232833,0.025893,0.023314,0.288721
5167,0.019228,0.010294,0.243876,0.025481,0.024529,0.297927
5168,0.020125,0.011428,0.238686,0.023756,0.023262,0.293501
5169,0.01893,0.010867,0.231687,0.022563,0.023534,0.285018
5170,0.018945,0.010198,0.234657,0.023955,0.022694,0.286494
5171,0.02435,0.010649,0.234091,0.024183,0.022385,0.291475
5172,0.018372,0.01039,0.227377,0.029981,0.026166,0.282305
5173,0.021704,0.011691,0.242471,0.037514,0.030641,0.306507
5174,0.023354,0.018925,0.256711,0.037367,0.02762,0.32661
5175,0.022078,0.012691,0.251675,0.041175,0.027615,0.314059
5176,0.021305,0.013218,0.250854,0.038079,0.028068,0.313445
5177,0.023034,0.013239,0.255767,0.039165,0.025971,0.318011
5178,0.021539,0.013083,0.268029,0.03718,0.027122,0.329773
5179,0.020629,0.012445,0.258836,0.033141,0.02491,0.31682
5180,0.020574,0.011657,0.26397,0.031864,0.02481,0.321011
5181,0.02116,0.011685,0.248133,0.041533,0.027996,0.308974
5182,0.022026,0.013038,0.256858,0.040318,0.027203,0.319125
5183,0.02235,0.013122,0.272628,0.052138,0.027726,0.335826
5184,0.023289,0.013028,0.25641,0.044485,0.027894,0.320621
5185,0.021722,0.012437,0.225574,0.034097,0.02313,0.282863
5186,0.018236,0.011039,0.232985,0.031177,0.040088,0.302348
5187,0.023197,0.013273,0.250597,0.032469,0.02626,0.313327
5188,0.020993,0.012952,0.252183,0.039675,0.028231,0.314359
5189,0.020727,0.011568,0.230337,0.031301,0.024481,0.287113
5190,0.019245,0.010714,0.248804,0.033052,0.02723,0.305993
5191,0.022234,0.012674,0.260169,0.045025,0.028633,0.32371
5192,0.022905,0.012128,0.244721,0.037054,0.025618,0.305372
5193,0.022063,0.01271,0.272112,0.044961,0.027785,0.33467
5194,0.022316,0.012691,0.230485,0.033831,0.024126,0.289618
5195,0.018722,0.011781,0.258426,0.037522,0.029382,0.318311
5196,0.021759,0.01314,0.269109,0.044166,0.028021,0.332029
5197,0.020942,0.012178,0.243655,0.037332,0.026664,0.303439
5198,0.021612,0.013013,0.269503,0.045496,0.029863,0.333991
5199,0.023863,0.013946,0.264761,0.03276,0.023672,0.326242
5200,0.01932,0.011534,0.246104,0.041945,0.028102,0.30506
5201,0.022593,0.01233,0.247784,0.037299,0.026712,0.309419
5202,0.022174,0.013661,0.266157,0.054406,0.027301,0.329293
5203,0.021829,0.012273,0.241854,0.028913,0.024569,0.300525
5204,0.019959,0.011235,0.242977,0.034915,0.024721,0.298892
5205,0.020785,0.011679,0.24004,0.026647,0.032848,0.305352
5206,0.019096,0.010906,0.234458,0.023836,0.022618,0.287078
5207,0.01901,0.010185,0.222388,0.028177,0.024898,0.276481
5208,0.046543,0.016459,0.183794,0.025937,0.023471,0.270267
5209,0.01809,0.010489,0.236094,0.038305,0.030811,0.295484
5210,0.024477,0.014259,0.29995,0.044613,0.029354,0.36804
5211,0.023053,0.01379,0.251473,0.041948,0.027932,0.316248
5212,0.022982,0.013128,0.272461,0.051172,0.028418,0.336989
5213,0.023157,0.013358,0.25053,0.043558,0.024439,0.311484
5214,0.020804,0.011821,0.240272,0.035666,0.030115,0.303012
5215,0.023515,0.012897,0.305293,0.057756,0.030132,0.371837
5216,0.024531,0.013251,0.241342,0.04261,0.028007,0.307131
5217,0.022719,0.012765,0.24204,0.036872,0.024167,0.301691
5218,0.018955,0.011456,0.253976,0.044696,0.029578,0.313965
5219,0.023346,0.01331,0.251732,0.032552,0.027322,0.31571
5220,0.021226,0.012238,0.234787,0.030158,0.026655,0.294906
5221,0.021435,0.012772,0.274039,0.034985,0.028587,0.336833
5222,0.024534,0.020602,0.261709,0.050919,0.030548,0.337393
5223,0.023786,0.014227,0.262302,0.04751,0.02789,0.328205
5224,0.023536,0.014358,0.281017,0.052654,0.030208,0.349119
5225,0.024751,0.013997,0.254279,0.044986,0.025207,0.318234
5226,0.019589,0.012045,0.223847,0.032815,0.023806,0.279287
5227,0.019675,0.011181,0.232877,0.031736,0.027394,0.291127
5228,0.030632,0.012758,0.239423,0.031426,0.032116,0.314929
5229,0.022418,0.013029,0.263033,0.045441,0.025972,0.324452
5230,0.0171,0.010308,0.239809,0.038181,0.027152,0.294369
5231,0.02141,0.0123,0.309197,0.074446,0.022855,0.365762
5232,0.018222,0.011796,0.229064,0.036185,0.027249,0.286331
5233,0.022175,0.012423,0.246461,0.036087,0.025834,0.306893
5234,0.02076,0.011717,0.251347,0.03343,0.026028,0.309852
5235,0.021356,0.0131,0.250846,0.037637,0.028295,0.313597
5236,0.022753,0.013853,0.252053,0.037785,0.026482,0.315141
5237,0.022027,0.013131,0.271342,0.044722,0.025763,0.332263
5238,0.021286,0.012274,0.243386,0.036715,0.027612,0.304558
5239,0.022092,0.013097,0.267901,0.041943,0.027232,0.330322
5240,0.021089,0.012284,0.262177,0.03818,0.02694,0.32249
5241,0.021874,0.012659,0.244697,0.033054,0.025509,0.304739
5242,0.020796,0.012146,0.24686,0.033454,0.026469,0.306271
5243,0.021723,0.012927,0.264915,0.052494,0.031806,0.331371
5244,0.023777,0.014125,0.195444,0.032347,0.024404,0.25775
5245,0.01997,0.011777,0.238535,0.035946,0.026171,0.296453
5246,0.020739,0.012014,0.242,0.035442,0.026827,0.30158
5247,0.031982,0.013286,0.253343,0.043288,0.026663,0.325274
5248,0.022334,0.012824,0.255492,0.038193,0.024279,0.314929
5249,0.020806,0.012022,0.253186,0.037897,0.027431,0.313445
5250,0.02196,0.012924,0.256948,0.037595,0.027277,0.319109
5251,0.021947,0.012566,0.256798,0.039612,0.032045,0.323356
5252,0.024081,0.014227,0.262985,0.038425,0.030822,0.332115
5253,0.024446,0.013828,0.26885,0.044427,0.027305,0.334429
5254,0.022519,0.012631,0.2464,0.036591,0.02582,0.30737
5255,0.022081,0.012628,0.264444,0.035733,0.029168,0.328321
5256,0.024161,0.013065,1.32728,0.066894,0.039196,1.403702
5257,0.028829,0.0167,0.285328,0.055767,0.068782,0.399639
5258,0.027459,0.01293,0.255931,0.049858,0.029591,0.325911
5259,0.023073,0.013312,0.26711,0.049342,0.029744,0.333239
5260,0.023163,0.015872,0.266566,0.052387,0.03356,0.339161
5261,0.025903,0.014954,0.319463,0.09875,0.028719,0.389039
5262,0.022781,0.013747,0.334387,0.049695,0.033046,0.403961
5263,0.026267,0.014927,0.264313,0.04538,0.029237,0.334744
5264,0.023564,0.014208,0.295569,0.050263,0.028693,0.362034
5265,0.025227,0.014475,0.271475,0.047433,0.030393,0.34157
5266,0.024123,0.014103,0.264715,0.044859,0.027873,0.330814
5267,0.026253,0.033031,0.283435,0.048218,0.029617,0.372336
5268,0.02388,0.012963,0.263227,0.04583,0.032762,0.332832
5269,0.024289,0.014898,0.26626,0.03944,0.026816,0.332263
5270,0.022166,0.01351,0.270729,0.039335,0.030009,0.336414
5271,0.022512,0.022069,0.275967,0.048524,0.031416,0.351964
5272,0.023483,0.01364,0.258617,0.047603,0.030257,0.325997
5273,0.036801,0.015058,0.270664,0.041416,0.027853,0.350376
5274,0.024348,0.013671,0.261396,0.042465,0.030602,0.330017
5275,0.024186,0.013725,0.248513,0.038492,0.027332,0.313756
5276,0.032963,0.014473,0.256158,0.04179,0.02959,0.333184
5277,0.023229,0.013549,0.262241,0.045614,0.028813,0.327832
5278,0.023218,0.013896,0.2573,0.041887,0.025936,0.32035
5279,0.021906,0.020947,0.25216,0.036607,0.028289,0.323302
5280,0.022449,0.012855,0.264298,0.040862,0.027578,0.32718
5281,0.022856,0.013052,0.263556,0.051633,0.030268,0.329732
5282,0.02553,0.022376,0.259229,0.044666,0.025056,0.332191
5283,0.020791,0.012086,0.250341,0.036821,0.027855,0.311073
5284,0.022556,0.012073,0.250976,0.036331,0.027541,0.313146
5285,0.023019,0.013339,0.269079,0.043221,0.027932,0.333369
5286,0.02285,0.012731,0.250294,0.035648,0.028362,0.314237
5287,0.021923,0.012901,0.26419,0.040974,0.02906,0.328074
5288,0.023012,0.013302,0.260615,0.039642,0.026228,0.323157
5289,0.021489,0.011921,0.237665,0.035314,0.02538,0.296455
5290,0.021595,0.01196,0.241073,0.034408,0.026732,0.30136
5291,0.020732,0.012577,0.255999,0.040182,0.027422,0.31673
5292,0.022097,0.012248,0.235349,0.032055,0.024904,0.294598
5293,0.019649,0.011764,0.232406,0.032285,0.025871,0.28969
5294,0.01997,0.011784,0.24708,0.032664,0.024705,0.303539
5295,0.020468,0.01237,0.254488,0.039405,0.028447,0.315773
5296,0.022082,0.012144,0.256655,0.038677,0.026491,0.317372
5297,0.021172,0.013207,0.253826,0.041073,0.037416,0.325621
5298,0.021777,0.014117,0.26333,0.044213,0.028608,0.327832
5299,0.024929,0.014105,0.259514,0.041373,0.029096,0.327644
5300,0.024168,0.012768,0.201754,0.032218,0.022976,0.261666
5301,0.019887,0.011248,0.250957,0.032362,0.025581,0.307673
5302,0.021898,0.012564,0.202385,0.035492,0.025459,0.262306
5303,0.021179,0.012593,0.242177,0.038992,0.030995,0.306944
5304,0.023239,0.014387,0.240793,0.042869,0.030791,0.30921
5305,0.023086,0.012799,0.245198,0.048725,0.027383,0.308466
5306,0.020351,0.010501,0.231064,0.038762,0.024642,0.286558
5307,0.019964,0.011488,0.296972,0.034189,0.029108,0.357532
5308,0.023684,0.012848,0.256788,0.04138,0.028752,0.322072
5309,0.023595,0.012868,0.253887,0.042888,0.026257,0.316607
5310,0.021458,0.012235,0.236325,0.031284,0.025311,0.295329
5311,0.021505,0.012088,0.253391,0.037023,0.026146,0.31313
5312,0.020899,0.011968,0.253895,0.036437,0.02721,0.313972
5313,0.02209,0.011936,0.256188,0.036644,0.036479,0.326693
5314,0.02128,0.012447,0.229987,0.034861,0.024978,0.288692
5315,0.035695,0.017632,0.193875,0.031602,0.0269,0.274102
5316,0.020259,0.01189,0.192005,0.028381,0.024895,0.249049
5317,0.020897,0.012558,0.266309,0.039216,0.025544,0.325308
5318,0.020934,0.011746,0.237568,0.030454,0.02389,0.294138
5319,0.018973,0.010693,0.234977,0.03024,0.025714,0.290357
5320,0.021745,0.012557,0.275424,0.035927,0.029941,0.339667
5321,0.026304,0.015834,0.212654,0.033746,0.024482,0.279274
5322,0.020725,0.011921,0.245709,0.034187,0.026603,0.304958
5323,0.021048,0.012588,0.237,0.034134,0.02795,0.298586
5324,0.029505,0.01202,0.212961,0.032498,0.020066,0.274552
5325,0.019085,0.011334,0.230286,0.031571,0.025293,0.285998
5326,0.021272,0.011952,0.239568,0.028989,0.024018,0.29681
5327,0.020275,0.012408,0.260359,0.035627,0.027795,0.320837
5328,0.021889,0.012131,0.23674,0.041758,0.028215,0.298975
5329,0.021366,0.01284,0.224852,0.040088,0.024905,0.283963
5330,0.020466,0.012677,0.268826,0.037223,0.030919,0.332888
5331,0.024747,0.01363,0.265145,0.033437,0.028004,0.331526
5332,0.022648,0.012595,0.243321,0.031416,0.026673,0.305237
5333,0.021849,0.012809,0.286105,0.041052,0.02748,0.348243
5334,0.021159,0.0109,0.21845,0.038424,0.027578,0.278087
5335,0.017995,0.009915,0.237495,0.039636,0.02839,0.293795
5336,0.022481,0.013431,0.260369,0.038883,0.029574,0.325855
5337,0.02336,0.015008,0.249812,0.043781,0.025677,0.313857
5338,0.021622,0.017634,0.301881,0.100351,0.029247,0.370384
5339,0.022945,0.012811,0.242186,0.040816,0.031643,0.309585
5340,0.020003,0.011984,0.261883,0.047157,0.030228,0.324098
5341,0.02364,0.01389,0.251983,0.039551,0.027026,0.316539
5342,0.022447,0.012732,0.239598,0.028312,0.023591,0.298368
5343,0.019926,0.011,0.241383,0.024824,0.023172,0.295481
5344,0.019081,0.010463,0.225252,0.022476,0.022631,0.277427
5345,0.018284,0.010046,0.229575,0.022134,0.022818,0.280723
5346,0.018647,0.010446,0.233191,0.029693,0.023309,0.285593
5347,0.019774,0.011639,0.23571,0.025071,0.022784,0.289907
5348,0.018708,0.010478,0.227898,0.029023,0.024523,0.281607
5349,0.020096,0.011169,0.231781,0.024938,0.022977,0.286023
5350,0.018787,0.018337,0.232282,0.024421,0.02234,0.291746
5351,0.018002,0.010639,0.231251,0.023503,0.022721,0.282613
5352,0.018451,0.010071,0.226775,0.02188,0.022098,0.277395
5353,0.018218,0.009716,0.232826,0.023221,0.022569,0.283329
5354,0.018445,0.010132,0.225527,0.022563,0.021672,0.275776
5355,0.018156,0.009674,0.223795,0.021685,0.021934,0.273559
5356,0.018554,0.011862,0.22771,0.022984,0.022207,0.280333
5357,0.018281,0.010141,0.232558,0.022074,0.02222,0.2832
5358,0.018653,0.009921,0.224337,0.021643,0.02195,0.274861
5359,0.018173,0.009959,0.224641,0.0232,0.022901,0.275674
5360,0.018721,0.010301,0.231858,0.022335,0.022383,0.283263
5361,0.018387,0.01034,0.226716,0.022301,0.022446,0.277889
5362,0.018422,0.009891,0.225218,0.022433,0.022333,0.275864
5363,0.017626,0.010356,0.228427,0.023559,0.023876,0.280285
5364,0.019852,0.010562,0.226555,0.025005,0.023448,0.280417
5365,0.01879,0.010246,0.230805,0.025079,0.023349,0.28319
5366,0.018069,0.009914,0.215985,0.026089,0.022211,0.266179
5367,0.0184,0.009826,0.207941,0.022813,0.029954,0.266121
5368,0.017823,0.010399,0.207559,0.025879,0.021434,0.257215
5369,0.017874,0.009762,0.20414,0.024408,0.021341,0.253117
5370,0.017643,0.009893,0.208027,0.025842,0.022572,0.258135
5371,0.018218,0.009995,0.231196,0.027058,0.026501,0.28591
5372,0.022581,0.012823,0.252028,0.040093,0.026898,0.31433
5373,0.021984,0.01228,0.221781,0.034555,0.022926,0.278971
5374,0.018762,0.010597,0.223965,0.029349,0.022994,0.276318
5375,0.018559,0.010604,0.226268,0.0259,0.022395,0.277826
5376,0.017876,0.00995,0.21754,0.024246,0.021473,0.266839
5377,0.018423,0.010152,0.233706,0.032148,0.026661,0.288942
5378,0.019868,0.011028,0.259592,0.043935,0.025892,0.31638
5379,0.020914,0.011587,0.243688,0.032787,0.027,0.303189
5380,0.020714,0.011549,0.29279,0.067982,0.021708,0.346761
5381,0.016371,0.009355,0.258483,0.044199,0.026981,0.31119
5382,0.024455,0.013888,0.246796,0.03695,0.024915,0.310054
5383,0.020314,0.012193,0.249836,0.038204,0.035546,0.317889
5384,0.048644,0.016917,0.231161,0.040087,0.026698,0.32342
5385,0.023699,0.01054,0.219463,0.039684,0.024616,0.278318
5386,0.019834,0.012142,0.259504,0.040413,0.036359,0.327839
5387,0.026152,0.014126,0.230891,0.046847,0.028167,0.299336
5388,0.018122,0.010655,0.255968,0.042151,0.025097,0.309842
5389,0.020547,0.012526,0.237564,0.031379,0.024378,0.295015
5390,0.01913,0.01259,0.231836,0.039256,0.018871,0.282427
5391,0.014704,0.010295,0.254792,0.02725,0.024792,0.304583
5392,0.020202,0.011872,0.204313,0.028586,0.025971,0.262358
5393,0.022324,0.012924,0.281946,0.042618,0.019996,0.33719
5394,0.015701,0.010257,0.22171,0.029588,0.026804,0.274472
5395,0.024058,0.013769,0.218959,0.035614,0.025361,0.282147
5396,0.021497,0.012486,0.203928,0.029437,0.023836,0.261747
5397,0.019559,0.011184,0.236506,0.035037,0.02509,0.292339
5398,0.020824,0.011983,0.278276,0.038138,0.028284,0.339367
5399,0.020358,0.01141,0.217378,0.038921,0.018945,0.268091
5400,0.018173,0.011588,0.252293,0.041023,0.026351,0.308405
5401,0.022524,0.013195,0.255579,0.04428,0.02536,0.316658
5402,0.023516,0.011944,0.243224,0.041206,0.026579,0.305263
5403,0.021524,0.011716,0.224448,0.035042,0.02336,0.281048
5404,0.019553,0.011242,0.259728,0.036495,0.028637,0.31916
5405,0.024148,0.014333,0.263096,0.045213,0.028733,0.33031
5406,0.024234,0.013421,0.253125,0.055217,0.020022,0.310802
5407,0.01629,0.009751,0.206243,0.034069,0.02535,0.257634
5408,0.015518,0.009199,0.252194,0.039533,0.029828,0.306739
5409,0.026305,0.012977,0.247113,0.042736,0.026659,0.313054
5410,0.022217,0.012234,0.264209,0.045238,0.029311,0.327971
5411,0.023986,0.014623,0.275835,0.051859,0.028759,0.343203
5412,0.023936,0.013939,0.254704,0.041424,0.026503,0.319082
5413,0.021839,0.012989,0.260563,0.047891,0.028776,0.324167
5414,0.023081,0.014023,0.275012,0.050487,0.029197,0.341313
5415,0.023445,0.013949,0.274563,0.048179,0.030347,0.342304
5416,0.024053,0.01493,0.279872,0.055767,0.031513,0.350368
5417,0.025421,0.026062,0.254701,0.0459,0.026652,0.332836
5418,0.020213,0.0119,0.245324,0.03812,0.026526,0.303963
5419,0.020031,0.012027,0.286939,0.071174,0.032013,0.35101
5420,0.025929,0.02547,0.26733,0.050333,0.026413,0.345142
5421,0.022131,0.015153,0.249089,0.044196,0.02946,0.315833
5422,0.023686,0.014596,0.285458,0.045118,0.028193,0.351933
5423,0.033479,0.012295,0.240904,0.03704,0.027916,0.314594
5424,0.022464,0.012985,0.277608,0.046385,0.03187,0.344927
5425,0.024206,0.016308,0.255291,0.044325,0.029156,0.324961
5426,0.021016,0.0187,0.256447,0.038465,0.02739,0.323553
5427,0.022662,0.012553,0.239865,0.033238,0.026208,0.301288
5428,0.021424,0.012612,0.236666,0.029638,0.02427,0.294972
5429,0.020276,0.011331,0.247106,0.031668,0.024759,0.303472
5430,0.020383,0.013014,0.257754,0.035349,0.028727,0.319878
5431,0.022555,0.012833,0.243551,0.029768,0.025746,0.304685
5432,0.020554,0.012118,0.254266,0.032896,0.027559,0.314497
5433,0.021494,0.011732,0.239459,0.029365,0.026209,0.298894
5434,0.020561,0.012194,0.255347,0.036101,0.027058,0.31516
5435,0.022263,0.01478,0.279864,0.045507,0.027803,0.34471
5436,0.020446,0.013433,0.256915,0.029898,0.02671,0.317504
5437,0.020678,0.012211,0.251351,0.027958,0.028488,0.312728
5438,0.022794,0.013409,0.263603,0.032553,0.026505,0.326311
5439,0.021445,0.012091,0.245248,0.033507,0.025696,0.30448
5440,0.021691,0.013517,0.272969,0.038023,0.025756,0.333933
5441,0.021514,0.012786,0.267329,0.034502,0.028454,0.330083
5442,0.023088,0.014019,0.26849,0.039298,0.028695,0.334292
5443,0.023871,0.013597,0.258446,0.038124,0.02727,0.323184
5444,0.021975,0.013252,0.263622,0.033452,0.028917,0.327766
5445,0.023866,0.012772,0.250656,0.035148,0.025634,0.312928
5446,0.020561,0.011677,0.243759,0.028008,0.024852,0.300849
5447,0.020013,0.011508,0.266163,0.034279,0.039694,0.337378
5448,0.026201,0.015374,0.267018,0.038722,0.026753,0.335346
5449,0.021514,0.013529,0.269194,0.045329,0.028902,0.333139
5450,0.023461,0.012801,0.242864,0.027684,0.023233,0.302359
5451,0.026195,0.010509,0.231406,0.02298,0.022816,0.290926
5452,0.018712,0.010137,0.228988,0.022271,0.022463,0.2803
5453,0.019185,0.010614,0.228775,0.022939,0.022731,0.281305
5454,0.018735,0.010246,0.232405,0.022876,0.022325,0.283711
5455,0.018647,0.009877,0.22413,0.021643,0.022172,0.274826
5456,0.018528,0.009784,0.226016,0.021746,0.022665,0.276993
5457,0.018763,0.009752,0.311157,0.031948,0.026865,0.366537
5458,0.021753,0.011612,0.232317,0.029022,0.023691,0.289373
5459,0.018756,0.010604,0.230639,0.031255,0.026082,0.286081
5460,0.021042,0.011351,0.224736,0.030056,0.024972,0.282101
5461,0.020732,0.011592,0.244337,0.027466,0.023974,0.300635
5462,0.019254,0.010887,0.230284,0.025091,0.025716,0.286141
5463,0.020921,0.011494,0.229387,0.024099,0.024708,0.28651
5464,0.019648,0.011252,0.249296,0.042868,0.024089,0.304285
5465,0.019633,0.010587,0.236383,0.029619,0.027402,0.294005
5466,0.02221,0.012379,0.252359,0.038878,0.027427,0.314375
5467,0.021621,0.012375,0.258463,0.034857,0.025772,0.318231
5468,0.021532,0.011863,0.243197,0.033945,0.025421,0.302013
5469,0.02023,0.011366,0.246257,0.032404,0.029668,0.307521
5470,0.022673,0.012624,0.243071,0.031676,0.0254,0.303768
5471,0.021199,0.021599,0.240494,0.031799,0.025471,0.308763
5472,0.021113,0.012226,0.238198,0.030082,0.0255,0.297037
5473,0.021071,0.011622,0.236511,0.029125,0.024387,0.293591
5474,0.019916,0.01082,0.251754,0.032164,0.026997,0.309487
5475,0.021665,0.011821,0.23509,0.028448,0.023799,0.292375
5476,0.019606,0.011237,0.239954,0.028983,0.02684,0.297637
5477,0.021727,0.012221,0.24802,0.034973,0.024572,0.30654
5478,0.019506,0.011809,0.235435,0.027091,0.024206,0.290956
5479,0.019766,0.010907,0.228484,0.024951,0.025973,0.28513
5480,0.021088,0.013037,0.246398,0.03061,0.023539,0.304062
5481,0.027566,0.011116,0.239601,0.028396,0.023852,0.302135
5482,0.019383,0.010751,0.234018,0.024913,0.023113,0.287265
5483,0.019239,0.010917,0.238451,0.029815,0.027883,0.29649
5484,0.022428,0.013092,0.25704,0.029154,0.024072,0.316632
5485,0.020076,0.011655,0.237799,0.028212,0.025185,0.294715
5486,0.020049,0.011471,0.24697,0.031908,0.027985,0.306475
5487,0.022816,0.012864,0.255986,0.029119,0.024963,0.316629
5488,0.020477,0.01156,0.238031,0.0306,0.024912,0.29498
5489,0.021321,0.01177,0.233674,0.027384,0.022536,0.289301
5490,0.019993,0.011333,0.236098,0.027253,0.031027,0.298451
5491,0.021512,0.011895,0.243973,0.025283,0.023832,0.301212
5492,0.019686,0.011125,0.235327,0.023539,0.024585,0.290723
5493,0.02002,0.011331,0.237787,0.025154,0.024551,0.293689
5494,0.01975,0.011112,0.2454,0.0312,0.028226,0.304488
5495,0.023011,0.013561,0.252766,0.036446,0.025595,0.314933
5496,0.020928,0.011628,0.221559,0.026768,0.022488,0.276603
5497,0.018122,0.009416,0.567036,0.326285,2.015813,2.610387
5498,0.718882,0.032257,1.129863,0.412353,0.250916,2.131918
5499,0.167442,0.025607,1.804649,0.066338,0.139024,2.136722
5500,0.034131,0.235915,1.29104,0.065936,0.200118,1.761204
5501,0.62524,0.257443,1.708465,0.065201,0.039407,2.630555
5502,0.029283,0.017058,0.267317,0.037987,0.026846,0.340504
5503,0.022806,0.012959,0.252207,0.031799,0.026491,0.314463
5504,0.02137,0.01222,0.258092,0.043866,0.026858,0.31854
5505,0.021659,0.01215,0.245093,0.030602,0.024471,0.303373
5506,0.020075,0.0113,0.239125,0.028419,0.026499,0.296999
5507,0.021669,0.01241,0.247948,0.030456,0.035307,0.317334
5508,0.019994,0.01161,0.24128,0.027666,0.023784,0.296668
5509,0.019278,0.011261,0.237512,0.027383,0.02533,0.293381
5510,0.020386,0.011148,0.244157,0.029415,0.023819,0.29951
5511,0.019989,0.011172,0.251644,0.026538,0.023367,0.306172
5512,0.020343,0.011141,0.240683,0.025243,0.024229,0.296396
5513,0.018855,0.011157,0.239025,0.025547,0.026016,0.295053
5514,0.020571,0.011557,0.245262,0.028356,0.025424,0.302814
5515,0.020724,0.011279,0.23688,0.02695,0.024017,0.2929
5516,0.019699,0.01075,0.233187,0.025981,0.025071,0.288707
5517,0.020392,0.011242,0.237204,0.029416,0.02968,0.298518
5518,0.019325,0.0104,0.232421,0.026753,0.023272,0.285418
5519,0.019106,0.010466,0.230563,0.02443,0.022393,0.282528
5520,0.019002,0.013937,0.224934,0.022396,0.023652,0.281525
5521,0.019245,0.010602,0.239688,0.027149,0.023279,0.292814
5522,0.018863,0.010567,0.240317,0.027547,0.026421,0.296168
5523,0.021227,0.011958,0.237502,0.025954,0.02479,0.295477
5524,0.018179,0.011279,0.248083,0.027106,0.024235,0.301776
5525,0.019511,0.010668,0.230605,0.026186,0.022888,0.283672
5526,0.018989,0.010928,0.241983,0.028575,0.02329,0.29519
5527,0.019192,0.011105,0.233812,0.026559,0.022698,0.286807
5528,0.018478,0.011669,0.243955,0.026655,0.022272,0.296374
5529,0.019479,0.011779,0.243263,0.028368,0.025587,0.300108
5530,0.019153,0.011245,0.238219,0.029233,0.024452,0.293069
5531,0.01977,0.010589,2.182458,0.601673,0.046006,2.258823
5532,0.157876,0.02067,2.347647,0.065038,0.420815,2.947008
5533,0.035457,0.022072,0.993022,0.548551,0.041557,1.092108
5534,0.117713,0.01999,1.223113,0.188925,0.179891,1.540707
5535,0.653725,0.168358,0.713278,0.065866,0.040391,1.575752
5536,0.030134,0.018157,0.306664,0.059794,0.0339,0.388855
5537,0.025643,0.014689,0.278176,0.052503,0.039482,0.35799
5538,0.024984,0.01446,0.3061,0.04902,0.030954,0.376498
5539,0.025261,0.014821,0.283923,0.052422,0.033533,0.357538
5540,0.024645,0.014315,0.331642,0.071211,0.031444,0.402046
5541,0.024468,0.014569,0.270023,0.050272,0.028484,0.337544
5542,0.023612,0.013729,0.263614,0.043602,0.028591,0.329546
5543,0.022409,0.01444,0.270133,0.045025,0.028574,0.335556
5544,0.022671,0.01311,0.272197,0.049433,0.033199,0.341177
5545,0.026138,0.015358,0.275672,0.048179,0.029979,0.347147
5546,0.022306,0.015127,0.2569,0.042996,0.029029,0.323362
5547,0.023806,0.013058,0.250879,0.041118,0.0271,0.314843
5548,0.023284,0.013746,0.282204,0.047861,0.02886,0.348094
5549,0.023974,0.013773,0.280385,0.045393,0.029227,0.347359
5550,0.021612,0.012499,0.257075,0.042691,0.027225,0.318411
5551,0.041821,0.019804,0.272613,0.049149,0.03345,0.367688
5552,0.026407,0.014972,0.285022,0.048391,0.029853,0.356254
5553,0.023126,0.014369,0.27398,0.046707,0.030044,0.341519
5554,0.024279,0.013464,0.247723,0.029291,0.024322,0.309788
5555,0.019499,0.010688,0.245797,0.025891,0.023435,0.299419
5556,0.019037,0.010375,0.23319,0.024051,0.023341,0.285943
5557,0.019686,0.011512,0.243457,0.026108,0.024146,0.298801
5558,0.019247,0.011003,0.242087,0.025734,0.023179,0.295516
5559,0.018845,0.010931,0.233143,0.023722,0.023016,0.285935
5560,0.018927,0.010242,0.231524,0.023199,0.022809,0.283502
5561,0.018132,0.010239,0.232509,0.034264,0.026196,0.287076
5562,0.028446,0.012257,0.240309,0.039052,0.025122,0.306134
5563,0.020594,0.01191,0.256166,0.041232,0.031725,0.320395
5564,0.03111,0.014556,0.272994,0.046428,0.028988,0.347648
5565,0.023049,0.026601,0.24424,0.03308,0.026143,0.320033
5566,0.021421,0.01283,0.259443,0.042677,0.026154,0.319848
5567,0.023948,0.013478,0.250213,0.036596,0.025469,0.313108
5568,0.022285,0.012617,0.321379,0.048965,0.031254,0.387535
5569,0.023823,0.013264,0.261555,0.043958,0.025574,0.324216
5570,0.023018,0.012388,0.252959,0.037824,0.025459,0.313824
5571,0.020698,0.022426,0.263091,0.04556,0.028951,0.335166
5572,0.022963,0.012645,0.249672,0.031292,0.02497,0.31025
5573,0.018538,0.012065,0.245658,0.041581,0.029061,0.305322
5574,0.021884,0.01291,0.269103,0.041355,0.028432,0.332329
5575,0.022298,0.013262,0.270627,0.043242,0.027311,0.333498
5576,0.0236,0.013031,0.26655,0.046614,0.027264,0.330445
5577,0.021884,0.012791,0.262978,0.032576,0.027837,0.32549
5578,0.022242,0.012688,0.265863,0.041109,0.025449,0.326242
5579,0.020471,0.011981,0.250566,0.035744,0.027243,0.310261
5580,0.022146,0.013406,0.282002,0.044999,0.02779,0.345344
5581,0.022042,0.013621,0.266429,0.043462,0.030223,0.332315
5582,0.022478,0.01309,0.260047,0.044594,0.027233,0.322848
5583,0.021498,0.012214,0.254955,0.034267,0.024311,0.312978
5584,0.020584,0.011783,0.255583,0.036494,0.030397,0.318347
5585,0.024652,0.014474,0.300145,0.04575,0.028543,0.367814
5586,0.021772,0.012516,0.281938,0.048052,0.030068,0.346294
5587,0.024168,0.013451,0.245715,0.033231,0.025487,0.308821
5588,0.021009,0.012266,0.248121,0.035722,0.028709,0.310105
5589,0.022455,0.012641,0.279706,0.038472,0.029109,0.343911
5590,0.023066,0.012849,0.257598,0.03497,0.025754,0.319267
5591,0.021627,0.012873,0.258091,0.03394,0.030099,0.32269
5592,0.024585,0.013608,0.385429,0.050036,0.031427,0.455049
5593,0.024298,0.013384,0.244799,0.028917,0.023417,0.305898
5594,0.018849,0.010841,0.249817,0.041235,0.028378,0.307885
5595,0.022411,0.026307,0.245548,0.030367,0.023547,0.317813
5596,0.019223,0.010464,0.234671,0.025196,0.023361,0.287719
5597,0.018595,0.010312,0.235627,0.03004,0.028637,0.293171
5598,0.023033,0.013527,0.295799,0.039885,0.029522,0.361881
5599,0.024261,0.013901,0.257927,0.045442,0.027695,0.323784
5600,0.022547,0.013226,0.253849,0.040557,0.027413,0.317035
5601,0.021412,0.012371,0.266617,0.040655,0.027926,0.328326
5602,0.021543,0.012667,0.255308,0.042258,0.027762,0.31728
5603,0.023149,0.012059,0.238182,0.028567,0.023878,0.297268
5604,0.02755,0.019861,0.263624,0.040813,0.026221,0.337256
5605,0.025188,0.012773,0.253408,0.044317,0.026893,0.318262
5606,0.021809,0.011635,0.235127,0.028103,0.02458,0.293151
5607,0.020018,0.011877,0.296115,0.075078,0.033146,0.361156
5608,0.02504,0.01388,0.256005,0.042205,0.021787,0.316712
5609,0.01709,0.011529,0.244443,0.03639,0.026333,0.299395
5610,0.021604,0.012542,0.26916,0.05362,0.028239,0.331545
5611,0.02258,0.014761,0.283301,0.048089,0.030345,0.350987
5612,0.022537,0.013239,0.24627,0.037247,0.027524,0.30957
5613,0.022161,0.012073,0.26108,0.047044,0.025965,0.321279
5614,0.021481,0.012308,0.245731,0.031055,0.028656,0.308176
5615,0.020638,0.012905,0.258996,0.044539,0.026478,0.319017
5616,0.021253,0.012116,0.263147,0.041544,0.027239,0.323755
5617,0.022173,0.012101,0.253936,0.04319,0.026943,0.315153
5618,0.021805,0.011979,0.260542,0.039944,0.02724,0.321566
5619,0.021085,0.011782,0.242111,0.030718,0.039413,0.314391
5620,0.018831,0.010893,0.234861,0.02893,0.024474,0.289059
5621,0.018394,0.01141,0.263862,0.043066,0.028884,0.32255
5622,0.022279,0.01307,0.250801,0.0344,0.025795,0.311945
5623,0.021476,0.012101,0.255282,0.045429,0.025897,0.314756
5624,0.021163,0.012708,0.241521,0.036021,0.026501,0.301893
5625,0.020329,0.011889,0.251357,0.042808,0.027512,0.311087
5626,0.021712,0.012816,0.282614,0.04486,0.029674,0.346816
5627,0.022287,0.012772,0.295428,0.046323,0.027196,0.357683
5628,0.021515,0.016294,0.248193,0.04463,0.027826,0.313828
5629,0.02167,0.011824,0.261012,0.031898,0.024464,0.31897
5630,0.01927,0.011297,0.235061,0.034672,0.026152,0.29178
5631,0.022197,0.011993,0.302824,0.045686,0.030853,0.367867
5632,0.025,0.01411,0.268624,0.046456,0.030433,0.338167
5633,0.023816,0.01347,0.246117,0.040046,0.027357,0.31076
5634,0.022001,0.012707,0.244504,0.034352,0.028284,0.307496
5635,0.022526,0.013374,0.287575,0.047062,0.029439,0.352914
5636,0.023266,0.013517,0.261272,0.045794,0.03206,0.330115
5637,0.024479,0.013976,0.258739,0.038392,0.027402,0.324596
5638,0.021544,0.012655,0.260252,0.035,0.025714,0.320165
5639,0.020854,0.012257,0.300456,0.052828,0.031353,0.36492
5640,0.024698,0.013988,0.266258,0.048045,0.03045,0.335394
5641,0.024177,0.013283,0.265996,0.035276,0.024486,0.327942
5642,0.019978,0.011572,0.237598,0.034779,0.02508,0.294228
5643,0.020658,0.013068,0.247116,0.036076,0.026645,0.307487
5644,0.020325,0.010568,0.231242,0.031898,0.02482,0.286955
5645,0.017411,0.009781,0.228001,0.032106,0.024334,0.279527
5646,0.018374,0.010857,0.240219,0.036297,0.027956,0.297406
5647,0.022537,0.012601,0.297395,0.045445,0.030979,0.363512
5648,0.025092,0.013161,0.267094,0.049429,0.030648,0.335995
5649,0.02388,0.013762,0.25052,0.039514,0.026457,0.314619
5650,0.021564,0.012096,0.257023,0.035637,0.027774,0.318457
5651,0.022246,0.013722,0.315973,0.048049,0.028551,0.380492
5652,0.022181,0.012441,0.243518,0.040856,0.029142,0.307282
5653,0.022406,0.01253,0.258405,0.03712,0.026844,0.320185
5654,0.021962,0.013199,0.2414,0.032704,0.022306,0.298867
5655,0.018036,0.011316,0.250033,0.041898,0.029824,0.309209
5656,0.026157,0.013903,0.269704,0.045644,0.028822,0.338586
5657,0.023214,0.012463,0.244925,0.039909,0.02742,0.308022
5658,0.021245,0.011685,0.254804,0.040757,0.031314,0.319048
5659,0.024001,0.013486,0.246869,0.034144,0.0266,0.310956
5660,0.028349,0.012369,0.286817,0.066987,0.030599,0.358134
5661,0.024467,0.013512,0.246047,0.032028,0.023105,0.307131
5662,0.022431,0.012006,0.262334,0.046714,0.029496,0.326267
5663,0.032969,0.013925,0.296569,0.049497,0.030206,0.373669
5664,0.024323,0.014081,0.249691,0.044944,0.029116,0.317211
5665,0.025007,0.014036,0.249745,0.037583,0.035734,0.324522
5666,0.021552,0.012328,0.244404,0.028171,0.023696,0.30198
5667,0.019155,0.01065,0.225635,0.031374,0.026811,0.282251
5668,0.02177,0.012127,0.291772,0.041602,0.025631,0.3513
5669,0.01994,0.024986,0.260326,0.045564,0.028501,0.333753
5670,0.02146,0.012534,0.258961,0.042244,0.027618,0.320573
5671,0.020793,0.012278,0.250885,0.03869,0.030642,0.314598
5672,0.043817,0.034454,0.251783,0.041953,0.026266,0.35632
5673,0.021224,0.01131,0.240569,0.037554,0.026912,0.300015
5674,0.021873,0.012955,0.267029,0.043461,0.027695,0.329552
5675,0.0219,0.012524,0.271562,0.038292,0.02707,0.333056
5676,0.021254,0.011692,0.253808,0.035187,0.028635,0.315389
5677,0.02305,0.013201,0.253813,0.038351,0.028386,0.31845
5678,0.024207,0.0136,0.26666,0.041844,0.031172,0.335639
5679,0.023171,0.011657,0.224882,0.038669,0.024306,0.284016
5680,0.02082,0.014846,0.266122,0.047649,0.028464,0.330252
5681,0.0224,0.012087,0.266906,0.042774,0.062629,0.364022
5682,0.027115,0.013184,0.255465,0.042276,0.027279,0.323043
5683,0.020846,0.0098,0.241027,0.039068,0.024128,0.295801
5684,0.019321,0.017306,0.301624,0.043967,0.033438,0.371689
5685,0.024972,0.014006,0.263649,0.041179,0.029932,0.332559
5686,0.022798,0.012959,0.259378,0.042365,0.025325,0.32046
5687,0.020092,0.012388,0.259666,0.037887,0.027646,0.319792
5688,0.023007,0.012956,0.251681,0.037518,0.025122,0.312766
5689,0.020811,0.011185,0.232251,0.028347,0.024066,0.288313
5690,0.019382,0.011219,0.248471,0.035261,0.025791,0.304863
5691,0.02248,0.01229,0.269817,0.045442,0.030798,0.335385
5692,0.024372,0.013883,0.257805,0.042695,0.028921,0.324981
5693,0.024534,0.014465,0.266247,0.040171,0.025874,0.33112
5694,0.021799,0.01256,0.243689,0.035778,0.027342,0.30539
5695,0.021513,0.012991,0.290348,0.042312,0.026628,0.35148
5696,0.021898,0.012562,0.270505,0.060794,0.0317,0.336665
5697,0.024897,0.014791,0.259135,0.038476,0.026079,0.324902
5698,0.021705,0.012504,0.245857,0.03709,0.024417,0.304483
5699,0.01927,0.011445,0.242597,0.02845,0.027873,0.301185
5700,0.022485,0.013379,0.293044,0.037599,0.029596,0.358504
5701,0.02395,0.013766,0.25758,0.035666,0.024388,0.319684
5702,0.019933,0.011429,0.262336,0.036467,0.029645,0.323343
5703,0.021725,0.012193,0.243607,0.037557,0.026562,0.304087
5704,0.021768,0.013035,0.257451,0.038829,0.026692,0.318946
5705,0.021401,0.012229,0.275979,0.03903,0.029886,0.339495
5706,0.021763,0.01295,0.259889,0.041455,0.028394,0.322996
5707,0.027716,0.013461,0.261402,0.044745,0.0264,0.328979
5708,0.02024,0.01214,0.267904,0.040785,0.027598,0.327882
5709,0.023258,0.012401,0.249916,0.037855,0.027637,0.313212
5710,0.022084,0.012537,0.244117,0.032635,0.026945,0.305683
5711,0.020258,0.012479,0.24595,0.03616,0.029409,0.308096
5712,0.031259,0.013846,0.266291,0.045139,0.02683,0.338226
5713,0.021178,0.012059,0.280504,0.03969,0.026926,0.340667
5714,0.022442,0.012236,0.239823,0.029017,0.022457,0.296958
5715,0.018289,0.020505,0.226088,0.030956,0.030101,0.294983
5716,0.02041,0.011891,0.252905,0.043332,0.025121,0.310327
5717,0.020277,0.012282,0.301648,0.044311,0.029618,0.363825
5718,0.022103,0.013183,0.272724,0.041579,0.027548,0.335558
5719,0.022492,0.01054,0.245597,0.039834,0.026486,0.305115
5720,0.021403,0.012259,0.271095,0.04476,0.026857,0.331614
5721,0.022305,0.014365,0.259117,0.044122,0.029365,0.325152
5722,0.023045,0.013793,0.250958,0.038382,0.027591,0.315387
5723,0.021892,0.012454,0.263983,0.038386,0.05537,0.353699
5724,0.022432,0.012748,0.26734,0.042752,0.028011,0.330531
5725,0.023082,0.016694,0.251468,0.038901,0.024678,0.315922
5726,0.02108,0.015498,0.260976,0.045985,0.027116,0.32467
5727,0.021398,0.011915,0.264526,0.041086,0.026058,0.323897
5728,0.020577,0.011582,0.241516,0.033723,0.024382,0.298057
5729,0.02069,0.011332,0.243394,0.033447,0.027893,0.303309
5730,0.023168,0.013367,0.262948,0.034801,0.026914,0.326397
5731,0.022509,0.012965,0.256206,0.039147,0.026723,0.318403
5732,0.021903,0.013192,0.256247,0.040664,0.027887,0.319229
5733,0.022182,0.012657,0.273422,0.042602,0.026539,0.3348
5734,0.020568,0.011805,0.251063,0.036995,0.024593,0.308029
5735,0.020403,0.011015,0.243303,0.03586,0.025971,0.300692
5736,0.020789,0.011457,0.267887,0.038693,0.031393,0.331526
5737,0.024242,0.013503,0.258927,0.033387,0.025152,0.321824
5738,0.020036,0.011064,0.239354,0.030117,0.025119,0.295573
5739,0.021461,0.013388,0.270534,0.038131,0.027305,0.332688
5740,0.022625,0.012636,0.25076,0.037331,0.02584,0.311861
5741,0.024522,0.014591,0.262117,0.045385,0.029292,0.330522
5742,0.023211,0.013257,0.255565,0.037606,0.027248,0.319281
5743,0.021131,0.012338,0.23561,0.031642,0.024615,0.293694
5744,0.019657,0.011794,0.235465,0.030461,0.027063,0.293979
5745,0.022425,0.013483,0.262445,0.045013,0.029767,0.32812
5746,0.02455,0.021744,0.25464,0.035605,0.027058,0.327992
5747,0.022394,0.012918,0.244467,0.03918,0.026196,0.305975
5748,0.021443,0.01279,0.245827,0.037528,0.024015,0.304075
5749,0.021643,0.012075,0.264662,0.038104,0.029286,0.327666
5750,0.023585,0.013918,0.250646,0.038074,0.027038,0.315187
5751,0.021511,0.012307,0.23795,0.032999,0.024745,0.296513
5752,0.020508,0.011222,0.251927,0.032021,0.025034,0.308691
5753,0.020453,0.011393,0.232928,0.028806,0.024286,0.28906
5754,0.021011,0.011364,0.242467,0.033111,0.024756,0.299598
5755,0.020014,0.010741,0.257371,0.036376,0.027,0.315126
5756,0.021292,0.011596,0.238622,0.032049,0.022798,0.294308
5757,0.020976,0.012947,0.249425,0.041175,0.026416,0.309764
5758,0.019671,0.011465,0.307294,0.043372,0.030539,0.368969
5759,0.024962,0.013605,0.249716,0.031055,0.025005,0.313288
5760,0.022519,0.012865,0.254059,0.041883,0.026178,0.315621
5761,0.019882,0.01121,0.238507,0.036935,0.033544,0.303143
5762,0.02206,0.012819,0.245006,0.038499,0.027147,0.307032
5763,0.021795,0.012616,0.274143,0.068976,0.028053,0.336607
5764,0.023461,0.013089,0.255651,0.035102,0.024972,0.317173
5765,0.032848,0.012945,0.256243,0.045008,0.027253,0.329289
5766,0.021748,0.012489,0.248269,0.039549,0.026581,0.309087
5767,0.020612,0.012037,0.306879,0.069821,0.041306,0.380834
5768,0.025262,0.014133,0.267631,0.04795,0.029402,0.336428
5769,0.022903,0.013574,0.254762,0.036522,0.024785,0.316024
5770,0.019539,0.010905,0.187208,0.026144,0.022378,0.24003
5771,0.019505,0.011018,0.244559,0.033509,0.025494,0.300576
5772,0.022058,0.012314,0.258079,0.036509,0.025788,0.318239
5773,0.021919,0.011574,0.243811,0.033417,0.025371,0.302675
5774,0.021196,0.011856,0.260016,0.038569,0.025044,0.318112
5775,0.02088,0.012552,0.251609,0.037109,0.027658,0.312699
5776,0.032342,0.020178,0.267525,0.045868,0.026371,0.346416
5777,0.021248,0.011807,0.279621,0.050536,0.02861,0.341286
5778,0.023212,0.01378,0.248817,0.040556,0.025498,0.311307
5779,0.020426,0.012105,0.252067,0.03641,0.029343,0.313941
5780,0.023074,0.013847,0.263598,0.035679,0.027409,0.327928
5781,0.022716,0.013245,0.245054,0.03193,0.024091,0.305106
5782,0.020216,0.011392,0.233719,0.026384,0.023724,0.289051
5783,0.019018,0.010904,0.227765,0.024662,0.030204,0.287891
5784,0.01854,0.011021,0.239677,0.028218,0.026026,0.295264
5785,0.021405,0.011768,0.23774,0.030114,0.028489,0.299402
5786,0.023384,0.013061,0.295681,0.043478,0.027482,0.359608
5787,0.033452,0.01246,0.255669,0.043565,0.029229,0.33081
5788,0.024915,0.014411,0.256244,0.03554,0.024965,0.320535
5789,0.020099,0.01137,0.236891,0.025185,0.023467,0.291827
5790,0.018727,0.010463,0.240902,0.024392,0.022949,0.293041
5791,0.018706,0.010173,0.229039,0.0232,0.023144,0.281062
5792,0.018641,0.009606,0.205269,0.030986,0.024166,0.257682
5793,0.020448,0.01184,0.25341,0.027825,0.022644,0.308342
5794,0.017586,0.010711,0.238566,0.039749,0.030242,0.297105
5795,0.025023,0.014051,0.259494,0.042176,0.026941,0.325509
5796,0.022521,0.013275,0.265342,0.041455,0.026442,0.32758
5797,0.021004,0.011819,0.241192,0.037767,0.02555,0.299565
5798,0.021329,0.011636,0.253185,0.038975,0.026059,0.312209
5799,0.021443,0.012905,0.246904,0.040832,0.02908,0.310332
5800,0.030892,0.013528,0.257944,0.043645,0.02547,0.327834
5801,0.021604,0.011772,0.255746,0.039476,0.028356,0.317478
5802,0.024004,0.013353,0.249226,0.036813,0.027502,0.314085
5803,0.023641,0.013511,0.259749,0.035643,0.026283,0.323184
5804,0.022238,0.013128,0.25152,0.038769,0.025842,0.312728
5805,0.020796,0.011577,0.237408,0.032777,0.026519,0.2963
5806,0.02274,0.011001,0.268386,0.04192,0.036247,0.338374
5807,0.025746,0.012593,0.223338,0.038994,0.024905,0.286582
5808,0.020007,0.011118,0.237399,0.025984,0.022714,0.291238
5809,0.019183,0.010232,0.248121,0.048014,0.030664,0.3082
5810,0.024627,0.013337,0.25807,0.042628,0.028546,0.32458
5811,0.022729,0.012764,0.303664,0.043852,0.027067,0.366224
5812,0.021617,0.012461,0.244479,0.0276,0.027766,0.306323
5813,0.019658,0.012117,0.234696,0.037368,0.024755,0.291226
5814,0.019741,0.010956,0.272855,0.037473,0.037626,0.341178
5815,0.023724,0.014043,0.363144,0.053373,0.032092,0.433003
5816,0.025824,0.013799,0.254148,0.043472,0.02654,0.320311
5817,0.021713,0.012387,0.254075,0.039401,0.059446,0.347621
5818,0.031247,0.013102,0.262784,0.041577,0.025239,0.332372
5819,0.020814,0.011323,0.27169,0.045652,0.032342,0.336169
5820,0.02402,0.012986,0.25408,0.041157,0.025764,0.31685
5821,0.02076,0.012085,0.246071,0.032669,0.02396,0.302876
5822,0.019028,0.010989,0.23844,0.036491,0.029029,0.297486
5823,0.023914,0.013493,0.258919,0.042446,0.027065,0.323391
5824,0.021451,0.012308,0.259273,0.049133,0.026797,0.319829
5825,0.021326,0.012743,0.2903,0.080454,0.026523,0.350892
5826,0.021556,0.012924,0.249819,0.037177,0.02843,0.312729
5827,0.021851,0.012423,0.268803,0.05616,0.029445,0.332522
5828,0.023008,0.012432,0.247904,0.038088,0.026276,0.30962
5829,0.022397,0.012315,0.24686,0.037643,0.027042,0.308614
5830,0.023279,0.012965,0.262134,0.039522,0.027868,0.326246
5831,0.02339,0.014128,0.28265,0.046027,0.026667,0.346835
5832,0.020805,0.012719,0.266853,0.044637,0.027332,0.327709
5833,0.022742,0.012368,0.273035,0.048635,0.031748,0.339893
5834,0.024961,0.014745,0.269695,0.043811,0.028162,0.337563
5835,0.023126,0.012945,0.251649,0.036767,0.027474,0.315194
5836,0.02182,0.012459,0.259986,0.045619,0.025325,0.31959
5837,0.02032,0.011408,0.240465,0.03462,0.027001,0.299194
5838,0.020394,0.012098,0.24971,0.035036,0.027994,0.310196
5839,0.022428,0.012081,0.242653,0.035864,0.034767,0.311929
5840,0.022344,0.013072,0.242379,0.034078,0.026168,0.303963
5841,0.021879,0.012675,0.251302,0.040077,0.026133,0.311989
5842,0.021063,0.012151,0.29091,0.043293,0.037381,0.361505
5843,0.022145,0.01209,0.240907,0.028985,0.023217,0.298359
5844,0.019199,0.010807,0.256358,0.044159,0.031025,0.317389
5845,0.023914,0.013428,0.251648,0.034662,0.02321,0.3122
5846,0.018207,0.011092,0.261881,0.035469,0.025145,0.316325
5847,0.020271,0.011614,0.239943,0.034238,0.025877,0.297705
5848,0.021427,0.017498,0.249129,0.037155,0.028827,0.316881
5849,0.02346,0.013712,0.281794,0.041971,0.02918,0.348146
5850,0.023641,0.013939,0.257265,0.039771,0.025904,0.320749
5851,0.021623,0.011734,0.232825,0.027129,0.023731,0.289913
5852,0.019413,0.011844,0.278437,0.047445,0.028688,0.338382
5853,0.022824,0.012472,0.257905,0.044062,0.03145,0.324651
5854,0.026126,0.013875,0.253014,0.041546,0.028834,0.321849
5855,0.024152,0.013383,0.273666,0.043387,0.029413,0.340614
5856,0.021985,0.012736,0.28488,0.041779,0.037703,0.357304
5857,0.020884,0.009632,0.243439,0.036483,0.025626,0.299581
5858,0.020492,0.011434,0.264519,0.046388,0.030065,0.32651
5859,0.023951,0.012437,0.250391,0.032522,0.023294,0.310073
5860,0.017323,0.010188,0.240463,0.036734,0.060772,0.328746
5861,0.026977,0.013202,0.264219,0.03764,0.02477,0.329168
5862,0.020131,0.010973,0.224372,0.037654,0.01922,0.274696
5863,0.019783,0.011363,0.238652,0.028748,0.024121,0.293919
5864,0.019981,0.011383,0.254853,0.037338,0.032688,0.318905
5865,0.046321,0.021104,0.252183,0.041523,0.026158,0.345766
5866,0.021797,0.021466,0.256853,0.043962,0.026489,0.326605
5867,0.020119,0.011595,0.26366,0.038467,0.029035,0.324409
5868,0.024188,0.013695,0.251363,0.035417,0.026367,0.315613
5869,0.020935,0.011813,0.241131,0.033756,0.026744,0.300623
5870,0.022342,0.013569,0.29949,0.042348,0.027077,0.362478
5871,0.022259,0.012688,0.252796,0.04969,0.031274,0.319017
5872,0.019028,0.011369,0.24186,0.038902,0.027658,0.299915
5873,0.021626,0.012317,0.242522,0.026762,0.02364,0.300105
5874,0.029214,0.011018,0.227996,0.026044,0.022171,0.290399
5875,0.017845,0.010239,0.236614,0.025762,0.023122,0.28782
5876,0.019332,0.010093,0.230354,0.022899,0.022916,0.282695
5877,0.019176,0.010505,0.26062,0.036771,0.026126,0.316427
5878,0.021475,0.011681,0.232835,0.02918,0.0253,0.291291
5879,0.019707,0.011152,0.246808,0.040864,0.027392,0.305059
5880,0.021086,0.012021,0.246103,0.034679,0.025349,0.304559
5881,0.019882,0.011964,0.254369,0.037377,0.028176,0.314391
5882,0.02463,0.013163,0.259722,0.038641,0.027913,0.325428
5883,0.022422,0.012218,0.265134,0.039102,0.027365,0.327139
5884,0.021719,0.011863,0.265655,0.039899,0.060752,0.359989
5885,0.024473,0.013115,0.259513,0.039259,0.028207,0.325308
5886,0.021201,0.013171,0.273906,0.044152,0.026757,0.335035
5887,0.021797,0.012235,0.241779,0.038859,0.027656,0.303467
5888,0.021977,0.012887,0.241436,0.032065,0.024987,0.301287
5889,0.041821,0.012448,0.265262,0.035665,0.024873,0.344404
5890,0.021164,0.011362,0.226421,0.037077,0.024986,0.283933
5891,0.021698,0.013094,0.22637,0.036404,0.024771,0.285933
5892,0.02029,0.011205,0.245179,0.038682,0.031463,0.308137
5893,0.02232,0.012342,0.23854,0.03769,0.027137,0.300339
5894,0.021658,0.012945,0.245574,0.039362,0.019111,0.299288
5895,0.014637,0.008356,0.229527,0.031627,0.026632,0.279152
5896,0.022278,0.013246,0.263042,0.035554,0.02708,0.325646
5897,0.022168,0.012875,0.254702,0.03649,0.02529,0.315035
5898,0.020571,0.011447,0.239817,0.03286,0.023699,0.295534
5899,0.021186,0.012618,0.263707,0.045137,0.024089,0.3216
5900,0.01958,0.010997,0.239113,0.031594,0.026694,0.296384
5901,0.021073,0.012858,0.247346,0.034681,0.02658,0.307857
5902,0.021908,0.012781,0.300285,0.040217,0.026894,0.361868
5903,0.019705,0.011435,0.250616,0.043274,0.029175,0.310931
5904,0.027946,0.015071,0.259215,0.03861,0.026071,0.328303
5905,0.021146,0.011476,0.255257,0.032294,0.030011,0.31789
5906,0.021777,0.013021,0.234189,0.029437,0.024323,0.29331
5907,0.020089,0.011273,0.248843,0.03719,0.026783,0.306988
5908,0.02207,0.011499,0.230616,0.029511,0.025094,0.289279
5909,0.020469,0.010862,0.240558,0.028585,0.025761,0.29765
5910,0.020332,0.011915,0.230625,0.032059,0.025371,0.288243
5911,0.020634,0.012341,0.242187,0.032335,0.024385,0.299547
5912,0.019795,0.011028,0.24755,0.030554,0.024935,0.303308
5913,0.020427,0.012111,0.237028,0.030104,0.023956,0.293522
5914,0.018787,0.010985,0.227747,0.027895,0.023555,0.281074
5915,0.019394,0.010899,0.222107,0.026359,0.033076,0.285476
5916,0.018842,0.01035,0.233939,0.03281,0.026988,0.290119
5917,0.02253,0.012706,0.274683,0.036888,0.028767,0.338686
5918,0.023001,0.013766,0.257182,0.04447,0.0346,0.328549
5919,0.02879,0.013169,0.262759,0.044503,0.027143,0.331861
5920,0.023091,0.011584,0.247965,0.030965,0.030584,0.313224
5921,0.026511,0.011538,0.24892,0.037139,0.024948,0.311917
5922,0.023079,0.01366,0.269514,0.042102,0.026909,0.333162
5923,0.022265,0.012827,0.245112,0.036369,0.026026,0.30623
5924,0.021002,0.011824,0.241037,0.029359,0.023652,0.297515
5925,0.01962,0.010774,0.243148,0.026105,0.023667,0.297209
5926,0.018902,0.010487,0.230354,0.023605,0.023054,0.282797
5927,0.018486,0.009745,0.237521,0.024252,0.022973,0.288725
5928,0.018464,0.010125,0.241591,0.022971,0.022528,0.292708
5929,0.018463,0.010135,0.229053,0.02215,0.022661,0.280312
5930,0.018762,0.009962,0.223967,0.021672,0.022093,0.274784
5931,0.018346,0.009683,0.228933,0.021505,0.022484,0.279446
5932,0.018703,0.009956,0.241064,0.022885,0.022687,0.29241
5933,0.018662,0.010042,0.227572,0.021882,0.021975,0.278251
5934,0.01806,0.009983,0.227831,0.022072,0.02255,0.278424
5935,0.018198,0.009936,0.234665,0.022178,0.023139,0.285938
5936,0.018196,0.010415,0.228403,0.023583,0.022552,0.279566
5937,0.018194,0.010314,0.228394,0.022101,0.022425,0.279327
5938,0.018223,0.009908,0.229212,0.022243,0.022094,0.279437
5939,0.018988,0.010334,0.235255,0.023747,0.022175,0.286752
5940,0.018645,0.010077,0.234719,0.02355,0.023662,0.287103
5941,0.019652,0.010435,0.228304,0.027653,0.024548,0.282939
5942,0.02083,0.010738,0.237206,0.024032,0.022355,0.291129
5943,0.019084,0.010136,0.232638,0.025385,0.02289,0.284748
5944,0.018636,0.010182,0.226052,0.021649,0.022146,0.277016
5945,0.018253,0.009836,0.225162,0.021532,0.022175,0.275426
5946,0.01843,0.010055,0.230246,0.021498,0.022223,0.280954
5947,0.018422,0.00973,0.224556,0.022001,0.022059,0.274767
5948,0.018342,0.009611,0.224857,0.02206,0.022199,0.275009
5949,0.01834,0.009961,0.223532,0.021807,0.027642,0.279475
5950,0.019298,0.009541,0.222492,0.020984,0.021821,0.273152
5951,0.018158,0.009824,0.219115,0.021327,0.024117,0.271214
5952,0.019839,0.011722,0.259085,0.04699,0.028659,0.319305
5953,0.023939,0.012934,0.267011,0.045407,0.027447,0.331331
5954,0.022284,0.011868,0.238672,0.033973,0.023321,0.296145
5955,0.019848,0.010982,0.232228,0.029884,0.023578,0.286636
5956,0.019954,0.011247,0.253777,0.046021,0.026126,0.311104
5957,0.021979,0.012553,0.267112,0.043551,0.025854,0.327498
5958,0.021035,0.01209,0.239469,0.03343,0.024858,0.297452
5959,0.020518,0.011455,0.363989,0.040708,0.032674,0.428636
5960,0.026133,0.018238,0.257589,0.045171,0.026883,0.328843
5961,0.022519,0.012007,0.251968,0.040126,0.028192,0.314686
5962,0.02493,0.011384,0.229208,0.040899,0.024576,0.290098
5963,0.020931,0.011848,0.239069,0.033715,0.025218,0.297066
5964,0.021742,0.012315,0.250179,0.031169,0.02296,0.307196
5965,0.019655,0.01062,0.24717,0.025509,0.023603,0.301048
5966,0.019533,0.010571,0.231773,0.024078,0.022778,0.284655
5967,0.018721,0.010075,0.230586,0.023272,0.022651,0.282033
5968,0.019185,0.010195,0.231082,0.023838,0.023009,0.283471
5969,0.018208,0.010006,0.23681,0.023357,0.022144,0.287168
5970,0.018512,0.010154,0.22567,0.021792,0.022922,0.277258
5971,0.018389,0.010378,0.228091,0.021589,0.022442,0.2793
5972,0.018539,0.010131,0.233911,0.023357,0.025658,0.288239
5973,0.020424,0.0108,0.227336,0.027698,0.024153,0.282713
5974,0.019757,0.010953,0.232758,0.026769,0.021316,0.284784
5975,0.017911,0.010273,0.238374,0.033887,0.02479,0.291348
5976,0.019687,0.011695,0.25711,0.033562,0.025182,0.313674
5977,0.020811,0.011845,0.243954,0.037229,0.027901,0.304511
5978,0.022937,0.012751,0.255205,0.04258,0.027398,0.318291
5979,0.021795,0.013003,0.26608,0.040247,0.027696,0.328574
5980,0.023506,0.012582,0.260959,0.039656,0.027541,0.324588
5981,0.022395,0.012445,0.244203,0.028068,0.024133,0.303176
5982,0.019588,0.010847,0.24438,0.026094,0.023516,0.298331
5983,0.01916,0.010414,0.234062,0.023761,0.023255,0.286891
5984,0.019019,0.010447,0.228677,0.022082,0.022843,0.280986
5985,0.018703,0.010582,0.226128,0.021366,0.023,0.278413
5986,0.018276,0.019018,0.278402,0.045171,0.02782,0.343516
5987,0.023741,0.012291,0.218519,0.031669,0.026963,0.281514
5988,0.021206,0.012669,0.232403,0.038692,0.019559,0.285837
5989,0.015177,0.008768,0.206158,0.031511,0.01809,0.248193
5990,0.018547,0.010967,0.242331,0.052868,0.019099,0.290944
5991,0.015249,0.008631,0.175575,0.026002,0.024234,0.223689
5992,0.019079,0.010956,0.169181,0.025186,0.016255,0.215471
5993,0.012081,0.007008,0.207461,0.026402,0.026109,0.252659
5994,0.021098,0.012882,0.267057,0.039579,0.023914,0.324951
5995,0.017371,0.009957,0.250866,0.050177,0.031902,0.310096
5996,0.024278,0.013514,0.225586,0.035314,0.02471,0.288088
5997,0.020437,0.012722,0.236502,0.032566,0.023287,0.292948
5998,0.018897,0.010882,0.23797,0.029884,0.02589,0.293639
5999,0.021172,0.0117,0.242982,0.031561,0.026228,0.302082
6000,0.021136,0.02304,0.236789,0.029208,0.024091,0.305056
6001,0.020717,0.0119,0.237059,0.034961,0.027528,0.297204
6002,0.021809,0.012592,0.249007,0.039803,0.026605,0.310013
6003,0.021612,0.01271,0.255929,0.033951,0.025654,0.315905
6004,0.021068,0.012073,0.235141,0.031558,0.025668,0.29395
6005,0.019506,0.011147,0.239898,0.0344,0.027333,0.297884
6006,0.02242,0.012836,0.277107,0.040528,0.029911,0.342274
6007,0.023207,0.012993,0.257608,0.044135,0.027725,0.321533
6008,0.023046,0.012329,0.246115,0.036715,0.025502,0.306992
6009,0.022227,0.012181,0.259258,0.051227,0.02767,0.321336
6010,0.021806,0.011557,0.251106,0.039107,0.028395,0.312864
6011,0.022372,0.013305,0.264259,0.039306,0.031502,0.331438
6012,0.018898,0.010799,0.224302,0.041458,0.026828,0.280827
6013,0.020117,0.012622,0.241196,0.039787,0.025838,0.299773
6014,0.021875,0.012622,0.267636,0.034419,0.019049,0.321182
6015,0.015412,0.00893,0.21466,0.035772,0.019405,0.258407
6016,0.015229,0.008487,0.222999,0.032852,0.025236,0.271951
6017,0.021111,0.013032,0.227678,0.033242,0.024868,0.286689
6018,0.019701,0.011753,0.241822,0.038114,0.027223,0.300499
6019,0.021328,0.012382,0.295919,0.054998,0.029223,0.358852
6020,0.02377,0.013745,0.250402,0.039599,0.02595,0.313867
6021,0.02208,0.011868,0.234282,0.033969,0.024856,0.293086
6022,0.018388,0.01052,0.245258,0.030243,0.024048,0.298214
6023,0.019872,0.010899,0.236424,0.030182,0.026812,0.294007
6024,0.02167,0.012051,0.275898,0.043389,0.028287,0.337906
6025,0.023401,0.014038,0.223793,0.040111,0.037701,0.298933
6026,0.020872,0.012402,0.239161,0.031699,0.025911,0.298346
6027,0.020985,0.011641,0.231979,0.031216,0.023466,0.288071
6028,0.019314,0.011282,0.22351,0.025732,0.022954,0.27706
6029,0.018481,0.010303,0.239267,0.02852,0.022278,0.290329
6030,0.019226,0.015282,0.224861,0.025401,0.023146,0.282515
6031,0.018809,0.010554,0.226713,0.024378,0.022293,0.278369
6032,0.018789,0.010004,0.222124,0.0223,0.030578,0.281495
6033,0.018458,0.010447,0.225827,0.023672,0.023149,0.277881
6034,0.018554,0.010449,0.225126,0.022718,0.022098,0.276227
6035,0.018103,0.009859,0.221139,0.02296,0.022382,0.271483
6036,0.018516,0.010083,0.228207,0.023978,0.024665,0.281471
6037,0.019538,0.010944,0.238237,0.029118,0.024737,0.293456
6038,0.020837,0.011352,0.238914,0.028424,0.02362,0.294723
6039,0.019964,0.010996,0.226172,0.026031,0.035546,0.292678
6040,0.019695,0.0108,0.231972,0.026593,0.022682,0.285149
6041,0.019019,0.010585,0.238604,0.032475,0.0267,0.294908
6042,0.027631,0.032663,0.222761,0.032126,0.025978,0.309033
6043,0.020517,0.011775,0.241948,0.038394,0.026032,0.300272
6044,0.021062,0.01221,0.246953,0.035641,0.025417,0.305642
6045,0.030037,0.031623,0.203669,0.029213,0.019309,0.284638
6046,0.018023,0.01018,0.234843,0.043949,0.025133,0.288179
6047,0.019842,0.011761,0.227081,0.034276,0.024739,0.283423
6048,0.020613,0.012722,0.267172,0.037239,0.025425,0.325932
6049,0.020621,0.011923,0.942437,0.038922,0.046656,1.021637
6050,0.033715,0.0185,0.323986,0.072426,0.031212,0.407413
6051,0.025195,0.014815,0.271934,0.045671,0.060587,0.372531
6052,0.025544,0.015364,0.23712,0.049402,0.02183,0.299858
6053,0.019902,0.013449,0.279355,0.044021,0.03017,0.342876
6054,0.023508,0.014054,0.276239,0.041146,0.030964,0.344765
6055,0.018347,0.010954,0.206398,0.03973,0.027364,0.263063
6056,0.021296,0.012062,0.195766,0.029501,0.022658,0.251782
6057,0.019568,0.011192,0.235094,0.032736,0.024589,0.290443
6058,0.019583,0.01095,0.240672,0.032492,0.027204,0.298409
6059,0.021557,0.012945,0.260178,0.039923,0.030014,0.324694
6060,0.03514,0.013323,0.250794,0.042325,0.027735,0.326992
6061,0.023271,0.014132,0.28226,0.048102,0.031837,0.3515
6062,0.023744,0.014202,0.267495,0.045804,0.028759,0.3342
6063,0.02274,0.019392,0.273188,0.050246,0.030526,0.345846
6064,0.024419,0.013962,0.266618,0.048408,0.032851,0.33785
6065,0.023928,0.018951,0.270536,0.049235,0.032313,0.345728
6066,0.025252,0.014221,0.259304,0.047162,0.026194,0.324971
6067,0.023385,0.013686,0.303193,0.049185,0.028297,0.368561
6068,0.022618,0.012773,0.245743,0.036882,0.02546,0.306594
6069,0.021005,0.012466,0.25959,0.03621,0.026933,0.319994
6070,0.020428,0.011122,0.24511,0.038481,0.031763,0.308423
6071,0.02213,0.012824,0.235327,0.043834,0.026863,0.297144
6072,0.033221,0.012101,0.246294,0.034123,0.024299,0.315915
6073,0.019309,0.012468,0.249522,0.032846,0.025926,0.307225
6074,0.019681,0.011002,0.250509,0.036887,0.027997,0.309189
6075,0.045794,0.041483,0.239952,0.044442,0.028489,0.355718
6076,0.017025,0.009694,0.236868,0.039838,0.025212,0.288799
6077,0.020146,0.011406,0.230788,0.026758,0.022474,0.284814
6078,0.018563,0.009999,0.226112,0.024588,0.02457,0.279244
6079,0.019338,0.010679,0.241058,0.033123,0.026719,0.297794
6080,0.021116,0.012199,0.251369,0.045579,0.021667,0.306351
6081,0.015992,0.009291,0.246471,0.041928,0.025694,0.297448
6082,0.020278,0.009563,0.237612,0.037719,0.02565,0.293103
6083,0.021797,0.01274,0.252682,0.037697,0.027641,0.31486
6084,0.022145,0.012817,0.252882,0.033693,0.018518,0.306362
6085,0.058633,0.012877,0.227581,0.034772,0.024222,0.323313
6086,0.019937,0.010823,0.233571,0.032456,0.024242,0.288573
6087,0.019821,0.011955,0.274505,0.048001,0.029337,0.335618
6088,0.025102,0.014611,0.28113,0.04704,0.026884,0.347727
6089,0.020621,0.013114,0.247786,0.040885,0.026341,0.307862
6090,0.021367,0.011909,0.24223,0.034973,0.025275,0.300781
6091,0.020227,0.011392,0.247502,0.030579,0.023523,0.302644
6092,0.01953,0.012048,0.252013,0.035421,0.027451,0.311042
6093,0.021606,0.012541,0.241917,0.032359,0.024675,0.300739
6094,0.019837,0.010764,0.234731,0.026921,0.024242,0.289574
6095,0.02003,0.010719,0.226892,0.026177,0.023051,0.280692
6096,0.01961,0.012069,0.281156,0.040034,0.030463,0.343298
6097,0.023326,0.013461,0.257849,0.042423,0.026576,0.321212
6098,0.021354,0.012748,0.245712,0.033652,0.023293,0.303107
6099,0.018278,0.0106,0.231014,0.025955,0.022656,0.282548
6100,0.018518,0.010454,0.227959,0.024105,0.023335,0.280266
6101,0.018368,0.010139,0.241369,0.024504,0.024032,0.293908
6102,0.020031,0.011306,0.231498,0.022533,0.023404,0.286239
6103,0.019899,0.010416,0.227107,0.02364,0.022268,0.27969
6104,0.01913,0.010548,0.248275,0.044876,0.026921,0.304874
6105,0.021959,0.011683,0.235929,0.025944,0.023598,0.293169
6106,0.018932,0.01056,0.228132,0.023569,0.02229,0.279914
6107,0.018813,0.010489,0.229227,0.024524,0.022146,0.280675
6108,0.024778,0.010136,0.226027,0.023323,0.022714,0.283655
6109,0.017888,0.010011,0.22677,0.023656,0.022142,0.276811
6110,0.018038,0.009843,0.22354,0.02252,0.021777,0.273198
6111,0.018016,0.010441,0.236644,0.023503,0.0227,0.287801
6112,0.01859,0.010333,0.227764,0.023628,0.023289,0.279976
6113,0.018846,0.010255,0.228147,0.023085,0.022603,0.279851
6114,0.018563,0.010174,0.225331,0.022299,0.023079,0.277147
6115,0.018739,0.010353,0.234113,0.02339,0.022174,0.285379
6116,0.018334,0.010323,0.227937,0.022318,0.022219,0.278813
6117,0.018509,0.009889,0.223846,0.021633,0.022198,0.274442
6118,0.01788,0.010124,0.232599,0.02983,0.022598,0.283201
6119,0.018554,0.010262,0.225114,0.021901,0.022429,0.276359
6120,0.018724,0.009854,0.214002,0.022556,0.021458,0.264038
6121,0.017811,0.009685,0.232795,0.024249,0.023351,0.283642
6122,0.017961,0.010058,0.220248,0.025449,0.023713,0.27198
6123,0.019721,0.011346,0.240745,0.038877,0.028853,0.300665
6124,0.023178,0.01287,0.264019,0.043975,0.02631,0.326377
6125,0.021998,0.011911,0.233442,0.029479,0.022426,0.289777
6126,0.017521,0.010495,0.213867,0.0282,0.022042,0.263925
6127,0.018693,0.010192,0.206586,0.025733,0.02079,0.256261
6128,0.018753,0.01063,0.247566,0.043328,0.028929,0.305878
6129,0.023566,0.013331,0.241169,0.034458,0.024394,0.30246
6130,0.020685,0.011021,0.232525,0.032118,0.025124,0.289355
6131,0.021091,0.011554,0.230098,0.033298,0.02526,0.288003
6132,0.021844,0.01215,0.251324,0.037903,0.022999,0.308317
6133,0.01958,0.010673,0.223917,0.030845,0.023088,0.277258
6134,0.019304,0.010368,0.218129,0.026282,0.021618,0.269419
6135,0.01809,0.00977,0.221664,0.024608,0.022493,0.272017
6136,0.018825,0.027018,0.238718,0.035392,0.031584,0.316145
6137,0.025409,0.013091,0.236994,0.040727,0.027327,0.302821
6138,0.022332,0.013141,0.245181,0.03669,0.026333,0.306987
6139,0.02158,0.012833,0.257901,0.030843,0.024105,0.316419
6140,0.019166,0.011054,0.231395,0.027889,0.024974,0.286589
6141,0.019928,0.011944,0.256769,0.036082,0.026706,0.315347
6142,0.019096,0.011084,0.226811,0.046242,0.028548,0.285539
6143,0.016991,0.009485,0.230246,0.036774,0.025653,0.282375
6144,0.020851,0.012586,0.235911,0.03073,0.023911,0.293259
6145,0.019303,0.011413,0.235356,0.030313,0.02502,0.291092
6146,0.020694,0.012946,0.244287,0.034243,0.024478,0.302405
6147,0.019596,0.010539,0.221562,0.025423,0.021888,0.273585
6148,0.018576,0.010218,0.220574,0.024083,0.021858,0.271226
6149,0.017953,0.009773,0.234218,0.024648,0.02448,0.286424
6150,0.0199,0.011148,0.284525,0.061537,0.021512,0.337085
6151,0.015828,0.009261,0.198942,0.03198,0.024271,0.248302
6152,0.018408,0.008789,0.216936,0.034526,0.03677,0.280903
6153,0.02333,0.01328,0.297484,0.048973,0.024901,0.358995
6154,0.021766,0.014351,0.227353,0.032888,0.025375,0.288845
6155,0.021856,0.012984,0.247169,0.037077,0.027414,0.309423
6156,0.031325,0.013168,0.243138,0.039376,0.024482,0.312113
6157,0.0194,0.010993,0.276793,0.069766,0.026098,0.333284
6158,0.020753,0.01148,0.251651,0.037306,0.026367,0.310251
6159,0.025629,0.013543,0.250467,0.046238,0.026434,0.316073
6160,0.022399,0.013185,0.242314,0.034889,0.024753,0.302651
6161,0.020185,0.011364,0.235249,0.033344,0.024659,0.291457
6162,0.021427,0.013011,0.316397,0.046439,0.029273,0.380108
6163,0.023575,0.013472,0.23913,0.030271,0.023496,0.299673
6164,0.019238,0.010251,0.223447,0.023355,0.022343,0.275279
6165,0.017916,0.009641,0.227803,0.022162,0.021991,0.277351
6166,0.01846,0.010166,0.222442,0.022072,0.02162,0.272688
6167,0.018098,0.009918,0.22247,0.021929,0.021954,0.27244
6168,0.018033,0.009504,0.226558,0.024029,0.023185,0.27728
6169,0.0189,0.010369,0.230731,0.023878,0.022716,0.282716
6170,0.018661,0.010249,0.219459,0.022282,0.021902,0.270271
6171,0.018233,0.009738,0.217564,0.021541,0.021931,0.267466
6172,0.0183,0.009967,0.228225,0.021256,0.021583,0.278075
6173,0.017978,0.00949,0.220095,0.021482,0.021786,0.269349
6174,0.018169,0.009666,0.216357,0.021083,0.021443,0.265635
6175,0.018276,0.009518,0.216961,0.022625,0.021153,0.265908
6176,0.017785,0.009575,0.224123,0.022752,0.021303,0.272786
6177,0.017745,0.009711,0.221735,0.022391,0.022338,0.271529
6178,0.01834,0.010053,0.222481,0.02246,0.021702,0.272576
6179,0.018208,0.009826,0.219592,0.021403,0.021619,0.269245
6180,0.017831,0.009747,0.214678,0.024825,0.022691,0.264947
6181,0.01918,0.009987,0.220294,0.021998,0.021854,0.271315
6182,0.018386,0.009801,0.216789,0.021009,0.021393,0.266369
6183,0.017513,0.009816,0.223615,0.021824,0.022026,0.27297
6184,0.018149,0.01005,0.216239,0.022302,0.021339,0.265777
6185,0.017685,0.009636,0.211322,0.022059,0.021169,0.259812
6186,0.017822,0.009484,0.217337,0.021268,0.021965,0.266608
6187,0.017587,0.009807,0.222533,0.021541,0.021699,0.271626
6188,0.017824,0.009773,0.216843,0.020859,0.021559,0.265999
6189,0.018153,0.009745,0.217971,0.021659,0.021816,0.267685
6190,0.018025,0.009837,0.219826,0.02248,0.022239,0.269927
6191,0.018075,0.009527,0.228596,0.023402,0.021892,0.27809
6192,0.018243,0.00952,0.216872,0.021341,0.02163,0.266265
6193,0.017837,0.009695,0.218289,0.021704,0.021471,0.267292
6194,0.017931,0.012009,0.222636,0.022402,0.028411,0.280987
6195,0.01827,0.009919,0.217374,0.021435,0.021706,0.267269
6196,0.01813,0.010302,0.217304,0.021033,0.022093,0.267829
6197,0.018308,0.009654,0.217521,0.02356,0.022501,0.267984
6198,0.017936,0.010509,0.22357,0.024885,0.022753,0.274768
6199,0.018965,0.010889,0.240295,0.03169,0.023567,0.293716
6200,0.019015,0.01053,0.224668,0.025823,0.022144,0.276357
6201,0.018007,0.009932,0.219824,0.024147,0.021769,0.269532
6202,0.017819,0.00984,0.309339,0.030174,0.023223,0.360221
6203,0.018585,0.010571,0.219585,0.024502,0.021521,0.270262
6204,0.017685,0.00974,0.216757,0.023507,0.022406,0.266588
6205,0.018094,0.009997,0.22829,0.026236,0.022775,0.279156
6206,0.018916,0.010394,0.222837,0.028464,0.024178,0.276325
6207,0.018776,0.010236,0.223366,0.026463,0.021689,0.274067
6208,0.018071,0.009621,0.215818,0.024856,0.022222,0.265732
6209,0.017939,0.010244,0.23331,0.025335,0.022844,0.284337
6210,0.018512,0.010448,0.218925,0.025565,0.022396,0.270281
6211,0.017893,0.009758,0.223636,0.029872,0.02384,0.275127
6212,0.023085,0.011161,0.240775,0.037325,0.029502,0.304523
6213,0.023599,0.013973,0.262879,0.036805,0.019506,0.319957
6214,0.017658,0.01121,0.22083,0.032411,0.026404,0.276102
6215,0.022143,0.012279,0.248143,0.037263,0.059179,0.341744
6216,0.038162,0.013477,0.193831,0.030184,0.023231,0.268701
6217,0.020237,0.014043,0.218081,0.029777,0.023947,0.276308
6218,0.019986,0.011171,0.231787,0.030311,0.02509,0.288034
6219,0.020197,0.012089,0.261167,0.035556,0.025968,0.319421
6220,0.022429,0.01199,0.241963,0.034265,0.023676,0.300058
6221,0.019679,0.010797,0.244377,0.032925,0.030064,0.304917
6222,0.024653,0.013774,0.287544,0.039278,0.026782,0.352753
6223,0.022331,0.01242,0.237621,0.035795,0.027653,0.300025
6224,0.022058,0.012828,0.237768,0.031994,0.024015,0.296669
6225,0.019241,0.011382,0.247954,0.032925,0.02769,0.306267
6226,0.022408,0.012567,0.21167,0.032729,0.025696,0.272341
6227,0.019375,0.011862,0.194616,0.028916,0.017487,0.24334
6228,0.022118,0.011021,0.232211,0.029806,0.024244,0.289594
6229,0.020575,0.011079,0.256286,0.034706,0.026456,0.314396
6230,0.046743,0.026879,0.234137,0.039995,0.031368,0.339127
6231,0.021237,0.011724,0.22156,0.03765,0.025396,0.279917
6232,0.021031,0.012198,0.264614,0.037682,0.026143,0.323986
6233,0.020541,0.011638,0.239272,0.031782,0.02407,0.295521
6234,0.019778,0.011865,0.245718,0.037881,0.061512,0.338873
6235,0.029301,0.012724,0.225296,0.048873,0.021646,0.288967
6236,0.014937,0.008484,0.221341,0.03471,0.027366,0.272128
6237,0.022347,0.012879,0.253678,0.037594,0.025479,0.314383
6238,0.021343,0.01247,0.240644,0.034103,0.025138,0.299595
6239,0.027907,0.011447,0.255423,0.040108,0.028008,0.322785
6240,0.029206,0.01448,0.21051,0.036731,0.027501,0.281697
6241,0.02015,0.01227,0.224599,0.040544,0.025501,0.28252
6242,0.020461,0.012487,0.252567,0.03543,0.025815,0.31133
6243,0.021975,0.012688,0.212981,0.032996,0.021642,0.269286
6244,0.018436,0.01078,0.213104,0.030578,0.022619,0.264939
6245,0.019889,0.011466,0.718745,0.030584,0.069009,0.819109
6246,0.033104,0.018496,0.338599,0.064678,0.033416,0.423615
6247,0.038765,0.015708,0.291077,0.05331,0.033557,0.379107
6248,0.026993,0.016126,0.294734,0.058691,0.032001,0.369854
6249,0.026228,0.015414,0.295673,0.068321,0.030462,0.367777
6250,0.024595,0.014556,0.260279,0.047409,0.026311,0.325741
6251,0.022801,0.012874,0.263692,0.048454,0.033426,0.332793
6252,0.025934,0.014957,0.33204,0.056381,0.032498,0.405429
6253,0.025277,0.01439,0.259969,0.04692,0.026935,0.326571
6254,0.022594,0.012727,0.25778,0.041997,0.031038,0.324139
6255,0.023217,0.012897,0.278908,0.050255,0.032237,0.347259
6256,0.024514,0.013871,0.301723,0.050255,0.036156,0.376264
6257,0.024297,0.014674,0.255793,0.04875,0.028442,0.323206
6258,0.023296,0.013583,0.279447,0.048316,0.031893,0.348219
6259,0.023069,0.013884,0.25948,0.04718,0.027308,0.323741
6260,0.02263,0.013308,0.269247,0.044637,0.027644,0.332829
6261,0.046819,0.035188,0.274646,0.052318,0.033701,0.390354
6262,0.022623,0.013093,0.257032,0.04596,0.02759,0.320338
6263,0.021912,0.012266,0.244448,0.035485,0.024481,0.303107
6264,0.020016,0.011655,0.252085,0.031811,0.026643,0.310399
6265,0.021668,0.012906,0.267229,0.040711,0.033234,0.335037
6266,0.02349,0.013449,0.254682,0.04428,0.028968,0.320589
6267,0.024684,0.012883,0.260932,0.041993,0.026132,0.324631
6268,0.021056,0.012161,0.244662,0.035266,0.02693,0.304809
6269,0.021392,0.011954,0.251886,0.035059,0.025977,0.311209
6270,0.020771,0.012135,0.264869,0.037624,0.027363,0.325138
6271,0.02274,0.012383,0.239317,0.031159,0.025169,0.299609
6272,0.021135,0.01249,0.250918,0.036578,0.026597,0.31114
6273,0.022627,0.012763,0.255773,0.03783,0.02783,0.318993
6274,0.022989,0.012687,0.246898,0.031985,0.02576,0.308334
6275,0.020543,0.011708,0.249584,0.034482,0.026939,0.308774
6276,0.021243,0.012708,0.294628,0.058753,0.028578,0.357157
6277,0.023781,0.013189,0.269087,0.047104,0.03135,0.337407
6278,0.025006,0.01487,0.267666,0.041143,0.027164,0.334706
6279,0.02253,0.013878,0.263389,0.037028,0.026319,0.326116
6280,0.02259,0.012487,0.248152,0.034283,0.026787,0.310016
6281,0.021162,0.012593,0.257776,0.037478,0.028844,0.320375
6282,0.023192,0.012178,0.260974,0.043057,0.026463,0.322807
6283,0.02119,0.012287,0.237581,0.032697,0.025052,0.29611
6284,0.020442,0.011918,0.236844,0.031471,0.027028,0.296232
6285,0.022501,0.013113,0.281289,0.04678,0.056179,0.373082
6286,0.021772,0.01247,0.239735,0.035433,0.025867,0.299844
6287,0.020286,0.012106,0.257473,0.038576,0.024102,0.313967
6288,0.020401,0.011353,0.234742,0.025705,0.023308,0.289804
6289,0.026735,0.010842,0.233804,0.024497,0.022592,0.293973
6290,0.018633,0.00998,0.227375,0.022036,0.022106,0.278094
6291,0.017974,0.010317,0.22693,0.021504,0.023294,0.278515
6292,0.018792,0.009955,0.235866,0.0224,0.022553,0.287166
6293,0.019023,0.009887,0.226242,0.021619,0.022296,0.277448
6294,0.018409,0.009683,0.224087,0.023066,0.022651,0.27483
6295,0.01861,0.01011,0.226544,0.02964,0.029638,0.284902
6296,0.032329,0.013309,0.24738,0.040378,0.028553,0.321571
6297,0.023462,0.01342,0.250942,0.042553,0.02843,0.316254
6298,0.023416,0.013851,0.254754,0.043538,0.027115,0.319136
6299,0.020402,0.012515,0.259733,0.04452,0.028326,0.320976
6300,0.022831,0.012833,0.236814,0.037465,0.02859,0.301068
6301,0.022542,0.012692,0.246324,0.041867,0.026973,0.308531
6302,0.021543,0.012107,0.25636,0.03783,0.027394,0.317404
6303,0.022558,0.01346,0.228116,0.030298,0.030339,0.294473
6304,0.020366,0.009327,0.204399,0.035895,0.023032,0.257124
6305,0.015435,0.00913,0.198252,0.032881,0.038392,0.261209
6306,0.020005,0.012929,0.255243,0.038753,0.026098,0.314275
6307,0.01567,0.009399,0.232177,0.040643,0.027687,0.284933
6308,0.021663,0.012122,0.23719,0.036205,0.024378,0.295353
6309,0.019071,0.011458,0.254004,0.036255,0.028832,0.313365
6310,0.023948,0.014739,0.233215,0.035665,0.029546,0.301448
6311,0.022138,0.014085,0.212609,0.030756,0.026192,0.275024
6312,0.021258,0.012118,0.261316,0.035636,0.029773,0.324465
6313,0.023586,0.014475,0.265549,0.044353,0.028158,0.331768
6314,0.023505,0.013734,0.254799,0.037971,0.026254,0.318292
6315,0.021257,0.012412,0.244718,0.030058,0.023891,0.302278
6316,0.020336,0.011817,0.283091,0.058934,0.024922,0.340166
6317,0.018944,0.01091,0.23321,0.034255,0.028077,0.291141
6318,0.022536,0.012855,0.262931,0.038341,0.031936,0.330258
6319,0.021949,0.01151,0.220336,0.042873,0.019381,0.273176
6320,0.015261,0.009073,0.228447,0.034579,0.025009,0.27779
6321,0.020388,0.012391,0.279266,0.03507,0.029804,0.341849
6322,0.02907,0.012631,0.219819,0.036542,0.025468,0.286988
6323,0.020917,0.011917,0.252303,0.036371,0.028527,0.313664
6324,0.021047,0.012658,0.201953,0.031861,0.024102,0.25976
6325,0.019722,0.012342,0.249262,0.038496,0.02837,0.309696
6326,0.021046,0.013126,0.234221,0.033686,0.024928,0.293321
6327,0.020897,0.011477,0.240458,0.03555,0.027128,0.29996
6328,0.021338,0.012777,0.28066,0.058677,0.032028,0.346803
6329,0.022352,0.013436,0.2536,0.04558,0.027487,0.316875
6330,0.022167,0.012532,0.252819,0.041689,0.028283,0.315801
6331,0.023258,0.015539,0.268122,0.053666,0.027218,0.334137
6332,0.020573,0.011665,0.249357,0.046007,0.032103,0.313698
6333,0.02139,0.012206,0.235703,0.040595,0.028395,0.297694
6334,0.023295,0.012536,0.263043,0.03428,0.025459,0.324333
6335,0.020817,0.012099,0.245519,0.034973,0.025597,0.304032
6336,0.021889,0.011996,0.241255,0.030434,0.023625,0.298765
6337,0.019317,0.010768,0.240182,0.027873,0.026034,0.296301
6338,0.020492,0.011558,0.246465,0.02585,0.023245,0.30176
6339,0.019438,0.011187,0.231114,0.023762,0.023712,0.285451
6340,0.019524,0.010669,0.23148,0.023544,0.022549,0.284222
6341,0.018509,0.010407,0.236957,0.023811,0.022114,0.287987
6342,0.017971,0.010337,0.242515,0.030848,0.027638,0.298461
6343,0.022517,0.012149,0.241528,0.026498,0.024346,0.30054
6344,0.019837,0.010811,0.240215,0.033078,0.038913,0.309776
6345,0.031713,0.012735,0.203929,0.030323,0.025737,0.274114
6346,0.019715,0.011412,0.208406,0.03027,0.025013,0.264546
6347,0.021577,0.012343,0.256974,0.036284,0.026789,0.317683
6348,0.020966,0.011789,0.24999,0.02977,0.02372,0.306465
6349,0.019832,0.011089,0.233456,0.025471,0.023757,0.288134
6350,0.018883,0.010855,0.229829,0.024755,0.023145,0.282712
6351,0.018749,0.010394,0.23203,0.022799,0.023624,0.284797
6352,0.020653,0.011481,0.246855,0.033032,0.023441,0.30243
6353,0.019521,0.010359,0.232356,0.026754,0.023196,0.285432
6354,0.019341,0.010751,0.223913,0.024253,0.022653,0.276658
6355,0.018609,0.010062,0.231633,0.024202,0.023701,0.284005
6356,0.01929,0.010935,0.238952,0.024859,0.023391,0.292568
6357,0.018655,0.010686,0.240183,0.029745,0.027982,0.297506
6358,0.022756,0.021949,0.278081,0.047022,0.028565,0.351351
6359,0.022782,0.01437,0.263249,0.041935,0.02878,0.329181
6360,0.024008,0.013445,0.245924,0.032486,0.02302,0.306397
6361,0.019269,0.010938,4.423157,4.158871,0.042604,4.495968
6362,0.032244,0.018202,0.290977,0.050734,0.027399,0.368822
6363,0.022279,0.013494,0.272389,0.044917,0.045136,0.353298
6364,0.038667,0.01417,0.242367,0.050059,0.023971,0.319175
6365,0.017417,0.011444,0.252383,0.040252,0.028909,0.310153
6366,0.023534,0.013836,0.319847,0.074926,0.031,0.388217
6367,0.026206,0.015374,0.270973,0.049692,0.028489,0.341042
6368,0.023527,0.0135,0.270441,0.042822,0.029252,0.33672
6369,0.023568,0.013109,0.277607,0.062228,0.03067,0.344954
6370,0.023924,0.014729,0.26909,0.049721,0.03032,0.338063
6371,0.021153,0.012708,0.265733,0.04757,0.03005,0.329644
6372,0.024315,0.01423,0.269731,0.050778,0.026439,0.334715
6373,0.021824,0.013186,0.258394,0.045069,0.030902,0.324306
6374,0.02484,0.014382,0.261367,0.044888,0.027281,0.32787
6375,0.02208,0.012634,0.260783,0.05177,0.023961,0.319458
6376,0.020176,0.015672,0.256774,0.037611,0.030327,0.322949
6377,0.023498,0.014121,0.245848,0.033309,0.025488,0.308955
6378,0.021502,0.01215,0.256196,0.038165,0.028978,0.318826
6379,0.023385,0.013786,0.251171,0.039541,0.025564,0.313906
6380,0.021742,0.012714,0.252254,0.037381,0.03082,0.31753
6381,0.024845,0.013945,0.312873,0.047254,0.027702,0.379365
6382,0.020301,0.012134,0.246388,0.042606,0.028278,0.307101
6383,0.017311,0.010619,0.223875,0.037796,0.02548,0.277285
6384,0.020131,0.011515,0.244126,0.034506,0.028485,0.304257
6385,0.022935,0.026481,0.254406,0.031202,0.02623,0.330052
6386,0.020719,0.0116,0.238245,0.03048,0.026628,0.297192
6387,0.020777,0.012509,0.243277,0.038664,0.020008,0.296571
6388,0.015282,0.009451,0.239556,0.036435,0.02876,0.293049
6389,0.022968,0.013795,0.273034,0.047286,0.033519,0.343316
6390,0.024391,0.014472,0.251777,0.048226,0.027256,0.317896
6391,0.022053,0.01239,0.260361,0.036311,0.027656,0.32246
6392,0.021984,0.012933,0.251079,0.04547,0.021034,0.30703
6393,0.020356,0.012112,0.243529,0.041876,0.063637,0.339634
6394,0.028683,0.013556,3.351855,0.067662,0.042549,3.436643
6395,0.029833,0.018579,0.294924,0.048487,0.029504,0.37284
6396,0.025091,0.014412,0.259809,0.044432,0.027239,0.326551
6397,0.03224,0.014378,0.255142,0.041479,0.025504,0.327264
6398,0.020284,0.013138,0.242477,0.037404,0.026348,0.302247
6399,0.02236,0.012417,0.241253,0.034109,0.024536,0.300566
6400,0.020189,0.011071,0.24924,0.026522,0.02271,0.30321
6401,0.019241,0.010547,0.228529,0.023278,0.022799,0.281116
6402,0.018645,0.010325,0.230049,0.023037,0.022593,0.281612
6403,0.018857,0.010074,0.235168,0.029653,0.022457,0.286556
6404,0.018605,0.010022,0.231075,0.022568,0.022128,0.28183
6405,0.018415,0.009877,0.226412,0.022735,0.022526,0.27723
6406,0.018484,0.00997,0.230632,0.022759,0.022257,0.281343
6407,0.018147,0.010023,0.242867,0.023578,0.022548,0.293585
6408,0.018468,0.009761,0.220866,0.022417,0.020629,0.269724
6409,0.018349,0.010001,0.241813,0.037574,0.029198,0.299361
6410,0.023464,0.013678,0.24951,0.043758,0.025795,0.312447
6411,0.02164,0.01257,0.241666,0.039363,0.026441,0.302317
6412,0.020961,0.012346,0.233572,0.034521,0.024349,0.291228
6413,0.02044,0.011891,0.227591,0.036198,0.037775,0.297697
6414,0.022611,0.01309,0.231272,0.031899,0.026392,0.293365
6415,0.022349,0.011954,0.243181,0.0293,0.023331,0.300815
6416,0.019197,0.010646,0.232144,0.024029,0.02268,0.284667
6417,0.019369,0.010364,0.238385,0.02387,0.022447,0.290565
6418,0.018825,0.010299,0.226784,0.022825,0.022778,0.278686
6419,0.018315,0.010073,0.225854,0.021645,0.022434,0.276676
6420,0.018601,0.009716,0.231286,0.021226,0.02288,0.282483
6421,0.018778,0.010109,0.226421,0.021635,0.021713,0.277021
6422,0.018746,0.009889,0.226828,0.02226,0.022555,0.278018
6423,0.018683,0.010047,0.226818,0.022658,0.022248,0.277796
6424,0.018396,0.009779,0.231577,0.026723,0.026881,0.286633
6425,0.022222,0.012032,0.237878,0.035179,0.025565,0.297697
6426,0.02039,0.011121,0.231009,0.032098,0.025065,0.287585
6427,0.020208,0.012031,0.242665,0.031477,0.024124,0.299028
6428,0.020435,0.012066,0.240357,0.038984,0.024778,0.297636
6429,0.020869,0.012039,0.242186,0.037867,0.028502,0.303596
6430,0.022313,0.012844,0.236085,0.035481,0.024356,0.295598
6431,0.031123,0.012455,0.231926,0.035777,0.026507,0.302011
6432,0.020066,0.011178,0.231854,0.035081,0.024419,0.287517
6433,0.019914,0.011457,0.226156,0.032521,0.026158,0.283685
6434,0.021232,0.011523,0.632273,0.04929,0.522358,1.187386
6435,0.037824,0.023219,14.238606,11.576126,0.046767,14.346416
6436,0.033161,0.019227,0.31214,0.05394,0.027487,0.392015
6437,0.02246,0.012661,0.265824,0.030615,0.024647,0.325592
6438,0.020791,0.010877,0.232573,0.02962,0.025747,0.289988
6439,0.021388,0.01187,0.239824,0.035602,0.025039,0.298121
6440,0.019922,0.011446,0.248441,0.049829,0.025523,0.305332
6441,0.02159,0.011845,0.235114,0.034605,0.024361,0.29291
6442,0.020558,0.011277,0.253226,0.042731,0.027453,0.312514
6443,0.021262,0.01204,0.245035,0.038514,0.026081,0.304418
6444,0.022157,0.011703,0.227969,0.033638,0.022923,0.284752
6445,0.019879,0.010256,0.230684,0.034769,0.024545,0.285364
6446,0.019,0.011078,0.218493,0.030326,0.023134,0.271705
6447,0.019515,0.010598,0.24596,0.032108,0.024211,0.300284
6448,0.020438,0.011144,0.224482,0.033022,0.024412,0.280476
6449,0.022191,0.013088,0.251741,0.030739,0.023491,0.310511
6450,0.019037,0.01031,0.239721,0.031905,0.022306,0.291374
6451,0.018886,0.010214,0.229011,0.022428,0.022435,0.280546
6452,0.018857,0.010231,0.228867,0.021612,0.022151,0.280106
6453,0.018549,0.01001,0.226323,0.021588,0.022316,0.277198
6454,0.019034,0.010054,0.234298,0.023124,0.02194,0.285326
6455,0.018876,0.010239,0.229682,0.022684,0.0224,0.281197
6456,0.018499,0.009949,0.223569,0.022258,0.022024,0.274041
6457,0.018632,0.009579,0.227289,0.022265,0.020496,0.275996
6458,0.018094,0.010261,0.228772,0.023524,0.020883,0.27801
6459,0.016233,0.009003,0.220815,0.03006,0.025031,0.271082
6460,0.020646,0.01057,0.227261,0.029577,0.02604,0.284517
6461,0.020968,0.012305,0.258592,0.034572,0.025693,0.317558
6462,0.019846,0.010834,0.231763,0.034725,0.025126,0.287569
6463,0.019874,0.011099,0.231563,0.033703,0.026513,0.289049
6464,0.019971,0.01207,0.248822,0.045916,0.025449,0.306312
6465,0.020004,0.011647,0.231691,0.034125,0.024769,0.288111
6466,0.021057,0.011673,0.247803,0.038264,0.025967,0.3065
6467,0.020562,0.01213,0.244554,0.039939,0.031951,0.309197
6468,0.020107,0.011015,0.235594,0.034087,0.024435,0.291151
6469,0.020256,0.012897,0.230035,0.032593,0.023886,0.287074
6470,0.019822,0.010589,0.229118,0.024249,0.022432,0.281961
6471,0.018499,0.010013,0.237933,0.023705,0.022665,0.28911
6472,0.018783,0.009516,0.227972,0.021863,0.022335,0.278606
6473,0.018321,0.009821,0.227331,0.021358,0.022436,0.277909
6474,0.018475,0.009701,0.223101,0.021234,0.032554,0.283831
6475,0.018647,0.009644,0.228126,0.022391,0.021906,0.278323
6476,0.018281,0.009822,0.226554,0.022262,0.022516,0.277173
6477,0.018577,0.009753,5.325663,0.705643,0.81664,6.170633
6478,0.044651,0.031108,3.321759,1.400655,0.568677,3.966195
6479,0.035558,0.023213,0.355969,0.064717,0.034091,0.448831
6480,0.026126,0.015268,0.26455,0.045914,0.027694,0.333638
6481,0.023006,0.013099,0.257363,0.039996,0.030435,0.323903
6482,0.024056,0.013197,0.270042,0.032713,0.02398,0.331275
6483,0.020136,0.011058,0.232952,0.024195,0.023006,0.287152
6484,0.019251,0.010198,0.226235,0.023167,0.022882,0.278566
6485,0.01867,0.010217,0.240593,0.023391,0.02264,0.29212
6486,0.018379,0.009975,0.227043,0.022914,0.022517,0.277914
6487,0.018637,0.010378,0.228165,0.02243,0.0227,0.27988
6488,0.018425,0.009994,0.227928,0.022289,0.022001,0.278348
6489,0.018619,0.009734,0.237853,0.022885,0.022447,0.288653
6490,0.01855,0.009914,0.225775,0.022821,0.021981,0.27622
6491,0.018396,0.009917,0.221077,0.027848,0.025615,0.275005
6492,0.020472,0.010543,0.234396,0.02759,0.03152,0.296931
6493,0.019849,0.011521,0.230073,0.031768,0.026003,0.287446
6494,0.021332,0.011898,0.235235,0.032668,0.024403,0.292868
6495,0.019718,0.011259,0.226198,0.031936,0.025751,0.282926
6496,0.019844,0.010802,0.260097,0.035807,0.026241,0.316984
6497,0.020142,0.01165,0.228086,0.032901,0.023979,0.283857
6498,0.019493,0.01097,0.228524,0.034005,0.024826,0.283813
6499,0.019969,0.01119,0.251536,0.045861,0.026719,0.309414
6500,0.020082,0.012307,0.232339,0.03543,0.024018,0.288746
6501,0.019641,0.011718,0.237817,0.034752,0.025216,0.294392
6502,0.019328,0.010938,0.231852,0.032718,0.025381,0.287499
6503,0.031939,0.011444,0.233755,0.036659,0.024089,0.301227
6504,0.020021,0.012244,0.227894,0.033705,0.023912,0.284071
6505,0.019597,0.011405,0.245493,0.039766,0.027307,0.303802
6506,0.02046,0.011749,0.258803,0.040534,0.026923,0.317935
6507,0.021369,0.012178,0.231935,0.037917,0.022305,0.287787
6508,0.019099,0.01155,0.229937,0.032289,0.024333,0.284919
6509,0.020151,0.013123,0.457881,0.031292,4.265215,4.75637
6510,0.202274,0.036904,1.657591,0.073742,0.489092,2.385861
6511,0.04132,0.185351,2.403678,0.069278,0.044635,2.674984
6512,0.032025,0.018803,2.019962,0.065416,0.211215,2.282005
6513,0.03216,0.018616,1.085287,0.068191,0.03912,1.175183
6514,0.029405,0.017816,0.283639,0.053288,0.029292,0.360152
6515,0.02472,0.013269,0.267292,0.042837,0.026722,0.332003
6516,0.022681,0.012605,0.256983,0.048211,0.028464,0.320733
6517,0.023822,0.013004,0.251125,0.040053,0.02671,0.314661
6518,0.02981,0.01186,0.234877,0.037642,0.025504,0.302051
6519,0.021568,0.011374,0.232473,0.030415,0.038139,0.303554
6520,0.020771,0.01107,0.226093,0.032075,0.024209,0.282143
6521,0.019355,0.010848,0.225888,0.032161,0.022913,0.279004
6522,0.020419,0.011876,0.245114,0.037938,0.027355,0.304764
6523,0.021506,0.011629,0.200547,0.02756,0.017132,0.250814
6524,0.012757,0.007608,0.148894,0.017947,0.01485,0.184109
6525,0.011427,0.00703,0.148238,0.015931,0.014806,0.181501
6526,0.011712,0.006817,0.144615,0.016145,0.015132,0.178276
6527,0.01147,0.006375,0.140734,0.015611,0.014565,0.173144
6528,0.011235,0.006843,0.42611,0.248401,0.037806,0.481994
6529,0.025099,0.015764,2.768716,0.402354,0.686207,3.495786
6530,0.035261,0.019975,3.599489,1.428549,0.043809,3.698534
6531,0.232937,0.028076,0.357357,0.063697,0.032174,0.650544
6532,0.023746,0.013409,0.263027,0.031052,0.026548,0.32673
6533,0.02122,0.011588,0.243028,0.026019,0.023282,0.299118
6534,0.019103,0.010673,0.250981,0.024182,0.023287,0.304044
6535,0.018903,0.010479,0.231537,0.023507,0.022144,0.283063
6536,0.018532,0.010068,2.647451,0.075122,0.038928,2.714979
6537,0.029862,0.017631,0.273471,0.048285,0.030267,0.351231
6538,0.023963,0.014034,0.253401,0.041754,0.027133,0.318531
6539,0.022433,0.013502,0.260547,0.039501,0.027428,0.32391
6540,0.021312,0.016867,0.249377,0.038498,0.027948,0.315504
6541,0.022658,0.013566,0.257504,0.040921,0.027797,0.321525
6542,0.02229,0.01287,0.255115,0.04862,0.026662,0.316937
6543,0.021409,0.012389,0.234835,0.036734,0.02664,0.295273
6544,0.021223,0.011783,0.231285,0.034234,0.025424,0.289715
6545,0.019298,0.011038,0.230187,0.035359,0.040258,0.300781
6546,0.017965,0.009486,0.161658,0.024165,0.0169,0.206009
6547,0.012112,0.007206,0.149676,0.016998,0.015071,0.184065
6548,0.011736,0.006983,0.143026,0.015424,0.014626,0.176371
6549,0.01164,0.006737,0.145453,0.015932,0.01427,0.1781
6550,0.011676,0.006506,0.141294,0.015365,0.014117,0.173593
6551,0.01144,0.006423,0.217929,0.030963,0.024633,0.260425
6552,0.019194,0.01073,0.235168,0.034876,0.026311,0.291403
6553,0.021486,0.012146,0.244207,0.040266,0.02854,0.306379
6554,0.02035,0.01226,0.259229,0.054852,0.028045,0.319884
6555,0.022544,0.013171,0.271495,0.046133,0.02955,0.33676
6556,0.021558,0.012163,0.246584,0.038224,0.026795,0.3071
6557,0.020749,0.011686,0.266901,0.060287,0.022758,0.322094
6558,0.017861,0.010774,0.252094,0.037943,0.025253,0.305982
6559,0.019869,0.010978,0.245604,0.037401,0.027547,0.303998
6560,0.022138,0.012986,0.278444,0.043192,0.030288,0.343856
6561,0.022738,0.012232,0.253821,0.036882,0.026236,0.315027
6562,0.020449,0.011654,0.248544,0.038397,0.028255,0.308902
6563,0.021043,0.011898,0.269376,0.04011,0.027549,0.329866
6564,0.020036,0.011437,0.277079,0.036478,0.024118,0.33267
6565,0.020373,0.011262,0.249175,0.03999,0.02716,0.30797
6566,0.024071,0.032596,0.28322,0.040578,0.029583,0.36947
6567,0.02254,0.011991,0.246831,0.03613,0.025824,0.307186
6568,0.02164,0.013028,0.254689,0.043168,0.02949,0.318847
6569,0.020887,0.012454,0.253413,0.041039,0.036845,0.323599
6570,0.020885,0.012207,0.266523,0.047848,0.033193,0.332808
6571,0.026649,0.015341,0.261636,0.043785,0.029974,0.3336
6572,0.024941,0.014198,0.259365,0.042756,0.053309,0.351813
6573,0.022943,0.014179,0.271961,0.038278,0.02881,0.337893
6574,0.022731,0.013179,0.253348,0.031324,0.027541,0.316799
6575,0.021772,0.012999,0.265629,0.035575,0.028559,0.328959
6576,0.022423,0.013142,0.282151,0.050239,0.030235,0.347951
6577,0.024068,0.013061,0.26126,0.046106,0.029605,0.327994
6578,0.021623,0.012421,0.248854,0.034408,0.027167,0.310065
6579,0.021413,0.01245,0.271695,0.045014,0.028267,0.333825
6580,0.022728,0.012396,0.239522,0.026422,0.022896,0.297542
6581,0.018986,0.010335,0.228883,0.022193,0.022292,0.280496
6582,0.018824,0.009841,0.236711,0.022245,0.022425,0.287801
6583,0.018581,0.010349,0.225186,0.030238,0.027629,0.281745
6584,0.024173,0.013365,0.259263,0.045527,0.028807,0.325608
6585,0.022929,0.013573,0.266041,0.040536,0.029157,0.3317
6586,0.022839,0.013421,0.293974,0.04268,0.026053,0.356287
6587,0.02288,0.012875,0.284798,0.046515,0.033543,0.354096
6588,0.02556,0.015026,0.329431,0.05203,0.031157,0.401174
6589,0.024288,0.013524,0.246889,0.03684,0.024504,0.309205
6590,0.020351,0.011636,0.236656,0.032211,0.023794,0.292437
6591,0.019033,0.011206,0.262012,0.044174,0.028433,0.320684
6592,0.022491,0.014021,0.270986,0.044747,0.030201,0.337699
6593,0.022278,0.013006,0.254586,0.045374,0.026546,0.316416
6594,0.021298,0.01308,0.25161,0.038634,0.026634,0.312622
6595,0.021308,0.012141,0.241689,0.036952,0.026427,0.301565
6596,0.021072,0.011885,0.29546,0.085584,0.029158,0.357575
6597,0.022651,0.012329,0.272578,0.044278,0.026807,0.334365
6598,0.021947,0.012647,0.261325,0.051164,0.027058,0.322977
6599,0.021774,0.01291,0.255306,0.043917,0.026999,0.316989
6600,0.021596,0.012279,0.280132,0.045234,0.029406,0.343413
6601,0.021876,0.015677,0.258317,0.048016,0.028598,0.324468
6602,0.021578,0.012468,0.254281,0.044499,0.026847,0.315174
6603,0.023293,0.012111,0.254385,0.03401,0.025296,0.315085
6604,0.020838,0.011842,0.247866,0.035081,0.026748,0.307294
6605,0.021816,0.012408,0.235321,0.027169,0.024002,0.293547
6606,0.019511,0.010973,0.239451,0.038893,0.022751,0.292686
6607,0.018432,0.01047,0.219009,0.022342,0.022589,0.2705
6608,0.018211,0.010284,0.237624,0.029406,0.025403,0.291522
6609,0.021343,0.011084,0.246227,0.034331,0.02859,0.307244
6610,0.02316,0.021968,0.283227,0.04503,0.03623,0.364585
6611,0.024089,0.012183,0.247152,0.046825,0.029282,0.312706
6612,0.023353,0.012221,0.254784,0.043231,0.027326,0.317684
6613,0.037552,0.012772,0.241091,0.037835,0.028113,0.319528
6614,0.023043,0.012266,0.241222,0.036224,0.026946,0.303477
6615,0.021713,0.012396,0.255774,0.038922,0.024024,0.313907
6616,0.021615,0.012009,0.245785,0.034313,0.022963,0.302372
6617,0.020115,0.011085,0.245179,0.039492,0.026873,0.303252
6618,0.019626,0.011041,0.244965,0.038571,0.024938,0.30057
6619,0.020791,0.012196,0.264456,0.036701,0.028324,0.325767
6620,0.022956,0.014349,0.252585,0.039628,0.0302,0.32009
6621,0.023955,0.014356,0.257056,0.041574,0.029345,0.324712
6622,0.023067,0.013038,0.309799,0.045434,0.03073,0.376634
6623,0.023645,0.014291,0.261562,0.042636,0.029861,0.329359
6624,0.023823,0.014163,0.262666,0.039927,0.030259,0.330911
6625,0.025335,0.013823,0.27337,0.047191,0.028572,0.3411
6626,0.023382,0.012807,0.252943,0.038558,0.025879,0.315011
6627,0.022396,0.012601,0.268008,0.038442,0.050497,0.353502
6628,0.022769,0.013193,0.261088,0.033404,0.023808,0.320858
6629,0.019795,0.010125,0.243281,0.037688,0.025329,0.29853
6630,0.020716,0.011525,0.272836,0.052982,0.030927,0.336004
6631,0.024767,0.012746,0.279803,0.039939,0.025486,0.342802
6632,0.021242,0.013417,0.252875,0.041098,0.028153,0.315687
6633,0.022473,0.011959,0.23838,0.031388,0.025654,0.298466
6634,0.01929,0.011421,0.258855,0.036916,0.026094,0.31566
6635,0.021111,0.012143,0.250335,0.038067,0.024516,0.308105
6636,0.019805,0.011454,0.243721,0.036768,0.027693,0.302673
6637,0.021729,0.012522,0.259617,0.041117,0.026651,0.320519
6638,0.020925,0.011562,0.244717,0.037348,0.028282,0.305486
6639,0.023054,0.013472,0.257119,0.039074,0.028323,0.321968
6640,0.022521,0.01245,0.819413,0.036703,0.045056,0.89944
6641,0.032402,0.017268,0.330929,0.063212,0.03747,0.418069
6642,0.025962,0.013815,0.280068,0.054366,0.031025,0.35087
6643,0.024824,0.013454,0.254492,0.039376,0.025345,0.318115
6644,0.021708,0.012198,0.247586,0.034375,0.026961,0.308453
6645,0.021364,0.012038,0.266091,0.038515,0.028332,0.327825
6646,0.023772,0.012408,0.32098,0.048205,0.026707,0.383867
6647,0.025059,0.011981,0.272528,0.04332,0.028425,0.337993
6648,0.022857,0.012711,0.253025,0.039872,0.026172,0.314765
6649,0.021433,0.012413,0.264837,0.046645,0.026327,0.32501
6650,0.021296,0.012421,0.2727,0.041977,0.028291,0.334708
6651,0.022555,0.016473,0.267641,0.048426,0.029916,0.336585
6652,0.024587,0.01361,0.245886,0.039893,0.026777,0.31086
6653,0.021253,0.012535,0.251619,0.033471,0.026441,0.311848
6654,0.022138,0.014275,0.266896,0.040219,0.030134,0.333443
6655,0.024565,0.013356,0.246481,0.035745,0.024777,0.309179
6656,0.020761,0.010918,0.21985,0.025825,0.022126,0.273655
6657,0.018026,0.018397,0.216093,0.023328,0.02325,0.275766
6658,0.017962,0.009824,0.209283,0.022681,0.021275,0.258344
6659,0.017911,0.009396,0.217397,0.022061,0.020992,0.265696
6660,0.017839,0.009854,0.230558,0.026269,0.024651,0.282902
6661,0.019949,0.010552,0.223901,0.026347,0.023663,0.278065
6662,0.018871,0.010789,0.217575,0.023516,0.022933,0.270168
6663,0.019329,0.010724,0.23476,0.03032,0.025562,0.290375
6664,0.022386,0.011882,0.251564,0.038687,0.028341,0.314173
6665,0.024852,0.013869,0.256973,0.045493,0.02738,0.323074
6666,0.021877,0.012464,0.253185,0.040516,0.026302,0.313828
6667,0.021462,0.011913,0.259325,0.039282,0.026302,0.319002
6668,0.02027,0.012339,0.806105,0.065785,0.041334,0.880048
6669,0.030363,0.018092,0.291233,0.046423,0.028172,0.36786
6670,0.022406,0.012951,0.247538,0.032658,0.025136,0.308031
6671,0.02003,0.0115,0.580487,0.063294,0.036848,0.648865
6672,0.027958,0.016885,0.525954,0.069573,0.049044,0.619841
6673,0.029299,0.017379,0.273579,0.04677,0.028878,0.349135
6674,0.023649,0.013818,0.265802,0.049097,0.027371,0.33064
6675,0.022535,0.013272,0.246057,0.039263,0.033968,0.315832
6676,0.02165,0.011996,0.227372,0.030037,0.023096,0.284114
6677,0.018566,0.010688,0.224743,0.028901,0.023411,0.277408
6678,0.019211,0.010911,0.237221,0.036549,0.024184,0.291527
6679,0.020142,0.011249,0.24248,0.03529,0.027423,0.301294
6680,0.020086,0.012897,0.227429,0.032324,0.024715,0.285127
6681,0.021198,0.012182,0.22816,0.036637,0.026238,0.287778
6682,0.019988,0.010539,0.248136,0.033757,0.026479,0.305142
6683,0.021036,0.011372,0.23748,0.028357,0.022473,0.292361
6684,0.018718,0.009821,0.226917,0.022286,0.022809,0.278265
6685,0.018588,0.009868,0.22775,0.023132,0.02223,0.278436
6686,0.0184,0.010083,0.239785,0.023192,0.022119,0.290387
6687,0.018494,0.010089,0.227893,0.022716,0.021992,0.278468
6688,0.018549,0.009693,0.22893,0.022974,0.022484,0.279656
6689,0.018583,0.010102,0.233145,0.027273,0.022393,0.284223
6690,0.018816,0.010227,0.227323,0.021656,0.022044,0.27841
6691,0.018275,0.009884,0.225777,0.021975,0.022722,0.276658
6692,0.018358,0.009977,0.216914,0.022521,0.023866,0.269115
6693,0.019536,0.010798,0.245313,0.034658,0.029396,0.305043
6694,0.023201,0.012943,0.236437,0.030707,0.024825,0.297406
6695,0.019787,0.012219,0.22524,0.032256,0.023484,0.28073
6696,0.020082,0.011662,0.239946,0.044668,0.024636,0.296326
6697,0.02076,0.01218,0.233164,0.033133,0.024467,0.290571
6698,0.019683,0.01151,0.243507,0.036669,0.027067,0.301767
6699,0.02265,0.012416,0.236688,0.034235,0.026086,0.29784
6700,0.021488,0.012814,0.235881,0.036113,0.025038,0.295221
6701,0.019311,0.011727,0.227318,0.030926,0.023379,0.281735
6702,0.019452,0.01066,0.220548,0.031745,0.024523,0.275183
6703,0.021283,0.010316,0.239703,0.031539,0.023973,0.295275
6704,0.019698,0.013872,0.231917,0.023973,0.022708,0.288195
6705,0.018745,0.010426,0.227061,0.021816,0.022553,0.278785
6706,0.018679,0.009978,0.226539,0.021466,0.02841,0.283606
6707,0.018591,0.010134,0.227113,0.022877,0.022562,0.2784
6708,0.018451,0.009586,0.224589,0.022199,0.022146,0.274772
6709,0.018026,0.009778,0.22598,0.020926,0.022582,0.276366
6710,0.018642,0.010245,0.233002,0.023206,0.02173,0.283619
6711,0.018457,0.009617,0.224063,0.021233,0.02266,0.274797
6712,0.018527,0.009987,0.223474,0.0211,0.022228,0.274216
6713,0.018461,0.009934,0.230108,0.030506,0.027904,0.286407
6714,0.469569,0.030141,1.616218,0.065105,0.195688,2.311616
6715,0.440369,0.033286,1.127073,0.554569,0.825047,2.425775
6716,0.038451,0.024086,3.85327,0.740513,0.687777,4.603584
6717,0.047416,0.032985,1.258163,0.066609,0.233659,1.572223
6718,0.835478,0.034766,2.566978,0.067088,0.039402,3.476624
6719,0.030138,0.016488,0.267358,0.032362,0.025927,0.339911
6720,0.020983,0.011112,0.237065,0.025716,0.02415,0.29331
6721,0.019334,0.010994,0.233517,0.024528,0.021644,0.285489
6722,0.016766,0.009324,0.246186,0.034337,0.029134,0.30141
6723,0.023478,0.013736,0.256047,0.036476,0.026401,0.319662
6724,0.021446,0.0127,0.23872,0.036811,0.026314,0.29918
6725,0.019811,0.011646,0.234317,0.036354,0.02557,0.291344
6726,0.030776,0.012119,0.239759,0.035803,0.025951,0.308605
6727,0.021572,0.012086,0.261543,0.043882,0.026841,0.322042
6728,0.021838,0.012252,0.24406,0.03877,0.025686,0.303836
6729,0.02059,0.012416,0.24876,0.038341,0.023477,0.305243
6730,0.020118,0.011222,0.235848,0.034988,0.023919,0.291107
6731,0.018511,0.011249,0.230344,0.033852,0.025208,0.285312
6732,0.018864,0.010896,0.251258,0.03204,0.023643,0.304661
6733,0.019612,0.010548,0.233364,0.024646,0.022932,0.286456
6734,0.018756,0.010419,0.228775,0.021957,0.022422,0.280372
6735,0.018971,0.010198,0.226245,0.021351,0.02238,0.277794
6736,0.027921,0.009494,0.211964,0.024818,0.026949,0.276328
6737,0.021838,0.010629,0.235328,0.024121,0.022894,0.290689
6738,0.019339,0.010139,0.228614,0.022948,0.022292,0.280384
6739,0.019231,0.009992,2.349436,0.045392,1.111979,3.490638
6740,0.036265,0.023669,3.837137,0.813812,0.612064,4.509135
6741,0.033795,0.02314,2.578549,0.065663,0.039343,2.674827
6742,0.029335,0.017516,0.276154,0.046913,0.030875,0.35388
6743,0.024769,0.014482,0.26942,0.040195,0.025893,0.334564
6744,0.020427,0.012474,0.247049,0.037773,0.025294,0.305244
6745,0.021009,0.011924,0.239109,0.037405,0.025724,0.297766
6746,0.021684,0.012647,0.25182,0.038302,0.026647,0.312798
6747,0.021923,0.012176,0.236596,0.03449,0.025068,0.295763
6748,0.020249,0.011585,0.238201,0.03376,0.023272,0.293307
6749,0.019763,0.01217,0.249277,0.038945,0.027402,0.308612
6750,0.021489,0.012188,0.234144,0.03403,0.025408,0.293229
6751,0.019151,0.010973,0.221041,0.033112,0.023254,0.274419
6752,0.019371,0.010881,0.237776,0.040993,0.02736,0.295388
6753,0.022783,0.012606,0.274084,0.048411,0.032073,0.341546
6754,0.024291,0.01389,0.252878,0.035708,0.024543,0.315602
6755,0.020976,0.011305,0.233941,0.02428,0.022833,0.289055
6756,0.018863,0.010332,0.235366,0.022536,0.023464,0.288025
6757,0.01729,0.010008,0.238255,0.036634,0.028641,0.294194
6758,0.023204,0.011879,0.238467,0.026842,0.023247,0.296797
6759,0.01899,0.010367,0.235292,0.022824,0.02303,0.287679
6760,0.018923,0.009896,0.228665,0.023057,0.022577,0.280061
6761,0.018367,0.010044,0.227829,0.022748,0.022753,0.278993
6762,0.018918,0.010127,0.228088,0.022467,0.022579,0.279712
6763,0.018236,0.010105,0.231892,0.022071,0.022433,0.282666
6764,0.018627,0.010096,0.218633,0.021431,0.023445,0.270801
6765,0.019491,0.01198,0.248454,0.033165,0.026642,0.306567
6766,0.020599,0.011262,0.243257,0.034268,0.025722,0.30084
6767,0.019781,0.010931,0.232168,0.0333,0.023507,0.286387
6768,0.018458,0.010665,0.225509,0.035381,0.024535,0.279167
6769,0.020428,0.01113,0.228409,0.031343,0.026578,0.286545
6770,0.022547,0.012432,0.258557,0.029304,0.023527,0.317063
6771,0.019353,0.010533,0.23105,0.023705,0.022256,0.283192
6772,0.019135,0.010243,0.22886,0.022849,0.022308,0.280546
6773,0.018763,0.010206,2.550361,0.828123,0.515016,3.094346
6774,0.233782,0.907185,4.792809,0.227402,0.369451,6.303227
6775,0.037633,0.022573,3.609514,0.471599,0.06777,3.73749
6776,0.036589,0.019521,0.338109,0.064448,0.031642,0.425861
6777,0.025947,0.016204,0.266502,0.047541,0.027962,0.336615
6778,0.021983,0.01279,0.266985,0.045782,0.028223,0.329981
6779,0.022084,0.014259,0.251031,0.041517,0.02781,0.315184
6780,0.021262,0.012943,0.239762,0.041489,0.024411,0.298378
6781,0.0206,0.011647,0.265666,0.038205,0.028269,0.326182
6782,0.023036,0.011856,0.245094,0.041011,0.024995,0.304981
6783,0.021103,0.010983,0.236847,0.026139,0.023774,0.292707
6784,0.019233,0.010406,0.228731,0.023565,0.022501,0.280871
6785,0.027814,0.010232,0.23153,0.023522,0.022915,0.292491
6786,0.018652,0.010179,0.229223,0.023226,0.022559,0.280613
6787,0.018557,0.009664,0.228945,0.022826,0.022501,0.279667
6788,0.018678,0.009836,0.24051,0.023383,0.022344,0.291368
6789,0.018925,0.010206,0.228716,0.023125,0.022284,0.280131
6790,0.018794,0.00985,0.226108,0.022745,0.022224,0.276976
6791,0.018372,0.010015,0.224809,0.022469,0.02003,0.273226
6792,0.019005,0.017131,0.233774,0.035953,0.029291,0.299201
6793,0.024061,0.013162,0.239461,0.030649,0.02506,0.301744
6794,0.021236,0.011877,0.232212,0.033437,0.025444,0.290769
6795,0.021549,0.011679,0.248861,0.033546,0.024957,0.307046
6796,0.020164,0.011927,0.233702,0.032966,0.026648,0.292441
6797,0.021334,0.011715,0.232801,0.034779,0.026478,0.292328
6798,0.021258,0.012312,0.248706,0.033589,0.025908,0.308184
6799,0.021469,0.012002,0.237172,0.036867,0.024312,0.294955
6800,0.021354,0.011962,0.23339,0.034327,0.026011,0.292717
6801,0.020348,0.012099,0.23974,0.036754,0.025771,0.297958
6802,0.029009,0.01177,0.233976,0.035572,0.027282,0.302037
6803,0.022918,0.012637,0.238373,0.037148,0.024279,0.298207
6804,0.020736,0.012513,0.239371,0.035715,0.024991,0.297611
6805,0.021091,0.011427,0.248595,0.027199,0.022669,0.303782
6806,0.019218,0.010363,0.229834,0.023274,0.022313,0.281728
6807,0.018635,0.009949,0.226491,0.022804,0.023263,0.278338
6808,0.018946,0.01023,0.46115,0.022592,1.539703,2.030029
6809,0.03779,0.022889,2.03681,0.569415,0.310742,2.408231
6810,0.03719,0.092501,2.477605,0.069072,0.187902,2.795198
6811,0.033571,0.019979,1.127741,0.238865,0.56825,1.749541
6812,0.036301,0.023401,1.137648,0.163824,0.282983,1.480333
6813,0.200179,8.648305,0.366562,0.0647,0.039366,9.254412
6814,0.028908,0.016084,0.266759,0.046261,0.029774,0.341525
6815,0.024009,0.013673,0.265333,0.042514,0.027643,0.330658
6816,0.021881,0.012797,0.23479,0.03591,0.025181,0.294649
6817,0.020122,0.011814,0.237049,0.035848,0.024719,0.293704
6818,0.019949,0.011992,0.250231,0.035138,0.025986,0.308158
6819,0.021049,0.011288,0.227311,0.028232,0.022733,0.282381
6820,0.018212,0.010158,0.227234,0.031883,0.024382,0.279986
6821,0.0226,0.012443,0.234026,0.039186,0.027267,0.296336
6822,0.022156,0.011408,0.260575,0.041029,0.026676,0.320815
6823,0.021507,0.012008,0.237451,0.034366,0.028143,0.299109
6824,0.021166,0.011702,0.239675,0.039421,0.026107,0.29865
6825,0.020519,0.011925,0.250708,0.037736,0.024656,0.307808
6826,0.020851,0.011167,0.234426,0.024949,0.022811,0.289255
6827,0.018737,0.01012,0.228029,0.022795,0.022718,0.279604
6828,0.018165,0.010136,0.239982,0.023173,0.022676,0.290959
6829,0.018422,0.009971,0.226753,0.022533,0.022279,0.277425
6830,0.018727,0.010278,0.228079,0.022487,0.022373,0.279457
6831,0.018595,0.010233,0.231784,0.022304,0.022176,0.282788
6832,0.018425,0.010198,0.230967,0.021846,0.02229,0.28188
6833,0.018471,0.009991,0.226296,0.021923,0.02218,0.276938
6834,0.018051,0.009899,0.224482,0.020973,0.019865,0.272297
6835,0.016299,0.009137,0.227094,0.031725,0.035926,0.288456
6836,0.022449,0.012638,0.243935,0.032002,0.02554,0.304562
6837,0.021523,0.011167,0.227446,0.030776,0.024847,0.284983
6838,0.019347,0.011606,0.227876,0.032142,0.02377,0.282599
6839,0.020692,0.011404,0.23996,0.032456,0.025697,0.297753
6840,0.02073,0.011908,0.24686,0.033362,0.027208,0.306706
6841,0.021873,0.012313,0.2394,0.035758,0.02567,0.299256
6842,0.021335,0.012057,0.249988,0.035777,0.025045,0.308425
6843,0.020443,0.011149,0.226404,0.033593,0.024257,0.282253
6844,0.020012,0.011626,0.232353,0.031907,0.025604,0.289595
6845,0.019839,0.011605,0.23075,0.034205,0.023392,0.285586
6846,0.020234,0.012323,0.228937,0.032134,0.024259,0.285753
6847,0.020709,0.012094,0.234011,0.034257,0.024735,0.291549
6848,0.020372,0.010865,0.232959,0.035359,0.025251,0.289447
6849,0.021075,0.012188,0.239391,0.033028,0.024653,0.297307
6850,0.019866,0.011903,0.229548,0.033885,0.023583,0.2849
6851,0.019906,0.01158,0.24693,0.029073,0.023375,0.301791
6852,0.019257,0.010379,0.245888,0.024614,0.021912,0.297436
6853,0.019381,0.010298,0.237863,0.024387,0.022556,0.290098
6854,0.018887,0.009823,0.231048,0.022597,0.022143,0.281901
6855,0.018813,0.009812,0.227105,0.021953,0.022548,0.278278
6856,0.018586,0.010049,2.310575,0.185122,0.043431,2.382641
6857,0.031345,0.019305,0.27379,0.056651,0.032189,0.356629
6858,0.02527,0.030154,0.283884,0.048587,0.029617,0.368925
6859,0.024481,0.014255,0.24001,0.036059,0.042288,0.321034
6860,0.024053,0.011556,0.189686,0.02999,0.024891,0.250186
6861,0.021094,0.013116,0.186055,0.030452,0.02122,0.241485
6862,0.018529,0.010828,0.254196,0.034663,0.025622,0.309175
6863,0.02233,0.012176,0.212207,0.031936,0.018977,0.26569
6864,0.019109,0.013581,0.20642,0.032627,0.027586,0.266696
6865,0.02132,0.012484,0.224608,0.040887,0.03518,0.293592
6866,0.020577,0.010396,0.175497,0.026265,0.022213,0.228683
6867,0.018406,0.011054,0.255524,0.0376,0.032352,0.317336
6868,0.023762,0.043622,0.233908,0.033728,0.026606,0.327898
6869,0.022717,0.012409,0.201825,0.030475,0.018077,0.255028
6870,0.014033,0.00844,0.228902,0.032386,0.027422,0.278797
6871,0.022603,0.012703,0.26809,0.033681,0.028731,0.332127
6872,0.02107,0.012567,0.228783,0.037511,0.024114,0.286534
6873,0.019438,0.012017,0.258416,0.041318,0.031244,0.321115
6874,0.024088,0.013771,0.263508,0.038715,0.028937,0.330304
6875,0.023567,0.013105,0.265787,0.038267,0.030812,0.333271
6876,0.022892,0.013421,0.208608,0.033637,0.018661,0.263582
6877,0.015904,0.011069,0.230939,0.031274,0.026617,0.284529
6878,0.021917,0.013225,0.25794,0.037554,0.026907,0.319989
6879,0.021416,0.012998,0.264515,0.035863,0.026765,0.325694
6880,0.021224,0.012031,0.251826,0.032557,0.025527,0.310608
6881,0.021786,0.012973,0.265515,0.034892,0.027216,0.32749
6882,0.022454,0.013464,0.269736,0.035229,0.026273,0.331927
6883,0.022065,0.012704,0.254278,0.034799,0.028824,0.317871
6884,0.02436,0.013782,0.269737,0.037458,0.018698,0.326577
6885,0.01993,0.01152,0.235417,0.033945,0.019405,0.286272
6886,0.015809,0.012975,0.199226,0.029555,0.024475,0.252485
6887,0.019548,0.01211,0.24485,0.037563,0.021129,0.297637
6888,0.016549,0.009331,0.192214,0.032701,0.023459,0.241553
6889,0.020483,0.01954,0.2403,0.040779,0.026073,0.306396
6890,0.021033,0.012415,0.264077,0.038129,0.02938,0.326905
6891,0.022874,0.013372,0.261737,0.033311,0.027792,0.325775
6892,0.021934,0.012469,0.268013,0.030995,0.025853,0.328269
6893,0.021466,0.013017,0.289343,0.049582,0.030654,0.35448
6894,0.023297,0.012712,0.23958,0.03901,0.02549,0.301079
6895,0.020227,0.011684,0.263978,0.046165,0.028453,0.324342
6896,0.023453,0.01331,0.243225,0.042278,0.027462,0.30745
6897,0.021497,0.013481,0.256788,0.035726,0.028956,0.320722
6898,0.022395,0.014058,0.314433,0.074362,0.024941,0.375827
6899,0.022248,0.01439,0.233889,0.034457,0.027766,0.298293
6900,0.023201,0.013065,0.247176,0.035924,0.026309,0.309751
6901,0.02127,0.013096,0.269301,0.036393,0.028054,0.331721
6902,0.021873,0.013467,0.211357,0.032975,0.024712,0.271409
6903,0.02092,0.012675,0.264194,0.040935,0.028878,0.326667
6904,0.022621,0.013163,0.283243,0.044678,0.021841,0.340868
6905,0.017289,0.00949,0.220298,0.037581,0.020839,0.267916
6906,0.015744,0.008826,0.197527,0.032096,0.02526,0.247357
6907,0.020419,0.012469,0.243927,0.034543,0.026277,0.303092
6908,0.022481,0.013462,0.270755,0.03556,0.028002,0.3347
6909,0.021452,0.012878,0.264447,0.036557,0.027145,0.325922
6910,0.020977,0.01193,0.257562,0.034931,0.028666,0.319135
6911,0.03432,0.013683,0.267314,0.034568,0.028688,0.344005
6912,0.022473,0.012967,0.259602,0.03303,0.026801,0.321843
6913,0.021524,0.013104,0.257006,0.037157,0.028448,0.320082
6914,0.047915,0.013686,0.21295,0.033425,0.026407,0.300958
6915,0.020596,0.01157,0.227297,0.0376,0.026924,0.286387
6916,0.022289,0.013437,0.250696,0.034232,0.025723,0.312145
6917,0.020014,0.011495,0.311264,0.046106,0.024552,0.367325
6918,0.017021,0.009608,0.203063,0.033823,0.024902,0.254594
6919,0.019223,0.008521,0.23438,0.03949,0.02833,0.290454
6920,0.023644,0.013663,0.317004,0.039867,0.031511,0.385822
6921,0.018305,0.010601,0.199237,0.036762,0.025243,0.253386
6922,0.02019,0.012593,0.174923,0.026447,0.023512,0.231218
6923,0.018611,0.010524,0.239324,0.035094,0.830846,1.099305
6924,0.042534,0.032671,0.362551,0.066401,0.039985,0.477741
6925,0.02811,0.016593,0.294622,0.053646,0.032593,0.371918
6926,0.026492,0.016009,0.273631,0.05167,0.03847,0.354602
6927,0.024757,0.014472,0.310856,0.064586,0.03271,0.382795
6928,0.025185,0.015754,0.261587,0.04898,0.029762,0.332288
6929,0.024457,0.014739,0.272505,0.047096,0.028773,0.340474
6930,0.024465,0.01378,0.257544,0.042438,0.027886,0.323675
6931,0.021395,0.013219,0.19978,0.032557,0.019122,0.253516
6932,0.017827,0.011755,0.242753,0.035755,0.020907,0.293242
6933,0.015759,0.009807,0.255899,0.04514,0.029815,0.31128
6934,0.024286,0.01413,0.277569,0.045706,0.030125,0.34611
6935,0.024355,0.013635,0.259245,0.048222,0.028972,0.326207
6936,0.023424,0.013644,0.307069,0.067787,0.029101,0.373238
6937,0.023338,0.013468,0.253124,0.046579,0.029561,0.319491
6938,0.022776,0.014605,0.27569,0.046935,0.041776,0.354847
6939,0.024931,0.013219,0.292198,0.053437,0.027999,0.358347
6940,0.024318,0.012839,0.262359,0.0475,0.029091,0.328607
6941,0.024162,0.014774,0.279516,0.049552,0.029569,0.348021
6942,0.024613,0.01389,0.256926,0.046707,0.029781,0.32521
6943,0.024705,0.0153,0.24204,0.04411,0.029312,0.311357
6944,0.02193,0.013929,0.224217,0.042281,0.024948,0.285024
6945,0.029958,0.013374,0.24699,0.03782,0.023973,0.314295
6946,0.019802,0.01157,0.250528,0.032091,0.024431,0.306331
6947,0.020236,0.011542,0.260341,0.03396,0.029602,0.321721
6948,0.02314,0.013894,0.272911,0.036999,0.028491,0.338436
6949,0.023584,0.013972,0.257634,0.032573,0.025518,0.320708
6950,0.02082,0.011857,0.254406,0.03247,0.027058,0.314141
6951,0.020833,0.012174,0.278688,0.048404,0.031162,0.342857
6952,0.024691,0.014203,0.269148,0.047425,0.030187,0.338229
6953,0.023529,0.013925,0.266606,0.036128,0.026191,0.330251
6954,0.020194,0.01222,0.276687,0.041147,0.030868,0.339969
6955,0.025658,0.014256,0.259191,0.037114,0.028849,0.327954
6956,0.023371,0.013237,0.258397,0.033117,0.026823,0.321828
6957,0.02264,0.012968,0.272557,0.033352,0.026652,0.334817
6958,0.02123,0.012525,0.263868,0.036607,0.029092,0.326715
6959,0.023293,0.013667,0.257206,0.035879,0.029517,0.323683
6960,0.023216,0.013541,0.271299,0.034631,0.026992,0.335048
6961,0.022323,0.012262,0.250593,0.033568,0.027063,0.312241
6962,0.022448,0.013028,0.271857,0.037146,0.026702,0.334035
6963,0.021393,0.012471,0.270704,0.040081,0.026641,0.331209
6964,0.022175,0.012704,0.25649,0.039772,0.026964,0.318333
6965,0.021453,0.013115,0.285737,0.088488,0.021636,0.341941
6966,0.016808,0.009533,0.242588,0.040464,0.028649,0.297578
6967,0.022126,0.013072,0.255116,0.041759,0.024606,0.31492
6968,0.020208,0.011855,0.245489,0.041462,0.027814,0.305366
6969,0.022604,0.012982,0.28514,0.04844,0.035643,0.356369
6970,0.025367,0.014694,0.262605,0.048282,0.027429,0.330095
6971,0.02191,0.013923,0.254862,0.045915,0.026948,0.317643
6972,0.021673,0.01232,0.263771,0.046693,0.027739,0.325503
6973,0.021556,0.012984,0.209741,0.043166,0.01982,0.264101
6974,0.015689,0.010103,0.219631,0.032695,0.025781,0.271204
6975,0.020048,0.011983,0.277886,0.046739,0.032668,0.342585
6976,0.025141,0.01434,0.25789,0.047408,0.027897,0.325268
6977,0.023425,0.014236,0.303178,0.046254,0.031361,0.3722
6978,0.023563,0.013941,0.277903,0.053232,0.02918,0.344587
6979,0.022562,0.013743,0.270775,0.039139,0.029701,0.336781
6980,0.022797,0.014253,0.260003,0.035616,0.027917,0.32497
6981,0.023068,0.01326,0.265461,0.034135,0.027758,0.329547
6982,0.022264,0.013109,0.257518,0.03307,0.026071,0.318962
6983,0.022085,0.012808,0.258283,0.030957,0.027401,0.320577
6984,0.02264,0.013285,0.278,0.045271,0.02904,0.342965
6985,0.022757,0.013164,0.260367,0.032708,0.026552,0.32284
6986,0.02137,0.012528,0.2562,0.031294,0.026899,0.316997
6987,0.021283,0.012342,0.267616,0.040792,0.026528,0.327769
6988,0.02169,0.011922,0.24932,0.031606,0.029454,0.312386
6989,0.022853,0.013723,0.26775,0.034447,0.028091,0.332417
6990,0.022053,0.012997,0.267134,0.032063,0.0275,0.329684
6991,0.021786,0.012697,0.261524,0.039622,0.028638,0.324645
6992,0.023451,0.014044,0.258888,0.048062,0.028697,0.32508
6993,0.023878,0.015047,0.294473,0.044983,0.028936,0.362334
6994,0.023513,0.014825,0.266884,0.040217,0.027557,0.332779
6995,0.022154,0.014021,0.267639,0.035878,0.024946,0.32876
6996,0.021157,0.01289,0.265091,0.04666,0.027772,0.32691
6997,0.02226,0.012983,0.271209,0.037809,0.02816,0.334612
6998,0.022157,0.013054,0.254773,0.035589,0.025495,0.315479
6999,0.022109,0.012499,0.311778,0.058266,0.029373,0.375759
7000,0.023002,0.01192,0.238565,0.040609,0.019883,0.29337
7001,0.018268,0.011555,0.244365,0.034697,0.028061,0.302249
7002,0.021899,0.013639,0.276306,0.034244,0.028529,0.340373
7003,0.022823,0.013344,0.262493,0.032283,0.025239,0.323899
7004,0.021621,0.012345,0.254527,0.029239,0.026463,0.314956
7005,0.020466,0.011757,0.262607,0.02933,0.029374,0.324204
7006,0.023548,0.014003,0.302544,0.039616,0.032093,0.372188
7007,0.018404,0.010673,0.204467,0.036862,0.024546,0.25809
7008,0.021909,0.009352,0.226623,0.037658,0.02658,0.284464
7009,0.021084,0.021312,0.252658,0.03416,0.026385,0.321439
7010,0.02223,0.012683,0.248466,0.033468,0.028649,0.312028
7011,0.023553,0.0138,0.265406,0.034016,0.02485,0.327609
7012,0.022483,0.011854,0.245871,0.038624,0.026383,0.306591
7013,0.022729,0.012847,0.253722,0.036046,0.026583,0.315881
7014,0.021385,0.012485,0.249533,0.031405,0.025312,0.308715
7015,0.021783,0.013123,0.266514,0.037602,0.029907,0.331327
7016,0.024037,0.013148,0.253495,0.033578,0.027745,0.318425
7017,0.023401,0.013028,0.255408,0.033197,0.028007,0.319844
7018,0.021325,0.012442,0.267964,0.032722,0.029704,0.331435
7019,0.023559,0.013929,0.26943,0.03239,0.026896,0.333814
7020,0.021465,0.012316,0.249731,0.034213,0.027778,0.31129
7021,0.023508,0.012886,0.289886,0.035961,0.027151,0.353431
7022,0.023043,0.012714,0.227495,0.040298,0.026581,0.289833
7023,0.021443,0.013907,0.27237,0.037793,0.027979,0.335699
7024,0.021735,0.012511,0.27422,0.038753,0.027017,0.335483
7025,0.021141,0.012703,0.262797,0.034718,0.027408,0.324049
7026,0.020631,0.012226,0.257201,0.036059,0.029279,0.319337
7027,0.023992,0.013913,0.714318,0.063136,0.039559,0.791782
7028,0.027605,0.016584,0.286313,0.042163,0.028526,0.359028
7029,0.03471,0.013988,0.269459,0.035625,0.02995,0.348107
7030,0.02423,0.014457,0.274385,0.038578,0.028682,0.341754
7031,0.022002,0.013524,0.263445,0.033614,0.042453,0.341424
7032,0.022348,0.0134,0.264458,0.033378,0.026064,0.32627
7033,0.021111,0.012533,0.25502,0.033574,0.029213,0.317877
7034,0.023336,0.013991,0.270145,0.039829,0.038495,0.345967
7035,0.025513,0.014209,0.268779,0.049903,0.029126,0.337627
7036,0.024247,0.014479,0.26058,0.044361,0.044826,0.344132
7037,0.033428,0.013415,0.265797,0.04713,0.030506,0.343146
7038,0.021617,0.012899,0.242576,0.042265,0.026502,0.303594
7039,0.021829,0.013119,0.263475,0.0398,0.02768,0.326103
7040,0.021983,0.012313,0.257531,0.042159,0.040565,0.332392
7041,0.041004,0.03275,0.254355,0.045389,0.027786,0.355895
7042,0.021532,0.013024,0.257593,0.04397,0.054286,0.346435
7043,0.03626,0.013363,0.260747,0.045463,0.026458,0.336828
7044,0.021886,0.012043,0.253389,0.044509,0.029771,0.317089
7045,0.024386,0.01448,0.253363,0.043054,0.029692,0.321921
7046,0.023569,0.013228,0.262622,0.040485,0.027006,0.326425
7047,0.021795,0.012852,0.286107,0.04005,0.032581,0.353335
7048,0.022607,0.013184,0.255367,0.04521,0.026701,0.317859
7049,0.021367,0.013091,0.257787,0.039796,0.026264,0.318509
7050,0.021893,0.017562,0.258562,0.040629,0.02885,0.326867
7051,0.02339,0.013313,0.263966,0.045707,0.029427,0.330096
7052,0.022678,0.014708,0.266804,0.044915,0.029196,0.333386
7053,0.023941,0.013844,0.285323,0.052017,0.032518,0.355626
7054,0.023641,0.01445,0.247473,0.037086,0.026218,0.311782
7055,0.021726,0.012926,0.307857,0.049025,0.027351,0.36986
7056,0.019749,0.012302,0.250358,0.041764,0.027039,0.309448
7057,0.02029,0.011385,0.236995,0.032918,0.027905,0.296575
7058,0.021808,0.012555,0.275762,0.041211,0.029245,0.33937
7059,0.023795,0.013494,0.302147,0.046243,0.032562,0.371998
7060,0.0238,0.013372,0.262885,0.045854,0.026297,0.326354
7061,0.021779,0.012648,2.106775,0.03778,0.046922,2.188124
7062,0.032928,0.026712,0.314841,0.067051,0.026659,0.40114
7063,0.023331,0.014762,0.264021,0.043521,0.032079,0.334193
7064,0.025122,0.014713,0.26626,0.042842,0.040008,0.346103
7065,0.023572,0.013645,0.291872,0.047752,0.029633,0.358722
7066,0.022708,0.01094,0.239193,0.042618,0.026433,0.299274
7067,0.020759,0.012446,0.258438,0.040964,0.041204,0.332847
7068,0.023177,0.013702,0.268525,0.039546,0.030597,0.336001
7069,0.02358,0.013594,0.28392,0.041544,0.031027,0.352121
7070,0.026143,0.014819,0.247493,0.04355,0.027389,0.315844
7071,0.022708,0.012479,0.240174,0.033287,0.024751,0.300112
7072,0.020069,0.012483,0.250068,0.039913,0.029657,0.312277
7073,0.024448,0.013664,0.310357,0.046765,0.030853,0.379322
7074,0.023455,0.012595,0.25606,0.044331,0.029347,0.321457
7075,0.023634,0.013252,0.246427,0.039376,0.028901,0.312214
7076,0.022737,0.013455,0.260881,0.032875,0.042228,0.339301
7077,0.022261,0.012367,0.25644,0.047253,0.027017,0.318085
7078,0.020409,0.011166,0.245745,0.036944,0.025474,0.302794
7079,0.021386,0.01169,0.241017,0.028214,0.022777,0.29687
7080,0.018233,0.010382,0.242575,0.024106,0.023106,0.294296
7081,0.018655,0.01039,0.228045,0.023065,0.02274,0.27983
7082,0.018866,0.010143,0.227754,0.022003,0.022163,0.278926
7083,0.018505,0.010267,0.239896,0.034527,0.023217,0.291885
7084,0.018759,0.010333,0.225498,0.021857,0.022346,0.276936
7085,0.018274,0.009733,0.226458,0.02163,0.022498,0.276963
7086,0.018353,0.009999,0.227308,0.02262,0.021941,0.277601
7087,0.018746,0.010117,0.233823,0.024156,0.022947,0.285633
7088,0.018589,0.009895,0.77917,0.065229,0.04276,0.850414
7089,0.031496,0.01964,0.312796,0.059707,0.035943,0.399875
7090,0.027565,0.016737,0.292866,0.055351,0.031808,0.368976
7091,0.024063,0.014953,0.280741,0.052505,0.03138,0.351137
7092,0.025106,0.015527,0.266607,0.050956,0.031222,0.338462
7093,0.025447,0.014736,0.317046,0.048204,0.029358,0.386587
7094,0.025056,0.01366,0.272601,0.053315,0.035113,0.34643
7095,0.02584,0.016031,0.289897,0.050135,0.032028,0.363796
7096,0.025398,0.014476,0.272485,0.050291,0.04206,0.354419
7097,0.02541,0.014906,0.265456,0.052764,0.028996,0.334768
7098,0.023737,0.014203,0.300379,0.086159,0.02823,0.366549
7099,0.021775,0.013407,0.268294,0.044987,0.032145,0.335621
7100,0.025101,0.015912,0.260698,0.042932,0.028155,0.329866
7101,0.021648,0.013444,0.223524,0.032805,0.0261,0.284716
7102,0.021744,0.012918,0.340751,0.037167,0.022569,0.397982
7103,0.016709,0.009957,0.22573,0.044406,0.02121,0.273606
7104,0.020789,0.012765,0.258783,0.049038,0.023656,0.315993
7105,0.022938,0.013302,0.239385,0.037603,0.037639,0.313264
7106,0.022713,0.012942,0.273501,0.038862,0.019707,0.328863
7107,0.015038,0.009216,0.228304,0.037453,0.027063,0.279621
7108,0.021904,0.012748,0.24693,0.043003,0.021856,0.303438
7109,0.016637,0.010038,0.245313,0.040708,0.027259,0.299247
7110,0.021992,0.012987,0.258579,0.037267,0.026988,0.320546
7111,0.02414,0.019676,0.234775,0.042008,0.02472,0.303311
7112,0.016151,0.009144,0.196686,0.041492,0.026471,0.248452
7113,0.021605,0.013727,0.266742,0.037159,0.026663,0.328737
7114,0.023638,0.013482,0.252977,0.045594,0.030359,0.320456
7115,0.022882,0.01317,0.269731,0.065644,0.025782,0.331565
7116,0.022887,0.011883,0.24968,0.046428,0.029062,0.313512
7117,0.022955,0.013351,0.267172,0.048878,0.031754,0.335232
7118,0.025201,0.014695,0.281086,0.067189,0.056628,0.37761
7119,0.03711,0.013689,0.251622,0.047138,0.028851,0.331272
7120,0.021386,0.012418,0.259326,0.043771,0.029047,0.322177
7121,0.021125,0.015128,0.273808,0.060955,0.032431,0.342492
7122,0.025156,0.014019,0.263048,0.047957,0.029197,0.33142
7123,0.023018,0.013503,0.254092,0.051901,0.022327,0.31294
7124,0.016944,0.010151,0.219186,0.037615,0.026104,0.272385
7125,0.020371,0.01247,0.238467,0.040884,0.027901,0.299209
7126,0.02216,0.013109,0.269609,0.034808,0.02099,0.325868
7127,0.017137,0.011677,0.221209,0.035206,0.02696,0.276983
7128,0.035402,0.013485,0.229968,0.034475,0.01972,0.298575
7129,0.015081,0.009048,0.211229,0.036417,0.021811,0.257169
7130,0.02078,0.012412,0.245529,0.036277,0.0243,0.303021
7131,0.015784,0.009441,0.248532,0.045466,0.029369,0.303126
7132,0.02234,0.013086,0.209059,0.034675,0.024503,0.268988
7133,0.021261,0.011627,0.199038,0.030473,0.017598,0.249524
7134,0.015782,0.010236,0.213471,0.034796,0.023762,0.263251
7135,0.021754,0.012017,0.245515,0.038127,0.031205,0.310491
7136,0.02403,0.012986,0.251899,0.034303,0.026005,0.31492
7137,0.021621,0.012968,0.198788,0.032294,0.026015,0.259392
7138,0.020587,0.01182,0.223135,0.039594,0.025628,0.28117
7139,0.021729,0.01184,0.249008,0.042837,0.025757,0.308334
7140,0.023407,0.012855,0.246574,0.042345,0.027974,0.31081
7141,0.024754,0.013073,0.275314,0.058511,0.033376,0.346517
7142,0.02343,0.0148,0.256702,0.048074,0.031061,0.325993
7143,0.024994,0.014535,0.26483,0.042614,0.026841,0.3312
7144,0.0246,0.013069,0.253991,0.054705,0.027796,0.319456
7145,0.02245,0.013064,0.258834,0.039749,0.024304,0.318652
7146,0.017208,0.009748,0.218437,0.042241,0.026821,0.272214
7147,0.015924,0.009602,0.190396,0.033435,0.023898,0.23982
7148,0.020251,0.012555,0.241537,0.040488,0.026825,0.301168
7149,0.021613,0.012634,0.23144,0.042783,0.02159,0.287277
7150,0.016458,0.009271,0.203529,0.037339,0.024118,0.253376
7151,0.016474,0.009207,0.180316,0.027531,0.057278,0.263275
7152,0.02164,0.012837,0.250524,0.049833,0.024181,0.309182
7153,0.017815,0.010104,0.207561,0.037672,0.02566,0.26114
7154,0.022048,0.012566,0.199602,0.03051,0.026551,0.260767
7155,0.019216,0.011162,0.245994,0.03998,0.027509,0.303881
7156,0.022046,0.013172,0.25464,0.037039,0.026116,0.315974
7157,0.023059,0.013397,0.250823,0.045817,0.030803,0.318082
7158,0.022489,0.012788,0.279489,0.047747,0.028803,0.343569
7159,0.023555,0.013724,0.26955,0.033994,0.025713,0.332542
7160,0.02018,0.011739,0.243519,0.025602,0.023682,0.29912
7161,0.019625,0.011315,0.35377,0.026263,0.029614,0.414324
7162,0.023034,0.013108,0.246733,0.029591,0.027553,0.310428
7163,0.019601,0.009981,0.199721,0.028697,0.023824,0.253127
7164,0.018341,0.01019,0.202599,0.034432,0.021815,0.252945
7165,0.017168,0.009682,0.242182,0.041116,0.027819,0.296851
7166,0.023545,0.014058,0.275049,0.04186,0.028739,0.341391
7167,0.02308,0.01396,0.258829,0.043109,0.040989,0.336858
7168,0.022893,0.014124,0.25378,0.047187,0.029588,0.320385
7169,0.023436,0.014769,0.255856,0.044755,0.02803,0.322091
7170,0.023239,0.012967,0.259542,0.048157,0.043758,0.339506
7171,0.02476,0.014306,0.243058,0.040019,0.025497,0.307621
7172,0.021067,0.012129,0.237476,0.036697,0.024603,0.295275
7173,0.020975,0.012212,0.80518,0.059324,0.036304,0.874671
7174,0.026925,0.016011,0.268798,0.046566,0.029902,0.341636
7175,0.024794,0.014848,0.263794,0.047316,0.029512,0.332948
7176,0.024164,0.014106,0.269996,0.039785,0.027717,0.335983
7177,0.022076,0.013181,0.244345,0.044995,0.021867,0.301469
7178,0.017104,0.010243,0.183594,0.024967,0.022432,0.233373
7179,0.020158,0.012482,0.247949,0.042695,0.029041,0.30963
7180,0.022559,0.012603,0.292057,0.046109,0.03076,0.357979
7181,0.023383,0.014275,0.268645,0.045971,0.029362,0.335665
7182,0.023936,0.014275,0.298658,0.045556,0.02967,0.366539
7183,0.023302,0.013078,0.261671,0.047285,0.02977,0.327821
7184,0.023297,0.013998,0.281256,0.061048,0.031391,0.349942
7185,0.025067,0.013933,0.263796,0.050006,0.029528,0.332324
7186,0.022177,0.013222,0.258123,0.04991,0.027807,0.321329
7187,0.02118,0.013523,0.262075,0.057819,0.028661,0.325439
7188,0.02201,0.013946,0.292698,0.054669,0.021426,0.35008
7189,0.016322,0.009936,0.226684,0.040963,0.023539,0.276481
7190,0.021253,0.012982,0.340624,0.125337,0.032291,0.40715
7191,0.023074,0.013879,0.244627,0.047999,0.029253,0.310833
7192,0.022901,0.013211,0.286237,0.047873,0.018263,0.340612
7193,0.018817,0.011243,0.263576,0.046527,0.029248,0.322884
7194,0.023206,0.013253,0.25782,0.04372,0.029829,0.324108
7195,0.022993,0.01308,0.263362,0.042824,0.031836,0.331271
7196,0.026919,0.01442,0.281445,0.050104,0.031501,0.354285
7197,0.023631,0.027428,0.286065,0.048149,0.029728,0.366852
7198,0.023236,0.01301,0.254132,0.045368,0.030623,0.321001
7199,0.0227,0.013415,0.276705,0.046377,0.025982,0.338802
7200,0.021167,0.0123,0.240575,0.038404,0.027345,0.301387
7201,0.022809,0.01344,0.251515,0.042183,0.030055,0.317819
7202,0.023409,0.013666,0.237635,0.044126,0.030964,0.305674
7203,0.021489,0.01298,0.28012,0.110956,0.022967,0.337556
7204,0.021195,0.013226,0.257977,0.04073,0.028529,0.320927
7205,0.021209,0.020464,0.258594,0.056529,0.030316,0.330583
7206,0.017736,0.010522,0.238042,0.047906,0.019886,0.286186
7207,0.015803,0.009677,0.211664,0.035226,0.020367,0.257511
7208,0.01555,0.009278,0.285057,0.035856,0.031005,0.34089
7209,0.021654,0.021242,0.270036,0.047393,0.027222,0.340154
7210,0.017274,0.010126,0.262909,0.041993,0.024815,0.315124
7211,0.016607,0.0098,0.228973,0.042348,0.01932,0.2747
7212,0.01501,0.020857,0.247823,0.039945,0.02749,0.31118
7213,0.024248,0.030734,0.265466,0.04371,0.028531,0.348979
7214,0.022369,0.017309,0.269007,0.052516,0.034036,0.342721
7215,0.036027,0.015313,0.344643,0.052285,0.035747,0.43173
7216,0.029081,0.015236,0.281258,0.055304,0.033333,0.358908
7217,0.024556,0.014189,0.287836,0.056947,0.033266,0.359847
7218,0.02599,0.016391,0.267711,0.044921,0.029711,0.339803
7219,0.024152,0.014416,0.261176,0.040234,0.026041,0.325785
7220,0.022819,0.014883,0.274873,0.038736,0.027246,0.339821
7221,0.023021,0.014024,0.266987,0.04652,0.031052,0.335084
7222,0.023745,0.013394,0.256227,0.044687,0.029449,0.322815
7223,0.033726,0.029371,0.2836,0.049165,0.031585,0.378282
7224,0.023202,0.013436,0.259325,0.045374,0.024119,0.320082
7225,0.020908,0.014286,0.207087,0.032339,0.025032,0.267313
7226,0.021005,0.012133,0.270068,0.057162,0.030721,0.333927
7227,0.024244,0.013625,0.262238,0.04637,0.027674,0.327781
7228,0.022584,0.013208,0.262469,0.049506,0.029967,0.328228
7229,0.023631,0.014255,0.337193,0.04606,0.035997,0.411076
7230,0.025412,0.01515,0.24697,0.046283,0.030825,0.318357
7231,0.024481,0.014357,0.306559,0.046903,0.028746,0.374143
7232,0.023635,0.01406,0.287759,0.05452,0.030808,0.356262
7233,0.026257,0.015836,0.267261,0.044343,0.022584,0.331938
7234,0.017535,0.010259,0.224875,0.041364,0.020766,0.273435
7235,0.015511,0.008949,0.223003,0.033151,0.031468,0.278931
7236,0.022814,0.010223,0.220799,0.04034,0.02061,0.274446
7237,0.020515,0.012231,0.235469,0.034338,0.02546,0.293675
7238,0.021955,0.011838,0.197796,0.028856,0.017495,0.249084
7239,0.013188,0.019229,0.279042,0.040247,0.038177,0.349636
7240,0.024913,0.01314,0.256625,0.047926,0.029799,0.324477
7241,0.02421,0.013321,0.272652,0.041023,0.050182,0.360365
7242,0.034233,0.012982,0.247237,0.046375,0.030568,0.32502
7243,0.023656,0.014189,0.281744,0.049193,0.110798,0.430387
7244,0.027811,0.016228,0.285121,0.039504,0.026698,0.355858
7245,0.021993,0.012313,0.249185,0.026626,0.024344,0.307835
7246,0.018556,0.010688,0.238993,0.027215,0.023684,0.291921
7247,0.019869,0.010588,0.254068,0.03414,0.02973,0.314255
7248,0.024034,0.013991,0.349253,0.111813,0.031259,0.418537
7249,0.024788,0.06645,0.278166,0.043424,0.029035,0.398439
7250,0.023825,0.013391,0.272689,0.037618,0.030891,0.340796
7251,0.024653,0.014428,0.377801,0.054011,0.035737,0.452619
7252,0.025007,0.01554,0.284674,0.05013,0.031501,0.356722
7253,0.025071,0.014263,0.273766,0.048283,0.030414,0.343514
7254,0.023254,0.013422,0.258836,0.045486,0.030831,0.326343
7255,0.023487,0.013284,0.273248,0.043548,0.027967,0.337986
7256,0.023104,0.013903,0.268799,0.04604,0.028727,0.334533
7257,0.022161,0.01335,0.282965,0.04824,0.027406,0.345882
7258,0.021008,0.012367,0.358304,0.053814,0.032846,0.424525
7259,0.023893,0.014345,0.274785,0.04194,0.030194,0.343217
7260,0.024547,0.014038,0.377851,0.054066,0.037509,0.453945
7261,0.033209,0.015242,0.264801,0.048436,0.027286,0.340538
7262,0.023104,0.013155,0.243211,0.032957,0.026547,0.306017
7263,0.022114,0.012937,0.306891,0.085785,0.037891,0.379833
7264,0.02286,0.015434,0.269658,0.053117,0.028811,0.336763
7265,0.023197,0.013858,0.250712,0.037494,0.02646,0.314227
7266,0.02101,0.012976,0.268078,0.038922,0.033982,0.336046
7267,0.02092,0.011317,0.251175,0.032662,0.023242,0.306654
7268,0.019567,0.010846,0.247161,0.027984,0.023906,0.30148
7269,0.019968,0.010366,0.243843,0.028137,0.023546,0.297723
7270,0.018776,0.010242,0.256624,0.02782,0.023586,0.309228
7271,0.01883,0.010265,0.238158,0.026331,0.023053,0.290306
7272,0.018693,0.010324,0.241566,0.026066,0.023531,0.294114
7273,0.019175,0.009941,0.248534,0.026598,0.024063,0.301713
7274,0.018767,0.009677,0.240895,0.025578,0.022237,0.291576
7275,0.018568,0.010152,0.232039,0.024186,0.023364,0.284123
7276,0.018309,0.010348,0.240217,0.024934,0.031988,0.300862
7277,0.019322,0.010608,0.239422,0.026213,0.022765,0.292117
7278,0.018178,0.010628,0.238152,0.02484,0.022591,0.289549
7279,0.018765,0.009968,0.23542,0.024696,0.023422,0.287575
7280,0.018401,0.010126,0.25828,0.026676,0.023731,0.310538
7281,0.019003,0.010256,0.236213,0.024595,0.02345,0.288922
7282,0.018513,0.010511,0.241685,0.02615,0.023437,0.294146
7283,0.018552,0.010234,0.248626,0.035526,0.023036,0.300448
7284,0.019065,0.010411,0.240992,0.02452,0.023184,0.293652
7285,0.018473,0.010687,0.236208,0.024695,0.022983,0.288351
7286,0.018873,0.010057,0.237195,0.02503,0.022948,0.289073
7287,0.026422,0.00997,0.240258,0.025862,0.022744,0.299394
7288,0.018752,0.009723,0.23762,0.02495,0.023781,0.289876
7289,0.018978,0.010876,0.239152,0.02509,0.023336,0.292342
7290,0.018377,0.010085,0.248999,0.026274,0.023431,0.300892
7291,0.016986,0.008745,0.237578,0.02602,0.024105,0.287414
7292,0.019608,0.010454,0.235931,0.024929,0.022821,0.288814
7293,0.018445,0.010747,0.245046,0.024092,0.023592,0.29783
7294,0.018939,0.010242,0.24012,0.02545,0.022309,0.29161
7295,0.018959,0.010215,0.236557,0.024107,0.023103,0.288834
7296,0.018326,0.010601,0.236923,0.024051,0.023747,0.289597
7297,0.018355,0.009915,0.247745,0.024988,0.023996,0.300011
7298,0.018728,0.010145,0.237278,0.025141,0.023081,0.289232
7299,0.018378,0.010096,0.234929,0.024357,0.023057,0.28646
7300,0.01768,0.010727,0.762805,0.515218,0.034766,0.825978
7301,0.02624,0.013952,0.26743,0.037954,0.024514,0.332136
7302,0.020106,0.018879,0.249644,0.030449,0.023784,0.312413
7303,0.019719,0.011089,0.246699,0.029806,0.023828,0.301335
7304,0.01947,0.010979,0.243997,0.029348,0.024311,0.298757
7305,0.019569,0.010916,0.264442,0.04064,0.027196,0.322123
7306,0.022046,0.01252,0.257563,0.045288,0.031305,0.323434
7307,0.024398,0.014368,0.252649,0.042223,0.028373,0.319788
7308,0.022201,0.013463,0.249219,0.039113,0.025316,0.310199
7309,0.021424,0.0124,0.238298,0.036526,0.02549,0.297612
7310,0.019915,0.012537,0.234409,0.037686,0.02515,0.292011
7311,0.019969,0.012166,0.24916,0.036205,0.028427,0.309722
7312,0.02201,0.013249,0.24296,0.03729,0.025965,0.304184
7313,0.020246,0.012687,0.240864,0.03762,0.026173,0.29997
7314,0.020724,0.012492,0.236542,0.035357,0.024447,0.294205
7315,0.028553,0.012657,0.232094,0.035672,0.026995,0.300299
7316,0.021509,0.012777,0.340507,0.03996,0.031102,0.405895
7317,0.023264,0.01413,0.270277,0.045558,0.028419,0.33609
7318,0.02206,0.01362,0.24508,0.039693,0.024454,0.305214
7319,0.019639,0.012148,0.243951,0.037075,0.024333,0.300071
7320,0.0195,0.011354,0.237958,0.034928,0.024813,0.293625
7321,0.020469,0.011779,0.24751,0.035995,0.024619,0.304377
7322,0.019643,0.011447,0.235379,0.035605,0.026192,0.292661
7323,0.020584,0.012844,0.252939,0.039641,0.025245,0.311612
7324,0.021547,0.012215,0.254416,0.038537,0.024621,0.312799
7325,0.020711,0.012174,0.239569,0.038367,0.024599,0.297053
7326,0.020661,0.011354,0.236283,0.036691,0.023808,0.292106
7327,0.020517,0.01138,0.261842,0.051291,0.025972,0.319711
7328,0.021509,0.012185,0.243132,0.037951,0.023338,0.300164
7329,0.019617,0.011722,0.234084,0.03541,0.025915,0.291338
7330,0.022683,0.012027,0.237344,0.038778,0.023994,0.296048
7331,0.027229,0.012594,0.241044,0.035794,0.024475,0.305342
7332,0.019966,0.01061,0.230067,0.023687,0.023188,0.283831
7333,0.019029,0.010426,0.228937,0.022486,0.022535,0.280927
7334,0.017535,0.010249,0.240715,0.025259,0.022664,0.291163
7335,0.018922,0.010481,0.229996,0.023528,0.022856,0.282255
7336,0.018776,0.010297,0.230559,0.022868,0.022381,0.282013
7337,0.018877,0.010461,0.226539,0.022929,0.027751,0.283628
7338,0.018737,0.00985,0.227257,0.021801,0.022269,0.278113
7339,0.018376,0.009989,0.22504,0.022242,0.022354,0.275759
7340,0.018746,0.010242,0.224949,0.021977,0.022052,0.275989
7341,0.018533,0.009783,1.403397,0.065085,0.039095,1.470808
7342,0.028878,0.018343,0.271155,0.047351,0.029009,0.347385
7343,0.024266,0.014036,0.2624,0.046342,0.036478,0.33718
7344,0.023811,0.014308,0.272368,0.047685,0.027006,0.337493
7345,0.021711,0.013439,0.251134,0.04128,0.027563,0.313847
7346,0.022295,0.012462,0.241928,0.038703,0.024778,0.301463
7347,0.03166,0.011814,0.247734,0.038601,0.027698,0.318906
7348,0.023254,0.013014,0.249017,0.037314,0.025712,0.310997
7349,0.021671,0.012287,0.241484,0.033761,0.024923,0.300365
7350,0.020853,0.01198,0.25405,0.035377,0.024871,0.311754
7351,0.020011,0.011675,0.245136,0.037499,0.028888,0.30571
7352,0.021953,0.012842,0.24211,0.034904,0.026363,0.303268
7353,0.021657,0.012279,0.248976,0.03665,0.026498,0.30941
7354,0.020769,0.012674,0.233221,0.033269,0.024467,0.291131
7355,0.02,0.011909,0.230035,0.033124,0.023609,0.285553
7356,0.019869,0.012048,0.257129,0.037059,0.028718,0.317764
7357,0.023245,0.01291,0.240959,0.036423,0.025967,0.303081
7358,0.021431,0.011937,0.237594,0.036298,0.025714,0.296676
7359,0.021358,0.012344,0.23444,0.03527,0.024824,0.292966
7360,0.020047,0.02232,0.236928,0.034097,0.023654,0.302949
7361,0.020751,0.011647,0.258826,0.035496,0.026461,0.317685
7362,0.020342,0.012018,0.249269,0.035969,0.024644,0.306273
7363,0.020313,0.011832,0.255304,0.036735,0.026552,0.314001
7364,0.020658,0.011745,0.238377,0.034385,0.05083,0.32161
7365,0.021238,0.011754,0.2464,0.039692,0.028712,0.308104
7366,0.022192,0.013638,0.255846,0.039231,0.027125,0.318801
7367,0.020998,0.012342,0.244904,0.036609,0.025088,0.303332
7368,0.020454,0.012329,0.240779,0.034612,0.025932,0.299494
7369,0.021147,0.012759,0.259993,0.043781,0.025684,0.319583
7370,0.021313,0.012384,0.241025,0.038497,0.024573,0.299295
7371,0.02114,0.012172,0.235251,0.0362,0.02459,0.293153
7372,0.018974,0.011962,0.23077,0.036194,0.023994,0.2857
7373,0.027282,0.012028,0.246745,0.038554,0.028326,0.314381
7374,0.022225,0.012915,0.236901,0.03757,0.026586,0.298627
7375,0.02198,0.012367,0.237109,0.036057,0.025508,0.296964
7376,0.020416,0.012469,0.241223,0.036294,0.024376,0.298484
7377,0.019963,0.012129,0.236435,0.042455,0.0269,0.295427
7378,0.021733,0.017321,0.257658,0.046386,0.028033,0.324745
7379,0.022931,0.014361,0.887702,0.065309,0.035028,0.960022
7380,0.026598,0.016385,0.297967,0.056278,0.033171,0.374121
7381,0.025959,0.014691,0.253171,0.045941,0.027774,0.321595
7382,0.02257,0.013255,0.236142,0.03965,0.02658,0.298547
7383,0.021849,0.013488,0.233068,0.043889,0.024137,0.292542
7384,0.020363,0.01201,0.227567,0.035219,0.023142,0.283082
7385,0.019279,0.012009,0.225399,0.034192,0.025427,0.282114
7386,0.020775,0.011738,0.226609,0.032513,0.024104,0.283226
7387,0.020208,0.01174,0.232944,0.032768,0.024238,0.28913
7388,0.01955,0.011124,0.220065,0.031554,0.024203,0.274942
7389,0.019424,0.011741,0.218123,0.031677,0.023856,0.273144
7390,0.019327,0.011342,0.241357,0.04323,0.025685,0.297711
7391,0.020969,0.01193,0.228134,0.034868,0.026239,0.287272
7392,0.020529,0.012142,0.22679,0.033853,0.024173,0.283634
7393,0.020345,0.011943,0.221636,0.033449,0.023474,0.277398
7394,0.019628,0.011717,0.244349,0.033029,0.024635,0.300329
7395,0.021113,0.012424,0.236865,0.033425,0.024237,0.294639
7396,0.01991,0.018055,0.232068,0.033414,0.024277,0.29431
7397,0.020444,0.012032,0.242226,0.03339,0.02477,0.299472
7398,0.020364,0.012277,0.231779,0.034582,0.024358,0.288778
7399,0.019769,0.011776,0.225375,0.032555,0.024071,0.280991
7400,0.01903,0.011563,0.218525,0.031681,0.031904,0.281022
7401,0.018899,0.011054,0.225634,0.031172,0.022492,0.278079
7402,0.018998,0.010943,0.223236,0.032489,0.02531,0.278487
7403,0.021065,0.012071,0.223062,0.034072,0.024208,0.280406
7404,0.020433,0.011903,0.235053,0.033112,0.024099,0.291488
7405,0.020437,0.011936,0.225974,0.032086,0.022952,0.281299
7406,0.019071,0.011325,0.223368,0.030342,0.02359,0.277354
7407,0.019504,0.011689,0.235296,0.036814,0.03517,0.301659
7408,0.020586,0.011996,0.224068,0.033451,0.022853,0.279503
7409,0.019348,0.011454,0.226001,0.032836,0.023151,0.279954
7410,0.0191,0.011358,0.215745,0.030899,0.022516,0.268719
7411,0.018313,0.010674,0.232966,0.033964,0.026168,0.288121
7412,0.020999,0.012368,0.228107,0.032429,0.024733,0.286207
7413,0.020172,0.011838,0.221684,0.031084,0.024655,0.278349
7414,0.02149,0.011819,0.232055,0.030946,0.03257,0.297934
7415,0.019955,0.012401,0.242698,0.03418,0.024396,0.29945
7416,0.019913,0.012272,0.23505,0.039002,0.024857,0.292092
7417,0.019954,0.011647,0.233025,0.033901,0.023358,0.287984
7418,0.019113,0.011877,0.235547,0.036032,0.023893,0.29043
7419,0.020343,0.011015,0.220709,0.030064,0.024999,0.277066
7420,0.020033,0.011586,0.23288,0.033697,0.023674,0.288173
7421,0.019239,0.01111,0.235046,0.03233,0.024047,0.289442
7422,0.019676,0.010897,0.222576,0.032172,0.022185,0.275334
7423,0.018578,0.010753,0.219466,0.030672,0.022799,0.271596
7424,0.018797,0.011207,0.223721,0.032525,0.024775,0.2785
7425,0.020096,0.012185,0.237034,0.03318,0.023458,0.292773
7426,0.01963,0.011412,0.219869,0.030383,0.022632,0.273543
7427,0.018622,0.011724,0.216721,0.029582,0.023265,0.270332
7428,0.019042,0.01103,0.216557,0.029245,0.041161,0.28779
7429,0.019508,0.010999,0.229792,0.02999,0.02416,0.284459
7430,0.020743,0.011483,0.236218,0.033722,0.024629,0.293073
7431,0.020032,0.01161,0.226932,0.031845,0.024193,0.282767
7432,0.019213,0.011538,0.232571,0.031894,0.023434,0.286756
7433,0.019758,0.011101,0.224727,0.030806,0.023592,0.279178
7434,0.019036,0.011347,0.233917,0.033898,0.027473,0.291773
7435,0.022219,0.012401,0.234897,0.033405,0.024875,0.294392
7436,0.020465,0.012515,0.220018,0.031868,0.023374,0.276372
7437,0.019308,0.011315,0.221821,0.031184,0.02356,0.276004
7438,0.019622,0.011044,0.223922,0.029807,0.023151,0.277739
7439,0.019404,0.010656,0.236351,0.032788,0.026394,0.292805
7440,0.021391,0.012076,0.227018,0.03368,0.025065,0.28555
7441,0.020298,0.011509,0.223921,0.033591,0.024185,0.279913
7442,0.019965,0.011261,0.227885,0.033518,0.024089,0.2832
7443,0.019813,0.011138,0.219054,0.032466,0.022885,0.27289
7444,0.019324,0.011046,0.217057,0.031174,0.023923,0.27135
7445,0.018971,0.010998,0.227767,0.034288,0.022959,0.280695
7446,0.019409,0.010903,0.817185,0.056529,0.030992,0.878489
7447,0.024388,0.013546,0.25431,0.039221,0.025942,0.318186
7448,0.020444,0.013009,0.247941,0.039486,0.026192,0.307586
7449,0.021225,0.010939,0.236186,0.025847,0.02318,0.29153
7450,0.01933,0.010357,0.227431,0.023151,0.022165,0.279283
7451,0.018324,0.022419,0.231111,0.024111,0.02258,0.294434
7452,0.01873,0.009941,0.230679,0.022985,0.022666,0.282016
7453,0.018438,0.010036,0.22766,0.022936,0.02247,0.278604
7454,0.018695,0.009909,0.234811,0.023632,0.022699,0.286114
7455,0.019137,0.010598,0.227067,0.022868,0.021835,0.278637
7456,0.018531,0.010071,0.224256,0.022633,0.022808,0.275666
7457,0.018467,0.009985,0.225237,0.022899,0.022747,0.276436
7458,0.018962,0.010044,0.311922,0.035396,0.026213,0.367141
7459,0.020829,0.012401,0.231872,0.030579,0.025149,0.290251
7460,0.020484,0.011896,0.236404,0.035389,0.024744,0.293528
7461,0.020682,0.011014,0.267184,0.037969,0.026301,0.325181
7462,0.021061,0.011954,0.988778,0.730474,0.043371,1.065164
7463,0.031094,0.018161,0.306783,0.057571,0.033009,0.389047
7464,0.025566,0.015035,0.303838,0.047092,0.029876,0.374315
7465,0.023559,0.013264,0.273602,0.041022,0.025568,0.335993
7466,0.022073,0.011641,0.261163,0.036165,0.025387,0.320264
7467,0.020459,0.011548,0.264819,0.033713,0.023969,0.320795
7468,0.020075,0.011479,0.253906,0.034308,0.024557,0.310017
7469,0.020647,0.011377,0.260893,0.035111,0.026269,0.319186
7470,0.021232,0.011691,0.274861,0.037685,0.027265,0.335049
7471,0.021821,0.01206,0.253289,0.03573,0.024679,0.311849
7472,0.021283,0.011276,0.257728,0.033458,0.024338,0.314625
7473,0.020677,0.010952,0.248434,0.033226,0.032461,0.312524
7474,0.020466,0.010955,0.252559,0.034234,0.025429,0.309409
7475,0.020541,0.011322,0.254305,0.033856,0.024804,0.310972
7476,0.020033,0.011229,0.248637,0.03321,0.023121,0.30302
7477,0.019805,0.011071,0.254388,0.033104,0.024662,0.309926
7478,0.019935,0.011074,0.254465,0.036514,0.026862,0.312336
7479,0.020922,0.01207,0.262986,0.038274,0.025404,0.321382
7480,0.021534,0.011468,0.263768,0.036599,0.024632,0.321402
7481,0.020265,0.011761,0.268461,0.042773,0.032748,0.333235
7482,0.024552,0.013645,0.266369,0.040101,0.02687,0.331436
7483,0.021658,0.012844,0.271307,0.040626,0.028109,0.333918
7484,0.021201,0.012336,0.255914,0.038566,0.025461,0.314912
7485,0.021038,0.011937,0.258032,0.038319,0.02738,0.318387
7486,0.020874,0.011403,0.267993,0.039067,0.025766,0.326036
7487,0.020836,0.01188,0.25993,0.039913,0.027261,0.319907
7488,0.021482,0.012052,0.266433,0.039024,0.025021,0.324988
7489,0.020405,0.011464,0.245231,0.037237,0.023669,0.300769
7490,0.02001,0.011114,0.228503,0.031932,0.022811,0.282438
7491,0.019306,0.011905,0.235983,0.036601,0.024911,0.292105
7492,0.020909,0.011688,0.277422,0.039689,0.030132,0.340151
7493,0.024346,0.013524,0.265054,0.041703,0.028016,0.33094
7494,0.022241,0.012145,0.257729,0.039495,0.026691,0.318806
7495,0.023832,0.013531,0.26367,0.036846,0.024764,0.325797
7496,0.020828,0.011538,0.259552,0.038718,0.027071,0.318989
7497,0.021592,0.011903,0.265303,0.039817,0.027092,0.32589
7498,0.022056,0.012346,0.282123,0.041626,0.029135,0.34566
7499,0.023794,0.013317,0.260796,0.040223,0.026207,0.324114
7500,0.02085,0.01176,0.248239,0.034113,0.023429,0.304278
7501,0.020196,0.010679,0.244658,0.032505,0.023069,0.298602
7502,0.02892,0.011063,0.24489,0.032092,0.022718,0.307591
7503,0.01878,0.010792,0.239583,0.029274,0.023478,0.292633
7504,0.018048,0.010714,0.240016,0.029627,0.023243,0.292021
7505,0.019245,0.010702,0.275299,0.033206,0.024217,0.329463
7506,0.019677,0.011201,0.243632,0.031195,0.023622,0.298132
7507,0.018963,0.010575,0.241775,0.028753,0.023294,0.294607
7508,0.018163,0.01019,0.246569,0.037259,0.023168,0.29809
7509,0.018764,0.010106,0.235663,0.026928,0.023398,0.287931
7510,0.018423,0.010444,0.23482,0.027942,0.021852,0.285539
7511,0.01832,0.009921,0.232923,0.026403,0.022262,0.283426
7512,0.018221,0.01774,0.235893,0.028403,0.022287,0.294141
7513,0.018309,0.010136,0.23185,0.026641,0.023263,0.283558
7514,0.018,0.010514,0.23385,0.028032,0.023609,0.285973
7515,0.018538,0.010836,0.249435,0.031484,0.024133,0.302942
7516,0.019825,0.011141,0.227694,0.028646,0.024535,0.283195
7517,0.019948,0.012226,0.239915,0.039349,0.027883,0.299972
7518,0.022784,0.012134,0.278065,0.044789,0.025096,0.338079
7519,0.021111,0.011184,0.231392,0.034029,0.022867,0.286554
7520,0.019567,0.010604,0.228343,0.028561,0.021918,0.280432
7521,0.019202,0.010751,0.240992,0.034067,0.030644,0.301589
7522,0.024185,0.013848,0.273659,0.051456,0.031189,0.342881
7523,0.02398,0.012779,0.226105,0.034765,0.018991,0.281855
7524,0.019317,0.011134,0.235355,0.035741,0.021394,0.2872
7525,0.016301,0.011728,0.240779,0.034511,0.025076,0.293884
7526,0.019935,0.012161,0.251686,0.037907,0.030657,0.314439
7527,0.022602,0.022362,0.275066,0.046456,0.031937,0.351967
7528,0.021759,0.013264,0.243887,0.04231,0.027174,0.306084
7529,0.021746,0.011971,0.251369,0.037298,0.028221,0.313307
7530,0.022277,0.031913,0.211107,0.031257,0.026706,0.292003
7531,0.0198,0.011051,0.220748,0.028766,0.025947,0.277546
7532,0.019229,0.011105,0.234061,0.034431,0.02517,0.289565
7533,0.020026,0.01239,0.239331,0.035494,0.026604,0.298351
7534,0.021028,0.011233,0.229365,0.033336,0.024835,0.286461
7535,0.020443,0.011096,0.243781,0.026142,0.022782,0.298102
7536,0.019005,0.010086,0.228264,0.023315,0.022356,0.279711
7537,0.018908,0.010064,0.228727,0.022711,0.022112,0.279811
7538,0.01839,0.009867,0.240102,0.022642,0.022443,0.290802
7539,0.018724,0.010395,0.227669,0.023456,0.022571,0.279359
7540,0.018999,0.009718,0.228066,0.023123,0.022153,0.278936
7541,0.018577,0.010166,0.22808,0.023024,0.022573,0.279396
7542,0.018659,0.010272,0.234004,0.023306,0.023187,0.286122
7543,0.018546,0.010131,0.218074,0.022229,0.020177,0.266928
7544,0.017188,0.010681,0.245005,0.035524,0.029391,0.302265
7545,0.023609,0.013205,0.261633,0.048531,0.030061,0.328508
7546,0.023717,0.027251,0.332177,0.040239,0.029852,0.412997
7547,0.023962,0.013736,0.250286,0.042819,0.02558,0.313564
7548,0.020239,0.011551,0.262739,0.044138,0.026046,0.320575
7549,0.022263,0.013143,0.257999,0.041316,0.02532,0.318725
7550,0.021065,0.012204,0.258128,0.035595,0.025467,0.316864
7551,0.020647,0.011065,0.30875,0.084763,0.027607,0.368069
7552,0.022401,0.012639,0.245454,0.038357,0.024369,0.304863
7553,0.036704,0.013964,0.594137,0.335072,0.041795,0.6866
7554,0.028014,0.016598,0.311536,0.05584,0.031125,0.387273
7555,0.023849,0.014001,0.260844,0.051751,0.028768,0.327462
7556,0.022655,0.013056,0.272054,0.044398,0.027892,0.335657
7557,0.022234,0.013468,0.294183,0.048349,0.030254,0.360139
7558,0.029288,0.014462,0.278164,0.051873,0.030475,0.352389
7559,0.02325,0.025669,0.26666,0.042477,0.026944,0.342523
7560,0.021278,0.015458,0.269324,0.041291,0.030357,0.336417
7561,0.023912,0.013227,0.256799,0.049835,0.02711,0.321048
7562,0.034186,0.013188,0.270643,0.048513,0.032527,0.350544
7563,0.023814,0.014411,0.269226,0.046921,0.032192,0.339643
7564,0.023802,0.013587,0.306108,0.045706,0.029123,0.37262
7565,0.023149,0.014543,0.23792,0.042857,0.027283,0.302895
7566,0.021498,0.013164,0.257418,0.04399,0.028764,0.320844
7567,0.022093,0.012637,0.248872,0.044495,0.029771,0.313373
7568,0.033885,0.013783,0.284234,0.050023,0.028737,0.360639
7569,0.022662,0.013418,0.245906,0.045142,0.021972,0.303958
7570,0.017994,0.012971,0.25071,0.039694,0.027382,0.309057
7571,0.03226,0.013399,0.271284,0.061539,0.02532,0.342263
7572,0.021462,0.011848,0.252579,0.043015,0.028093,0.313982
7573,0.0225,0.012626,0.239295,0.038197,0.025717,0.300138
7574,0.021317,0.0134,0.273527,0.036414,0.026776,0.33502
7575,0.021347,0.012092,0.247608,0.033967,0.027388,0.308435
7576,0.021178,0.011629,0.264774,0.048659,0.031512,0.329093
7577,0.024062,0.014019,0.262566,0.044436,0.029482,0.330129
7578,0.022617,0.013402,0.277988,0.046785,0.030742,0.344749
7579,0.025389,0.016699,0.259228,0.039605,0.026634,0.32795
7580,0.02096,0.012616,0.258229,0.035687,0.027154,0.318959
7581,0.022536,0.013598,0.264249,0.040518,0.029047,0.32943
7582,0.024569,0.033971,0.274345,0.047184,0.029459,0.362344
7583,0.024186,0.013112,0.268964,0.044184,0.028328,0.33459
7584,0.022069,0.01266,0.257995,0.037706,0.027847,0.320571
7585,0.021736,0.012187,0.294387,0.04211,0.03005,0.35836
7586,0.030484,0.011883,0.235123,0.040314,0.024651,0.302141
7587,0.019995,0.011787,0.2613,0.041064,0.028263,0.321345
7588,0.021414,0.011993,0.299366,0.078446,0.028771,0.361544
7589,0.021563,0.025566,0.257165,0.044971,0.027777,0.332071
7590,0.021483,0.012156,0.252822,0.038212,0.028077,0.314538
7591,0.021207,0.021846,0.265517,0.048016,0.028745,0.337315
7592,0.016928,0.009737,0.276036,0.044304,0.030776,0.333477
7593,0.025911,0.015157,0.292923,0.047922,0.030408,0.364399
7594,0.025372,0.014471,0.259686,0.044324,0.028721,0.32825
7595,0.03449,0.014523,0.268733,0.040954,0.059408,0.377154
7596,0.023234,0.013407,0.264356,0.046364,0.029115,0.330112
7597,0.023922,0.013406,0.268754,0.041485,0.029849,0.335931
7598,0.024086,0.014901,0.262444,0.040774,0.027198,0.328629
7599,0.021879,0.012649,0.261191,0.039121,0.028917,0.324636
7600,0.02452,0.014083,0.277186,0.047399,0.025452,0.341241
7601,0.022546,0.013808,0.259146,0.041222,0.031758,0.327258
7602,0.024622,0.01353,0.285581,0.044572,0.02763,0.351363
7603,0.022501,0.012008,0.239948,0.026072,0.024662,0.299119
7604,0.02291,0.012017,0.254145,0.039867,0.024621,0.313693
7605,0.020572,0.011438,0.231777,0.024797,0.022606,0.286393
7606,0.018871,0.010035,0.231561,0.022996,0.022487,0.282954
7607,0.018442,0.009999,0.228515,0.022629,0.023516,0.280472
7608,0.018512,0.010322,0.24816,0.035889,0.029729,0.306723
7609,0.022292,0.013385,0.266832,0.044042,0.030592,0.333101
7610,0.023598,0.013337,0.257328,0.03659,0.026663,0.320926
7611,0.022091,0.012859,0.250178,0.038109,0.027206,0.312334
7612,0.022289,0.013372,0.34697,0.113627,0.034912,0.417543
7613,0.028257,0.01638,0.294015,0.045896,0.027498,0.36615
7614,0.021891,0.012173,0.247089,0.032501,0.02548,0.306633
7615,0.02106,0.011206,0.232243,0.034313,0.024717,0.289226
7616,0.018552,0.010187,0.24124,0.027793,0.022812,0.292791
7617,0.019675,0.010561,0.238579,0.030731,0.022996,0.291811
7618,0.020153,0.010817,0.238641,0.031669,0.023529,0.29314
7619,0.020011,0.01094,0.238261,0.031793,0.025629,0.294841
7620,0.017675,0.011203,0.230714,0.029021,0.023048,0.28264
7621,0.018933,0.01034,0.220328,0.031434,0.02452,0.274121
7622,0.020212,0.011495,0.232043,0.035944,0.026667,0.290417
7623,0.020799,0.012249,0.262693,0.039197,0.029372,0.325113
7624,0.047672,0.023136,0.245899,0.046203,0.027482,0.344189
7625,0.017512,0.010113,0.239934,0.03964,0.026689,0.294248
7626,0.020991,0.011739,0.28691,0.040074,0.034127,0.353767
7627,0.020652,0.010366,0.177018,0.028242,0.021929,0.229965
7628,0.020556,0.010123,0.206306,0.028251,0.02422,0.261205
7629,0.019314,0.01167,0.264776,0.038392,0.031939,0.327699
7630,0.023904,0.013895,0.256025,0.048358,0.022909,0.316733
7631,0.022144,0.012394,0.219284,0.031697,0.021874,0.275696
7632,0.020108,0.012359,0.238635,0.032925,0.02619,0.297292
7633,0.036851,0.012619,0.253924,0.040252,0.058107,0.361501
7634,0.022539,0.012502,0.213814,0.040718,0.023127,0.271982
7635,0.016434,0.009333,0.252477,0.041659,0.029833,0.308077
7636,0.024483,0.013181,0.274827,0.038073,0.031593,0.344084
7637,0.02406,0.014809,0.198804,0.031528,0.018605,0.256278
7638,0.017682,0.010659,0.240634,0.034054,0.026262,0.295237
7639,0.020477,0.012263,0.273835,0.054929,0.021573,0.328148
7640,0.020071,0.011443,0.220655,0.029812,0.026091,0.27826
7641,0.020635,0.012128,0.262811,0.042292,0.050385,0.345959
7642,0.026396,0.012886,0.235153,0.052867,0.02726,0.301695
7643,0.020968,0.011898,0.232763,0.039532,0.025576,0.291205
7644,0.020322,0.011518,0.247865,0.033791,0.027841,0.307546
7645,0.02272,0.012654,0.261737,0.029951,0.026048,0.323159
7646,0.02043,0.011598,0.281306,0.049464,0.024423,0.337757
7647,0.022977,0.01274,0.232367,0.035615,0.020469,0.288553
7648,0.021463,0.011213,0.238028,0.032557,0.026865,0.297569
7649,0.021701,0.027052,0.256384,0.030195,0.025284,0.330421
7650,0.020448,0.011697,0.25042,0.034934,0.051004,0.333569
7651,0.04122,0.013888,0.242265,0.043964,0.023253,0.320626
7652,0.017126,0.009635,0.32241,0.052479,0.030912,0.380083
7653,0.023528,0.013453,0.239286,0.038443,0.024876,0.301143
7654,0.020353,0.011762,0.237942,0.037135,0.025754,0.295811
7655,0.020908,0.012144,0.261928,0.045154,0.028696,0.323676
7656,0.022259,0.012763,0.253677,0.039437,0.025994,0.314693
7657,0.020496,0.012347,0.261784,0.041178,0.025118,0.319745
7658,0.019784,0.011304,0.336832,0.04171,0.025215,0.393135
7659,0.021098,0.011614,0.230008,0.033609,0.024746,0.287466
7660,0.020755,0.011292,0.237301,0.034292,0.025756,0.295104
7661,0.021616,0.012095,0.253033,0.036775,0.02593,0.312674
7662,0.020864,0.012287,0.238211,0.039508,0.031852,0.303214
7663,0.023064,0.012851,0.248927,0.044534,0.029188,0.31403
7664,0.023384,0.01249,0.255306,0.041237,0.030824,0.322004
7665,0.025362,0.01442,0.283038,0.05899,0.031026,0.353846
7666,0.02391,0.015673,0.289615,0.051244,0.030482,0.35968
7667,0.023393,0.014188,0.290267,0.045205,0.03198,0.359828
7668,0.021457,0.012357,0.253282,0.048811,0.028563,0.315659
7669,0.023059,0.013503,1.340843,0.069157,0.044047,1.421452
7670,0.038183,0.018187,0.31002,0.054766,0.033284,0.399674
7671,0.024969,0.01493,0.560143,0.044764,0.05627,0.656312
7672,0.032695,0.018468,0.302183,0.061566,0.029072,0.382418
7673,0.025463,0.015596,0.269402,0.050007,0.02913,0.339591
7674,0.02614,0.016975,0.281022,0.063793,0.032761,0.356898
7675,0.024962,0.014619,0.268957,0.048835,0.031828,0.340366
7676,0.025423,0.015001,0.260819,0.047794,0.029508,0.330751
7677,0.023884,0.013865,0.318554,0.052779,0.028985,0.385288
7678,0.023108,0.013567,0.254383,0.047586,0.028025,0.319083
7679,0.023168,0.012978,0.272038,0.04596,0.032672,0.340856
7680,0.025761,0.015172,0.295777,0.053173,0.030262,0.366972
7681,0.022538,0.013943,0.258589,0.045062,0.029726,0.324796
7682,0.022911,0.0138,0.267488,0.050145,0.031866,0.336065
7683,0.023079,0.014277,0.260382,0.045248,0.027749,0.325487
7684,0.021149,0.011904,0.263448,0.044238,0.03052,0.327021
7685,0.02332,0.014768,0.282656,0.050933,0.032382,0.353126
7686,0.023923,0.014193,0.258234,0.045427,0.026935,0.323285
7687,0.023281,0.013255,0.259473,0.040118,0.027512,0.323521
7688,0.021905,0.013206,0.25526,0.046062,0.029796,0.320167
7689,0.022805,0.013092,0.273845,0.04938,0.029108,0.33885
7690,0.023169,0.013837,0.265065,0.043437,0.031028,0.333099
7691,0.050021,0.015358,0.260837,0.047765,0.028995,0.355211
7692,0.022305,0.012706,0.260067,0.043078,0.026747,0.321825
7693,0.022298,0.012348,0.299257,0.08449,0.029341,0.363244
7694,0.021763,0.014662,0.257936,0.045816,0.032339,0.3267
7695,0.025477,0.025591,0.277359,0.039591,0.028231,0.356658
7696,0.023125,0.014036,0.275254,0.048792,0.029032,0.341447
7697,0.023986,0.013592,0.25591,0.046707,0.029773,0.323261
7698,0.036175,0.013437,0.249313,0.041083,0.027128,0.326053
7699,0.022336,0.013672,0.268082,0.041356,0.024974,0.329064
7700,0.021391,0.012483,0.249382,0.037988,0.025825,0.309081
7701,0.022069,0.028017,0.266389,0.048688,0.030154,0.346629
7702,0.02536,0.014076,0.26196,0.047653,0.031011,0.332407
7703,0.02434,0.013806,0.251073,0.03756,0.026799,0.316018
7704,0.021766,0.024124,0.250939,0.039651,0.027864,0.324693
7705,0.021898,0.013386,0.263543,0.046597,0.029917,0.328744
7706,0.027147,0.016164,0.263853,0.048488,0.030275,0.337439
7707,0.036293,0.014297,0.253147,0.039619,0.027331,0.331068
7708,0.021941,0.012389,0.252206,0.039903,0.026598,0.313134
7709,0.021449,0.013598,0.272061,0.051289,0.026429,0.333537
7710,0.023839,0.02331,0.256963,0.046289,0.032301,0.336413
7711,0.02377,0.014434,0.265639,0.046781,0.030077,0.33392
7712,0.025435,0.014212,0.250241,0.04907,0.028559,0.318447
7713,0.022259,0.012918,0.308735,0.086801,0.027548,0.37146
7714,0.02318,0.016258,0.267697,0.049451,0.029941,0.337076
7715,0.023702,0.013738,0.267636,0.045922,0.039528,0.344604
7716,0.024047,0.013851,0.259651,0.04863,0.027536,0.325085
7717,0.022837,0.012898,0.293605,0.04387,0.031219,0.360559
7718,0.023459,0.013905,3.716878,0.059524,0.037706,3.791948
7719,0.02213,0.013272,0.193362,0.031062,0.01858,0.247344
7720,0.013901,0.009753,0.247061,0.035066,0.028574,0.299289
7721,0.021656,0.010633,0.248565,0.033633,0.023501,0.304355
7722,0.021308,0.011417,0.22175,0.035481,0.027686,0.282161
7723,0.022006,0.012748,0.238931,0.033459,0.058031,0.331716
7724,0.029078,0.019887,0.277406,0.05641,0.021438,0.347809
7725,0.01654,0.009366,0.193204,0.032859,0.024381,0.243491
7726,0.020842,0.011645,0.222575,0.038322,0.025459,0.280521
7727,0.019926,0.012001,0.259997,0.039579,0.027254,0.319178
7728,0.021635,0.012397,0.262158,0.03453,0.026372,0.322562
7729,0.022303,0.011579,0.22229,0.038414,0.025957,0.282129
7730,0.021302,0.012047,0.294573,0.075099,0.030754,0.358676
7731,0.025763,0.013931,0.235801,0.038998,0.029508,0.305003
7732,0.023018,0.014173,0.258246,0.049161,0.021385,0.316822
7733,0.016702,0.011403,0.237436,0.032529,0.027272,0.292813
7734,0.022255,0.013197,0.256976,0.037761,0.027293,0.319721
7735,0.022822,0.013363,0.293006,0.07078,0.029244,0.358435
7736,0.025204,0.01337,0.271232,0.058874,0.028456,0.338262
7737,0.021679,0.013011,0.25582,0.042234,0.026868,0.317378
7738,0.02271,0.013607,0.280659,0.045829,0.031231,0.348207
7739,0.025373,0.014772,0.290899,0.066455,0.029529,0.360573
7740,0.024025,0.014454,0.269804,0.049707,0.030357,0.33864
7741,0.023402,0.013567,0.263389,0.049847,0.029142,0.3295
7742,0.024912,0.014086,0.299823,0.050259,0.029081,0.367902
7743,0.024914,0.020249,0.271106,0.048516,0.029679,0.345948
7744,0.02337,0.013387,0.259379,0.050119,0.027013,0.323149
7745,0.021656,0.01333,0.267641,0.044502,0.027639,0.330266
7746,0.020904,0.013065,0.292114,0.066789,0.022479,0.348562
7747,0.018291,0.00971,0.22459,0.038639,0.020384,0.272975
7748,0.015991,0.011698,0.261578,0.039154,0.027733,0.317
7749,0.022537,0.012443,0.256933,0.052126,0.020736,0.312649
7750,0.016201,0.009299,0.2097,0.034379,0.023713,0.258913
7751,0.014757,0.008553,0.176321,0.025412,0.022702,0.222333
7752,0.01842,0.010897,0.25779,0.037058,0.029619,0.316726
7753,0.022284,0.013129,0.237736,0.038074,0.020101,0.29325
7754,0.016041,0.008872,0.182433,0.029906,0.023672,0.231018
7755,0.01956,0.011333,0.186719,0.026146,0.023552,0.241164
7756,0.018711,0.01034,0.232634,0.03452,0.034441,0.296126
7757,0.021751,0.011836,0.246131,0.042347,0.027193,0.306911
7758,0.022298,0.012821,0.262246,0.047518,0.034883,0.332248
7759,0.034524,0.014089,0.260041,0.044941,0.027214,0.335868
7760,0.023276,0.012982,0.262483,0.040559,0.028121,0.326862
7761,0.022269,0.012922,0.262417,0.046727,0.031335,0.328943
7762,0.033853,0.013753,0.258646,0.049809,0.029864,0.336116
7763,0.024872,0.014366,0.282,0.047812,0.02878,0.350018
7764,0.022317,0.013473,0.247693,0.044652,0.026999,0.310482
7765,0.094146,0.015603,0.262428,0.049706,0.021703,0.39388
7766,0.015977,0.009723,0.212155,0.03624,0.023302,0.261157
7767,0.015125,0.009142,0.244953,0.037164,0.02795,0.29717
7768,0.021852,0.013183,0.287192,0.042577,0.029589,0.351816
7769,0.018435,0.010524,0.240616,0.039792,0.02775,0.297325
7770,0.02274,0.013324,0.255662,0.037518,0.025272,0.316998
7771,0.021127,0.012665,0.255961,0.036892,0.028614,0.318367
7772,0.021772,0.012947,0.244449,0.03692,0.02751,0.306678
7773,0.02247,0.013276,0.291992,0.044416,0.027684,0.355422
7774,0.023085,0.013786,0.27364,0.039117,0.027628,0.338139
7775,0.021719,0.013461,0.264838,0.045092,0.029567,0.329585
7776,0.024068,0.014604,0.278468,0.047173,0.030158,0.347298
7777,0.024924,0.014363,0.273895,0.039521,0.028039,0.341221
7778,0.022531,0.013184,0.249359,0.044152,0.028161,0.313235
7779,0.023388,0.01126,0.249143,0.04454,0.031632,0.315423
7780,0.024153,0.014407,0.30519,0.056765,0.022639,0.366389
7781,0.016981,0.00969,0.22499,0.039682,0.020028,0.271689
7782,0.019776,0.01254,0.251358,0.035983,0.02636,0.310034
7783,0.0206,0.012742,0.28378,0.038668,0.027512,0.344634
7784,0.016866,0.009805,0.185765,0.02643,0.022713,0.235149
7785,0.019918,0.011297,0.228382,0.03824,0.03108,0.290677
7786,0.022717,0.014503,0.27913,0.040036,0.027664,0.344014
7787,0.018281,0.011137,0.229715,0.037611,0.025153,0.284286
7788,0.021276,0.013183,0.248698,0.036127,0.02723,0.310387
7789,0.021771,0.012668,0.270845,0.036598,0.02928,0.334564
7790,0.022671,0.013031,0.198436,0.031021,0.023239,0.257377
7791,0.019978,0.010566,0.243531,0.035954,0.027666,0.301741
7792,0.020513,0.024488,1.093356,0.070295,0.032383,1.17074
7793,0.027639,0.017269,0.292906,0.05983,0.031569,0.369383
7794,0.025106,0.014723,0.276372,0.050121,0.032515,0.348716
7795,0.025512,0.014797,0.30921,0.065624,0.031665,0.381184
7796,0.026457,0.014333,0.239404,0.036571,0.02008,0.300274
7797,0.015985,0.011629,0.242936,0.038411,0.028222,0.298772
7798,0.022203,0.012785,0.27557,0.059595,0.021453,0.332011
7799,0.016553,0.00919,0.234799,0.052286,0.023387,0.283929
7800,0.015882,0.009007,0.211438,0.0326,0.025439,0.261766
7801,0.020819,0.012231,0.266145,0.041286,0.030935,0.33013
7802,0.042427,0.014474,0.242951,0.044363,0.029609,0.329461
7803,0.021976,0.011985,0.253767,0.043156,0.028373,0.316101
7804,0.022288,0.013323,0.28728,0.063138,0.023443,0.346334
7805,0.021535,0.013731,0.207871,0.031243,0.023779,0.266916
7806,0.031459,0.01222,0.265019,0.041799,0.029713,0.338411
7807,0.022559,0.014953,0.264283,0.04314,0.030822,0.332617
7808,0.018401,0.010223,0.171827,0.028305,0.016173,0.216624
7809,0.01351,0.01273,0.238468,0.033677,0.026705,0.291413
7810,0.020381,0.011552,0.241699,0.045456,0.026187,0.299819
7811,0.023016,0.011621,0.207763,0.031156,0.018638,0.261038
7812,0.014508,0.007578,0.190859,0.027711,0.023729,0.236674
7813,0.029377,0.012641,0.272448,0.040188,0.027212,0.341678
7814,0.022068,0.013716,0.284381,0.039851,0.028548,0.348713
7815,0.02189,0.012879,0.238877,0.043047,0.028721,0.302367
7816,0.030396,0.013638,0.252267,0.046186,0.026418,0.322719
7817,0.022781,0.013082,0.224867,0.037354,0.026304,0.287034
7818,0.021095,0.012932,0.265141,0.047829,0.029507,0.328675
7819,0.021485,0.012744,0.28183,0.04879,0.029171,0.34523
7820,0.022303,0.013772,0.293983,0.089644,0.022583,0.352641
7821,0.017059,0.012066,0.230087,0.03624,0.027291,0.286503
7822,0.021778,0.012208,0.266267,0.041713,0.027033,0.327286
7823,0.021551,0.012188,0.240286,0.037198,0.029171,0.303196
7824,0.024533,0.012777,0.23626,0.044282,0.027849,0.301419
7825,0.022242,0.013055,0.277319,0.047222,0.022841,0.335457
7826,0.017832,0.012537,0.235916,0.034672,0.026064,0.292349
7827,0.02064,0.012564,0.254967,0.039136,0.025634,0.313805
7828,0.030005,0.013192,0.237055,0.054319,0.024929,0.305181
7829,0.020265,0.010202,0.171562,0.026506,0.015969,0.217998
7830,0.015775,0.009898,0.233619,0.032012,0.025055,0.284347
7831,0.021065,0.011717,0.262818,0.038552,0.019886,0.315486
7832,0.015522,0.009147,0.25027,0.032946,0.024132,0.299071
7833,0.020427,0.012024,0.235829,0.030317,0.023646,0.291926
7834,0.020039,0.010922,0.274827,0.061933,0.03249,0.338278
7835,0.024887,0.013617,0.279781,0.046329,0.028553,0.346838
7836,0.022544,0.013479,0.257193,0.039827,0.026938,0.320154
7837,0.046629,0.020472,0.257214,0.047128,0.030236,0.354551
7838,0.024388,0.01418,0.273686,0.046469,0.02764,0.339894
7839,0.021939,0.012859,0.301611,0.07793,0.028119,0.364528
7840,0.023711,0.014352,0.247717,0.042063,0.028633,0.314413
7841,0.023916,0.012976,0.279791,0.041827,0.030913,0.347596
7842,0.025557,0.01283,0.257533,0.050179,0.027434,0.323354
7843,0.022498,0.012345,0.254935,0.041174,0.028153,0.317931
7844,0.021248,0.014087,0.273752,0.046934,0.02872,0.337807
7845,0.023402,0.013014,0.264174,0.046653,0.030695,0.331285
7846,0.024846,0.014242,0.256914,0.04421,0.032172,0.328174
7847,0.048603,0.024759,0.242924,0.042927,0.029983,0.346269
7848,0.023728,0.013016,0.258331,0.046108,0.030107,0.325182
7849,0.025156,0.014374,0.246272,0.045583,0.026826,0.312628
7850,0.022181,0.013629,0.255077,0.043397,0.02799,0.318877
7851,0.021433,0.012306,0.265468,0.049411,0.032596,0.331803
7852,0.026748,0.01384,0.268676,0.046495,0.028931,0.338195
7853,0.021632,0.013641,0.303108,0.047492,0.027802,0.366183
7854,0.024481,0.013033,0.248776,0.039926,0.027346,0.313636
7855,0.020967,0.012596,0.251951,0.036997,0.026207,0.311721
7856,0.022086,0.012429,0.266862,0.042733,0.030958,0.332335
7857,0.023354,0.013446,0.251301,0.042562,0.028673,0.316774
7858,0.02319,0.014134,0.266074,0.053685,0.029419,0.332817
7859,0.022088,0.015479,0.263715,0.045279,0.027349,0.328631
7860,0.02258,0.013593,0.258867,0.039436,0.029829,0.324869
7861,0.02266,0.028738,0.268838,0.048544,0.032332,0.352568
7862,0.023564,0.013747,0.28714,0.046398,0.029776,0.354227
7863,0.022282,0.013206,0.260391,0.039476,0.029983,0.325862
7864,0.021796,0.012713,0.250056,0.046501,0.026753,0.311318
7865,0.022811,0.012877,0.284669,0.045705,0.031302,0.351659
7866,0.023764,0.014723,0.299545,0.04722,0.03018,0.368212
7867,0.024103,0.013588,0.263819,0.050582,0.044107,0.345617
7868,0.02453,0.01434,0.26358,0.041134,0.025719,0.328169
7869,0.021738,0.01331,0.280812,0.04338,0.035485,0.351345
7870,0.025508,0.01408,0.276352,0.049636,0.032613,0.348553
7871,0.024947,0.014496,0.2725,0.042963,0.027274,0.339217
7872,0.021688,0.012995,0.2572,0.038675,0.028326,0.320209
7873,0.030132,0.027132,0.280863,0.04446,0.030261,0.368388
7874,0.024926,0.014354,0.263553,0.045072,0.028437,0.33127
7875,0.021968,0.01313,0.265281,0.043539,0.026182,0.326561
7876,0.043821,0.031706,3.762496,3.489369,0.04477,3.882793
7877,0.032448,0.018373,0.321258,0.056131,0.033841,0.40592
7878,0.026187,0.015706,0.298627,0.051222,0.032037,0.372557
7879,0.02628,0.014919,0.270546,0.046539,0.026814,0.338559
7880,0.021779,0.012902,0.277853,0.052465,0.031065,0.343599
7881,0.025374,0.014755,0.267631,0.039061,0.029457,0.337217
7882,0.025759,0.033756,0.281542,0.041411,0.600963,0.94202
7883,0.030215,0.017127,0.294369,0.050778,0.025006,0.366717
7884,0.020298,0.011118,0.329144,0.042979,0.030231,0.390791
7885,0.024911,0.013846,0.256073,0.036964,0.027484,0.322314
7886,0.024497,0.013147,0.233716,0.043875,0.027636,0.298996
7887,0.022627,0.013289,0.275345,0.039559,0.028672,0.339933
7888,0.022821,0.019057,0.224264,0.034809,0.021282,0.287424
7889,0.019235,0.01139,0.240915,0.033578,0.030629,0.302169
7890,0.024544,0.013256,0.263235,0.038188,0.028128,0.329163
7891,0.023887,0.013828,0.258906,0.037244,0.021836,0.318457
7892,0.020454,0.011721,0.227972,0.031167,0.026601,0.286748
7893,0.021995,0.012368,0.245595,0.035201,0.025576,0.305534
7894,0.028498,0.013204,0.275235,0.037444,0.027976,0.344913
7895,0.020375,0.011886,0.287723,0.039563,0.041468,0.361452
7896,0.022436,0.0111,0.224327,0.045416,0.024866,0.282729
7897,0.028076,0.012627,0.259835,0.046335,0.029794,0.330332
7898,0.023937,0.013354,0.252999,0.037683,0.026626,0.316916
7899,0.021759,0.012422,0.256704,0.035919,0.0261,0.316985
7900,0.021219,0.012705,0.271452,0.038449,0.02589,0.331266
7901,0.0179,0.010235,0.233515,0.037989,0.027979,0.289629
7902,0.02245,0.01308,0.266135,0.04201,0.029028,0.330693
7903,0.024393,0.01326,0.298244,0.042348,0.02928,0.365177
7904,0.023601,0.012578,0.216074,0.041281,0.026188,0.278441
7905,0.021426,0.012299,0.259946,0.040304,0.02185,0.315521
7906,0.01682,0.017831,0.247076,0.036452,0.027747,0.309474
7907,0.022386,0.013717,0.265497,0.040593,0.02962,0.33122
7908,0.025308,0.014061,0.267254,0.04225,0.027066,0.333689
7909,0.024696,0.013218,0.322397,0.047308,0.030251,0.390562
7910,0.025101,0.013519,0.267251,0.040142,0.026336,0.332207
7911,0.022136,0.012428,0.642476,0.070283,0.038019,0.715059
7912,0.029798,0.016438,0.27908,0.054778,0.034543,0.359859
7913,0.025766,0.015717,0.281265,0.043931,0.029469,0.352217
7914,0.024214,0.014709,0.277082,0.053885,0.032118,0.348123
7915,0.024915,0.014866,0.272215,0.050263,0.037989,0.349985
7916,0.026716,0.017353,0.284304,0.065847,0.032785,0.361158
7917,0.026087,0.01541,0.26609,0.043658,0.032941,0.340528
7918,0.023911,0.013936,0.265851,0.048701,0.027441,0.331139
7919,0.023454,0.013267,0.274804,0.063897,0.029431,0.340956
7920,0.023842,0.014201,0.277025,0.04883,0.030081,0.345149
7921,0.023347,0.013513,0.309776,0.051574,0.031339,0.377975
7922,0.023352,0.011092,0.260993,0.045394,0.02708,0.322517
7923,0.022513,0.0136,0.232728,0.036005,0.024833,0.293674
7924,0.021575,0.026264,0.196387,0.027528,0.016608,0.260834
7925,0.014315,0.010091,0.215052,0.02878,0.035094,0.274552
7926,0.02187,0.012658,0.250709,0.043247,0.0226,0.307837
7927,0.018755,0.01261,0.193917,0.027527,0.017518,0.2428
7928,0.0138,0.00811,0.263858,0.032014,0.025361,0.311129
7929,0.015656,0.009144,0.207192,0.033929,0.025156,0.257148
7930,0.020755,0.012993,0.240793,0.039812,0.026293,0.300834
7931,0.021152,0.012062,0.282367,0.053985,0.027806,0.343387
7932,0.023277,0.013154,0.256553,0.052363,0.028306,0.32129
7933,0.023975,0.013085,1.626418,0.067295,0.045953,1.709431
7934,0.032988,0.017968,0.332623,0.065032,0.033681,0.41726
7935,0.026342,0.016532,0.293361,0.050464,0.074569,0.410804
7936,0.026142,0.015776,0.305951,0.076339,0.033949,0.381818
7937,0.026409,0.016494,0.299958,0.048217,0.038178,0.381039
7938,0.023754,0.01482,0.281189,0.049178,0.027443,0.347206
7939,0.022593,0.013966,1.421026,0.066319,0.041695,1.49928
7940,0.029942,0.017178,0.29206,0.059344,0.032689,0.371869
7941,0.026518,0.01671,0.318559,0.05308,0.034426,0.396213
7942,0.02675,0.016297,0.283951,0.054787,0.032441,0.359439
7943,0.024718,0.014914,0.269558,0.054586,0.029135,0.338325
7944,0.024922,0.014437,0.277,0.055815,0.028484,0.344843
7945,0.023725,0.014174,0.301371,0.046976,0.031281,0.370551
7946,0.024425,0.014084,0.267521,0.051693,0.028812,0.334842
7947,0.023282,0.013526,0.267626,0.046438,0.029107,0.333541
7948,0.024237,0.014375,0.297583,0.043351,0.035515,0.37171
7949,0.020891,0.010736,0.224519,0.044509,0.019465,0.275611
7950,0.019222,0.011986,0.277225,0.046735,0.033151,0.341584
7951,0.0257,0.014841,0.249605,0.047,0.029637,0.319783
7952,0.019367,0.011067,0.247041,0.044644,0.027039,0.304514
7953,0.02361,0.013745,0.267929,0.046559,0.027979,0.333263
7954,0.031005,0.013745,0.247058,0.043414,0.03135,0.323158
7955,0.02375,0.013455,0.265066,0.046907,0.031385,0.333656
7956,0.025039,0.014538,0.27715,0.051006,0.030734,0.347461
7957,0.047823,0.018728,0.258854,0.050792,0.030155,0.35556
7958,0.023205,0.013448,0.259175,0.043612,0.026747,0.322575
7959,0.021073,0.01259,0.272224,0.044253,0.029651,0.335538
7960,0.022588,0.012774,0.266984,0.048278,0.028926,0.331272
7961,0.023486,0.014288,0.248486,0.040956,0.025477,0.311737
7962,0.020517,0.01196,0.257083,0.041481,0.026901,0.316461
7963,0.020703,0.012787,0.259193,0.041684,0.025622,0.318305
7964,0.021316,0.012532,0.263846,0.051026,0.024329,0.322023
7965,0.018881,0.011268,0.277007,0.08581,0.028875,0.336031
7966,0.023535,0.013831,0.261566,0.040759,0.027889,0.326821
7967,0.020655,0.013023,0.282074,0.038129,0.028767,0.344519
7968,0.019891,0.010402,0.20216,0.034452,0.024434,0.256887
7969,0.020136,0.012843,0.231699,0.040704,0.030201,0.294879
7970,0.023669,0.014211,0.290149,0.075478,0.022875,0.350904
7971,0.019161,0.012238,0.251805,0.034621,0.028492,0.311696
7972,0.023239,0.013274,0.244361,0.035922,0.024352,0.305226
7973,0.020078,0.012238,0.254267,0.034763,0.029013,0.315596
7974,0.022664,0.013144,0.272231,0.044971,0.022463,0.330502
7975,0.022542,0.013535,0.245371,0.03909,0.029373,0.310821
7976,0.021671,0.012885,0.252328,0.039301,0.026621,0.313505
7977,0.022522,0.013233,0.302116,0.043749,0.040145,0.378016
7978,0.023556,0.01311,0.256316,0.0454,0.027471,0.320453
7979,0.022473,0.013099,0.274928,0.052478,0.030679,0.341179
7980,0.028538,0.015258,0.278469,0.050107,0.031115,0.35338
7981,0.024813,0.014544,0.286135,0.068345,0.029113,0.354605
7982,0.024601,0.013606,0.257075,0.047694,0.028433,0.323715
7983,0.023251,0.013915,0.27452,0.042833,0.027745,0.339431
7984,0.023056,0.013456,0.26273,0.049102,0.03019,0.329432
7985,0.0244,0.012538,0.260802,0.045368,0.028145,0.325885
7986,0.023223,0.012533,0.299581,0.082343,0.028837,0.364174
7987,0.022507,0.014223,0.2579,0.046614,0.032288,0.326918
7988,0.026327,0.014985,0.275351,0.046141,0.035507,0.35217
7989,0.02413,0.014126,0.28217,0.062388,0.031309,0.351735
7990,0.023856,0.013611,0.258553,0.043551,0.025934,0.321954
7991,0.021306,0.012473,0.263145,0.041246,0.032253,0.329177
7992,0.023878,0.013948,0.315964,0.044538,0.054245,0.408035
7993,0.027616,0.016232,0.267132,0.049513,0.030376,0.341356
7994,0.024155,0.013649,0.262627,0.04757,0.027452,0.327883
7995,0.022425,0.013208,0.277062,0.049368,0.031244,0.343939
7996,0.022268,0.012835,0.263758,0.047186,0.032162,0.331023
7997,0.024779,0.014189,0.263594,0.0405,0.029591,0.332153
7998,0.022262,0.012817,0.302453,0.048922,0.028241,0.365773
7999,0.027154,0.013302,0.254689,0.045366,0.029908,0.325053
8000,0.024282,0.01382,0.257379,0.037761,0.028141,0.323622
8001,0.021751,0.012435,0.284995,0.05073,0.034631,0.353812
8002,0.024712,0.013474,0.266689,0.046761,0.030565,0.33544
8003,0.022854,0.015419,0.263768,0.050904,0.030423,0.332464
8004,0.025061,0.014581,0.286236,0.049373,0.029836,0.355714
8005,0.023247,0.013183,0.276131,0.050133,0.034764,0.347325
8006,0.026294,0.01434,0.272646,0.046733,0.042811,0.356091
8007,0.025286,0.014117,0.265414,0.046976,0.028195,0.333012
8008,0.027113,0.014976,0.263657,0.04997,0.030805,0.336551
8009,0.024429,0.013334,0.29116,0.0491,0.028279,0.357202
8010,0.02377,0.013346,0.283216,0.05161,0.030341,0.350673
8011,0.026388,0.013092,0.25564,0.046396,0.02774,0.32286
8012,0.022863,0.013793,0.269632,0.04061,0.033715,0.340003
8013,0.022059,0.012517,0.25786,0.048402,0.028143,0.320579
8014,0.022686,0.012325,0.270413,0.044619,0.03152,0.336944
8015,0.025942,0.014489,0.303084,0.068912,0.033261,0.376776
8016,0.028061,0.015434,0.267911,0.047983,0.029933,0.341339
8017,0.023785,0.01382,0.271121,0.045803,0.058434,0.36716
8018,0.023612,0.013713,0.265777,0.046717,0.02842,0.331522
8019,0.02335,0.014015,0.295047,0.048341,0.032203,0.364615
8020,0.025177,0.014798,0.26239,0.045638,0.030521,0.332886
8021,0.02515,0.013445,0.278636,0.050796,0.029916,0.347147
8022,0.022426,0.013138,0.242122,0.040872,0.02452,0.302206
8023,0.019992,0.011536,0.256858,0.045542,0.03241,0.320796
8024,0.025689,0.014511,0.260714,0.041342,0.021033,0.321947
8025,0.016767,0.0102,0.229461,0.035599,0.020797,0.277225
8026,0.015709,0.00924,1.16014,0.066215,0.040971,1.22606
8027,0.030424,0.01854,0.340566,0.1028,0.031404,0.420934
8028,0.0271,0.016313,0.272048,0.050882,0.031443,0.346904
8029,0.024396,0.014757,0.284934,0.050187,0.030503,0.35459
8030,0.023561,0.021163,0.30216,0.052091,0.031118,0.378002
8031,0.024678,0.013652,0.270256,0.048326,0.02825,0.336836
8032,0.022023,0.013452,0.313766,0.058187,0.027945,0.377186
8033,0.022484,0.013687,0.26701,0.041894,0.02968,0.332861
8034,0.023528,0.013985,0.267497,0.039392,0.028001,0.333011
8035,0.02235,0.013608,0.298721,0.044387,0.028015,0.362694
8036,0.023469,0.023367,0.256996,0.045171,0.029305,0.333137
8037,0.022928,0.014054,0.280789,0.045194,0.029147,0.346918
8038,0.022998,0.012575,0.261072,0.042416,0.030936,0.327581
8039,0.036018,0.014608,0.281045,0.047983,0.030735,0.362406
8040,0.024738,0.01431,0.259547,0.039188,0.024252,0.322847
8041,0.020358,0.011585,0.649999,0.06304,0.03746,0.719402
8042,0.027714,0.016275,0.284404,0.054116,0.031943,0.360336
8043,0.025467,0.021714,0.314589,0.0521,0.032132,0.393902
8044,0.024766,0.013921,0.269108,0.047207,0.026913,0.334708
8045,0.023017,0.014234,0.277274,0.053433,0.032733,0.347258
8046,0.024929,0.014654,0.310985,0.060003,0.031192,0.38176
8047,0.023018,0.015177,0.265243,0.04772,0.027222,0.33066
8048,0.02269,0.013031,0.264592,0.047173,0.029247,0.32956
8049,0.023301,0.012981,0.273986,0.040866,0.026543,0.336811
8050,0.019371,0.011797,0.256851,0.042901,0.029989,0.318008
8051,0.025408,0.014473,0.244204,0.041622,0.027786,0.311871
8052,0.023457,0.012624,0.251534,0.029207,0.023963,0.311578
8053,0.019339,0.010349,0.227635,0.023065,0.022837,0.28016
8054,0.018489,0.00966,0.221641,0.030238,0.026908,0.276698
8055,0.021351,0.012308,0.297661,0.095689,0.029392,0.360712
8056,0.022418,0.012646,0.245359,0.040821,0.026006,0.306429
8057,0.02284,0.01301,0.265771,0.042693,0.039792,0.341413
8058,0.023888,0.01334,0.276202,0.050781,0.024624,0.338054
8059,0.020196,0.010688,0.234152,0.024964,0.022851,0.287887
8060,0.017644,0.009279,0.308052,0.034344,0.02557,0.360545
8061,0.021736,0.011593,0.247101,0.031991,0.028779,0.309209
8062,0.022585,0.01304,0.246096,0.034801,0.027036,0.308757
8063,0.020996,0.010973,0.236286,0.038439,0.028114,0.296369
8064,0.02228,0.012094,0.253019,0.040058,0.038495,0.325888
8065,0.021966,0.012754,0.268556,0.037896,0.033892,0.337168
8066,0.022758,0.013219,0.25658,0.044052,0.027674,0.320231
8067,0.023106,0.012852,0.259946,0.039739,0.040158,0.336062
8068,0.022216,0.013426,0.267391,0.047241,0.028483,0.331516
8069,0.022948,0.013482,0.234564,0.035838,0.024237,0.295231
8070,0.019907,0.016631,0.24912,0.038901,0.027889,0.313547
8071,0.021809,0.021143,0.250962,0.039789,0.026388,0.320302
8072,0.022095,0.017455,0.221631,0.035992,0.024737,0.285918
8073,0.020433,0.01188,0.239177,0.035933,0.026179,0.297669
8074,0.022088,0.012938,0.278818,0.036782,0.025983,0.339827
8075,0.022315,0.012108,0.222574,0.038444,0.02958,0.286577
8076,0.024376,0.01448,0.273367,0.040467,0.03634,0.348563
8077,0.020934,0.01076,0.241197,0.0455,0.020785,0.293676
8078,0.016311,0.009396,0.224093,0.035903,0.025927,0.275727
8079,0.020778,0.011914,0.254413,0.038284,0.029938,0.317043
8080,0.024553,0.014939,0.297993,0.051943,0.030255,0.36774
8081,0.023851,0.013436,0.260295,0.044492,0.028892,0.326474
8082,0.023405,0.013454,0.259939,0.043508,0.030898,0.327696
8083,0.024225,0.013209,0.27162,0.061198,0.029776,0.33883
8084,0.02276,0.013591,0.291889,0.0384,0.028275,0.356515
8085,0.022245,0.013349,0.26066,0.048063,0.03062,0.326874
8086,0.024983,0.014762,0.282068,0.047623,0.025331,0.347144
8087,0.022821,0.014301,0.262759,0.045432,0.0283,0.328181
8088,0.022816,0.013394,0.298412,0.047725,0.028592,0.363214
8089,0.023676,0.013832,0.279945,0.048906,0.049138,0.366591
8090,0.032145,0.014853,0.253865,0.045968,0.027697,0.32856
8091,0.021636,0.012931,0.274455,0.04894,0.032464,0.341486
8092,0.023682,0.013948,0.257455,0.047072,0.026895,0.32198
8093,0.021942,0.012496,0.245394,0.038207,0.024836,0.304668
8094,0.020302,0.012636,0.285885,0.04454,0.029624,0.348447
8095,0.023257,0.013223,0.277225,0.048708,0.029324,0.343029
8096,0.022286,0.013177,0.261588,0.04112,0.026344,0.323395
8097,0.022495,0.012791,0.243686,0.034234,0.025644,0.304616
8098,0.020967,0.01233,0.268855,0.037265,0.02953,0.331682
8099,0.023405,0.01287,0.251619,0.033999,0.026934,0.314828
8100,0.023425,0.012507,0.263008,0.047223,0.028877,0.327817
8101,0.022588,0.014811,0.261928,0.046472,0.027752,0.327079
8102,0.022456,0.012767,0.26769,0.043497,0.030846,0.333759
8103,0.024916,0.014064,0.304002,0.083969,0.030485,0.373467
8104,0.02256,0.015232,0.272597,0.048263,0.02966,0.340049
8105,0.023804,0.014168,0.263765,0.04325,0.027255,0.328992
8106,0.026187,0.014873,0.264216,0.053175,0.02944,0.334716
8107,0.023588,0.013047,0.286425,0.044801,0.030082,0.353142
8108,0.024717,0.014115,0.276562,0.039743,0.027217,0.342611
8109,0.022102,0.012379,0.255435,0.037914,0.027354,0.31727
8110,0.022239,0.012038,0.265941,0.035186,0.027636,0.327854
8111,0.022241,0.012401,0.259271,0.037201,0.028013,0.321926
8112,0.022945,0.013681,0.300571,0.047847,0.031258,0.368455
8113,0.035193,0.014359,0.255141,0.046849,0.029003,0.333696
8114,0.023028,0.013326,0.290007,0.041935,0.030203,0.356564
8115,0.023699,0.014084,0.260477,0.04913,0.03901,0.33727
8116,0.023473,0.013645,0.271264,0.042086,0.02664,0.335022
8117,0.021429,0.011711,0.260543,0.049976,0.028552,0.322235
8118,0.022308,0.013685,0.232738,0.035048,0.02808,0.296811
8119,0.029354,0.012771,0.262453,0.041481,0.031078,0.335656
8120,0.024872,0.014096,0.254678,0.043666,0.029291,0.322937
8121,0.023561,0.010938,0.227268,0.039793,0.02746,0.289227
8122,0.021246,0.013039,0.271477,0.039312,0.020675,0.326437
8123,0.015753,0.009263,0.213231,0.035395,0.022882,0.261129
8124,0.020069,0.011784,0.242625,0.034988,0.026057,0.300535
8125,0.021605,0.012409,0.269679,0.039899,0.020254,0.323947
8126,0.015784,0.008965,0.220455,0.036153,0.020848,0.266052
8127,0.016164,0.008799,0.23327,0.034316,0.02706,0.285293
8128,0.020723,0.012366,0.264265,0.037843,0.026121,0.323475
8129,0.020314,0.010278,0.215179,0.033059,0.02019,0.265961
8130,0.018673,0.012438,0.216242,0.032221,0.027008,0.274361
8131,0.021887,0.012034,0.272884,0.037437,0.02114,0.327945
8132,0.015711,0.009028,0.208663,0.0326,0.018641,0.252043
8133,0.014287,0.008198,0.164346,0.018968,0.022767,0.209598
8134,0.018066,0.010811,0.220203,0.030479,0.022611,0.271691
8135,0.019949,0.01314,0.220954,0.030656,0.027038,0.281081
8136,0.022763,0.012622,0.283641,0.042036,0.028104,0.34713
8137,0.023444,0.013073,0.26014,0.04058,0.027958,0.324615
8138,0.021588,0.011952,0.234311,0.042087,0.026126,0.293977
8139,0.021938,0.013063,0.262794,0.046483,0.021386,0.319181
8140,0.016138,0.008766,0.215182,0.035027,0.023711,0.263797
8141,0.020895,0.011977,0.250929,0.037944,0.030096,0.313897
8142,0.02379,0.013906,0.283858,0.048112,0.024245,0.345799
8143,0.018501,0.010897,0.228604,0.034891,0.019668,0.27767
8144,0.015478,0.008615,0.210038,0.032305,0.024808,0.258939
8145,0.021372,0.01164,0.237468,0.034291,0.04457,0.31505
8146,0.021773,0.011812,0.211108,0.031609,0.023162,0.267855
8147,0.019665,0.012117,0.255649,0.03783,0.02965,0.317081
8148,0.024869,0.013542,0.235804,0.035026,0.027901,0.302116
8149,0.022822,0.012288,0.667108,0.060601,0.035008,0.737226
8150,0.042708,0.016134,0.264242,0.050225,0.047349,0.370433
8151,0.023775,0.015884,0.261248,0.040517,0.026117,0.327024
8152,0.021212,0.011958,0.237526,0.025382,0.023086,0.293782
8153,0.01905,0.010272,0.229373,0.022775,0.022582,0.281277
8154,0.018816,0.010289,0.238598,0.023099,0.022716,0.290419
8155,0.018574,0.010024,0.226674,0.022297,0.022479,0.277751
8156,0.018688,0.010053,0.227876,0.02228,0.021811,0.278428
8157,0.018566,0.01051,0.234997,0.028983,0.022525,0.286598
8158,0.018955,0.010308,0.226227,0.021584,0.021831,0.277321
8159,0.018374,0.009978,0.222036,0.02115,0.022365,0.272753
8160,0.018534,0.009912,0.226904,0.02106,0.023133,0.278483
8161,0.017348,0.009114,0.323147,0.034888,0.028567,0.378176
8162,0.022353,0.011947,0.244746,0.037637,0.024876,0.303922
8163,0.019941,0.011419,0.237226,0.033696,0.024803,0.293389
8164,0.019571,0.011479,0.267752,0.047635,0.029035,0.327837
8165,0.021993,0.012633,0.236451,0.037877,0.024413,0.29549
8166,0.020561,0.011469,0.245944,0.040177,0.025331,0.303305
8167,0.020695,0.012224,0.247781,0.03849,0.027659,0.308359
8168,0.020511,0.011739,0.248077,0.041486,0.026458,0.306785
8169,0.021723,0.012992,0.251747,0.039289,0.025802,0.312264
8170,0.02572,0.012274,0.247614,0.054077,0.030391,0.315999
8171,0.018847,0.015109,0.26537,0.04564,0.028759,0.328085
8172,0.022547,0.013131,0.272583,0.039214,0.02469,0.332951
8173,0.017363,0.0095,0.231552,0.039228,0.026219,0.284634
8174,0.020958,0.012415,0.254262,0.040612,0.028349,0.315984
8175,0.022217,0.013152,0.257683,0.044632,0.029525,0.322577
8176,0.023973,0.014225,0.280792,0.04921,0.030059,0.349049
8177,0.023768,0.013452,0.31002,0.050113,0.031052,0.378292
8178,0.022804,0.013691,0.254714,0.0447,0.027539,0.318748
8179,0.022635,0.013323,0.283172,0.051229,0.026502,0.345632
8180,0.022551,0.013815,0.295081,0.050205,0.030849,0.362296
8181,0.024828,0.014017,0.26934,0.051675,0.030286,0.338471
8182,0.023279,0.013841,0.288682,0.046267,0.027957,0.353759
8183,0.023295,0.013526,0.254321,0.045756,0.028204,0.319346
8184,0.022101,0.013408,0.271445,0.041703,0.036005,0.342959
8185,0.022664,0.013401,0.261255,0.04438,0.028237,0.325557
8186,0.021843,0.013663,0.273529,0.050545,0.029778,0.338813
8187,0.022538,0.013284,0.264011,0.042218,0.027947,0.32778
8188,0.022751,0.013194,0.282368,0.044904,0.024211,0.342524
8189,0.019907,0.011817,0.247669,0.041865,0.029003,0.308396
8190,0.024252,0.013563,0.283522,0.055104,0.030253,0.35159
8191,0.025402,0.013723,0.317723,0.048742,0.027522,0.38437
8192,0.021295,0.012146,0.243176,0.044789,0.02761,0.304227
8193,0.022269,0.012963,0.26085,0.048118,0.02944,0.325522
8194,0.024144,0.014902,0.286785,0.052841,0.029448,0.355279
8195,0.023555,0.013134,0.265829,0.044452,0.028458,0.330976
8196,0.020853,0.021956,0.283713,0.049089,0.028005,0.354527
8197,0.021971,0.012762,0.265596,0.044605,0.02734,0.327669
8198,0.021496,0.013045,0.279023,0.039593,0.027433,0.340997
8199,0.023062,0.014021,0.261369,0.049697,0.029304,0.327756
8200,0.022871,0.013267,0.280781,0.048739,0.028391,0.34531
8201,0.023232,0.013612,0.292177,0.04616,0.027449,0.35647
8202,0.022038,0.012822,0.255763,0.040637,0.026798,0.317421
8203,0.021727,0.013042,0.286123,0.044214,0.035553,0.356445
8204,0.026681,0.014039,0.254904,0.046072,0.029923,0.325547
8205,0.023586,0.014679,0.287685,0.042059,0.039931,0.365881
8206,0.025082,0.013681,0.253615,0.041167,0.028438,0.320816
8207,0.023439,0.012975,0.250245,0.040417,0.026582,0.313241
8208,0.020977,0.013379,0.290425,0.065967,0.0411,0.365881
8209,0.025459,0.014231,0.256111,0.04099,0.027061,0.322862
8210,0.021607,0.012858,0.252108,0.03982,0.026325,0.312898
8211,0.021153,0.012422,0.27746,0.042348,0.046116,0.357151
8212,0.023968,0.01439,0.244204,0.042384,0.028337,0.310899
8213,0.022047,0.013602,0.288865,0.076256,0.028926,0.35344
8214,0.022302,0.01173,0.248052,0.039483,0.037971,0.320055
8215,0.01917,0.011517,0.257417,0.040637,0.029509,0.317613
8216,0.021446,0.012585,0.302993,0.065256,0.029005,0.366029
8217,0.021148,0.013781,0.264435,0.041315,0.026894,0.326258
8218,0.019733,0.011498,0.248239,0.037966,0.026461,0.305931
8219,0.020322,0.011995,0.305953,0.078762,0.031052,0.369322
8220,0.025439,0.013494,0.268633,0.043892,0.029984,0.33755
8221,0.023457,0.013324,0.255829,0.039224,0.028963,0.321573
8222,0.022405,0.012563,0.303432,0.045027,0.029213,0.367613
8223,0.02496,0.013468,0.268276,0.040382,0.028729,0.335433
8224,0.024207,0.0145,0.28585,0.056161,0.031159,0.355716
8225,0.022186,0.013171,0.259894,0.045668,0.028641,0.323892
8226,0.022924,0.013251,0.271767,0.051357,0.028526,0.336468
8227,0.021384,0.031659,0.284724,0.043139,0.025506,0.363273
8228,0.020513,0.011392,0.233958,0.024813,0.022745,0.288608
8229,0.019243,0.010096,0.243093,0.022984,0.023121,0.295553
8230,0.019382,0.01042,0.231802,0.030984,0.027019,0.288623
8231,0.023137,0.012548,0.250909,0.038553,0.025616,0.31221
8232,0.0212,0.012685,0.25148,0.0393,0.026638,0.312003
8233,0.021856,0.011382,0.309657,0.038503,0.026764,0.369659
8234,0.022065,0.021728,0.252245,0.037127,0.033126,0.329164
8235,0.023163,0.012201,0.26462,0.048312,0.028026,0.32801
8236,0.022889,0.013019,0.302619,0.083952,0.028076,0.366603
8237,0.022486,0.012579,0.241888,0.041104,0.024832,0.301785
8238,0.019988,0.011983,0.238359,0.038163,0.035184,0.305514
8239,0.021868,0.013319,0.256256,0.046406,0.027701,0.319144
8240,0.023096,0.013213,0.240733,0.035615,0.025175,0.302217
8241,0.022685,0.012307,0.211142,0.036215,0.025154,0.271288
8242,0.020907,0.012625,0.275316,0.046712,0.021772,0.33062
8243,0.01649,0.009125,0.216517,0.032458,0.025064,0.267196
8244,0.020445,0.012159,0.26516,0.042104,0.038173,0.335937
8245,0.034685,0.013437,0.246481,0.044311,0.027483,0.322086
8246,0.021841,0.012991,0.255925,0.043997,0.027951,0.318708
8247,0.022285,0.013064,0.255184,0.038421,0.026148,0.316681
8248,0.032179,0.01237,0.26679,0.045354,0.03128,0.342619
8249,0.023359,0.015774,0.270983,0.048443,0.029519,0.339635
8250,0.022648,0.014498,0.27454,0.047947,0.029906,0.341592
8251,0.023884,0.013518,0.274979,0.048069,0.028089,0.34047
8252,0.023329,0.012963,0.274261,0.044183,0.030216,0.340769
8253,0.025421,0.014186,0.293613,0.047786,0.030754,0.363974
8254,0.025676,0.014437,0.270628,0.048375,0.028645,0.339386
8255,0.02285,0.0133,0.257763,0.041341,0.03033,0.324243
8256,0.032256,0.014274,0.254614,0.04775,0.032194,0.333338
8257,0.022872,0.013824,0.276062,0.043678,0.028036,0.340794
8258,0.020961,0.012793,0.281358,0.04788,0.032147,0.347259
8259,0.024921,0.015769,0.252015,0.046004,0.026921,0.319626
8260,0.021051,0.01296,0.270411,0.041628,0.025897,0.330319
8261,0.022339,0.013181,0.25908,0.044073,0.029707,0.324307
8262,0.023231,0.014045,0.260787,0.046907,0.031366,0.329429
8263,0.025653,0.015369,0.300991,0.059183,0.031018,0.373031
8264,0.024385,0.013704,0.26876,0.046968,0.028839,0.335688
8265,0.023349,0.013813,0.264781,0.04314,0.028484,0.330427
8266,0.056589,0.013025,0.243306,0.0441,0.024447,0.337367
8267,0.023122,0.012164,0.257747,0.042169,0.02722,0.320253
8268,0.02192,0.011768,0.232674,0.033226,0.028015,0.294377
8269,0.023526,0.013949,0.273725,0.038243,0.027611,0.338811
8270,0.023329,0.013669,0.314588,0.045049,0.026306,0.377892
8271,0.02304,0.012668,0.251839,0.040295,0.028458,0.316005
8272,0.035377,0.012788,0.262088,0.042632,0.029947,0.3402
8273,0.022204,0.011814,0.271262,0.043295,0.025918,0.331198
8274,0.023168,0.012499,0.252578,0.039745,0.028448,0.316693
8275,0.040907,0.012988,0.260422,0.040258,0.02759,0.341907
8276,0.023442,0.013458,0.298357,0.043182,0.027378,0.362635
8277,0.023606,0.013016,0.250886,0.040527,0.038248,0.325756
8278,0.023232,0.013645,0.280247,0.048547,0.027766,0.34489
8279,0.020308,0.012961,0.264141,0.042259,0.026964,0.324374
8280,0.020357,0.012087,0.242718,0.034913,0.037074,0.312236
8281,0.02065,0.012586,0.24761,0.036388,0.02842,0.309266
8282,0.02269,0.013122,0.289603,0.04486,0.02957,0.354985
8283,0.024463,0.013202,0.253755,0.042509,0.035273,0.326693
8284,0.021813,0.012358,0.256115,0.039361,0.027724,0.31801
8285,0.049428,0.022604,0.253815,0.043963,0.029882,0.355729
8286,0.021013,0.012217,0.27153,0.043079,0.032404,0.337164
8287,0.025056,0.01497,0.295308,0.04656,0.028158,0.363492
8288,0.020634,0.011953,0.257303,0.04308,0.026428,0.316318
8289,0.021483,0.012938,0.254954,0.034406,0.025269,0.314644
8290,0.019624,0.012159,0.243416,0.03549,0.027762,0.302961
8291,0.023358,0.013231,0.27891,0.046546,0.028787,0.344286
8292,0.023586,0.013661,0.271074,0.041278,0.027611,0.335932
8293,0.022077,0.013118,0.293532,0.039808,0.030454,0.359181
8294,0.024551,0.012928,0.258177,0.045841,0.027462,0.323118
8295,0.020132,0.01147,0.255284,0.036689,0.029602,0.316488
8296,0.023214,0.013882,0.246892,0.036407,0.027178,0.311166
8297,0.022017,0.01308,0.250977,0.035637,0.027859,0.313933
8298,0.021709,0.013535,0.297722,0.044266,0.026961,0.359927
8299,0.023641,0.012956,0.256228,0.042317,0.028345,0.32117
8300,0.022787,0.014345,0.279449,0.039984,0.025677,0.342258
8301,0.021635,0.013472,0.271535,0.043424,0.027666,0.334308
8302,0.022724,0.012576,0.249013,0.036853,0.026526,0.310839
8303,0.021269,0.011753,0.239619,0.037629,0.027077,0.299718
8304,0.020071,0.01158,0.251256,0.036041,0.029396,0.312303
8305,0.03161,0.07417,0.292497,0.048293,0.029171,0.427448
8306,0.023471,0.012669,0.248242,0.033127,0.02602,0.310402
8307,0.021143,0.010606,0.232351,0.031466,0.037646,0.301746
8308,0.01955,0.010444,0.226238,0.027771,0.023537,0.279769
8309,0.019913,0.010979,0.228082,0.026238,0.022485,0.281459
8310,0.018931,0.010859,0.226252,0.029516,0.024914,0.280956
8311,0.019316,0.011147,0.226089,0.029192,0.023351,0.279903
8312,0.017735,0.010729,0.224109,0.026164,0.02372,0.276293
8313,0.019554,0.010941,0.229158,0.03331,0.025628,0.285281
8314,0.021043,0.012671,0.252907,0.043121,0.02692,0.313541
8315,0.021356,0.01311,0.275668,0.039474,0.02477,0.334904
8316,0.016109,0.009997,0.17361,0.025221,0.023765,0.223481
8317,0.018441,0.011029,0.20589,0.028203,0.024496,0.259856
8318,0.020235,0.01147,0.26967,0.038973,0.032239,0.333614
8319,0.02421,0.017696,0.27401,0.038616,0.027828,0.343744
8320,0.023645,0.012737,0.235678,0.041625,0.027989,0.300049
8321,0.022395,0.012974,0.263853,0.036598,0.026874,0.326096
8322,0.02734,0.013623,0.220646,0.041548,0.026111,0.28772
8323,0.017219,0.00965,0.252127,0.043867,0.027063,0.306059
8324,0.021767,0.012864,0.272783,0.051629,0.022903,0.330317
8325,0.017348,0.010053,0.233135,0.037512,0.019483,0.280019
8326,0.020478,0.012339,0.234138,0.032297,0.024619,0.291574
8327,0.019753,0.01303,0.275951,0.037179,0.028937,0.337671
8328,0.022472,0.01395,0.264868,0.038733,0.026615,0.327905
8329,0.02226,0.012917,0.2648,0.035554,0.026025,0.326002
8330,0.022869,0.011502,0.209788,0.031741,0.018417,0.262576
8331,0.017385,0.010967,0.249969,0.03539,0.02829,0.306611
8332,0.022333,0.012608,0.271074,0.040825,0.027264,0.333279
8333,0.018414,0.009999,0.236201,0.041903,0.02734,0.291954
8334,0.021743,0.012366,0.259106,0.040365,0.026643,0.319858
8335,0.021882,0.013041,0.262068,0.038853,0.029004,0.325995
8336,0.021053,0.012245,0.224024,0.038856,0.028592,0.285914
8337,0.023017,0.014021,0.284941,0.042935,0.024522,0.346501
8338,0.01836,0.011208,0.22529,0.03611,0.019824,0.274682
8339,0.015803,0.008648,0.204817,0.031317,0.024405,0.253673
8340,0.020747,0.012053,0.256715,0.042643,0.028456,0.317971
8341,0.020987,0.013,0.265428,0.046044,0.031136,0.330551
8342,0.024342,0.014777,0.282248,0.036575,0.028764,0.350131
8343,0.022552,0.014094,0.249331,0.039749,0.027809,0.313786
8344,0.021921,0.013305,0.249027,0.042251,0.028807,0.31306
8345,0.023454,0.013059,0.254894,0.042336,0.029743,0.32115
8346,0.022574,0.013462,0.22567,0.033232,0.019932,0.281638
8347,0.016835,0.645041,0.329539,0.060039,0.046655,1.03807
8348,0.025811,0.014453,0.265746,0.043723,0.026936,0.332946
8349,0.022249,0.012991,0.255249,0.042417,0.02666,0.317149
8350,0.021562,0.011898,0.242874,0.03755,0.025783,0.302117
8351,0.028317,0.01252,0.236525,0.035205,0.02515,0.302512
8352,0.020707,0.013118,0.244872,0.039728,0.027153,0.30585
8353,0.022525,0.013653,0.288216,0.05194,0.030871,0.355265
8354,0.023556,0.013534,0.280445,0.045431,0.028088,0.345623
8355,0.021766,0.013903,0.259787,0.04777,0.022478,0.317934
8356,0.016247,0.010258,0.298139,0.065818,0.023096,0.34774
8357,0.017903,0.021474,0.241366,0.037188,0.027983,0.308726
8358,0.022893,0.013035,0.258149,0.038625,0.026079,0.320156
8359,0.023293,0.013524,0.222693,0.035771,0.019553,0.279063
8360,0.014114,0.00928,0.224045,0.035264,0.024277,0.271716
8361,0.020363,0.011921,0.265216,0.0389,0.030163,0.327663
8362,0.025182,0.01442,0.266533,0.036612,0.021068,0.327203
8363,0.018007,0.011754,0.255373,0.041964,0.029048,0.314182
8364,0.023319,0.01298,0.245952,0.037356,0.027407,0.309658
8365,0.020151,0.011439,0.245519,0.038405,0.026465,0.303574
8366,0.02142,0.012348,0.287497,0.052134,0.027237,0.348502
8367,0.020961,0.014643,0.2625,0.047186,0.029515,0.327619
8368,0.023066,0.013097,0.264437,0.040611,0.02597,0.32657
8369,0.021516,0.012732,0.276342,0.058351,0.029528,0.340118
8370,0.021313,0.012075,0.261149,0.047504,0.032028,0.326565
8371,0.024141,0.013806,0.25831,0.038582,0.027442,0.323699
8372,0.022312,0.013326,0.285567,0.074288,0.027905,0.34911
8373,0.022741,0.013308,0.239617,0.040113,0.026766,0.302432
8374,0.02066,0.012869,0.251018,0.040547,0.03017,0.314717
8375,0.022741,0.01419,0.317048,0.060773,0.029009,0.382988
8376,0.025272,0.013953,0.260202,0.046009,0.029563,0.32899
8377,0.023185,0.013522,0.26015,0.040307,0.028934,0.325791
8378,0.022392,0.013636,0.281965,0.043295,0.028611,0.346604
8379,0.021958,0.012938,0.266309,0.049828,0.033008,0.334213
8380,0.026167,0.021318,0.301068,0.04991,0.028981,0.377534
8381,0.022745,0.013737,0.28078,0.048831,0.031297,0.348559
8382,0.02362,0.0138,0.267362,0.044242,0.026877,0.331659
8383,0.022326,0.012672,0.253723,0.03862,0.029738,0.318459
8384,0.023421,0.01387,0.294145,0.043713,0.029696,0.361132
8385,0.025521,0.014762,0.290101,0.045011,0.028717,0.359101
8386,0.02216,0.013517,0.256017,0.041812,0.026834,0.318528
8387,0.021904,0.013338,0.281931,0.041551,0.03269,0.349863
8388,0.026432,0.015054,0.28254,0.049557,0.030624,0.35465
8389,0.021746,0.01332,0.244351,0.037616,0.025592,0.305009
8390,0.019722,0.011453,0.25066,0.034578,0.02531,0.307145
8391,0.020967,0.012397,0.289229,0.066987,0.029679,0.352272
8392,0.022172,0.012238,0.264641,0.045418,0.030341,0.329392
8393,0.0235,0.012833,0.268637,0.041371,0.029469,0.334439
8394,0.024408,0.012766,0.287498,0.043534,0.028472,0.353144
8395,0.022691,0.013508,0.25361,0.039579,0.02686,0.316669
8396,0.023489,0.01343,0.266907,0.040568,0.027521,0.331347
8397,0.022073,0.013305,0.26128,0.034654,0.025067,0.321725
8398,0.021283,0.014555,0.255848,0.032744,0.027602,0.319288
8399,0.022837,0.013306,0.278681,0.034011,0.025575,0.340399
8400,0.022104,0.013266,0.248059,0.03207,0.025958,0.309387
8401,0.021559,0.012056,0.256863,0.029999,0.025018,0.315496
8402,0.019428,0.01127,0.250533,0.030337,0.026581,0.307812
8403,0.021913,0.012418,0.269307,0.035185,0.026579,0.330217
8404,0.021021,0.012085,0.261958,0.031494,0.026199,0.321263
8405,0.019628,0.011919,0.248717,0.033179,0.025455,0.305719
8406,0.021101,0.011726,0.247245,0.030252,0.025233,0.305305
8407,0.020881,0.012424,0.260674,0.032675,0.029163,0.323142
8408,0.02299,0.013755,0.266472,0.036088,0.027676,0.330893
8409,0.022613,0.012577,0.255498,0.031243,0.026324,0.317012
8410,0.021803,0.012094,0.251761,0.02984,0.0248,0.310458
8411,0.019935,0.011877,0.254426,0.043958,0.027334,0.313572
8412,0.022302,0.012507,0.250947,0.03368,0.027053,0.312809
8413,0.022574,0.012169,0.249522,0.034438,0.025036,0.309301
8414,0.02055,0.011004,0.241744,0.024231,0.023125,0.296423
8415,0.0191,0.010137,0.230645,0.023582,0.022765,0.282647
8416,0.018755,0.014574,0.227491,0.022355,0.022578,0.283398
8417,0.018762,0.010108,0.228246,0.022722,0.022049,0.279165
8418,0.019107,0.010018,0.231514,0.022705,0.022369,0.283008
8419,0.018692,0.009985,0.227652,0.022536,0.022684,0.279013
8420,0.018528,0.010052,0.300252,0.035154,0.027373,0.356205
8421,0.022562,0.012787,0.260575,0.036884,0.026134,0.322058
8422,0.021451,0.012787,0.260126,0.034086,0.024725,0.319089
8423,0.020344,0.011346,0.252252,0.033034,0.026236,0.310178
8424,0.020886,0.01211,0.26279,0.042983,0.028869,0.324655
8425,0.025403,0.013025,0.295087,0.047517,0.029284,0.362799
8426,0.022126,0.012756,0.247912,0.038942,0.025203,0.307997
8427,0.021611,0.012205,0.261676,0.056424,0.02752,0.323012
8428,0.021962,0.012713,0.251981,0.048702,0.02533,0.311986
8429,0.021981,0.012401,0.239907,0.036284,0.024499,0.298788
8430,0.020682,0.011727,0.268647,0.03469,0.029361,0.330417
8431,0.022899,0.013417,0.255265,0.034844,0.028031,0.319612
8432,0.021276,0.013187,0.248798,0.036001,0.026091,0.309352
8433,0.022093,0.012523,0.262206,0.034846,0.041881,0.338703
8434,0.023787,0.0133,0.26153,0.035525,0.027977,0.326594
8435,0.022716,0.012998,0.258616,0.033097,0.027897,0.322227
8436,0.02199,0.012268,0.249641,0.031606,0.034274,0.318173
8437,0.020655,0.01207,0.248063,0.035598,0.030527,0.311315
8438,0.022779,0.013466,0.252,0.039365,0.03089,0.319135
8439,0.018183,0.010858,0.225439,0.042565,0.020277,0.274757
8440,0.018145,0.012306,0.251969,0.035824,0.02636,0.30878
8441,0.021341,0.012514,0.248765,0.031055,0.027748,0.310368
8442,0.023187,0.014062,0.266988,0.033628,0.026847,0.331084
8443,0.022167,0.013011,0.268428,0.03113,0.024971,0.328577
8444,0.020583,0.012243,0.262363,0.032635,0.026458,0.321647
8445,0.021403,0.012555,0.2557,0.031742,0.02686,0.316518
8446,0.02263,0.012975,0.276038,0.043971,0.028541,0.340184
8447,0.021934,0.013366,0.216825,0.04529,0.018905,0.27103
8448,0.017059,0.01189,0.221956,0.031634,0.025844,0.276749
8449,0.021571,0.012988,0.253286,0.040277,0.027493,0.315338
8450,0.022011,0.012066,0.236398,0.03698,0.025476,0.295951
8451,0.020514,0.012107,0.254792,0.040048,0.025713,0.313126
8452,0.022045,0.011843,0.244707,0.0445,0.02638,0.304975
8453,0.028362,0.011752,0.259283,0.051181,0.026984,0.326381
8454,0.021639,0.015907,0.251674,0.045222,0.02888,0.3181
8455,0.023916,0.014074,0.274089,0.044759,0.039822,0.351901
8456,0.024295,0.013328,0.256543,0.048979,0.028015,0.322181
8457,0.022713,0.013612,0.263038,0.044802,0.028078,0.327441
8458,0.022873,0.013252,0.259365,0.045756,0.028036,0.323526
8459,0.02312,0.012984,0.240484,0.042497,0.025827,0.302415
8460,0.020743,0.012217,0.28289,0.069014,0.030433,0.346283
8461,0.022578,0.013005,0.253425,0.045491,0.028895,0.317903
8462,0.032864,0.013403,0.270266,0.043241,0.050004,0.366537
8463,0.022976,0.014005,0.261387,0.042901,0.028504,0.326872
8464,0.023884,0.012544,0.239494,0.032769,0.023674,0.299596
8465,0.040138,0.0127,0.270269,0.042601,0.02968,0.352787
8466,0.023029,0.012675,0.266583,0.037088,0.026721,0.329008
8467,0.021968,0.012427,0.257348,0.034985,0.025865,0.317608
8468,0.034756,0.01253,0.258439,0.03724,0.027716,0.333441
8469,0.021182,0.012337,0.25434,0.032969,0.028529,0.316388
8470,0.021941,0.012367,0.269098,0.035164,0.027578,0.330984
8471,0.036277,0.013022,0.262067,0.042991,0.027673,0.339039
8472,0.023711,0.013306,0.256152,0.035761,0.027158,0.320327
8473,0.022154,0.012516,0.251069,0.035048,0.027133,0.312872
8474,0.021759,0.022461,0.261079,0.034886,0.027801,0.3331
8475,0.022157,0.011666,0.261888,0.038072,0.032139,0.32785
8476,0.026563,0.015187,0.267403,0.048753,0.029233,0.338386
8477,0.032585,0.013982,0.274063,0.045873,0.031459,0.352089
8478,0.02352,0.013933,0.264731,0.048724,0.031342,0.333526
8479,0.025172,0.014503,0.313029,0.074606,0.03183,0.384534
8480,0.02516,0.014518,0.260884,0.036586,0.023439,0.324001
8481,0.019738,0.011057,0.227856,0.03673,0.029692,0.288343
8482,0.030533,0.014289,0.269783,0.049097,0.038215,0.35282
8483,0.022833,0.01213,0.241049,0.026946,0.023329,0.299341
8484,0.019236,0.010542,0.229713,0.022596,0.022998,0.282489
8485,0.018994,0.009986,0.227502,0.02197,0.02228,0.278762
8486,0.018467,0.009803,0.234323,0.022121,0.021642,0.284235
8487,0.018415,0.009825,0.225017,0.022953,0.022265,0.275522
8488,0.018745,0.009684,0.300212,0.033236,0.028867,0.357508
8489,0.023999,0.013401,0.256922,0.032171,0.024979,0.319301
8490,0.021364,0.011951,0.23485,0.027784,0.024855,0.29302
8491,0.019611,0.011365,0.228311,0.02928,0.023174,0.282461
8492,0.019389,0.011041,0.231387,0.029761,0.042618,0.304435
8493,0.021809,0.01218,0.246961,0.038974,0.028444,0.309394
8494,0.022732,0.012901,0.251116,0.035777,0.028612,0.315361
8495,0.022493,0.012839,0.312216,0.047547,0.029377,0.376925
8496,0.023656,0.012458,0.241269,0.042147,0.028253,0.305636
8497,0.02248,0.013509,0.257846,0.036403,0.028591,0.322426
8498,0.021791,0.013565,0.268458,0.045645,0.039209,0.343023
8499,0.02378,0.01336,0.243372,0.03458,0.02562,0.306132
8500,0.020459,0.012475,0.249155,0.035635,0.024753,0.306842
8501,0.02016,0.01147,0.234172,0.035377,0.02609,0.291892
8502,0.020366,0.012006,0.260173,0.045207,0.02576,0.318305
8503,0.017493,0.009795,0.241826,0.039089,0.025958,0.295072
8504,0.020995,0.01231,0.271238,0.038404,0.029897,0.33444
8505,0.023825,0.01303,0.28282,0.035892,0.026803,0.346478
8506,0.023074,0.013328,0.251527,0.037648,0.028278,0.316207
8507,0.022359,0.012885,0.259816,0.032186,0.025756,0.320816
8508,0.019722,0.011803,0.285941,0.040819,0.033914,0.35138
8509,0.02565,0.014325,0.266342,0.036852,0.028789,0.335106
8510,0.023242,0.013326,0.252716,0.03401,0.027203,0.316487
8511,0.020988,0.01316,0.273234,0.036664,0.025803,0.333185
8512,0.021781,0.012425,0.255798,0.035244,0.028969,0.318973
8513,0.023165,0.013122,0.270504,0.036186,0.027959,0.33475
8514,0.021013,0.012826,0.272914,0.037986,0.028118,0.334871
8515,0.022451,0.013301,0.256205,0.034778,0.026757,0.318714
8516,0.020921,0.012673,0.255987,0.034163,0.025986,0.315567
8517,0.021696,0.0123,0.267664,0.032673,0.025306,0.326966
8518,0.02146,0.012552,0.266916,0.037133,0.028357,0.329285
8519,0.021684,0.012314,0.261319,0.034701,0.026891,0.322208
8520,0.020702,0.012088,0.267533,0.032666,0.026294,0.326617
8521,0.0202,0.011759,0.287395,0.04224,0.032334,0.351688
8522,0.025299,0.014606,0.28101,0.05098,0.030219,0.351134
8523,0.025322,0.015037,0.280892,0.03739,0.027223,0.348474
8524,0.021932,0.012779,0.25542,0.03056,0.025762,0.315893
8525,0.020891,0.011791,0.262028,0.029685,0.027466,0.322176
8526,0.022223,0.01269,0.266947,0.028681,0.025093,0.326953
8527,0.020224,0.011926,0.24497,0.029153,0.026531,0.303651
8528,0.02045,0.017527,0.280212,0.041839,0.032155,0.350344
8529,0.025126,0.014838,0.983839,0.061516,0.035355,1.059158
8530,0.026011,0.015897,0.270214,0.046127,0.029717,0.341839
8531,0.024172,0.013826,0.269099,0.046271,0.029274,0.336371
8532,0.022685,0.013394,0.259578,0.032139,0.027185,0.322842
8533,0.021357,0.012876,0.262671,0.030301,0.025997,0.322901
8534,0.021456,0.012556,0.245017,0.028988,0.023571,0.3026
8535,0.019329,0.011284,0.231416,0.026969,0.024238,0.286267
8536,0.019062,0.010243,0.24011,0.024823,0.026937,0.296352
8537,0.021204,0.012141,0.236369,0.032127,0.026754,0.296468
8538,0.022235,0.012409,0.251502,0.032123,0.02572,0.311866
8539,0.021013,0.012503,0.260409,0.041343,0.026235,0.32016
8540,0.01946,0.011789,0.245895,0.033265,0.025906,0.30305
8541,0.021511,0.012978,0.274978,0.035717,0.027843,0.33731
8542,0.020497,0.01214,0.268898,0.032988,0.027523,0.329058
8543,0.02109,0.011646,0.25456,0.033055,0.030072,0.317368
8544,0.023525,0.013911,0.270001,0.03673,0.027749,0.335186
8545,0.022625,0.013619,0.259197,0.029647,0.025197,0.320638
8546,0.020442,0.011836,0.257431,0.042236,0.029558,0.319267
8547,0.024678,0.016597,0.290615,0.045145,0.02879,0.36068
8548,0.023543,0.013088,0.261625,0.035165,0.027067,0.325323
8549,0.022564,0.013362,0.254494,0.039501,0.026471,0.316891
8550,0.021128,0.011713,0.232159,0.038021,0.019705,0.284705
8551,0.014922,0.009281,0.173978,0.023412,0.022343,0.220524
8552,0.018841,0.010908,0.201599,0.028324,0.019621,0.250969
8553,0.018626,0.011721,0.23546,0.0324,0.027514,0.293321
8554,0.028724,0.01822,0.213399,0.040143,0.021962,0.282305
8555,0.019254,0.011904,0.283235,0.066907,0.020837,0.33523
8556,0.017897,0.011177,0.230678,0.031173,0.026958,0.28671
8557,0.021824,0.011877,0.244746,0.035559,0.0288,0.307247
8558,0.023188,0.013157,0.249701,0.03391,0.764525,1.050571
8559,0.040114,0.026062,0.381335,0.06561,0.039128,0.486639
8560,0.033887,0.017789,0.301388,0.054342,0.033452,0.386516
8561,0.02608,0.015054,0.272697,0.042148,0.028001,0.341832
8562,0.038282,0.014306,0.263923,0.039461,0.029054,0.345565
8563,0.023744,0.013174,0.257641,0.035524,0.026935,0.321494
8564,0.022617,0.01237,0.258934,0.034886,0.025864,0.319785
8565,0.021575,0.023824,0.247799,0.03116,0.025248,0.318446
8566,0.019962,0.01153,0.244955,0.02931,0.02706,0.303507
8567,0.021315,0.012148,0.246221,0.029083,0.026371,0.306055
8568,0.020035,0.011495,0.248264,0.029514,0.025605,0.305399
8569,0.021041,0.011501,0.238913,0.026218,0.023918,0.295373
8570,0.020109,0.010326,0.237106,0.026917,0.024878,0.292419
8571,0.020281,0.011247,0.258054,0.041684,0.029167,0.318749
8572,0.022823,0.012165,0.263143,0.036521,0.032188,0.330319
8573,0.024261,0.014436,0.261463,0.044481,0.028625,0.328785
8574,0.023496,0.013971,0.257488,0.053222,0.056226,0.351181
8575,0.02717,0.015522,0.254378,0.045148,0.028633,0.325703
8576,0.021112,0.012194,0.2473,0.035358,0.023837,0.304443
8577,0.019954,0.011184,0.248658,0.025105,0.022827,0.302623
8578,0.018859,0.009979,0.230686,0.024103,0.022323,0.281847
8579,0.018708,0.009683,0.22651,0.023034,0.022588,0.277489
8580,0.018876,0.01464,0.228462,0.022791,0.022481,0.284459
8581,0.018575,0.010007,0.240298,0.021813,0.022299,0.291179
8582,0.018282,0.010147,0.227599,0.021777,0.022232,0.27826
8583,0.018827,0.009768,0.22692,0.021495,0.022132,0.277647
8584,0.018508,0.010033,0.236487,0.022898,0.02285,0.287878
8585,0.018782,0.010432,0.292092,0.02193,0.025693,0.346999
8586,0.020135,0.01185,0.245927,0.033908,0.024192,0.302104
8587,0.018398,0.010424,0.23174,0.027591,0.034358,0.29492
8588,0.020862,0.011703,0.243848,0.034543,0.023673,0.300086
8589,0.019865,0.01115,0.225416,0.028821,0.02314,0.279571
8590,0.018355,0.010368,0.231908,0.031769,0.02417,0.284801
8591,0.019384,0.011048,0.253256,0.033708,0.028573,0.312261
8592,0.024418,0.012601,0.256434,0.046804,0.027958,0.321411
8593,0.025172,0.013133,0.306027,0.046292,0.028419,0.372751
8594,0.023612,0.012945,0.288108,0.048476,0.029799,0.354464
8595,0.025653,0.012987,0.259296,0.045434,0.028019,0.325955
8596,0.023904,0.013821,0.266391,0.044337,0.028417,0.332533
8597,0.02256,0.012562,0.282096,0.050527,0.030643,0.347861
8598,0.023358,0.013386,0.273577,0.045591,0.027275,0.337596
8599,0.022134,0.013035,0.254787,0.035302,0.027366,0.317322
8600,0.021015,0.012849,0.285674,0.05692,0.028687,0.348225
8601,0.022195,0.012946,0.248443,0.041478,0.027134,0.310718
8602,0.023252,0.012968,0.248833,0.037888,0.025945,0.310998
8603,0.020007,0.011905,0.272412,0.036665,0.030412,0.334736
8604,0.024399,0.014447,0.263819,0.035341,0.028568,0.331233
8605,0.022697,0.013304,0.254764,0.034845,0.026009,0.316774
8606,0.021979,0.012824,0.253865,0.034142,0.026514,0.315182
8607,0.021609,0.012464,0.251133,0.034131,0.025689,0.310895
8608,0.021165,0.012694,0.258749,0.03481,0.030415,0.323023
8609,0.023503,0.014015,0.271529,0.034837,0.028633,0.33768
8610,0.023086,0.013872,0.254704,0.034537,0.027055,0.318717
8611,0.021386,0.012682,0.260698,0.047714,0.028994,0.32376
8612,0.023839,0.013548,0.288007,0.052355,0.032677,0.358071
8613,0.025631,0.01476,0.280538,0.047626,0.028247,0.349176
8614,0.021915,0.013222,0.25661,0.035378,0.026424,0.318171
8615,0.020768,0.011998,0.277621,0.040306,0.028793,0.33918
8616,0.023123,0.012569,0.253289,0.032797,0.026178,0.315159
8617,0.021461,0.012591,0.266064,0.046173,0.318911,0.619027
8618,0.028919,0.019035,0.313919,0.059653,0.031176,0.393049
8619,0.025549,0.014455,0.265348,0.039457,0.029834,0.335186
8620,0.023553,0.013737,0.275882,0.035779,0.027722,0.340894
8621,0.022467,0.013206,0.265311,0.034597,0.029184,0.330168
8622,0.023815,0.013645,0.282093,0.037233,0.031443,0.350996
8623,0.024149,0.025417,0.275084,0.045732,0.026035,0.350685
8624,0.020718,0.012283,0.253288,0.037352,0.027561,0.31385
8625,0.021734,0.012805,0.257936,0.035871,0.027138,0.319613
8626,0.021363,0.012183,0.263079,0.034593,0.028225,0.32485
8627,0.023155,0.013875,0.269041,0.042609,0.026651,0.332722
8628,0.022686,0.012661,0.258836,0.032287,0.02473,0.318913
8629,0.019551,0.010561,0.243749,0.032307,0.025508,0.299369
8630,0.02151,0.012397,0.245126,0.040484,0.027068,0.306101
8631,0.020995,0.018539,0.281204,0.045506,0.032681,0.353419
8632,0.025153,0.014523,0.3148,0.048014,0.037074,0.39155
8633,0.024366,0.013886,0.260367,0.046688,0.029894,0.328513
8634,0.023658,0.014641,0.261127,0.047381,0.03135,0.330776
8635,0.023599,0.028121,0.244321,0.045452,0.02677,0.322811
8636,0.021276,0.013064,0.244244,0.038637,0.024544,0.303128
8637,0.020754,0.012045,0.256194,0.042391,0.030816,0.319809
8638,0.025382,0.014795,0.300012,0.042308,0.059297,0.399486
8639,0.023028,0.013494,0.228413,0.045265,0.021558,0.286493
8640,0.016651,0.010081,0.234941,0.034795,0.026809,0.288482
8641,0.022125,0.013643,0.284752,0.045023,0.027884,0.348404
8642,0.017879,0.010368,0.224906,0.037786,0.018451,0.271604
8643,0.014831,0.00868,0.202033,0.030187,0.025481,0.251025
8644,0.020209,0.011863,0.2576,0.046828,0.040193,0.329865
8645,0.023029,0.013743,0.199062,0.03537,0.025539,0.261373
8646,0.019937,0.011624,0.226146,0.039065,0.027694,0.285401
8647,0.022975,0.013174,0.273576,0.045662,0.039829,0.349554
8648,0.024098,0.014358,0.265613,0.04506,0.02664,0.330709
8649,0.022137,0.012987,0.259683,0.035581,0.026109,0.320916
8650,0.021899,0.012636,0.261752,0.035081,0.037621,0.333908
8651,0.02271,0.013085,0.261577,0.034152,0.025818,0.32319
8652,0.021469,0.012095,0.25757,0.032172,0.025852,0.316986
8653,0.021478,0.012593,0.252581,0.032414,0.025059,0.311711
8654,0.043066,0.012769,0.276405,0.04045,0.028115,0.360355
8655,0.023894,0.01229,0.249364,0.035757,0.028008,0.313556
8656,0.021336,0.011324,0.24681,0.037131,0.027211,0.306681
8657,0.02215,0.024889,0.25021,0.033704,0.025938,0.323187
8658,0.021067,0.011625,0.24274,0.030484,0.027123,0.302555
8659,0.022128,0.012665,0.247691,0.033142,0.026533,0.309017
8660,0.022606,0.012526,0.24241,0.033114,0.04527,0.322812
8661,0.03906,0.012438,0.169182,0.024317,0.016292,0.236972
8662,0.017209,0.009913,0.215524,0.027592,0.027288,0.269934
8663,0.021274,0.012698,0.27923,0.076708,0.02269,0.335892
8664,0.0157,0.009019,0.202453,0.027231,0.02431,0.251482
8665,0.018721,0.011245,0.237494,0.033833,0.029807,0.297267
8666,0.022625,0.013509,0.228492,0.037151,0.026177,0.290803
8667,0.021952,0.011738,0.247611,0.034449,0.02601,0.307311
8668,0.021181,0.012148,0.258033,0.055224,0.02147,0.312832
8669,0.015692,0.008877,0.21632,0.037481,0.019239,0.260128
8670,0.019641,0.011498,1.15513,0.037254,0.04342,1.229689
8671,0.032504,0.01843,0.344922,0.061606,0.033424,0.42928
8672,0.025665,0.015705,0.265529,0.050267,0.030031,0.33693
8673,0.024879,0.014847,0.283814,0.049317,0.030124,0.353664
8674,0.023777,0.014361,0.267762,0.043423,0.028717,0.334617
8675,0.023286,0.01356,0.259911,0.039398,0.028631,0.325388
8676,0.022391,0.013089,0.272977,0.042235,0.031056,0.339513
8677,0.025102,0.01461,0.271706,0.03802,0.026943,0.338361
8678,0.021473,0.012023,0.243112,0.032718,0.024846,0.301454
8679,0.021196,0.012666,0.260612,0.036738,0.026027,0.320501
8680,0.022722,0.012443,0.263315,0.036737,0.030008,0.328488
8681,0.023234,0.013917,0.26078,0.034699,0.02885,0.326781
8682,0.023054,0.013769,0.267977,0.034519,0.025133,0.329933
8683,0.020205,0.01158,0.235425,0.031255,0.025782,0.292992
8684,0.022314,0.012326,0.263253,0.036962,0.028451,0.326344
8685,0.021943,0.012855,0.280323,0.049515,0.028338,0.343459
8686,0.02304,0.012981,0.255681,0.032862,0.026895,0.318597
8687,0.021351,1.165249,0.404667,0.068137,0.040961,1.632228
8688,0.030683,0.017869,0.302367,0.051278,0.031391,0.38231
8689,0.025075,0.014054,0.279356,0.040857,0.030802,0.349287
8690,0.025423,0.015104,0.292552,0.041441,0.02876,0.361839
8691,0.02247,0.013349,0.266165,0.035503,0.029865,0.331849
8692,0.02331,0.014155,0.271244,0.035073,0.02738,0.336089
8693,0.02128,0.013951,0.329131,0.053245,0.034418,0.39878
8694,0.025086,0.015808,0.289518,0.048667,0.030408,0.36082
8695,0.024504,0.015101,0.271192,0.041373,0.027972,0.338769
8696,0.032259,0.013434,0.249896,0.033478,0.027686,0.323275
8697,0.022742,0.013359,0.264578,0.037768,0.028988,0.329667
8698,0.022724,0.013646,0.261507,0.037113,0.027332,0.325209
8699,0.022768,0.024876,0.262585,0.034342,0.0288,0.339029
8700,0.023082,0.013248,0.271759,0.040444,0.027904,0.335993
8701,0.023208,0.013441,0.268878,0.039047,0.028806,0.334333
8702,0.039301,0.014014,0.268663,0.037682,0.026971,0.348949
8703,0.021586,0.013303,0.259982,0.032935,0.026443,0.321314
8704,0.020955,0.011883,0.29546,0.051982,0.046183,0.374481
8705,0.029027,0.016826,0.272534,0.041689,0.026289,0.344676
8706,0.020771,0.012475,0.252163,0.035628,0.028055,0.313464
8707,0.022091,0.012474,0.261115,0.037743,0.03866,0.33434
8708,0.023915,0.014157,0.271079,0.038522,0.027271,0.336422
8709,0.021967,0.013566,0.290333,0.041472,0.030146,0.356012
8710,0.02308,0.013533,0.26192,0.04777,0.0278,0.326333
8711,0.021422,0.011553,0.251532,0.042493,0.025469,0.309976
8712,0.020855,0.011264,0.225012,0.035366,0.025812,0.282943
8713,0.021757,0.013235,0.237008,0.033477,0.025174,0.297174
8714,0.020694,0.011706,0.25839,0.0354,0.025657,0.316447
8715,0.020599,0.011795,0.258674,0.03165,0.027979,0.319047
8716,0.02235,0.012844,0.256477,0.02945,0.02607,0.317741
8717,0.021139,0.01271,0.257762,0.033323,0.027783,0.319394
8718,0.022339,0.013259,0.257864,0.03181,0.029314,0.322776
8719,0.02357,0.013218,0.270878,0.035418,0.026583,0.334249
8720,0.022828,0.012285,0.272177,0.037734,0.026246,0.333536
8721,0.021991,0.012727,0.260876,0.031893,0.0265,0.322094
8722,0.020514,0.012678,0.259555,0.032283,0.030081,0.322828
8723,0.02295,0.013277,0.272063,0.033963,0.027606,0.335896
8724,0.022045,0.013003,0.258335,0.03251,0.026236,0.319619
8725,0.02156,0.012148,0.253212,0.029952,0.026793,0.313713
8726,0.020731,0.012308,0.273988,0.034089,0.029651,0.336678
8727,0.023303,0.013598,0.259553,0.030818,0.026389,0.322843
8728,0.021282,0.012234,0.241075,0.028968,0.025256,0.299847
8729,0.021057,0.012278,0.261305,0.037066,0.029381,0.324021
8730,0.024679,0.014271,0.230248,0.036428,0.01856,0.287758
8731,0.015038,0.008799,0.217705,0.033577,0.01956,0.261102
8732,0.015089,0.009431,0.234895,0.033515,0.034832,0.294247
8733,0.020273,0.012271,0.252988,0.034465,0.025625,0.311157
8734,0.021435,0.011999,0.244831,0.028898,0.026079,0.304344
8735,0.021187,0.012786,0.262504,0.03489,0.026651,0.323128
8736,0.02145,0.024055,0.259706,0.034049,0.027185,0.332396
8737,0.021391,0.012949,0.25545,0.029797,0.026365,0.316155
8738,0.020568,0.011839,0.251248,0.031086,0.025928,0.309583
8739,0.02028,0.011701,3.372668,0.06909,0.041145,3.445794
8740,0.029362,0.018282,0.286882,0.042312,0.031239,0.365765
8741,0.024789,0.014404,0.278235,0.052388,0.03215,0.349578
8742,0.024563,0.015095,0.271799,0.0491,0.031696,0.343153
8743,0.024499,0.014719,0.280833,0.043497,0.029199,0.34925
8744,0.023601,0.019247,0.286079,0.040646,0.027508,0.356435
8745,0.023229,0.013597,0.264876,0.037921,0.028414,0.330116
8746,0.02339,0.013109,0.272401,0.050514,0.030418,0.339318
8747,0.024159,0.013866,0.271299,0.037155,0.027442,0.336766
8748,0.021979,0.012629,0.28215,0.053391,0.034873,0.351631
8749,0.027161,0.016343,0.27117,0.041735,0.027599,0.342273
8750,0.021856,0.012961,0.266324,0.034705,0.026278,0.327419
8751,0.022171,0.012249,0.252739,0.035402,0.027118,0.314277
8752,0.023168,0.013887,0.279455,0.035735,0.027318,0.343828
8753,0.022598,0.012295,0.353791,0.042963,0.029836,0.41852
8754,0.022878,0.016632,0.245307,0.045355,0.029287,0.314104
8755,0.018198,0.010412,0.251239,0.04053,0.029442,0.309291
8756,0.024355,0.014427,0.277197,0.037831,0.028943,0.344922
8757,0.02258,0.013078,0.265033,0.03372,0.026471,0.327162
8758,0.021593,0.012245,0.251264,0.031184,0.027032,0.312134
8759,0.02204,0.012648,0.268352,0.034066,0.029227,0.332267
8760,0.022173,0.01324,0.263877,0.032215,0.027087,0.326377
8761,0.022355,0.012395,0.252754,0.030546,0.026548,0.314052
8762,0.021591,0.012657,0.267612,0.034457,0.026564,0.328424
8763,0.02171,0.01289,0.252537,0.029426,0.026675,0.313812
8764,0.021353,0.012951,0.260158,0.032141,0.02538,0.319842
8765,0.020515,0.012187,0.254911,0.03037,0.025871,0.313484
8766,0.020488,0.011596,0.243592,0.029631,0.025065,0.300741
8767,0.019662,0.010755,0.236455,0.031478,0.025275,0.292147
8768,0.021495,0.012725,0.281522,0.053531,0.029413,0.345155
8769,0.021902,0.026536,0.269274,0.045073,0.027539,0.345251
8770,0.023498,0.010924,0.208402,0.038819,0.023919,0.266743
8771,0.019182,0.011211,1.428259,0.034209,0.046737,1.505389
8772,0.033091,0.01895,0.728107,0.066033,0.038992,0.81914
8773,0.030724,0.017297,0.280199,0.051427,0.028707,0.356927
8774,0.02324,0.013812,0.265072,0.049028,0.028933,0.331057
8775,0.023732,0.014279,0.289933,0.056926,0.036989,0.364933
8776,0.027198,0.015757,0.287613,0.055652,0.032261,0.362829
8777,0.025344,0.016443,0.264686,0.04844,0.029569,0.336042
8778,0.023279,0.013076,0.265331,0.040118,0.027312,0.328998
8779,0.023355,0.012964,0.276708,0.043844,0.030033,0.34306
8780,0.021748,0.012961,0.301544,0.044775,0.031297,0.36755
8781,0.024224,0.014334,0.264458,0.048243,0.027927,0.330943
8782,0.023007,0.012621,0.293211,0.040333,0.029021,0.35786
8783,0.022936,0.014415,0.257715,0.04509,0.03001,0.325076
8784,0.022535,0.012668,0.290834,0.047968,0.030913,0.35695
8785,0.022376,0.014596,0.251116,0.044925,0.029802,0.31789
8786,0.024376,0.014016,0.271245,0.043664,0.027525,0.337162
8787,0.023288,0.013234,0.2917,0.062464,0.029858,0.35808
8788,0.024786,0.013388,0.259534,0.048897,0.028986,0.326694
8789,0.023568,0.013318,0.252629,0.039811,0.025489,0.315004
8790,0.021145,0.011915,0.272066,0.036663,0.029573,0.334699
8791,0.024773,0.01414,0.261165,0.039403,0.02936,0.329438
8792,0.022294,0.031758,0.283913,0.048974,0.029032,0.366997
8793,0.035883,0.013965,0.244808,0.042054,0.026803,0.321459
8794,0.02258,0.012872,0.251801,0.033508,0.026369,0.313622
8795,0.022085,0.012783,0.29901,0.073567,0.029762,0.36364
8796,0.031859,0.017515,0.260615,0.051304,0.028383,0.338372
8797,0.022888,0.012831,0.256873,0.040733,0.026337,0.318929
8798,0.022347,0.012288,0.257062,0.040554,0.031597,0.323294
8799,0.039789,0.012834,0.260232,0.048868,0.033201,0.346056
8800,0.024314,0.012922,0.267015,0.043471,0.028744,0.332995
8801,0.022994,0.013642,0.310264,0.054353,0.027884,0.374784
8802,0.023307,0.01324,0.249009,0.038793,0.027998,0.313554
8803,0.023073,0.012511,0.274566,0.040832,0.029603,0.339753
8804,0.023416,0.012696,0.247031,0.037028,0.070223,0.353366
8805,0.023729,0.016441,0.274543,0.050769,0.030445,0.345158
8806,0.024148,0.013062,0.247835,0.038898,0.02665,0.311695
8807,0.021727,0.01246,0.256779,0.038603,0.025876,0.316842
8808,0.02215,0.012161,0.262211,0.043166,0.030655,0.327177
8809,0.024748,0.014375,0.310375,0.045873,0.029704,0.379202
8810,0.022489,0.013279,0.280909,0.057622,0.031827,0.348504
8811,0.022552,0.013158,0.256148,0.043883,0.026601,0.318459
8812,0.0217,0.012905,0.284937,0.041224,0.02788,0.347422
8813,0.021583,0.012255,0.262921,0.050441,0.025829,0.322588
8814,0.021407,0.012925,0.270246,0.041062,0.027557,0.332135
8815,0.020452,0.01197,0.256798,0.03523,0.027028,0.316248
8816,0.020671,0.011427,0.26185,0.030941,0.026675,0.320623
8817,0.021555,0.012049,0.253727,0.031656,0.025722,0.313053
8818,0.020317,0.011391,0.238103,0.027982,0.025482,0.295293
8819,0.020921,0.011656,0.24891,0.032952,0.035779,0.317266
8820,0.022544,0.011373,0.250208,0.035925,0.026382,0.310507
8821,0.022255,0.011681,0.243841,0.034206,0.026419,0.304196
8822,0.021544,0.011676,0.249783,0.035757,0.028132,0.311135
8823,0.02227,0.01209,0.27512,0.040599,0.031209,0.340689
8824,0.02484,0.014492,0.26357,0.038574,0.03028,0.333182
8825,0.021915,0.013982,0.309492,0.048654,0.038139,0.383528
8826,0.02196,0.013245,0.257579,0.042954,0.027821,0.320605
8827,0.022934,0.012633,0.242705,0.028693,0.023025,0.301297
8828,0.019277,0.010457,0.702038,0.043634,0.032229,0.764001
8829,0.024917,0.013668,0.24584,0.029566,0.024395,0.30882
8830,0.020134,0.010904,0.307062,0.040854,0.027714,0.365814
8831,0.021681,0.012222,0.237581,0.0357,0.026409,0.297893
8832,0.021443,0.01239,0.243945,0.034559,0.025743,0.303521
8833,0.021173,0.011381,0.23514,0.032471,0.037695,0.305389
8834,0.021923,0.011943,1.199675,0.034066,0.04312,1.276661
8835,0.031497,0.018918,0.326794,0.065625,0.060948,0.438157
8836,0.028756,0.016244,0.295328,0.067357,0.031335,0.371663
8837,0.025791,0.016436,0.318668,0.055082,0.031518,0.392413
8838,0.022935,0.014257,0.269204,0.049946,0.032004,0.3384
8839,0.024809,0.019092,0.283832,0.053412,0.032827,0.36056
8840,0.025186,0.01421,0.263834,0.0476,0.028359,0.331589
8841,0.023618,0.014069,0.272805,0.04715,0.032006,0.342498
8842,0.02412,0.014173,0.27148,0.049268,0.02934,0.339113
8843,0.022752,0.013661,0.276202,0.041147,0.029816,0.342431
8844,0.023686,0.012999,0.261468,0.030928,0.026931,0.325084
8845,0.020796,0.01215,0.270371,0.030044,0.025557,0.328874
8846,0.02129,0.011678,0.249902,0.027732,0.025337,0.308207
8847,0.020606,0.011319,0.246095,0.025936,0.024128,0.302148
8848,0.019783,0.011037,0.25226,0.026055,0.023757,0.306837
8849,0.018854,0.011667,0.255872,0.034944,0.028137,0.31453
8850,0.021754,0.012075,0.251955,0.034561,0.027735,0.313519
8851,0.021256,0.011648,0.260777,0.045513,0.027314,0.320995
8852,0.020821,0.012766,0.258947,0.038793,0.027209,0.319743
8853,0.022571,0.012758,0.308979,0.048883,0.029564,0.373872
8854,0.02283,0.013215,0.260309,0.045901,0.028638,0.324992
8855,0.022981,0.01335,0.256364,0.045905,0.026764,0.319459
8856,0.021279,0.012351,0.243023,0.035514,0.025555,0.302208
8857,0.020419,0.011435,0.267314,0.046763,0.031254,0.330422
8858,0.024215,0.013864,0.262656,0.038073,0.026311,0.327046
8859,0.021777,0.013306,0.250211,0.034669,0.02577,0.311064
8860,0.021382,0.012988,0.266681,0.036718,0.027532,0.328583
8861,0.022394,0.013629,0.255445,0.031527,0.026914,0.318382
8862,0.021788,0.012678,0.25854,0.034541,0.025543,0.318549
8863,0.022151,0.011553,0.260467,0.035722,0.027069,0.32124
8864,0.021626,0.012148,0.255225,0.036442,0.026778,0.315777
8865,0.021605,0.012409,0.248363,0.034994,0.02548,0.307857
8866,0.02182,0.012757,0.277275,0.051718,0.038614,0.350466
8867,0.024302,0.013827,0.266308,0.046027,0.030006,0.334443
8868,0.022537,0.01315,0.262096,0.046703,0.029652,0.327435
8869,0.02322,0.013551,0.277365,0.043046,0.038761,0.352897
8870,0.025979,0.014275,0.255498,0.049164,0.02751,0.323262
8871,0.017828,0.010199,0.22623,0.041044,0.027941,0.282198
8872,0.021505,0.012789,0.257723,0.044176,0.027201,0.319218
8873,0.961764,0.034328,0.372377,0.064395,0.037285,1.405754
8874,0.026304,0.015614,0.273705,0.043567,0.029601,0.345224
8875,0.023915,0.013107,0.272565,0.037774,0.029413,0.339
8876,0.023228,0.013125,0.265874,0.041426,0.028468,0.330695
8877,0.023437,0.013839,0.268064,0.039949,0.0271,0.33244
8878,0.022703,0.012624,0.264739,0.035386,0.027617,0.327683
8879,0.022147,0.011791,0.259496,0.038481,0.027151,0.320585
8880,0.023378,0.014416,0.284521,0.051189,0.028497,0.350812
8881,0.022663,0.01329,0.277081,0.059524,0.029389,0.342423
8882,0.022948,0.013204,0.261717,0.038828,0.025707,0.323576
8883,0.022314,0.012337,0.253459,0.033362,0.02525,0.31336
8884,0.020299,0.011266,0.2565,0.032781,0.02441,0.312475
8885,0.021091,0.012109,0.265755,0.039475,0.028447,0.327402
8886,0.022829,0.01275,0.259329,0.038957,0.028748,0.323656
8887,0.023586,0.01326,0.282558,0.048049,0.031838,0.351242
8888,0.023886,0.013209,0.26429,0.047666,0.027862,0.329247
8889,0.023431,0.013132,0.256657,0.039626,0.028513,0.321733
8890,0.021827,0.015746,0.289818,0.055405,0.029858,0.357249
8891,0.022007,0.012183,0.265417,0.04647,0.028947,0.328554
8892,0.022862,0.012698,0.261823,0.039841,0.02762,0.325003
8893,0.021702,0.020438,0.282141,0.05786,0.029087,0.353368
8894,0.023736,0.013221,0.258566,0.039308,0.030246,0.325769
8895,0.024047,0.013997,0.261045,0.039641,0.028806,0.327895
8896,0.023942,0.014638,0.282064,0.052428,0.028419,0.349063
8897,0.020698,0.011812,0.241218,0.041685,0.027867,0.301595
8898,0.022179,0.012145,0.244805,0.038118,0.026198,0.305327
8899,0.021928,0.012824,0.268789,0.037478,0.030806,0.334347
8900,0.023987,0.012499,0.255892,0.03575,0.028449,0.320827
8901,0.021382,0.01251,0.260865,0.040962,0.028241,0.322998
8902,0.028292,0.013023,0.272985,0.04102,0.025957,0.340257
8903,0.02087,0.011056,0.236883,0.026826,0.023208,0.292017
8904,0.018963,0.010257,0.230234,0.024106,0.023575,0.283029
8905,0.019762,0.010632,0.228559,0.023906,0.022543,0.281496
8906,0.018525,0.010252,0.238562,0.023113,0.022591,0.28993
8907,0.018606,0.010134,0.225813,0.022652,0.022601,0.277154
8908,0.018184,0.013899,0.229099,0.023674,0.022159,0.283341
8909,0.018524,0.010144,0.307891,0.098178,0.026646,0.363205
8910,0.021672,0.011975,0.235877,0.030926,0.024116,0.29364
8911,0.019473,0.011047,0.225983,0.02914,0.023663,0.280166
8912,0.019723,0.010889,0.260112,0.035334,0.028015,0.318739
8913,0.023145,0.011955,0.543142,0.044581,0.042381,0.620623
8914,0.030937,0.016506,0.298201,0.058603,0.030697,0.376341
8915,0.025456,0.013855,0.270364,0.044209,0.029473,0.339148
8916,0.022842,0.013313,0.254197,0.036394,0.027038,0.31739
8917,0.022228,0.012403,0.261602,0.035673,0.027616,0.323849
8918,0.022234,0.011898,0.25239,0.035823,0.028531,0.315053
8919,0.024075,0.013982,0.313007,0.048506,0.029801,0.380865
8920,0.023494,0.013905,0.277922,0.047818,0.029498,0.344819
8921,0.02326,0.013336,0.290547,0.050367,0.02984,0.356983
8922,0.024042,0.014512,0.256539,0.043392,0.025801,0.320894
8923,0.021254,0.012723,0.265292,0.049077,0.030332,0.329601
8924,0.02512,0.015626,0.270139,0.041907,0.029453,0.340338
8925,0.022914,0.013977,0.298046,0.045952,0.030777,0.365714
8926,0.023468,0.017498,0.259165,0.042137,0.028131,0.328262
8927,0.022515,0.013317,0.250886,0.050543,0.029132,0.31585
8928,0.024352,0.013786,0.259771,0.046585,0.028048,0.325957
8929,0.023875,0.015052,0.272175,0.045773,0.029394,0.340496
8930,0.021922,0.012863,0.276874,0.046763,0.029274,0.340933
8931,0.021176,0.013923,0.25828,0.047766,0.027518,0.320897
8932,0.024223,0.012873,0.270977,0.045434,0.029459,0.337532
8933,0.024286,0.0133,0.258477,0.039555,0.027136,0.323199
8934,0.022432,0.012649,0.263623,0.038916,0.027293,0.325997
8935,0.020893,0.013795,0.299132,0.086839,0.026705,0.360525
8936,0.021421,0.012463,0.242031,0.040745,0.027233,0.303148
8937,0.022373,0.01249,0.289886,0.043602,0.028594,0.353343
8938,0.022881,0.012856,0.277926,0.046946,0.030051,0.343714
8939,0.025231,0.013488,0.304187,0.047306,0.027392,0.370298
8940,0.021368,0.015398,0.256531,0.042497,0.026529,0.319826
8941,0.022572,0.012623,0.246398,0.03589,0.024392,0.305985
8942,0.019752,0.010953,0.227923,0.028938,0.025286,0.283914
8943,0.021205,0.012612,0.265109,0.040799,0.030971,0.329897
8944,0.025174,0.013103,0.264665,0.043431,0.027438,0.33038
8945,0.021183,0.013023,0.257362,0.041707,0.027818,0.319386
8946,0.024569,0.012838,0.266633,0.045352,0.027606,0.331646
8947,0.021992,0.012853,0.273455,0.055197,0.043984,0.352284
8948,0.043135,0.012486,0.263375,0.047101,0.028372,0.347368
8949,0.022961,0.012503,0.247427,0.038026,0.029024,0.311915
8950,0.022682,0.014141,0.842824,0.062024,0.039307,0.918954
8951,0.027306,0.018346,0.296346,0.060444,0.031284,0.373282
8952,0.023135,0.014361,0.274059,0.046636,0.029852,0.341407
8953,0.024651,0.013992,0.26273,0.040974,0.028264,0.329637
8954,0.021139,0.013455,0.269874,0.055154,0.026052,0.33052
8955,0.021542,0.012295,0.232359,0.030256,0.02316,0.289356
8956,0.01959,0.012171,0.28581,0.065584,0.029674,0.347245
8957,0.023177,0.013299,0.266148,0.051651,0.025622,0.328246
8958,0.020929,0.011712,0.244669,0.034048,0.059412,0.336722
8959,0.022047,0.012996,0.258343,0.041767,0.028531,0.321917
8960,0.021955,0.012171,0.262451,0.034816,0.027269,0.323846
8961,0.022291,0.013277,0.2547,0.036789,0.023176,0.313444
8962,0.020839,0.011957,0.245258,0.033911,0.023639,0.301693
8963,0.02036,0.011771,0.233619,0.027335,0.034411,0.300161
8964,0.020623,0.011523,0.234259,0.026767,0.0237,0.290105
8965,0.019287,0.010677,0.227874,0.024384,0.022853,0.280691
8966,0.018646,0.010266,0.224742,0.023678,0.022408,0.276062
8967,0.018417,0.009948,0.23287,0.024425,0.022653,0.283888
8968,0.018704,0.010574,0.223292,0.023306,0.022402,0.274972
8969,0.018095,0.010017,0.222133,0.02331,0.023067,0.273312
8970,0.018599,0.009968,0.221961,0.023599,0.022727,0.273255
8971,0.027745,0.010478,0.223644,0.022982,0.022631,0.284498
8972,0.01794,0.010115,0.221933,0.022806,0.022683,0.272671
8973,0.018014,0.009885,0.22029,0.022533,0.023547,0.271736
8974,0.018859,0.010397,0.232711,0.0236,0.021948,0.283915
8975,0.018487,0.010132,0.222682,0.023046,0.021923,0.273224
8976,0.01801,0.010297,0.220623,0.023312,0.022,0.27093
8977,0.017963,0.009423,0.223573,0.025263,0.02385,0.274809
8978,0.021286,0.011511,0.273357,0.043476,0.031923,0.338077
8979,0.024887,0.013675,0.245938,0.029035,0.023797,0.308297
8980,0.019448,0.010451,0.229851,0.022755,0.02251,0.28226
8981,0.019255,0.010836,0.236951,0.023964,0.022565,0.289607
8982,0.019027,0.010139,0.286853,0.023178,0.026647,0.342666
8983,0.021917,0.011705,0.239665,0.034128,0.025134,0.298421
8984,0.019655,0.011311,0.245056,0.043884,0.027515,0.303537
8985,0.021438,0.012274,0.238345,0.032922,0.025834,0.297891
8986,0.020864,0.011735,0.238426,0.035124,0.025071,0.296096
8987,0.020403,0.011569,0.773154,0.061867,0.035951,0.841077
8988,0.026776,0.015355,0.255811,0.044938,0.027671,0.325613
8989,0.02416,0.013853,0.260185,0.04144,0.027204,0.325402
8990,0.022317,0.011961,0.720863,0.063607,0.057369,0.81251
8991,0.028169,0.016472,0.271395,0.043607,0.02726,0.343296
8992,0.021798,0.011789,0.239059,0.026648,0.023821,0.296467
8993,0.019337,0.01019,0.235035,0.024025,0.022645,0.287207
8994,0.019432,0.019387,0.230702,0.023407,0.022649,0.29217
8995,0.019484,0.010285,0.229998,0.022359,0.022429,0.282196
8996,0.018726,0.010125,0.229705,0.022731,0.022491,0.281047
8997,0.018444,0.010034,0.24052,0.023325,0.022279,0.291277
8998,0.018563,0.010082,0.227594,0.022641,0.022039,0.278278
8999,0.018731,0.010209,0.228965,0.023292,0.022184,0.280089
9000,0.018662,0.010095,0.219816,0.025086,0.024343,0.272916
9001,0.02063,0.021459,0.254174,0.041439,0.026237,0.3225
9002,0.020694,0.011245,0.241582,0.037732,0.024848,0.298369
9003,0.021157,0.011928,0.2341,0.036177,0.023979,0.291164
9004,0.019954,0.011704,0.251282,0.041724,0.025266,0.308206
9005,0.020872,0.012118,0.232064,0.034631,0.024239,0.289293
9006,0.019255,0.011596,0.233347,0.038012,0.027143,0.291341
9007,0.02014,0.011515,0.252002,0.03423,0.026937,0.310594
9008,0.02129,0.011576,0.238621,0.027967,0.022679,0.294166
9009,0.018782,0.010364,0.230461,0.022576,0.022499,0.282106
9010,0.018956,0.009631,0.227667,0.021942,0.022717,0.278971
9011,0.018498,0.009935,0.239458,0.022755,0.022618,0.290509
9012,0.018791,0.009804,0.226675,0.022957,0.022787,0.278057
9013,0.018521,0.010021,0.226295,0.022288,0.022083,0.27692
9014,0.018379,0.010042,0.236469,0.033001,0.02217,0.28706
9015,0.018432,0.009943,0.224598,0.021466,0.02238,0.275353
9016,0.018544,0.00985,0.225287,0.021504,0.021932,0.275613
9017,0.018154,0.010009,0.219593,0.028843,0.024543,0.272299
9018,0.020281,0.010814,0.271277,0.030639,0.026133,0.328505
9019,0.021586,0.01196,0.233398,0.028165,0.024542,0.291486
9020,0.01916,0.011381,0.225655,0.029835,0.024043,0.280239
9021,0.020043,0.011686,0.243011,0.029563,0.023507,0.298247
9022,0.019979,0.011068,0.229573,0.030539,0.023833,0.284453
9023,0.019647,0.010546,0.230923,0.028883,0.025131,0.286247
9024,0.020173,0.011139,0.227681,0.030732,0.024076,0.283069
9025,0.029291,0.01209,0.241233,0.032965,0.023843,0.306457
9026,0.019333,0.011664,0.230372,0.035105,0.025227,0.286596
9027,0.020357,0.011416,0.232177,0.033919,0.025149,0.289099
9028,0.020072,0.011515,2.133684,0.058945,0.038558,2.203829
9029,0.031904,0.018056,0.291493,0.053809,0.032899,0.374352
9030,0.024716,0.015171,0.25651,0.042051,0.025995,0.322392
9031,0.021487,0.012083,0.253109,0.051762,0.025466,0.312145
9032,0.020558,0.012723,0.242263,0.035709,0.023494,0.299038
9033,0.019417,0.011445,0.239313,0.039153,0.026591,0.296766
9034,0.022453,0.013204,0.245116,0.042812,0.037387,0.31816
9035,0.022927,0.013827,0.250892,0.0406,0.029619,0.317265
9036,0.023078,0.014423,0.245738,0.039504,0.024368,0.307607
9037,0.02033,0.011649,0.240969,0.034828,0.026525,0.299473
9038,0.022046,0.07872,0.294001,0.042269,0.030714,0.425481
9039,0.022595,0.012327,0.231124,0.04432,0.028813,0.294859
9040,0.022459,0.013222,0.252582,0.036666,0.03892,0.327183
9041,0.021509,0.012067,0.24405,0.036149,0.026144,0.30377
9042,0.021529,0.012039,0.258345,0.036867,0.029611,0.321524
9043,0.024426,0.014048,0.268012,0.039367,0.021021,0.327507
9044,0.031045,0.012306,0.229161,0.033561,0.024721,0.297233
9045,0.019979,0.011654,0.237564,0.03888,0.026948,0.296145
9046,0.021959,0.013612,0.236017,0.03946,0.025401,0.296989
9047,0.021137,0.012959,0.269274,0.039159,0.029344,0.332714
9048,0.023698,0.013864,0.277618,0.037307,0.029294,0.344474
9049,0.023722,0.013586,0.251941,0.040015,0.028762,0.318011
9050,0.02289,0.013811,0.275826,0.044894,0.030344,0.342871
9051,0.025525,0.013905,0.251039,0.035221,0.025872,0.316341
9052,0.021936,0.012955,0.254375,0.035281,0.026284,0.31555
9053,0.021265,0.011731,0.253555,0.033068,0.025794,0.312345
9054,0.021256,0.012561,0.258148,0.036821,0.030743,0.322708
9055,0.02422,0.013349,0.255551,0.036412,0.031339,0.324459
9056,0.022674,0.014484,0.270878,0.046277,0.033019,0.341055
9057,0.022694,0.013861,0.255313,0.045957,0.028952,0.32082
9058,0.021986,0.013364,0.265045,0.043642,0.03211,0.332505
9059,0.02517,0.015727,0.282143,0.052036,0.032326,0.355366
9060,0.024625,0.014198,0.263833,0.046952,0.027955,0.330611
9061,0.022809,0.012891,0.273122,0.040635,0.030555,0.339377
9062,0.0227,0.013333,0.267385,0.043169,0.023394,0.326812
9063,0.02307,0.011651,0.249155,0.042582,0.030769,0.314645
9064,0.025038,0.014477,0.287292,0.061851,0.031043,0.35785
9065,0.024096,0.013711,0.266203,0.04472,0.028647,0.332657
9066,0.022356,0.01272,0.253188,0.038256,0.027346,0.31561
9067,0.021253,0.012459,0.277827,0.043286,0.025293,0.336832
9068,0.020104,0.013837,0.24369,0.039007,0.030004,0.307635
9069,0.024152,0.013828,0.276765,0.038793,0.024652,0.339397
9070,0.019945,0.011879,0.257573,0.037162,0.026226,0.315623
9071,0.022459,0.013507,0.281338,0.045716,0.028501,0.345805
9072,0.023543,0.014028,0.259201,0.043335,0.026991,0.323763
9073,0.021039,0.013181,0.271595,0.040775,0.029602,0.335417
9074,0.024509,0.012681,0.306263,0.047604,0.029642,0.373095
9075,0.023522,0.013732,0.26056,0.046756,0.027702,0.325516
9076,0.022069,0.012501,0.259024,0.040203,0.029476,0.32307
9077,0.02339,0.013582,0.280241,0.040094,0.028512,0.345725
9078,0.022808,0.012896,0.25115,0.038544,0.028093,0.314947
9079,0.022452,0.012981,0.297418,0.043305,0.025923,0.358774
9080,0.022375,0.012132,0.248556,0.027635,0.023056,0.306119
9081,0.019683,0.010139,0.230136,0.024589,0.023344,0.283302
9082,0.019088,0.009714,0.231884,0.023449,0.02285,0.283536
9083,0.018589,0.009939,0.239671,0.033473,0.022052,0.290251
9084,0.018626,0.010152,0.227888,0.022857,0.021832,0.278498
9085,0.018338,0.010048,0.225108,0.021457,0.022319,0.275813
9086,0.018618,0.009918,0.22172,0.034486,0.026923,0.277179
9087,0.020953,0.011508,0.257684,0.041476,0.026384,0.316529
9088,0.021539,0.012353,0.244005,0.034417,0.029753,0.30765
9089,0.024213,0.013738,0.256758,0.031598,0.027261,0.32197
9090,0.020638,0.016802,0.30658,0.072578,0.03012,0.37414
9091,0.022503,0.012472,0.252762,0.043629,0.027635,0.315372
9092,0.02207,0.01293,0.2562,0.042198,0.028289,0.319489
9093,0.024024,0.014796,0.290245,0.044263,0.030142,0.359207
9094,0.024292,0.012514,0.2973,0.045548,0.030378,0.364484
9095,0.022652,0.013052,0.259761,0.047073,0.029502,0.324967
9096,0.024282,0.02523,0.298417,0.046916,0.027234,0.375163
9097,0.021675,0.012893,0.238917,0.034346,0.025771,0.299256
9098,0.020176,0.01136,0.219744,0.030462,0.023859,0.275139
9099,0.020336,0.011544,0.245816,0.027074,0.022617,0.300313
9100,0.017033,0.010202,0.219093,0.027247,0.022784,0.269112
9101,0.018392,0.01,0.218103,0.026329,0.022281,0.268776
9102,0.017366,0.010366,0.228897,0.026296,0.022165,0.278794
9103,0.021895,0.011301,0.24717,0.044524,0.030546,0.310912
9104,0.025133,0.013849,0.25737,0.044062,0.028547,0.324899
9105,0.023477,0.013451,0.255884,0.043257,0.048437,0.341249
9106,0.023226,0.013859,0.28327,0.068303,0.02939,0.349745
9107,0.023612,0.013152,0.256802,0.035581,0.0274,0.320966
9108,0.021408,0.011791,0.245345,0.027356,0.034391,0.312935
9109,0.021065,0.011337,0.235374,0.02719,0.024557,0.292333
9110,0.020156,0.010805,0.257399,0.032873,0.029424,0.317784
9111,0.023633,0.013359,0.254765,0.037025,0.030271,0.322028
9112,0.02353,0.023846,0.248366,0.044462,0.028688,0.32443
9113,0.022679,0.014216,0.275742,0.041831,0.053689,0.366326
9114,0.02305,0.012549,0.253584,0.04759,0.028894,0.318077
9115,0.034819,0.013073,0.265006,0.043379,0.031072,0.34397
9116,0.023751,0.014031,0.264921,0.04193,0.030156,0.332859
9117,0.024469,0.01455,0.258174,0.041266,0.042407,0.3396
9118,0.023025,0.01491,0.276521,0.047213,0.028728,0.343184
9119,0.023541,0.014696,0.308372,0.047409,0.030548,0.377157
9120,0.023687,0.014231,0.269827,0.045392,0.02627,0.334015
9121,0.021724,0.01247,0.248922,0.037444,0.026793,0.309909
9122,0.022032,0.012493,0.251467,0.036013,0.026858,0.31285
9123,0.021118,0.012389,0.246373,0.032921,0.034113,0.313993
9124,0.021301,0.011333,0.243303,0.033249,0.02522,0.301157
9125,0.020183,0.011339,0.238811,0.030773,0.025254,0.295587
9126,0.020285,0.010983,0.235144,0.030164,0.025285,0.291697
9127,0.020983,0.011696,0.259866,0.033543,0.025547,0.318092
9128,0.020682,0.011959,0.238196,0.029891,0.023306,0.294143
9129,0.019425,0.011266,0.242655,0.030148,0.02777,0.301116
9130,0.022299,0.01233,0.251343,0.027842,0.025899,0.311871
9131,0.02339,0.012851,0.258594,0.046616,0.027184,0.322019
9132,0.022918,0.013838,0.253296,0.039507,0.028999,0.319051
9133,0.027545,0.013483,0.280753,0.049667,0.033765,0.355546
9134,0.024749,0.014521,0.27055,0.04625,0.028688,0.338508
9135,0.023962,0.013977,0.262191,0.045222,0.030214,0.330344
9136,0.023282,0.013496,0.296255,0.057842,0.024087,0.35712
9137,0.02194,0.012472,0.2435,0.036835,0.026827,0.304739
9138,0.023349,0.012576,0.254459,0.043459,0.025858,0.316242
9139,0.023424,0.013285,0.269737,0.045065,0.027625,0.334071
9140,0.022132,0.012977,0.247309,0.039967,0.027242,0.30966
9141,0.02186,0.011842,0.293712,0.041153,0.028361,0.355775
9142,0.021815,0.012997,0.271275,0.044304,0.026391,0.332478
9143,0.021644,0.012636,0.271379,0.044681,0.029295,0.334954
9144,0.023361,0.012641,0.255221,0.038422,0.025865,0.317088
9145,0.022404,0.013739,0.281116,0.047088,0.029527,0.346786
9146,0.02303,0.012993,0.30648,0.043045,0.026886,0.369389
9147,0.024143,0.012705,0.258108,0.042551,0.025937,0.320893
9148,0.021518,0.012939,0.297464,0.041976,0.028322,0.360243
9149,0.022388,0.012609,0.272515,0.049292,0.030629,0.338141
9150,0.02492,0.014153,0.3092,0.049151,0.030512,0.378785
9151,0.025592,0.023664,0.25816,0.046252,0.026983,0.334399
9152,0.021591,0.011639,0.243331,0.034355,0.027087,0.303648
9153,0.0217,0.012782,0.253839,0.037703,0.035437,0.323758
9154,0.023701,0.013066,0.276124,0.042288,0.026708,0.339599
9155,0.021422,0.012038,0.242396,0.030532,0.028236,0.304092
9156,0.023458,0.013681,0.256839,0.034052,0.025657,0.319635
9157,0.021194,0.01172,0.25181,0.029607,0.024683,0.309407
9158,0.021196,0.012927,0.244227,0.033219,0.025373,0.303723
9159,0.021267,0.011832,0.258028,0.032019,0.024498,0.315625
9160,0.019634,0.011701,0.255465,0.028087,0.023791,0.310591
9161,0.018943,0.010689,0.237172,0.026157,0.023556,0.29036
9162,0.01924,0.010795,0.244446,0.029207,0.02703,0.301511
9163,0.02228,0.012104,0.248702,0.029671,0.028097,0.311183
9164,0.021379,0.01156,0.247218,0.044834,0.029417,0.309574
9165,0.022722,0.013716,0.256358,0.042731,0.029093,0.321889
9166,0.022682,0.014224,0.267832,0.034154,0.027308,0.332046
9167,0.022306,0.0137,0.264621,0.048431,0.031122,0.331749
9168,0.02322,0.014086,0.268075,0.046269,0.02863,0.334011
9169,0.02366,0.013257,0.270115,0.038134,0.027108,0.33414
9170,0.022377,0.012925,0.245739,0.034973,0.027233,0.308274
9171,0.022455,0.012992,0.298873,0.0552,0.029795,0.364115
9172,0.024007,0.014297,0.289706,0.047541,0.029817,0.357827
9173,0.023649,0.011984,0.189704,0.030553,0.024766,0.250103
9174,0.019842,0.011079,0.231675,0.032719,0.024033,0.286629
9175,0.020464,0.01196,0.235845,0.02968,0.026202,0.294471
9176,0.019964,0.011117,0.284108,0.062453,0.022273,0.337462
9177,0.017145,0.010345,0.218191,0.038251,0.024036,0.269717
9178,0.016379,0.010214,0.239548,0.036113,0.024758,0.290899
9179,0.019431,0.011816,0.251137,0.032563,0.025957,0.308341
9180,0.020003,0.011735,0.245357,0.032385,0.028512,0.305607
9181,0.023347,0.01339,0.25531,0.03193,0.025798,0.317845
9182,0.021073,0.012451,0.250287,0.029405,0.025851,0.309662
9183,0.02216,0.012802,0.240409,0.031466,0.026412,0.301783
9184,0.021723,0.012934,0.251197,0.033645,0.025223,0.311077
9185,0.021356,0.012009,0.252631,0.036551,0.039426,0.325422
9186,0.022286,0.013107,0.2852,0.043986,0.031418,0.352011
9187,0.02511,0.014897,0.240882,0.041092,0.020816,0.301705
9188,0.019294,0.011191,0.23767,0.033659,0.027099,0.295254
9189,0.031746,0.011926,0.237822,0.031032,0.024425,0.305919
9190,0.019771,0.010782,0.230906,0.028562,0.023371,0.28483
9191,0.019764,0.010359,0.230751,0.027562,0.023584,0.284458
9192,0.019487,0.011201,0.248134,0.034595,0.026834,0.305656
9193,0.021447,0.011809,0.251599,0.031706,0.025432,0.310287
9194,0.021738,0.013089,0.201863,0.027887,0.017845,0.254535
9195,0.015778,0.009775,0.221391,0.030534,0.034183,0.281127
9196,0.021763,0.012297,0.268868,0.043383,0.021203,0.324131
9197,0.016387,0.00898,0.16478,0.022723,0.023995,0.214142
9198,0.017438,0.009611,0.202012,0.025865,0.024981,0.254042
9199,0.020847,0.010652,0.264438,0.038299,0.029822,0.325759
9200,0.023504,0.013946,0.243499,0.032116,0.025159,0.306108
9201,0.020966,0.012417,0.23463,0.029039,0.026122,0.294135
9202,0.021045,0.012767,10.87269,0.032789,0.04726,10.953762
9203,0.032966,0.018676,0.329411,0.072606,0.031161,0.412214
9204,0.025473,0.014705,0.251755,0.03643,0.02552,0.317453
9205,0.021009,0.011966,0.232033,0.029427,0.023973,0.288981
9206,0.020282,0.011991,0.269802,0.031719,0.029648,0.331723
9207,0.022734,0.013231,0.256763,0.034434,0.030189,0.322917
9208,0.023531,0.01322,0.24447,0.043863,0.031436,0.312657
9209,0.022429,0.012786,0.198667,0.030111,0.024563,0.258445
9210,0.027391,0.012129,0.238188,0.034664,0.025093,0.302801
9211,0.020718,0.012156,0.243373,0.032088,0.024125,0.300372
9212,0.020555,0.010924,0.24037,0.03087,0.023746,0.295595
9213,0.020888,0.010935,0.264672,0.033827,0.02831,0.324805
9214,0.023194,0.013521,0.253882,0.03028,0.02519,0.315787
9215,0.021426,0.012063,0.250745,0.032775,0.025788,0.310022
9216,0.021155,0.011514,0.250499,0.035764,0.027797,0.310965
9217,0.023274,0.012878,0.272698,0.036052,0.028873,0.337723
9218,0.023359,0.013674,0.260852,0.037302,0.028192,0.326077
9219,0.023034,0.013369,0.273578,0.036352,0.028266,0.338247
9220,0.022239,0.013593,0.258383,0.031994,0.027415,0.32163
9221,0.022751,0.012684,0.257919,0.030662,0.027789,0.321143
9222,0.022985,0.013366,0.286249,0.039278,0.027486,0.350086
9223,0.022617,0.013545,0.25994,0.034991,0.027286,0.323388
9224,0.021437,0.012255,0.257321,0.033334,0.026371,0.317384
9225,0.020887,0.011703,0.271837,0.039032,0.031461,0.335888
9226,0.023674,0.014585,0.2521,0.041235,0.022609,0.312968
9227,0.016926,0.011473,0.250027,0.029095,0.025679,0.304105
9228,0.021887,0.01186,0.233599,0.038074,0.028694,0.29604
9229,0.021664,0.012784,0.250844,0.037097,0.028228,0.31352
9230,0.021902,0.011281,0.206559,0.034976,0.025783,0.265525
9231,0.032385,0.029947,0.237332,0.040408,0.033945,0.333609
9232,0.022186,0.012241,0.219288,0.039713,0.024372,0.278087
9233,0.020041,0.011506,0.235165,0.032633,0.023738,0.29045
9234,0.019995,0.011468,0.246361,0.034224,0.02578,0.303604
9235,0.022683,0.011536,0.242054,0.028878,0.023748,0.300021
9236,0.02061,0.010601,0.228391,0.026846,0.023131,0.282733
9237,0.019387,0.01164,0.251183,0.032983,0.025162,0.307372
9238,0.020852,0.011558,0.247943,0.040185,0.024598,0.304951
9239,0.020573,0.012176,0.292439,0.039473,0.029227,0.354415
9240,0.018494,0.010126,0.23058,0.046258,0.02731,0.28651
9241,0.018335,0.01019,6.828238,0.039821,0.051505,6.908268
9242,0.036515,0.019213,4.144554,2.96857,0.044433,4.244715
9243,0.031623,0.018758,0.303205,0.041581,0.026794,0.38038
9244,0.021836,0.012811,0.253492,0.03006,0.025595,0.313734
9245,0.020869,0.011762,0.244596,0.026965,0.023589,0.300816
9246,0.019597,0.010318,0.240829,0.023364,0.022716,0.29346
9247,0.018642,0.010534,0.228259,0.022867,0.022758,0.280193
9248,0.019056,0.010048,0.228142,0.0224,0.022337,0.279583
9249,0.018199,0.010017,0.238002,0.021714,0.022351,0.288569
9250,0.018514,0.010084,0.227108,0.022103,0.02275,0.278456
9251,0.019042,0.010363,0.226341,0.021973,0.022416,0.278162
9252,0.018055,0.009579,0.226984,0.021953,0.022551,0.277169
9253,0.01842,0.009986,0.237552,0.022175,0.022496,0.288454
9254,0.018436,0.016794,0.229659,0.022456,0.022446,0.287335
9255,0.018814,0.010085,0.227878,0.022575,0.022544,0.279321
9256,0.018613,0.010133,0.235505,0.021814,0.022795,0.287046
9257,0.018886,0.010247,0.228246,0.022735,0.022463,0.279842
9258,0.018367,0.009788,0.224963,0.021477,0.022439,0.275557
9259,0.017871,0.00979,0.227783,0.022133,0.022248,0.277692
9260,0.018253,0.009983,0.233337,0.022038,0.022744,0.284317
9261,0.018148,0.009762,0.22758,0.021719,0.022187,0.277677
9262,0.018274,0.009938,0.227238,0.022182,0.021997,0.277447
9263,0.018624,0.009743,0.228449,0.022547,0.029596,0.286412
9264,0.01918,0.010376,0.226901,0.02245,0.023005,0.279462
9265,0.018944,0.010537,0.231725,0.025893,0.024381,0.285587
9266,0.019565,0.01135,0.256869,0.031894,0.025068,0.312852
9267,0.020777,0.011285,0.259855,0.033913,0.026753,0.31867
9268,0.020724,0.01239,0.238919,0.030038,0.018293,0.290326
9269,0.014086,0.00839,0.157166,0.019728,0.020588,0.20023
9270,0.017117,0.010168,0.214815,0.025576,0.016451,0.258551
9271,0.013708,0.021023,0.255366,0.042695,0.033363,0.32346
9272,0.025794,0.014888,0.26032,0.035287,0.028819,0.329821
9273,0.021883,0.013996,0.250981,0.035733,0.026248,0.313108
9274,0.021718,0.012944,0.286597,0.047418,0.028804,0.350063
9275,0.022251,0.016347,0.25922,0.044051,0.02684,0.324658
9276,0.022669,0.012959,0.250988,0.030377,0.024424,0.31104
9277,0.019519,0.010759,0.249887,0.026775,0.023258,0.303423
9278,0.019398,0.010811,0.235839,0.024443,0.02364,0.289688
9279,0.018307,0.00974,0.23146,0.023666,0.023144,0.282651
9280,0.017345,0.009674,0.240076,0.03473,0.026036,0.293131
9281,0.020577,0.012448,0.24816,0.035418,0.029181,0.310366
9282,0.054251,0.025982,0.256479,0.040945,0.027172,0.363884
9283,0.022136,0.012808,0.266025,0.052573,0.028292,0.329261
9284,0.023147,0.013348,0.269293,0.049431,0.030327,0.336115
9285,0.024543,0.014149,0.253729,0.032836,0.024146,0.316567
9286,0.019809,0.010546,0.259165,0.050221,0.031612,0.321132
9287,0.024623,0.014658,0.254263,0.044489,0.031462,0.325006
9288,0.02447,0.014221,0.303809,0.088689,0.03088,0.37338
9289,0.024416,0.013615,0.267999,0.036749,0.025472,0.331502
9290,0.020019,0.01141,0.24345,0.027546,0.023956,0.298835
9291,0.019872,0.01092,0.236821,0.02507,0.023448,0.291061
9292,0.018872,0.010519,0.248983,0.038772,0.027258,0.305632
9293,0.022451,0.012839,0.241268,0.035777,0.024115,0.300673
9294,0.019948,0.011,0.235404,0.024995,0.023109,0.289461
9295,0.019278,0.010177,0.232038,0.027057,0.024679,0.286172
9296,0.019287,0.01145,0.245067,0.032703,0.025268,0.301072
9297,0.021465,0.01206,0.252284,0.038047,0.030256,0.316065
9298,0.025456,0.013999,0.256982,0.035578,0.027649,0.324086
9299,0.022669,0.013021,0.276123,0.033124,0.026131,0.337944
9300,0.020815,0.011913,0.245227,0.031258,0.026508,0.304463
9301,0.021578,0.011399,0.238531,0.02892,0.026448,0.297956
9302,0.021849,0.012376,0.279688,0.036823,0.026534,0.340447
9303,0.022301,0.012606,0.259612,0.029836,0.024445,0.318964
9304,0.019712,0.011509,0.246506,0.03128,0.026507,0.304234
9305,0.02139,0.012238,0.264054,0.028538,0.024638,0.32232
9306,0.02042,0.011295,0.259546,0.031676,0.028021,0.319282
9307,0.022981,0.012383,0.249244,0.029577,0.027086,0.311694
9308,0.022533,0.012709,0.263728,0.044135,0.026915,0.325885
9309,0.022069,0.012577,0.257313,0.040263,0.030796,0.322755
9310,0.02482,0.013877,0.30806,0.044064,0.028942,0.375699
9311,0.03041,0.013427,0.271715,0.044525,0.028039,0.343591
9312,0.022296,0.012466,0.248685,0.031312,0.023981,0.307428
9313,0.020135,0.010954,0.241999,0.026663,0.022818,0.295906
9314,0.020234,0.011925,0.255127,0.025814,0.024512,0.311798
9315,0.019632,0.011294,0.246753,0.027918,0.025251,0.30293
9316,0.020201,0.010794,0.242717,0.02615,0.023575,0.297287
9317,0.019314,0.010532,0.23661,0.024794,0.024438,0.290894
9318,0.028854,0.011315,0.239487,0.025223,0.024385,0.304041
9319,0.019302,0.010453,0.236114,0.023817,0.023099,0.288968
9320,0.018718,0.01006,0.235778,0.023444,0.023057,0.287613
9321,0.019083,0.0109,0.241019,0.023668,0.023695,0.294697
9322,0.019337,0.010894,0.235924,0.023706,0.0227,0.288855
9323,0.01878,0.01027,0.235952,0.024353,0.02298,0.287982
9324,0.018955,0.011266,0.242265,0.024098,0.024322,0.296808
9325,0.019661,0.01112,0.240376,0.025433,0.023199,0.294356
9326,0.018922,0.010432,0.23772,0.023555,0.022854,0.289928
9327,0.016984,0.00964,0.221988,0.027923,0.026298,0.27491
9328,0.020496,0.011413,0.260569,0.036411,0.024585,0.317063
9329,0.020252,0.010565,0.227161,0.029551,0.02259,0.280568
9330,0.018912,0.00984,0.223794,0.027587,0.022722,0.275268
9331,0.018623,0.009883,0.233296,0.04073,0.026782,0.288584
9332,0.020959,0.012319,0.245574,0.034772,0.026005,0.304857
9333,0.021708,0.011323,0.251703,0.036952,0.026921,0.311655
9334,0.022668,0.011959,0.262711,0.033945,0.026555,0.323893
9335,0.02191,0.012135,0.249443,0.0326,0.025055,0.308543
9336,0.019149,0.01157,0.247989,0.034641,0.02587,0.304578
9337,0.020288,0.011499,0.249904,0.034085,0.026853,0.308544
9338,0.021436,0.025233,0.242068,0.040078,0.028954,0.317691
9339,0.023364,0.013525,0.254966,0.039792,0.028211,0.320066
9340,0.022986,0.013416,0.261916,0.044409,0.027855,0.326173
9341,0.022716,0.012683,0.276936,0.044557,0.031412,0.343747
9342,0.024095,0.014973,0.267448,0.041683,0.028961,0.335477
9343,0.024669,0.014659,0.261555,0.041724,0.028843,0.329726
9344,0.023322,0.024834,0.307263,0.048977,0.032351,0.38777
9345,0.024112,0.014659,0.241419,0.043249,0.027233,0.307423
9346,0.02129,0.012449,0.23067,0.037899,0.025037,0.289446
9347,0.021547,0.012413,0.26593,0.042344,0.028709,0.328599
9348,0.023705,0.013752,0.255745,0.039554,0.028057,0.321259
9349,0.023065,0.01301,0.255466,0.038965,0.029495,0.321036
9350,0.023625,0.01345,0.281602,0.045053,0.028493,0.34717
9351,0.022131,0.013491,0.267915,0.044925,0.028622,0.332159
9352,0.023455,0.013494,0.285738,0.047513,0.031687,0.354374
9353,0.03291,0.014081,0.257064,0.044693,0.027219,0.331274
9354,0.021136,0.01251,0.263338,0.044244,0.030206,0.32719
9355,0.024881,0.014347,0.283237,0.043039,0.027716,0.350181
9356,0.02152,0.013099,0.254764,0.04261,0.026976,0.316359
9357,0.022396,0.013558,0.257052,0.041933,0.028595,0.321601
9358,0.022852,0.013599,0.261559,0.039335,0.062778,0.360788
9359,0.026381,0.014635,0.247658,0.042717,0.03322,0.321894
9360,0.02313,0.012578,0.217139,0.034486,0.023922,0.276769
9361,0.021129,0.011683,0.239238,0.037406,0.026661,0.298711
9362,0.022169,0.013039,0.252934,0.040005,0.028445,0.316587
9363,0.023379,0.013879,0.251305,0.041244,0.028234,0.316797
9364,0.021952,0.012158,0.259116,0.041882,0.02779,0.321016
9365,0.022085,0.01324,0.320023,0.074667,0.022249,0.377597
9366,0.019337,0.01242,0.244436,0.043534,0.02912,0.305313
9367,0.02259,0.01275,0.238868,0.041814,0.027349,0.301557
9368,0.022576,0.012989,0.27604,0.047191,0.029555,0.34116
9369,0.026285,0.013313,0.245028,0.041405,0.026684,0.31131
9370,0.021749,0.012038,0.232348,0.038841,0.027584,0.293719
9371,0.021678,0.011556,0.26967,0.041277,0.027253,0.330157
9372,0.023635,0.014005,0.275892,0.046698,0.029977,0.343509
9373,0.046578,0.021736,0.246079,0.040556,0.020812,0.335205
9374,0.015119,0.009035,0.258758,0.040154,0.027954,0.310866
9375,0.022183,0.012164,0.232885,0.040829,0.029083,0.296315
9376,0.021709,0.012885,0.260686,0.040222,0.026566,0.321846
9377,0.021144,0.011959,0.258332,0.048688,0.028731,0.320166
9378,0.022625,0.012845,0.263317,0.042042,0.028603,0.32739
9379,0.021738,0.012263,0.270654,0.040668,0.030882,0.335537
9380,0.023802,0.014561,0.281146,0.049351,0.027418,0.346927
9381,0.023027,0.012714,0.27568,0.044131,0.032219,0.34364
9382,0.025357,0.01463,0.269076,0.044959,0.03034,0.339403
9383,0.023129,0.014076,0.290978,0.045895,0.03187,0.360053
9384,0.024107,0.014395,0.260421,0.049759,0.028271,0.327194
9385,0.02359,0.013606,0.263822,0.044418,0.032569,0.333587
9386,0.025468,0.01416,0.277206,0.044128,0.029246,0.34608
9387,0.023301,0.013179,0.258839,0.040387,0.028704,0.324023
9388,0.023121,0.013606,0.256748,0.040887,0.028134,0.321609
9389,0.02215,0.013954,0.239546,0.038011,0.019339,0.294989
9390,0.018358,0.011636,0.276463,0.039591,0.026901,0.333358
9391,0.021179,0.012455,0.254084,0.045315,0.0263,0.314018
9392,0.023181,0.013985,0.285258,0.062233,0.034077,0.356501
9393,0.025773,0.015395,0.255571,0.042351,0.026102,0.322841
9394,0.021327,0.013225,0.254966,0.036722,0.025342,0.31486
9395,0.019648,0.012212,0.245598,0.047815,0.026652,0.30411
9396,0.021465,0.012512,0.249017,0.04266,0.029669,0.312663
9397,0.022322,0.014301,0.257849,0.038998,0.026014,0.320486
9398,0.020925,0.011961,0.291417,0.055099,0.027628,0.351931
9399,0.021127,0.012821,0.241571,0.041547,0.026734,0.302253
9400,0.022167,0.012452,0.263966,0.039875,0.028887,0.327472
9401,0.023103,0.013027,0.249457,0.035799,0.027569,0.313156
9402,0.021649,0.012515,0.265365,0.046857,0.03015,0.329679
9403,0.023348,0.013821,0.260166,0.039332,0.027937,0.325272
9404,0.021941,0.012729,0.269369,0.042048,0.030635,0.334674
9405,0.023285,0.013875,0.266636,0.045537,0.067839,0.371635
9406,0.025295,0.014153,0.276536,0.052759,0.030429,0.346413
9407,0.022969,0.014295,0.272558,0.067084,0.02724,0.337062
9408,0.020379,0.011817,0.249689,0.037387,0.026519,0.308404
9409,0.020275,0.0113,0.253838,0.039693,0.031871,0.317284
9410,0.025344,0.014756,0.283074,0.06472,0.023126,0.3463
9411,0.01767,0.010676,0.249375,0.039948,0.027988,0.305709
9412,0.023113,0.013661,0.258657,0.044365,0.025775,0.321206
9413,0.021601,0.012849,0.275435,0.043728,0.032765,0.34265
9414,0.024934,0.013662,0.261097,0.042208,0.028168,0.327861
9415,0.024017,0.013999,0.2633,0.043103,0.029384,0.3307
9416,0.025601,0.015713,0.269385,0.046775,0.032934,0.343633
9417,0.026068,0.014965,0.271169,0.049209,0.028427,0.340629
9418,0.021669,0.018254,0.256285,0.040418,0.027558,0.323766
9419,0.02253,0.013127,0.269904,0.049088,0.026413,0.331974
9420,0.022836,0.013294,0.260009,0.037076,0.027837,0.323976
9421,0.023603,0.014202,0.270226,0.04178,0.027911,0.335942
9422,0.024095,0.013186,0.265749,0.053138,0.027925,0.330955
9423,0.022233,0.012935,0.261761,0.048459,0.031077,0.328006
9424,0.025242,0.014946,0.27446,0.046721,0.029696,0.344344
9425,0.02308,0.013861,0.283597,0.060368,0.030166,0.350704
9426,0.024325,0.013807,0.259726,0.04332,0.028455,0.326313
9427,0.023385,0.01326,0.250922,0.03457,0.027533,0.3151
9428,0.021607,0.011794,0.24564,0.030309,0.025605,0.304646
9429,0.020381,0.011152,0.237795,0.037936,0.030477,0.299805
9430,0.02389,0.013763,0.27121,0.042823,0.02789,0.336753
9431,0.022274,0.012957,0.280982,0.03898,0.02752,0.343733
9432,0.021671,0.012874,0.256201,0.035591,0.028527,0.319273
9433,0.023116,0.012253,0.241061,0.03291,0.026428,0.302858
9434,0.02097,0.011475,0.237882,0.033163,0.038907,0.309234
9435,0.023531,0.013374,0.256538,0.043569,0.031796,0.325239
9436,0.02483,0.01908,0.296246,0.054235,0.031762,0.371918
9437,0.025166,0.017557,0.276845,0.048465,0.030317,0.349885
9438,0.023558,0.014005,0.254675,0.040854,0.025826,0.318064
9439,0.021259,0.012988,0.264268,0.044135,0.030984,0.329499
9440,0.021876,0.013667,0.28883,0.053258,0.030465,0.354838
9441,0.022024,0.012896,0.258252,0.04637,0.021958,0.31513
9442,0.01654,0.012448,0.246565,0.040106,0.02709,0.302643
9443,0.022318,0.013094,0.267576,0.038082,0.029503,0.332491
9444,0.023952,0.013548,0.274356,0.043981,0.028405,0.340261
9445,0.023717,0.013381,0.268083,0.040877,0.02675,0.331931
9446,0.021866,0.012012,0.265501,0.03656,0.026008,0.325387
9447,0.021136,0.011654,0.259248,0.040153,0.033302,0.32534
9448,0.026708,0.014522,0.264378,0.041596,0.030526,0.336134
9449,0.024903,0.014875,0.270486,0.042516,0.029334,0.339598
9450,0.022962,0.013414,0.258801,0.039703,0.027674,0.322851
9451,0.021481,0.01318,0.258316,0.035747,0.028966,0.321943
9452,0.023342,0.013178,0.253735,0.032907,0.027243,0.317498
9453,0.02319,0.012716,0.26097,0.043652,0.028773,0.325649
9454,0.02273,0.012888,0.250384,0.03989,0.026885,0.312887
9455,0.022241,0.012789,0.271961,0.046118,0.033454,0.340445
9456,0.028052,0.033934,0.269277,0.050486,0.021265,0.352528
9457,0.018037,0.01251,0.197162,0.026727,0.02797,0.255679
9458,0.019871,0.011373,0.246612,0.034447,0.024676,0.302532
9459,0.019893,0.011491,0.237103,0.030994,0.02657,0.295057
9460,0.021623,0.012776,0.23834,0.028148,0.023912,0.296651
9461,0.02092,0.011571,0.260559,0.040508,0.029173,0.322223
9462,0.02329,0.013661,0.275988,0.043712,0.027473,0.340412
9463,0.021992,0.012448,0.252673,0.041301,0.028375,0.315488
9464,0.02174,0.012875,0.278084,0.040882,0.026836,0.339535
9465,0.021343,0.011566,0.278091,0.043252,0.031089,0.342089
9466,0.025482,0.014445,0.264171,0.040817,0.03046,0.334558
9467,0.024433,0.013453,0.254594,0.036954,0.026749,0.319229
9468,0.021749,0.012243,0.267446,0.038868,0.025657,0.327095
9469,0.022206,0.012557,0.250025,0.03452,0.028463,0.313251
9470,0.02349,0.01334,0.258616,0.040282,0.028584,0.32403
9471,0.023185,0.013082,0.26311,0.038897,0.028203,0.32758
9472,0.022499,0.012896,0.251475,0.039172,0.026772,0.313642
9473,0.024309,0.013447,0.27462,0.047626,0.059665,0.372041
9474,0.023416,0.013396,0.269265,0.053014,0.029243,0.33532
9475,0.023519,0.013655,0.239143,0.038382,0.027069,0.303386
9476,0.021803,0.012081,0.248179,0.042105,0.027409,0.309472
9477,0.021725,0.013297,0.271303,0.042553,0.027424,0.333749
9478,0.023174,0.014028,0.272424,0.056991,0.022242,0.331868
9479,0.021094,0.013306,0.252292,0.041645,0.028406,0.315098
9480,0.021787,0.012751,0.268393,0.04531,0.027327,0.330258
9481,0.021599,0.012073,0.258294,0.041653,0.027794,0.31976
9482,0.025958,0.029879,0.285131,0.049262,0.032973,0.373941
9483,0.025906,0.014261,0.26562,0.044363,0.028405,0.334192
9484,0.022745,0.012128,0.249775,0.03834,0.025965,0.310613
9485,0.020703,0.01116,0.250651,0.035979,0.028031,0.310545
9486,0.022868,0.013327,0.285392,0.04217,0.030131,0.351718
9487,0.022897,0.01291,0.263654,0.044175,0.030123,0.329584
9488,0.022807,0.012839,0.249569,0.044538,0.021286,0.306501
9489,0.020631,0.012078,0.25521,0.045593,0.029704,0.317623
9490,0.02372,0.014247,0.263385,0.046945,0.029276,0.330628
9491,0.022089,0.012775,0.250807,0.038235,0.027523,0.313194
9492,0.021007,0.012656,0.272604,0.043967,0.028834,0.335101
9493,0.021376,0.012607,0.247346,0.044282,0.030499,0.311828
9494,0.021824,0.014267,0.276898,0.049574,0.028275,0.341264
9495,0.022142,0.011776,0.27048,0.055167,0.027624,0.332022
9496,0.020191,0.013166,0.248659,0.037969,0.02644,0.308456
9497,0.020215,0.012084,0.247539,0.038192,0.027866,0.307704
9498,0.0212,0.013416,0.280526,0.055898,0.035185,0.350327
9499,0.026112,0.014244,0.260277,0.046916,0.029056,0.329689
9500,0.02263,0.012638,0.258655,0.043598,0.030371,0.324294
9501,0.02383,0.013433,0.275607,0.050442,0.027678,0.340548
9502,0.021471,0.011909,0.269024,0.039614,0.028871,0.331275
9503,0.022578,0.013711,0.265899,0.034731,0.028976,0.331164
9504,0.02213,0.013248,0.271084,0.043764,0.028567,0.335029
9505,0.022777,0.012447,0.255949,0.034217,0.026448,0.317621
9506,0.021008,0.011954,0.260205,0.037004,0.026863,0.32003
9507,0.02248,0.012121,0.272742,0.048276,0.028813,0.336156
9508,0.023578,0.013758,0.260659,0.039678,0.027876,0.325871
9509,0.023832,0.013615,0.274051,0.041221,0.032265,0.343763
9510,0.024029,0.014051,0.267312,0.047153,0.028532,0.333924
9511,0.02306,0.012848,0.260893,0.040487,0.029689,0.32649
9512,0.024164,0.013528,0.266234,0.039981,0.028753,0.332679
9513,0.02309,0.013443,0.274376,0.055362,0.028346,0.339255
9514,0.021596,0.013039,0.260163,0.039961,0.027493,0.322291
9515,0.022403,0.012672,0.267466,0.044318,0.031757,0.334298
9516,0.024997,0.01427,0.303875,0.04191,0.022246,0.365388
9517,0.016353,0.009576,0.188639,0.025136,0.017812,0.23238
9518,0.013844,0.00795,0.196097,0.025538,0.019436,0.237327
9519,0.013911,0.007853,0.157567,0.019752,0.023166,0.202497
9520,0.01937,0.011857,0.292895,0.044596,0.033258,0.35738
9521,0.024567,0.014474,0.285158,0.049711,0.028634,0.352833
9522,0.024734,0.010928,0.248323,0.043522,0.028878,0.312863
9523,0.023131,0.01343,0.42308,0.049184,0.030187,0.489828
9524,0.02423,0.01349,0.271495,0.046043,0.027683,0.336898
9525,0.022512,0.014585,0.272796,0.040967,0.030659,0.340552
9526,0.023587,0.01444,0.272659,0.042435,0.028564,0.33925
9527,0.023047,0.01326,0.266643,0.041155,0.03012,0.33307
9528,0.024311,0.01398,0.282882,0.040302,0.029981,0.351154
9529,0.0239,0.014822,0.270497,0.041367,0.028667,0.337886
9530,0.02208,0.013706,0.259102,0.040744,0.031692,0.32658
9531,0.024752,0.014187,0.27769,0.042582,0.029473,0.346102
9532,0.023469,0.013626,0.26463,0.042586,0.029171,0.330896
9533,0.023738,0.013281,0.26543,0.040076,0.029774,0.332223
9534,0.023288,0.0137,0.281272,0.054417,0.029015,0.347275
9535,0.023843,0.013774,0.26771,0.042165,0.028461,0.333788
9536,0.023048,0.013563,0.267516,0.045854,0.029685,0.333812
9537,0.022971,0.01357,0.298183,0.074403,0.031622,0.366346
9538,0.02471,0.014357,0.27303,0.04479,0.028578,0.340675
9539,0.023608,0.014036,0.265056,0.040507,0.030198,0.332898
9540,0.022362,0.013448,0.272414,0.044171,0.029184,0.337408
9541,0.022527,0.013378,0.277483,0.055392,0.026417,0.339805
9542,0.019454,0.013411,0.250653,0.0437,0.033666,0.317184
9543,0.022484,0.013365,0.270532,0.040934,0.029243,0.335624
9544,0.023339,0.01241,0.246637,0.040173,0.0284,0.310786
9545,0.022716,0.01418,0.260262,0.037199,0.027813,0.324971
9546,0.022022,0.013413,0.274573,0.042802,0.029043,0.339051
9547,0.02222,0.012815,0.260144,0.041857,0.028381,0.32356
9548,0.022124,0.013332,0.281716,0.045112,0.031466,0.348638
9549,0.023629,0.013477,0.274904,0.046105,0.031424,0.343434
9550,0.022402,0.012328,0.280367,0.047293,0.06272,0.377817
9551,0.02451,0.014522,0.255653,0.039079,0.028258,0.322943
9552,0.021551,0.012689,0.273332,0.04663,0.022629,0.330201
9553,0.020372,0.012889,0.249052,0.041623,0.025628,0.307941
9554,0.020845,0.012314,0.252445,0.036496,0.028263,0.313867
9555,0.023,0.013518,0.270674,0.03528,0.027193,0.334385
9556,0.021592,0.012996,0.251993,0.039619,0.026632,0.313213
9557,0.023006,0.01314,0.256141,0.041063,0.028041,0.320328
9558,0.024273,0.014581,0.278959,0.044976,0.027156,0.344969
9559,0.021995,0.01289,0.254007,0.04475,0.027814,0.316706
9560,0.023226,0.0141,0.251915,0.042254,0.026281,0.315522
9561,0.021749,0.013265,0.265281,0.042243,0.027777,0.328072
9562,0.021475,0.013585,0.271208,0.045582,0.03681,0.343078
9563,0.02079,0.014487,0.257676,0.04932,0.029929,0.322882
9564,0.024157,0.014365,0.234602,0.038062,0.027215,0.300339
9565,0.022262,0.012915,0.243939,0.038251,0.025949,0.305065
9566,0.021534,0.012435,0.25106,0.038169,0.026172,0.311201
9567,0.021991,0.012964,0.269992,0.039732,0.028438,0.333385
9568,0.022337,0.012094,0.262024,0.036693,0.02844,0.324895
9569,0.021459,0.012947,0.258978,0.03673,0.028838,0.322222
9570,0.023329,0.013104,0.277814,0.039897,0.029691,0.343938
9571,0.023968,0.013443,0.262066,0.040006,0.028732,0.328209
9572,0.022776,0.012402,0.257753,0.040246,0.028736,0.321667
9573,0.023108,0.013994,0.294742,0.062685,0.03041,0.362254
9574,0.023782,0.013576,0.268121,0.043252,0.027817,0.333296
9575,0.022203,0.013315,0.254731,0.040602,0.028344,0.318593
9576,0.022536,0.013524,0.269155,0.050438,0.028748,0.333963
9577,0.022939,0.013505,0.264626,0.040093,0.028762,0.329832
9578,0.022501,0.013365,0.261427,0.041809,0.028354,0.325647
9579,0.022714,0.012189,0.263677,0.051278,0.02706,0.32564
9580,0.022678,0.013142,0.268089,0.044175,0.033235,0.337144
9581,0.026276,0.014825,0.263287,0.042641,0.028487,0.332875
9582,0.023271,0.014332,0.270774,0.051679,0.028402,0.336779
9583,0.023308,0.013791,0.266605,0.043719,0.03047,0.334174
9584,0.024868,0.013792,0.300836,0.043234,0.032036,0.371532
9585,0.020327,0.010877,0.263926,0.048239,0.030595,0.325725
9586,0.024603,0.014121,0.235973,0.041778,0.027672,0.302369
9587,0.021553,0.012883,0.25946,0.042402,0.027249,0.321145
9588,0.022516,0.013296,0.308379,0.093298,0.028879,0.37307
9589,0.022586,0.014216,0.265191,0.040005,0.030462,0.332455
9590,0.023078,0.01386,0.253659,0.041517,0.027498,0.318095
9591,0.022556,0.012833,0.258854,0.041707,0.028137,0.32238
9592,0.021572,0.012678,0.260908,0.040468,0.029207,0.324365
9593,0.023047,0.013146,0.317016,0.049803,0.029159,0.382368
9594,0.018274,0.011047,0.248461,0.042949,0.028962,0.306744
9595,0.021546,0.01241,0.226711,0.040847,0.025773,0.28644
9596,0.020843,0.012105,0.241279,0.037706,0.026545,0.300772
9597,0.02098,0.012177,0.272548,0.03831,0.029519,0.335224
9598,0.022935,0.01438,0.271879,0.042011,0.027675,0.336869
9599,0.022813,0.012545,0.256797,0.041353,0.027789,0.319944
9600,0.022729,0.018906,0.271157,0.052039,0.029566,0.342358
9601,0.023934,0.014017,0.264708,0.042774,0.032546,0.335205
9602,0.025109,0.014802,0.260153,0.043091,0.029574,0.329638
9603,0.032601,0.028944,0.255887,0.039276,0.02554,0.342972
9604,0.021421,0.012094,0.243642,0.042861,0.025925,0.303082
9605,0.022626,0.012884,0.252466,0.037024,0.029057,0.317033
9606,0.02303,0.014568,0.267904,0.035805,0.026757,0.332259
9607,0.022768,0.013601,0.260208,0.038241,0.027853,0.32443
9608,0.021603,0.012979,0.254354,0.039563,0.031124,0.32006
9609,0.023791,0.014153,0.277801,0.042205,0.029181,0.344926
9610,0.022284,0.013288,0.257784,0.04172,0.027024,0.32038
9611,0.023032,0.013405,0.259073,0.040304,0.02649,0.322
9612,0.022281,0.012884,0.267286,0.039465,0.026342,0.328793
9613,0.022129,0.013112,0.264661,0.041554,0.031254,0.331156
9614,0.024878,0.014737,0.262923,0.040723,0.030372,0.33291
9615,0.023676,0.013415,0.26525,0.039016,0.027844,0.330185
9616,0.02129,0.013092,0.260119,0.04075,0.026885,0.321386
9617,0.021923,0.012939,0.253007,0.037796,0.028721,0.31659
9618,0.022139,0.013724,0.291076,0.044227,0.030949,0.357888
9619,0.024047,0.013738,0.263958,0.041896,0.028439,0.330182
9620,0.022871,0.013214,0.258977,0.042114,0.028307,0.323369
9621,0.024154,0.013441,0.299914,0.054823,0.031543,0.369052
9622,0.017943,0.010372,0.214239,0.041881,0.024976,0.26753
9623,0.021593,0.013278,0.232986,0.041949,0.031038,0.298895
9624,0.023988,0.014299,0.257913,0.044283,0.037919,0.334119
9625,0.024759,0.013797,0.262699,0.041448,0.027215,0.32847
9626,0.022545,0.013134,0.259151,0.037744,0.029105,0.323935
9627,0.023029,0.013215,0.270067,0.045054,0.038756,0.345067
9628,0.024129,0.013555,0.268387,0.04219,0.028901,0.334972
9629,0.023926,0.012712,0.25976,0.039609,0.029933,0.326331
9630,0.023499,0.01422,0.286893,0.044844,0.031455,0.356067
9631,0.024933,0.014785,0.270583,0.045802,0.028634,0.338935
9632,0.023344,0.013677,0.260485,0.042106,0.027429,0.324935
9633,0.022725,0.013643,0.270455,0.039752,0.028557,0.33538
9634,0.023973,0.013675,0.266247,0.043995,0.030216,0.334111
9635,0.022767,0.014671,0.270933,0.04228,0.025817,0.334188
9636,0.021054,0.016932,0.255118,0.044921,0.024511,0.317615
9637,0.022748,0.012999,0.254148,0.042886,0.027998,0.317893
9638,0.022443,0.013871,0.260374,0.039472,0.02646,0.323148
9639,0.020632,0.012836,0.271333,0.036352,0.030608,0.335409
9640,0.025067,0.014009,0.275953,0.045429,0.029594,0.344623
9641,0.018012,0.010638,0.257627,0.044268,0.028374,0.314651
9642,0.022177,0.013021,0.256131,0.028986,0.024015,0.315344
9643,0.019368,0.011169,0.227286,0.0325,0.026679,0.284502
9644,0.021641,0.013005,0.249344,0.035462,0.02525,0.30924
9645,0.019866,0.011133,0.248162,0.037239,0.027601,0.306762
9646,0.022476,0.013005,0.265288,0.04065,0.026563,0.327332
9647,0.020658,0.01202,0.246653,0.036752,0.026272,0.305603
9648,0.020732,0.011651,0.259626,0.039234,0.031422,0.323431
9649,0.02471,0.014553,0.271113,0.042063,0.029368,0.339744
9650,0.022514,0.01213,0.252961,0.040867,0.027972,0.315577
9651,0.022523,0.012725,0.252181,0.036981,0.027631,0.31506
9652,0.022129,0.013655,0.264852,0.037418,0.030512,0.331148
9653,0.023966,0.01372,0.269898,0.041131,0.027541,0.335125
9654,0.023949,0.013032,0.309739,0.057835,0.030423,0.377143
9655,0.024195,0.014239,0.228501,0.035111,0.024504,0.291439
9656,0.019605,0.011747,0.26786,0.043844,0.023536,0.322748
9657,0.016404,0.009582,0.247824,0.039952,0.029107,0.302917
9658,0.02412,0.013641,0.284934,0.043398,0.028905,0.3516
9659,0.023016,0.013565,0.265447,0.042517,0.02882,0.330848
9660,0.023123,0.013314,0.272514,0.042759,0.028223,0.337174
9661,0.023097,0.013082,0.283844,0.044004,0.030729,0.350752
9662,0.02533,0.01422,0.266551,0.040385,0.030528,0.336629
9663,0.023604,0.013393,0.260993,0.037491,0.029574,0.327564
9664,0.022109,0.013407,0.272027,0.041892,0.02908,0.336623
9665,0.023092,0.013723,0.264982,0.043527,0.031376,0.333173
9666,0.025623,0.014544,0.277014,0.044384,0.029161,0.346342
9667,0.023014,0.013224,0.279886,0.041178,0.02902,0.345144
9668,0.022378,0.012493,0.261075,0.038519,0.028664,0.32461
9669,0.024229,0.013761,0.268664,0.038609,0.028846,0.3355
9670,0.032284,0.014104,0.267054,0.042516,0.030125,0.343567
9671,0.024908,0.01369,0.263479,0.040757,0.027211,0.329288
9672,0.022268,0.012358,0.272973,0.038608,0.028441,0.33604
9673,0.030226,0.013651,0.264989,0.042304,0.027497,0.336363
9674,0.021851,0.012116,0.261191,0.037997,0.026628,0.321786
9675,0.021755,0.012046,0.25869,0.035522,0.028532,0.321023
9676,0.030677,0.012063,0.305943,0.045519,0.029609,0.378292
9677,0.023162,0.013316,0.265139,0.043364,0.029757,0.331374
9678,0.023494,0.013511,0.279457,0.042844,0.031739,0.348201
9679,0.023234,0.013617,0.273738,0.042303,0.028369,0.338958
9680,0.023697,0.013875,0.266109,0.042213,0.030276,0.333957
9681,0.022993,0.013314,0.274701,0.039005,0.028073,0.339081
9682,0.022041,0.01331,0.274602,0.042941,0.029108,0.339061
9683,0.02322,0.013322,0.26201,0.036902,0.027863,0.326415
9684,0.023055,0.013393,0.265053,0.03868,0.027067,0.328568
9685,0.021463,0.01246,0.265835,0.036579,0.028238,0.327996
9686,0.02197,0.013082,0.263815,0.035088,0.02689,0.325757
9687,0.021867,0.012819,0.270219,0.036241,0.027576,0.332481
9688,0.022634,0.012927,0.263728,0.041127,0.026169,0.325458
9689,0.021041,0.011887,0.269761,0.042099,0.033407,0.336096
9690,0.026255,0.01505,0.274579,0.039944,0.03029,0.346174
9691,0.024121,0.013778,0.269424,0.045347,0.02879,0.336113
9692,0.024237,0.013689,0.264667,0.04046,0.029436,0.332029
9693,0.022609,0.013624,0.284349,0.048146,0.031679,0.352261
9694,0.025023,0.014059,0.260953,0.034899,0.02851,0.328545
9695,0.022656,0.012352,0.252771,0.036317,0.027805,0.315584
9696,0.022179,0.013754,0.28063,0.049545,0.028749,0.345312
9697,0.023507,0.012415,0.265185,0.039218,0.028336,0.329443
9698,0.022014,0.012137,0.267318,0.036851,0.025891,0.32736
9699,0.021751,0.012712,0.273774,0.044706,0.030616,0.338853
9700,0.024238,0.013371,0.253567,0.038042,0.027758,0.318934
9701,0.022431,0.01398,0.261607,0.043303,0.030829,0.328847
9702,0.024693,0.014647,0.280555,0.052544,0.029078,0.348973
9703,0.023737,0.013203,0.267022,0.042914,0.028291,0.332253
9704,0.024054,0.013869,0.25836,0.041655,0.028663,0.324946
9705,0.023083,0.013429,0.270487,0.049635,0.02725,0.334249
9706,0.022564,0.013121,0.259942,0.041882,0.027613,0.32324
9707,0.023282,0.013899,0.276008,0.045876,0.028709,0.341898
9708,0.023521,0.012983,0.27597,0.053098,0.027797,0.340271
9709,0.02362,0.013167,0.272231,0.045189,0.028746,0.337764
9710,0.023854,0.01405,0.264267,0.04384,0.025251,0.327422
9711,0.021351,0.012322,0.263801,0.039685,0.02675,0.324224
9712,0.021501,0.013033,0.255029,0.03908,0.028302,0.317865
9713,0.022591,0.013639,0.264377,0.044102,0.027045,0.327652
9714,0.02131,0.012009,0.265967,0.050163,0.02636,0.325646
9715,0.021269,0.01255,0.252345,0.036693,0.027293,0.313457
9716,0.021519,0.01288,0.252774,0.04284,0.027414,0.314587
9717,0.022482,0.012424,0.2993,0.051768,0.030416,0.364622
9718,0.024293,0.014035,0.242699,0.037354,0.026988,0.308015
9719,0.022493,0.013,0.217504,0.032458,0.02575,0.278747
9720,0.020469,0.01099,0.16521,0.023638,0.015301,0.21197
9721,0.014961,0.010221,0.209118,0.028961,0.018273,0.252573
9722,0.014042,0.00936,0.195245,0.02164,0.023171,0.241818
9723,0.017517,0.007954,0.193832,0.02503,0.016944,0.236247
9724,0.013212,0.007532,0.189038,0.022016,0.025337,0.235119
9725,0.019614,0.012021,0.252319,0.039877,0.029207,0.313161
9726,0.022312,0.012598,0.241592,0.0372,0.027352,0.303854
9727,0.022662,0.01258,0.266149,0.042527,0.028747,0.330138
9728,0.023955,0.013667,0.272173,0.048377,0.030802,0.340597
9729,0.025008,0.01438,0.249438,0.043511,0.027872,0.316698
9730,0.022711,0.013931,0.295569,0.045559,0.029787,0.361998
9731,0.023362,0.013452,0.241308,0.041463,0.027439,0.305561
9732,0.022727,0.013034,0.25855,0.042911,0.026407,0.320718
9733,0.017642,0.011037,0.236193,0.036591,0.022695,0.287567
9734,0.016199,0.009421,0.231901,0.048152,0.019882,0.277403
9735,0.015764,0.009089,0.19807,0.031433,0.017383,0.240306
9736,0.013581,0.008355,0.179754,0.027568,0.016796,0.218486
9737,0.013871,0.007642,0.221339,0.032285,0.024827,0.267679
9738,0.019265,0.011141,0.197934,0.025851,0.024158,0.252498
9739,0.020704,0.010316,0.230228,0.034701,0.026367,0.287615
9740,0.020463,0.011447,0.239136,0.033518,0.028548,0.299594
9741,0.022492,0.013092,0.25327,0.036643,0.028636,0.31749
9742,0.033743,0.012807,0.302254,0.053228,0.027928,0.376732
9743,0.017815,0.010462,0.229373,0.035311,0.020557,0.278207
9744,0.015576,0.009279,0.22538,0.039481,0.024773,0.275008
9745,0.021055,0.011509,0.22482,0.03704,0.02499,0.282374
9746,0.020118,0.010978,0.172228,0.022999,0.016433,0.219757
9747,0.01685,0.010272,0.303796,0.04206,0.032236,0.363154
9748,0.024272,0.014596,0.283293,0.044348,0.029556,0.351717
9749,0.023593,0.014288,0.267008,0.047901,0.027843,0.332732
9750,0.022974,0.013832,0.249521,0.039671,0.029312,0.315639
9751,0.022113,0.013096,0.271081,0.040047,0.026863,0.333153
9752,0.022265,0.013703,0.270744,0.047689,0.031082,0.337794
9753,0.023309,0.013691,0.269648,0.048682,0.029649,0.336297
9754,0.023519,0.013745,0.271808,0.044965,0.030184,0.339256
9755,0.022828,0.013163,0.255607,0.041559,0.028187,0.319785
9756,0.022141,0.012724,0.246209,0.038244,0.028358,0.309432
9757,0.023441,0.013651,0.270691,0.043511,0.027508,0.335291
9758,0.022718,0.012583,0.243435,0.03558,0.026096,0.304832
9759,0.022238,0.012296,0.246797,0.035924,0.026774,0.308105
9760,0.022113,0.01241,0.339071,0.034423,0.027871,0.401465
9761,0.022261,0.012971,0.23951,0.032814,0.022654,0.297396
9762,0.01832,0.01033,0.185602,0.032542,0.019112,0.233364
9763,0.018028,0.011727,0.273486,0.043768,0.025437,0.328678
9764,0.0206,0.019234,0.255154,0.042394,0.028343,0.323331
9765,0.024134,0.01355,0.185673,0.029568,0.017309,0.240666
9766,0.019021,0.010859,0.212511,0.030288,0.025234,0.267625
9767,0.021353,0.0117,0.245683,0.036788,0.029675,0.308411
9768,0.023097,0.014003,0.263364,0.038817,0.027158,0.327622
9769,0.0208,0.012934,0.253289,0.036255,0.029127,0.31615
9770,0.022022,0.012588,0.285478,0.043141,0.032279,0.352367
9771,0.024376,0.013781,0.260936,0.041064,0.029134,0.328227
9772,0.024526,0.014685,0.263436,0.041225,0.027752,0.330399
9773,0.022736,0.01282,0.272054,0.041258,0.026217,0.333827
9774,0.021753,0.012832,0.263277,0.040174,0.027465,0.325327
9775,0.024209,0.01269,0.25202,0.037022,0.027291,0.31621
9776,0.022241,0.012342,0.260834,0.039601,0.026977,0.322394
9777,0.021713,0.012688,0.251303,0.037757,0.029782,0.315486
9778,0.023522,0.01427,0.274094,0.044729,0.029455,0.341341
9779,0.022794,0.013603,0.282687,0.040876,0.027586,0.34667
9780,0.023162,0.013894,0.259536,0.039615,0.028106,0.324698
9781,0.022872,0.013294,0.256639,0.037399,0.027294,0.320099
9782,0.022145,0.012842,0.296189,0.041882,0.031593,0.362769
9783,0.023439,0.012966,0.262702,0.037012,0.02969,0.328797
9784,0.022689,0.013395,0.255416,0.037675,0.026791,0.318291
9785,0.022621,0.012775,0.262045,0.036645,0.028294,0.325735
9786,0.023262,0.013749,0.261068,0.037972,0.029733,0.327812
9787,0.023696,0.013716,0.268722,0.036322,0.029021,0.335155
9788,0.023173,0.013657,0.2731,0.036924,0.029201,0.339131
9789,0.023897,0.012516,0.256687,0.034513,0.027428,0.320528
9790,0.021963,0.012927,0.251787,0.032062,0.023831,0.310508
9791,0.020868,0.012276,0.268378,0.03767,0.027966,0.329488
9792,0.022064,0.012647,0.257261,0.034387,0.026678,0.31865
9793,0.021582,0.01194,0.257763,0.038988,0.028758,0.320043
9794,0.023281,0.013356,0.263083,0.037166,0.028871,0.328591
9795,0.022736,0.013091,0.264944,0.039523,0.028651,0.329422
9796,0.022358,0.013465,0.261069,0.036335,0.028334,0.325226
9797,0.023161,0.013204,0.28857,0.039599,0.028522,0.353457
9798,0.023144,0.013433,0.265008,0.03791,0.026691,0.328276
9799,0.022363,0.012656,0.260623,0.041403,0.03146,0.327102
9800,0.023743,0.01357,0.29771,0.042889,0.030177,0.3652
9801,0.024704,0.014742,0.265793,0.039259,0.027737,0.332976
9802,0.022883,0.013512,0.260761,0.037939,0.029166,0.326322
9803,0.023058,0.013854,0.266953,0.037116,0.026827,0.330692
9804,0.02192,0.013112,0.268776,0.042757,0.030436,0.334244
9805,0.025378,0.013796,0.264139,0.041268,0.028735,0.332048
9806,0.022378,0.012961,0.277832,0.042227,0.029062,0.342233
9807,0.022387,0.01251,0.266514,0.041149,0.02797,0.329381
9808,0.021693,0.013197,0.256269,0.037321,0.02895,0.320109
9809,0.023356,0.013733,0.293609,0.0436,0.029696,0.360394
9810,0.02388,0.013596,0.265122,0.04531,0.028243,0.330841
9811,0.022629,0.013126,0.25533,0.040666,0.025008,0.316093
9812,0.020804,0.012017,0.259569,0.03756,0.026751,0.319141
9813,0.020855,0.012406,0.255288,0.038496,0.028787,0.317336
9814,0.023219,0.013788,0.266866,0.042846,0.028967,0.33284
9815,0.02363,0.013582,0.274969,0.044873,0.027772,0.339953
9816,0.023416,0.01336,0.26296,0.041751,0.02838,0.328116
9817,0.022234,0.012349,0.263704,0.039319,0.031463,0.32975
9818,0.023672,0.014793,0.275108,0.043483,0.029377,0.34295
9819,0.025142,0.014973,0.26694,0.043427,0.029404,0.336459
9820,0.0231,0.013425,0.257928,0.040101,0.028091,0.322544
9821,0.021786,0.013044,0.272229,0.04193,0.03092,0.337979
9822,0.024618,0.014224,0.264689,0.039386,0.029372,0.332903
9823,0.022964,0.014016,0.258861,0.040001,0.029431,0.325272
9824,0.023738,0.013898,0.269585,0.039712,0.0294,0.336621
9825,0.024002,0.013707,0.272615,0.042659,0.027832,0.338156
9826,0.022,0.013475,0.269981,0.041108,0.02751,0.332966
9827,0.022719,0.013048,0.273517,0.039375,0.028867,0.338151
9828,0.02236,0.012802,0.254827,0.040258,0.026987,0.316976
9829,0.021027,0.012633,0.256514,0.037433,0.027133,0.317307
9830,0.023703,0.013319,0.276388,0.042244,0.02797,0.34138
9831,0.021602,0.01333,0.259577,0.039335,0.026743,0.321252
9832,0.021487,0.012471,0.259917,0.039301,0.027193,0.321068
9833,0.022352,0.013292,0.269879,0.040116,0.028406,0.333929
9834,0.02191,0.013109,0.252042,0.038202,0.027209,0.31427
9835,0.021107,0.012551,0.269732,0.043954,0.031781,0.335171
9836,0.023516,0.013215,0.272501,0.039289,0.02956,0.338792
9837,0.024908,0.013522,0.25886,0.039295,0.029296,0.326586
9838,0.02289,0.013612,0.255157,0.038498,0.026732,0.318391
9839,0.022238,0.013106,0.273483,0.040622,0.028891,0.337718
9840,0.025188,0.014753,0.266177,0.039289,0.029043,0.335161
9841,0.024404,0.013887,0.251848,0.038777,0.02689,0.317029
9842,0.021845,0.011964,0.253466,0.036088,0.027228,0.314503
9843,0.02145,0.013267,0.255185,0.03642,0.025792,0.315694
9844,0.021365,0.01271,0.256359,0.036705,0.028254,0.318688
9845,0.023439,0.01447,0.26739,0.039858,0.029031,0.33433
9846,0.023739,0.01252,0.253386,0.038713,0.027653,0.317298
9847,0.021598,0.012815,0.249441,0.036816,0.027969,0.311823
9848,0.025881,0.013346,0.226169,0.037342,0.024194,0.28959
9849,0.02032,0.012391,0.265019,0.046154,0.029803,0.327533
9850,0.018635,0.010829,0.242962,0.042545,0.028927,0.301353
9851,0.021551,0.010966,0.223248,0.037272,0.034875,0.29064
9852,0.021716,0.0121,0.24785,0.038611,0.027117,0.308783
9853,0.02263,0.013127,0.29631,0.043511,0.037759,0.369826
9854,0.024462,0.013617,0.269566,0.050343,0.031396,0.339041
9855,0.02536,0.013506,0.264225,0.044661,0.027946,0.331037
9856,0.024006,0.013555,0.269726,0.03921,0.031037,0.338324
9857,0.024051,0.014646,0.355845,0.039309,0.031063,0.425605
9858,0.024643,0.01401,0.2631,0.0415,0.028272,0.330025
9859,0.022859,0.013574,0.211701,0.026122,0.018439,0.266573
9860,0.015415,0.008362,0.183142,0.02046,0.018574,0.225493
9861,0.026859,0.010825,0.232581,0.022949,0.023369,0.293634
9862,0.019075,0.010627,0.23096,0.022599,0.02331,0.283972
9863,0.018994,0.009612,0.229267,0.021878,0.022489,0.280362
9864,0.018477,0.010142,0.235152,0.021577,0.022125,0.285896
9865,0.01854,0.010107,0.228095,0.021314,0.022539,0.279281
9866,0.018773,0.01049,0.229133,0.021144,0.022537,0.280933
9867,0.01862,0.00989,0.228704,0.021337,0.022469,0.279683
9868,0.024879,0.010004,0.228842,0.021456,0.022455,0.28618
9869,0.018383,0.009679,0.22956,0.021138,0.022342,0.279964
9870,0.018884,0.009937,0.230302,0.021372,0.02319,0.282313
9871,0.018505,0.010467,0.236359,0.022104,0.022788,0.288119
9872,0.019077,0.009646,0.228627,0.020939,0.021955,0.279305
9873,0.017905,0.009901,0.240176,0.021594,0.022545,0.290527
9874,0.018534,0.010291,0.227991,0.021549,0.022334,0.27915
9875,0.017658,0.015053,0.22874,0.026293,0.023317,0.284768
9876,0.018946,0.009988,0.230129,0.022025,0.022634,0.281697
9877,0.018598,0.01017,0.232175,0.024275,0.024047,0.28499
9878,0.020126,0.010932,0.239672,0.023592,0.023122,0.293852
9879,0.018831,0.010217,0.222905,0.021474,0.02228,0.274233
9880,0.019023,0.009949,0.225523,0.021451,0.022018,0.276513
9881,0.018283,0.009826,0.223963,0.021228,0.02155,0.273622
9882,0.017915,0.009972,0.231282,0.020989,0.021894,0.281063
9883,0.017929,0.009719,0.22139,0.02086,0.021986,0.271024
9884,0.018095,0.009931,0.224399,0.020737,0.021868,0.274293
9885,0.018212,0.009763,0.23035,0.021212,0.022324,0.280649
9886,0.017275,0.00996,0.230042,0.025239,0.026951,0.284228
9887,0.020688,0.012145,0.245973,0.038206,0.028011,0.306817
9888,0.01759,0.009991,0.233846,0.035992,0.025798,0.287225
9889,0.021351,0.011968,0.249942,0.028164,0.023663,0.306924
9890,0.019281,0.010874,0.231612,0.023113,0.022998,0.284765
9891,0.018673,0.010337,0.23475,0.023137,0.022827,0.286587
9892,0.018581,0.010094,0.241543,0.023612,0.02369,0.293908
9893,0.01938,0.010577,0.236631,0.023082,0.023902,0.29049
9894,0.01895,0.010412,0.233612,0.022442,0.023216,0.28619
9895,0.018735,0.010454,0.228783,0.022175,0.028614,0.286586
9896,0.018381,0.010309,0.227055,0.021677,0.022282,0.278027
9897,0.018292,0.009865,0.228791,0.022313,0.022685,0.279633
9898,0.019281,0.009816,0.22676,0.028604,0.027504,0.283361
9899,0.021657,0.012806,0.26132,0.034074,0.0267,0.322483
9900,0.021259,0.012951,0.234486,0.031475,0.025442,0.294138
9901,0.020618,0.011883,0.239574,0.035448,0.024378,0.296453
9902,0.019516,0.011528,0.246458,0.032421,0.028503,0.306005
9903,0.021517,0.012844,0.243688,0.028525,0.024718,0.302767
9904,0.019383,0.010784,0.233123,0.023862,0.023205,0.286495
9905,0.019265,0.010519,0.232334,0.022315,0.023174,0.285292
9906,0.018407,0.018763,0.230026,0.023083,0.023171,0.290367
9907,0.018672,0.011029,0.241607,0.03652,0.026231,0.297539
9908,0.021076,0.011537,0.231431,0.031613,0.023441,0.287485
9909,0.020541,0.011488,0.251863,0.03595,0.027715,0.311607
9910,0.023756,0.011176,0.220475,0.030438,0.022825,0.278232
9911,0.017753,0.010235,0.235394,0.027182,0.026207,0.289589
9912,0.022352,0.012187,0.247445,0.029713,0.026828,0.308812
9913,0.020687,0.011464,0.235969,0.031955,0.025942,0.294062
9914,0.021076,0.010986,0.23128,0.031251,0.024996,0.288338
9915,0.019522,0.011107,0.221244,0.030014,0.025199,0.277072
9916,0.021603,0.011926,0.262873,0.04044,0.025745,0.322147
9917,0.020408,0.011193,0.228661,0.034794,0.024944,0.285206
9918,0.020289,0.011555,0.240504,0.043687,0.027727,0.300075
9919,0.023649,0.013489,0.268456,0.045387,0.027004,0.332598
9920,0.022748,0.013015,0.244266,0.040022,0.028846,0.308875
9921,0.02353,0.013463,0.247335,0.04024,0.025408,0.309736
9922,0.020643,0.01196,0.245081,0.048912,0.023132,0.300816
9923,0.019343,0.011621,0.244246,0.041322,0.028944,0.304154
9924,0.023386,0.012646,0.254714,0.038455,0.027234,0.31798
9925,0.021724,0.012358,0.249896,0.036146,0.027301,0.311279
9926,0.021266,0.011965,0.229279,0.035674,0.024215,0.286725
9927,0.019728,0.011464,0.236884,0.036327,0.026135,0.294211
9928,0.021176,0.017578,0.2474,0.038881,0.025667,0.311821
9929,0.02089,0.012279,1.070343,0.064886,0.038083,1.141595
9930,0.028386,0.016104,0.254709,0.032099,0.026161,0.32536
9931,0.020212,0.011725,0.235139,0.024983,0.024133,0.291209
9932,0.019367,0.010723,0.231471,0.026665,0.039203,0.300764
9933,0.018356,0.011232,0.236804,0.03167,0.025894,0.292286
9934,0.020952,0.011203,0.23061,0.025368,0.022845,0.28561
9935,0.018177,0.009716,0.227532,0.023294,0.022881,0.278306
9936,0.01746,0.010159,0.239313,0.024312,0.02292,0.289852
9937,0.018722,0.010195,0.224175,0.02243,0.021764,0.274856
9938,0.018458,0.009773,0.225408,0.022521,0.02206,0.275699
9939,0.018327,0.009857,0.22421,0.022389,0.030966,0.28336
9940,0.018705,0.009991,0.224854,0.022352,0.022297,0.275847
9941,0.018423,0.009822,0.234167,0.024724,0.023998,0.28641
9942,0.019397,0.010833,0.229022,0.023361,0.0228,0.282052
9943,0.018737,0.010058,0.231492,0.022426,0.022865,0.283152
9944,0.018209,0.009935,0.224075,0.021985,0.022948,0.275167
9945,0.018781,0.009911,0.216843,0.02022,0.021253,0.266788
9946,0.017713,0.014674,0.212794,0.020542,0.021069,0.26625
9947,0.017264,0.010224,0.234034,0.023052,0.02288,0.284402
9948,0.017936,0.010091,0.22652,0.022257,0.02206,0.276607
9949,0.018598,0.010604,0.218416,0.026836,0.025239,0.272857
9950,0.018643,0.01074,1.440693,0.064573,0.040918,1.510994
9951,0.031258,0.017541,0.389663,0.051842,0.035741,0.474203
9952,2.138346,0.034616,0.357524,0.066942,0.038032,2.568518
9953,0.025826,0.014412,0.261795,0.045567,0.029738,0.331771
9954,0.023112,0.013999,0.247326,0.037985,0.037793,0.32223
9955,0.021744,0.012127,0.242488,0.039276,0.026473,0.302832
9956,0.020801,0.012411,0.227625,0.031134,0.024373,0.28521
9957,0.020624,0.011982,0.232234,0.03448,0.024778,0.289618
9958,0.02001,0.011759,0.251558,0.033918,0.023834,0.307161
9959,0.020069,0.010703,0.23105,0.025049,0.022819,0.284641
9960,0.019055,0.010524,0.230675,0.023205,0.02348,0.283734
9961,0.018955,0.010365,0.232407,0.02854,0.023179,0.284906
9962,0.018857,0.010162,0.229632,0.022568,0.022203,0.280854
9963,0.01862,0.010152,0.224722,0.022323,0.022189,0.275683
9964,0.018557,0.010127,0.229665,0.02256,0.022485,0.280834
9965,0.018467,0.01038,0.233982,0.022519,0.022342,0.285171
9966,0.018361,0.009894,0.224507,0.021994,0.022436,0.275198
9967,0.017816,0.009988,0.215699,0.022817,0.020764,0.264267
9968,0.017576,0.010144,0.243811,0.031623,0.0233,0.294831
9969,0.019532,0.010875,0.230226,0.02782,0.023193,0.283826
9970,0.018891,0.010271,0.223296,0.029248,0.024822,0.27728
9971,0.019339,0.011392,0.232946,0.030226,0.023683,0.28736
9972,0.020471,0.010814,0.246711,0.028709,0.024437,0.302433
9973,0.019818,0.011032,0.227554,0.023645,0.024044,0.282448
9974,0.019956,0.011078,0.250468,0.027873,0.024243,0.305745
9975,0.01986,0.011311,0.249879,0.037518,0.023594,0.304644
9976,0.019001,0.01062,0.23177,0.030564,0.023951,0.285342
9977,0.01918,0.010948,0.218123,0.026899,0.022593,0.270844
9978,0.01929,0.010596,0.22633,0.030847,0.026407,0.282623
9979,0.020524,0.01219,0.255498,0.03574,0.023451,0.311663
9980,0.019951,0.012252,0.241841,0.038099,0.025659,0.299703
9981,0.020316,0.011296,0.244876,0.034252,0.02851,0.304998
9982,0.022698,0.012788,0.699658,0.12184,0.095129,0.830273
9983,0.029715,0.017147,0.698081,0.212979,0.130238,0.875181
9984,0.032066,0.018329,0.404354,0.056751,0.034075,0.488824
9985,0.025488,0.015386,0.901329,0.06467,0.037094,0.979297
9986,0.027662,0.016117,0.512724,0.161691,0.03459,0.591093
9987,0.027055,0.015413,0.830755,0.134105,0.041992,0.915215
9988,0.031141,0.018365,0.296925,0.051552,0.177658,0.524089
9989,0.027771,0.017109,1.105344,0.149953,0.100357,1.250581
9990,0.031425,0.018077,0.596579,0.055772,0.03916,0.685241
9991,0.165028,0.021138,0.48623,0.063874,0.038705,0.711101
9992,0.029028,0.016768,0.285905,0.055486,0.02819,0.359891
9993,0.023364,0.013291,0.904318,0.153132,0.046785,0.987758
9994,0.032017,0.018472,0.522742,0.147121,0.093656,0.666887
9995,0.028337,0.016148,0.725134,0.06311,0.03943,0.809049
9996,0.02948,0.017432,1.274319,0.760923,0.240166,1.561397
9997,0.035935,0.085724,0.413314,0.061741,0.034651,0.569624
9998,0.026744,0.104325,0.918233,0.116562,0.045296,1.094598
9999,0.031963,0.018415,0.512266,0.059371,0.034253,0.596897
